[2026-07-23 14:08:11.297] [START] Bắt đầu phiên đối chiếu EMR
{
  "folder": "E:\\Thong_ke\\emr_debug\\20260723_140811_297"
}
[2026-07-23 14:08:11.298] [CONFIG] Thông tin phiên chạy
{
  "input_file": "E:\\Thong_ke\\node_outputs\\PM khoa CTCH T6_NHAP_LIEU.xlsx",
  "output_file": "E:\\Thong_ke\\node_outputs\\PM khoa CTCH T6_NHAP_LIEU.xlsx",
  "config_file": "E:\\Thong_ke\\emr_config.json",
  "only_row": null,
  "headless_arg": false
}
[2026-07-23 14:08:11.703] [WORKBOOK] Đã đọc sheet tieuphau
{
  "sheet": "tieuphau",
  "header_row": 6,
  "total_row": 115,
  "columns": {
    "stt": 1,
    "ngay": 2,
    "hovaten": 3,
    "tuoi": 4,
    "tencls": 5,
    "soluong": 6,
    "thanhtien": 7,
    "bacsi": 8,
    "sotien": 9,
    "dieuduong": 10,
    "thuclanh": 12
  },
  "headers": {
    "1": "STT",
    "2": "Ngày",
    "3": "Họ và tên",
    "4": "Tuổi",
    "5": "Tên CLS",
    "6": "Số Lượng",
    "7": "Thành tiền",
    "8": "Bác Sĩ",
    "9": "Số Tiền",
    "10": "Điều Dưỡng",
    "11": "Số Tiền",
    "12": "Thực Lãnh"
  },
  "doctor_count": 29
}
[2026-07-23 14:08:11.705] [SKIP_VALID] Dòng 7: đã là bác sĩ hợp lệ
{
  "value": "HOAN"
}
[2026-07-23 14:08:11.706] [SKIP_VALID] Dòng 8: đã là bác sĩ hợp lệ
{
  "value": "BẢO"
}
[2026-07-23 14:08:11.706] [SKIP_VALID] Dòng 9: đã là bác sĩ hợp lệ
{
  "value": "V.TÂN"
}
[2026-07-23 14:08:11.707] [SKIP_VALID] Dòng 10: đã là bác sĩ hợp lệ
{
  "value": "TOẢN"
}
[2026-07-23 14:08:11.707] [SKIP_VALID] Dòng 11: đã là bác sĩ hợp lệ
{
  "value": "TÚ"
}
[2026-07-23 14:08:11.708] [SKIP_VALID] Dòng 12: đã là bác sĩ hợp lệ
{
  "value": "TÚ"
}
[2026-07-23 14:08:11.708] [SKIP_VALID] Dòng 13: đã là bác sĩ hợp lệ
{
  "value": "G.TỬ"
}
[2026-07-23 14:08:11.708] [SKIP_VALID] Dòng 14: đã là bác sĩ hợp lệ
{
  "value": "HOAN"
}
[2026-07-23 14:08:11.709] [SKIP_VALID] Dòng 15: đã là bác sĩ hợp lệ
{
  "value": "SƠN"
}
[2026-07-23 14:08:11.709] [SKIP_VALID] Dòng 16: đã là bác sĩ hợp lệ
{
  "value": "V.TÂN"
}
[2026-07-23 14:08:11.710] [SKIP_VALID] Dòng 17: đã là bác sĩ hợp lệ
{
  "value": "TÚ"
}
[2026-07-23 14:08:11.710] [SKIP_VALID] Dòng 18: đã là bác sĩ hợp lệ
{
  "value": "TÚ"
}
[2026-07-23 14:08:11.711] [SKIP_VALID] Dòng 19: đã là bác sĩ hợp lệ
{
  "value": "DUY"
}
[2026-07-23 14:08:11.711] [SKIP_VALID] Dòng 20: đã là bác sĩ hợp lệ
{
  "value": "HOAN"
}
[2026-07-23 14:08:11.711] [SKIP_VALID] Dòng 21: đã là bác sĩ hợp lệ
{
  "value": "HOAN"
}
[2026-07-23 14:08:11.712] [SKIP_VALID] Dòng 22: đã là bác sĩ hợp lệ
{
  "value": "SƠN"
}
[2026-07-23 14:08:11.712] [SKIP_VALID] Dòng 23: đã là bác sĩ hợp lệ
{
  "value": "V.TÂN"
}
[2026-07-23 14:08:11.713] [SKIP_VALID] Dòng 24: đã là bác sĩ hợp lệ
{
  "value": "V.TÂN"
}
[2026-07-23 14:08:11.713] [SKIP_VALID] Dòng 25: đã là bác sĩ hợp lệ
{
  "value": "TOẢN"
}
[2026-07-23 14:08:11.713] [SKIP_VALID] Dòng 26: đã là bác sĩ hợp lệ
{
  "value": "TOẢN"
}
[2026-07-23 14:08:11.714] [SKIP_VALID] Dòng 27: đã là bác sĩ hợp lệ
{
  "value": "BẢO"
}
[2026-07-23 14:08:11.714] [SKIP_VALID] Dòng 28: đã là bác sĩ hợp lệ
{
  "value": "HOAN"
}
[2026-07-23 14:08:11.715] [SKIP_VALID] Dòng 29: đã là bác sĩ hợp lệ
{
  "value": "SƠN"
}
[2026-07-23 14:08:11.715] [SKIP_VALID] Dòng 30: đã là bác sĩ hợp lệ
{
  "value": "SƠN"
}
[2026-07-23 14:08:11.715] [SKIP_VALID] Dòng 31: đã là bác sĩ hợp lệ
{
  "value": "SƠN"
}
[2026-07-23 14:08:11.716] [SKIP_VALID] Dòng 32: đã là bác sĩ hợp lệ
{
  "value": "SƠN"
}
[2026-07-23 14:08:11.716] [SKIP_VALID] Dòng 33: đã là bác sĩ hợp lệ
{
  "value": "BẢO"
}
[2026-07-23 14:08:11.717] [SKIP_VALID] Dòng 34: đã là bác sĩ hợp lệ
{
  "value": "V.TÂN"
}
[2026-07-23 14:08:11.717] [SKIP_VALID] Dòng 35: đã là bác sĩ hợp lệ
{
  "value": "V.TÂN"
}
[2026-07-23 14:08:11.717] [SKIP_VALID] Dòng 36: đã là bác sĩ hợp lệ
{
  "value": "TÚ"
}
[2026-07-23 14:08:11.718] [SKIP_VALID] Dòng 37: đã là bác sĩ hợp lệ
{
  "value": "TÚ"
}
[2026-07-23 14:08:11.718] [SKIP_VALID] Dòng 38: đã là bác sĩ hợp lệ
{
  "value": "TÚ"
}
[2026-07-23 14:08:11.718] [SKIP_VALID] Dòng 39: đã là bác sĩ hợp lệ
{
  "value": "G.TỬ"
}
[2026-07-23 14:08:11.719] [SKIP_VALID] Dòng 40: đã là bác sĩ hợp lệ
{
  "value": "ĐIỀN"
}
[2026-07-23 14:08:11.719] [SKIP_VALID] Dòng 41: đã là bác sĩ hợp lệ
{
  "value": "G.TỬ"
}
[2026-07-23 14:08:11.720] [SKIP_VALID] Dòng 42: đã là bác sĩ hợp lệ
{
  "value": "HOAN"
}
[2026-07-23 14:08:11.720] [SKIP_VALID] Dòng 43: đã là bác sĩ hợp lệ
{
  "value": "V.TÂN"
}
[2026-07-23 14:08:11.720] [SKIP_VALID] Dòng 44: đã là bác sĩ hợp lệ
{
  "value": "SƠN"
}
[2026-07-23 14:08:11.721] [SKIP_VALID] Dòng 45: đã là bác sĩ hợp lệ
{
  "value": "V.TÂN"
}
[2026-07-23 14:08:11.721] [SKIP_VALID] Dòng 46: đã là bác sĩ hợp lệ
{
  "value": "HOAN"
}
[2026-07-23 14:08:11.722] [SKIP_VALID] Dòng 47: đã là bác sĩ hợp lệ
{
  "value": "SƠN"
}
[2026-07-23 14:08:11.722] [SKIP_VALID] Dòng 48: đã là bác sĩ hợp lệ
{
  "value": "V.TÂN"
}
[2026-07-23 14:08:11.722] [SKIP_VALID] Dòng 50: đã là bác sĩ hợp lệ
{
  "value": "TOẢN"
}
[2026-07-23 14:08:11.723] [SKIP_VALID] Dòng 51: đã là bác sĩ hợp lệ
{
  "value": "TOẢN"
}
[2026-07-23 14:08:11.723] [SKIP_VALID] Dòng 54: đã là bác sĩ hợp lệ
{
  "value": "DUY"
}
[2026-07-23 14:08:11.723] [SKIP_VALID] Dòng 56: đã là bác sĩ hợp lệ
{
  "value": "HOAN"
}
[2026-07-23 14:08:11.724] [SKIP_VALID] Dòng 57: đã là bác sĩ hợp lệ
{
  "value": "V.TÂN"
}
[2026-07-23 14:08:11.724] [SKIP_VALID] Dòng 58: đã là bác sĩ hợp lệ
{
  "value": "V.TÂN"
}
[2026-07-23 14:08:11.725] [SKIP_VALID] Dòng 59: đã là bác sĩ hợp lệ
{
  "value": "V.TÂN"
}
[2026-07-23 14:08:11.725] [SKIP_VALID] Dòng 60: đã là bác sĩ hợp lệ
{
  "value": "SƠN"
}
[2026-07-23 14:08:11.725] [SKIP_VALID] Dòng 61: đã là bác sĩ hợp lệ
{
  "value": "SƠN"
}
[2026-07-23 14:08:11.726] [SKIP_VALID] Dòng 62: đã là bác sĩ hợp lệ
{
  "value": "BẢO"
}
[2026-07-23 14:08:11.726] [SKIP_VALID] Dòng 63: đã là bác sĩ hợp lệ
{
  "value": "BẢO"
}
[2026-07-23 14:08:11.727] [SKIP_VALID] Dòng 64: đã là bác sĩ hợp lệ
{
  "value": "V.TÂN"
}
[2026-07-23 14:08:11.727] [SKIP_VALID] Dòng 65: đã là bác sĩ hợp lệ
{
  "value": "V.TÂN"
}
[2026-07-23 14:08:11.727] [SKIP_VALID] Dòng 66: đã là bác sĩ hợp lệ
{
  "value": "V.TÂN"
}
[2026-07-23 14:08:11.728] [SKIP_VALID] Dòng 67: đã là bác sĩ hợp lệ
{
  "value": "TOẢN"
}
[2026-07-23 14:08:11.728] [SKIP_VALID] Dòng 68: đã là bác sĩ hợp lệ
{
  "value": "ĐIỀN"
}
[2026-07-23 14:08:11.728] [SKIP_VALID] Dòng 69: đã là bác sĩ hợp lệ
{
  "value": "V.TÂN"
}
[2026-07-23 14:08:11.729] [SKIP_VALID] Dòng 70: đã là bác sĩ hợp lệ
{
  "value": "V.TÂN"
}
[2026-07-23 14:08:11.729] [SKIP_VALID] Dòng 71: đã là bác sĩ hợp lệ
{
  "value": "SƠN"
}
[2026-07-23 14:08:11.730] [SKIP_VALID] Dòng 72: đã là bác sĩ hợp lệ
{
  "value": "V.TÂN"
}
[2026-07-23 14:08:11.730] [SKIP_VALID] Dòng 73: đã là bác sĩ hợp lệ
{
  "value": "V.TÂN"
}
[2026-07-23 14:08:11.730] [SKIP_VALID] Dòng 74: đã là bác sĩ hợp lệ
{
  "value": "V.TÂN"
}
[2026-07-23 14:08:11.731] [SKIP_VALID] Dòng 75: đã là bác sĩ hợp lệ
{
  "value": "HOAN"
}
[2026-07-23 14:08:11.731] [SKIP_VALID] Dòng 76: đã là bác sĩ hợp lệ
{
  "value": "HOAN"
}
[2026-07-23 14:08:11.731] [SKIP_VALID] Dòng 77: đã là bác sĩ hợp lệ
{
  "value": "HOAN"
}
[2026-07-23 14:08:11.732] [SKIP_VALID] Dòng 78: đã là bác sĩ hợp lệ
{
  "value": "TÚ"
}
[2026-07-23 14:08:11.732] [SKIP_VALID] Dòng 79: đã là bác sĩ hợp lệ
{
  "value": "DUY"
}
[2026-07-23 14:08:11.733] [SKIP_VALID] Dòng 80: đã là bác sĩ hợp lệ
{
  "value": "DUY"
}
[2026-07-23 14:08:11.733] [SKIP_VALID] Dòng 81: đã là bác sĩ hợp lệ
{
  "value": "HOAN"
}
[2026-07-23 14:08:11.733] [SKIP_VALID] Dòng 82: đã là bác sĩ hợp lệ
{
  "value": "V.TÂN"
}
[2026-07-23 14:08:11.734] [SKIP_VALID] Dòng 83: đã là bác sĩ hợp lệ
{
  "value": "BẢO"
}
[2026-07-23 14:08:11.734] [SKIP_VALID] Dòng 84: đã là bác sĩ hợp lệ
{
  "value": "BẢO"
}
[2026-07-23 14:08:11.735] [SKIP_VALID] Dòng 85: đã là bác sĩ hợp lệ
{
  "value": "BẢO"
}
[2026-07-23 14:08:11.735] [SKIP_VALID] Dòng 86: đã là bác sĩ hợp lệ
{
  "value": "BẢO"
}
[2026-07-23 14:08:11.735] [SKIP_VALID] Dòng 92: đã là bác sĩ hợp lệ
{
  "value": "TOẢN"
}
[2026-07-23 14:08:11.736] [SKIP_VALID] Dòng 94: đã là bác sĩ hợp lệ
{
  "value": "HOAN"
}
[2026-07-23 14:08:11.736] [SKIP_VALID] Dòng 95: đã là bác sĩ hợp lệ
{
  "value": "G.TỬ"
}
[2026-07-23 14:08:11.736] [SKIP_VALID] Dòng 96: đã là bác sĩ hợp lệ
{
  "value": "DUY"
}
[2026-07-23 14:08:11.737] [SKIP_VALID] Dòng 97: đã là bác sĩ hợp lệ
{
  "value": "V.TÂN"
}
[2026-07-23 14:08:11.737] [SKIP_VALID] Dòng 98: đã là bác sĩ hợp lệ
{
  "value": "V.TÂN"
}
[2026-07-23 14:08:11.738] [SKIP_VALID] Dòng 99: đã là bác sĩ hợp lệ
{
  "value": "V.TÂN"
}
[2026-07-23 14:08:11.738] [SKIP_VALID] Dòng 100: đã là bác sĩ hợp lệ
{
  "value": "V.TÂN"
}
[2026-07-23 14:08:11.738] [SKIP_VALID] Dòng 101: đã là bác sĩ hợp lệ
{
  "value": "BẢO"
}
[2026-07-23 14:08:11.739] [SKIP_VALID] Dòng 102: đã là bác sĩ hợp lệ
{
  "value": "SƠN"
}
[2026-07-23 14:08:11.740] [SKIP_VALID] Dòng 103: đã là bác sĩ hợp lệ
{
  "value": "V.TÂN"
}
[2026-07-23 14:08:11.741] [SKIP_VALID] Dòng 104: đã là bác sĩ hợp lệ
{
  "value": "V.TÂN"
}
[2026-07-23 14:08:11.741] [SKIP_VALID] Dòng 105: đã là bác sĩ hợp lệ
{
  "value": "V.TÂN"
}
[2026-07-23 14:08:11.741] [SKIP_VALID] Dòng 106: đã là bác sĩ hợp lệ
{
  "value": "TOẢN"
}
[2026-07-23 14:08:11.742] [TARGET_ROWS] Có 10 dòng cần kiểm tra EMR
{
  "rows": [
    49,
    52,
    53,
    55,
    87,
    88,
    89,
    90,
    91,
    93
  ],
  "skipped_valid": 90
}
[2026-07-23 14:08:12.265] [AUTOSAVE_INIT] Đã tạo/cập nhật file làm việc trước khi tìm EMR
{
  "output": "E:\\Thong_ke\\node_outputs\\PM khoa CTCH T6_NHAP_LIEU.xlsx"
}
[2026-07-23 14:08:12.266] [BROWSER_START] Khởi động trình duyệt EMR
{
  "headless": false
}
[2026-07-23 14:08:13.217] [BROWSER_READY] Trình duyệt EMR đã sẵn sàng
[2026-07-23 14:08:13.222] [ROW_BEGIN] [1/10] Bắt đầu dòng 49: LƯƠNG TẤN VINH
{
  "raw_time": "2026/06/01 16:23",
  "parsed_time": "16:23 01/06/2026",
  "method": "Khâu vết thương phần mềm dài dưới 10 cm [tổn thương nông]",
  "old_value": ""
}
[2026-07-23 14:08:13.223] [SEARCH_BEGIN] dòng 49: tìm LƯƠNG TẤN VINH tại D/s Thủ thuật
{
  "patient": "LƯƠNG TẤN VINH",
  "target_time": "2026-06-01 16:23:00",
  "target_method": "Khâu vết thương phần mềm dài dưới 10 cm [tổn thương nông]",
  "source": "procedure"
}
[2026-07-23 14:08:13.240] [BROWSER] [LOGIN] http://192.168.2.26:2026/login.aspx
[2026-07-23 14:08:14.746] [BROWSER] [LOGIN] Thành công: http://192.168.2.26:2026/home.aspx?scope=sys&lang=vi&role=323&usid=172.31.255.1_ieu5y4m0p5o1dfluo0cjloo0ebd56fc4&st=140811
[2026-07-23 14:08:14.977] [BROWSER] [NAV] D/s Thủ thuật: http://192.168.2.26:2026/home.aspx?scope=sys&lang=vi&wpid=danhsachthuthuatdraw&role=323&usid=172.31.255.1_ieu5y4m0p5o1dfluo0cjloo0ebd56fc4&st=140811
[2026-07-23 14:08:17.105] [BROWSER] [FILTER] 3 tháng
[2026-07-23 14:08:17.683] [BROWSER] [SEARCH] Nhập 'LƯƠNG TẤN VINH' vào #txtTimKiem
[2026-07-23 14:08:17.890] [BROWSER] [SEARCH] Đã bấm Tìm kiếm bằng #btnTimKiem
[2026-07-23 14:08:17.919] [BROWSER] [RESULT] D/s Thủ thuật: 1 dòng
[2026-07-23 14:08:17.930] [SEARCH_RESULT] D/s Thủ thuật: nhận 1 dòng
{
  "current_url": "http://192.168.2.26:2026/home.aspx?scope=sys&lang=vi&wpid=danhsachthuthuatdraw&role=323&usid=172.31.255.1_ieu5y4m0p5o1dfluo0cjloo0ebd56fc4&st=140811",
  "search_input_id": "txtTimKiem",
  "search_trigger": "#btnTimKiem",
  "headers": [
    "STT",
    "Ngày thủ thuật",
    "Mã BN",
    "Họ tên",
    "Giới tính",
    "Tuổi",
    "Đối tượng",
    "Nơi chỉ định",
    "Chỉ định thủ thuật",
    "Tạm ứng",
    "Phải thanh toán",
    "Tình trạng",
    "Thời gian chỉ định",
    "Trạng thái"
  ],
  "rows": [
    {
      "access_id": "b4eb1056-6e36-4c2b-85ba-b45c010f8d51",
      "known_fields": {
        "stt": "1",
        "ngay_thu_thuat": "13:50 23/07/2026",
        "ma_bn": "26060665",
        "ho_ten": "LƯƠNG TẤN VINH",
        "gioi_tinh": "Nữ",
        "tuoi": "12 tuổi",
        "doi_tuong": "Viện phí",
        "noi_chi_dinh": "PHÒNG KHÁM CHẤN THƯƠNG CHỈNH HÌNH - 20B",
        "chi_dinh_thu_thuat": "Khâu vết thương phần mềm dài dưới 10 cm [tổn thương nông]",
        "tam_ung": "0",
        "phai_thanh_toan": "600,000",
        "tinh_trang": "Thường",
        "thoi_gian_chi_dinh": "16:23 01/06/2026",
        "trang_thai": "Chờ thực hiện"
      },
      "raw_text": "1 13:50 23/07/2026 26060665 LƯƠNG TẤN VINH Nữ 12 tuổi Viện phí PHÒNG KHÁM CHẤN THƯƠNG CHỈNH HÌNH - 20B Khâu vết thương phần mềm dài dưới 10 cm [tổn thương nông] 0 600,000 Thường 16:23 01/06/2026 Chờ thực hiện",
      "links": [
        {
          "text": "1",
          "href": "http://192.168.2.26:2026/home.aspx?scope=sys&lang=vi&wpid=thuthuatnewdraw&thuthuatid=b4eb1056-6e36-4c2b-85ba-b45c010f8d51&usid=172.31.255.1_ieu5y4m0p5o1dfluo0cjloo0ebd56fc4&st=140815",
          "onclick": ""
        },
        {
          "text": "13:50 23/07/2026",
          "href": "http://192.168.2.26:2026/home.aspx?scope=sys&lang=vi&wpid=thuthuatnewdraw&thuthuatid=b4eb1056-6e36-4c2b-85ba-b45c010f8d51&usid=172.31.255.1_ieu5y4m0p5o1dfluo0cjloo0ebd56fc4&st=140815",
          "onclick": ""
        },
        {
          "text": "26060665",
          "href": "http://192.168.2.26:2026/home.aspx?scope=sys&lang=vi&wpid=thuthuatnewdraw&thuthuatid=b4eb1056-6e36-4c2b-85ba-b45c010f8d51&usid=172.31.255.1_ieu5y4m0p5o1dfluo0cjloo0ebd56fc4&st=140815",
          "onclick": ""
        },
        {
          "text": "LƯƠNG TẤN VINH",
          "href": "http://192.168.2.26:2026/home.aspx?scope=sys&lang=vi&wpid=thuthuatnewdraw&thuthuatid=b4eb1056-6e36-4c2b-85ba-b45c010f8d51&usid=172.31.255.1_ieu5y4m0p5o1dfluo0cjloo0ebd56fc4&st=140815",
          "onclick": ""
        },
        {
          "text": "Nữ",
          "href": "http://192.168.2.26:2026/home.aspx?scope=sys&lang=vi&wpid=thuthuatnewdraw&thuthuatid=b4eb1056-6e36-4c2b-85ba-b45c010f8d51&usid=172.31.255.1_ieu5y4m0p5o1dfluo0cjloo0ebd56fc4&st=140815",
          "onclick": ""
        },
        {
          "text": "12 tuổi",
          "href": "http://192.168.2.26:2026/home.aspx?scope=sys&lang=vi&wpid=thuthuatnewdraw&thuthuatid=b4eb1056-6e36-4c2b-85ba-b45c010f8d51&usid=172.31.255.1_ieu5y4m0p5o1dfluo0cjloo0ebd56fc4&st=140815",
          "onclick": ""
        },
        {
          "text": "Viện phí",
          "href": "http://192.168.2.26:2026/home.aspx?scope=sys&lang=vi&wpid=thuthuatnewdraw&thuthuatid=b4eb1056-6e36-4c2b-85ba-b45c010f8d51&usid=172.31.255.1_ieu5y4m0p5o1dfluo0cjloo0ebd56fc4&st=140815",
          "onclick": ""
        },
        {
          "text": "PHÒNG KHÁM CHẤN THƯƠNG CHỈNH HÌNH - 20B",
          "href": "http://192.168.2.26:2026/home.aspx?scope=sys&lang=vi&wpid=thuthuatnewdraw&thuthuatid=b4eb1056-6e36-4c2b-85ba-b45c010f8d51&usid=172.31.255.1_ieu5y4m0p5o1dfluo0cjloo0ebd56fc4&st=140815",
          "onclick": ""
        },
        {
          "text": "Khâu vết thương phần mềm dài dưới 10 cm [tổn thương nông]",
          "href": "http://192.168.2.26:2026/home.aspx?scope=sys&lang=vi&wpid=thuthuatnewdraw&thuthuatid=b4eb1056-6e36-4c2b-85ba-b45c010f8d51&usid=172.31.255.1_ieu5y4m0p5o1dfluo0cjloo0ebd56fc4&st=140815",
          "onclick": ""
        },
        {
          "text": "0",
          "href": "http://192.168.2.26:2026/home.aspx?scope=sys&lang=vi&wpid=thuthuatnewdraw&thuthuatid=b4eb1056-6e36-4c2b-85ba-b45c010f8d51&usid=172.31.255.1_ieu5y4m0p5o1dfluo0cjloo0ebd56fc4&st=140815",
          "onclick": ""
        },
        {
          "text": "600,000",
          "href": "http://192.168.2.26:2026/home.aspx?scope=sys&lang=vi&wpid=thuthuatnewdraw&thuthuatid=b4eb1056-6e36-4c2b-85ba-b45c010f8d51&usid=172.31.255.1_ieu5y4m0p5o1dfluo0cjloo0ebd56fc4&st=140815",
          "onclick": ""
        },
        {
          "text": "Thường",
          "href": "http://192.168.2.26:2026/home.aspx?scope=sys&lang=vi&wpid=thuthuatnewdraw&thuthuatid=b4eb1056-6e36-4c2b-85ba-b45c010f8d51&usid=172.31.255.1_ieu5y4m0p5o1dfluo0cjloo0ebd56fc4&st=140815",
          "onclick": ""
        },
        {
          "text": "16:23 01/06/2026",
          "href": "http://192.168.2.26:2026/home.aspx?scope=sys&lang=vi&wpid=thuthuatnewdraw&thuthuatid=b4eb1056-6e36-4c2b-85ba-b45c010f8d51&usid=172.31.255.1_ieu5y4m0p5o1dfluo0cjloo0ebd56fc4&st=140815",
          "onclick": ""
        },
        {
          "text": "Chờ thực hiện",
          "href": "http://192.168.2.26:2026/home.aspx?scope=sys&lang=vi&wpid=thuthuatnewdraw&thuthuatid=b4eb1056-6e36-4c2b-85ba-b45c010f8d51&usid=172.31.255.1_ieu5y4m0p5o1dfluo0cjloo0ebd56fc4&st=140815",
          "onclick": ""
        }
      ]
    }
  ]
}
[2026-07-23 14:08:17.933] [CANDIDATES] D/s Thủ thuật: có 1 ứng viên cùng người bệnh
{
  "candidates": [
    {
      "list_score": 205.0,
      "list_datetime": "2026-06-01 16:23:00",
      "list_time_source": "Thời gian chỉ định",
      "list_method": "Khâu vết thương phần mềm dài dưới 10 cm [tổn thương nông]",
      "list_method_source": "Chỉ định thủ thuật",
      "method_score": 1.0,
      "detail_marker": "http://192.168.2.26:2026/home.aspx?scope=sys&lang=vi&wpid=thuthuatnewdraw&thuthuatid=b4eb1056-6e36-4c2b-85ba-b45c010f8d51&usid=172.31.255.1_ieu5y4m0p5o1dfluo0cjloo0ebd56fc4&st=140815",
      "row": {
        "access_id": "b4eb1056-6e36-4c2b-85ba-b45c010f8d51",
        "known_fields": {
          "stt": "1",
          "ngay_thu_thuat": "13:50 23/07/2026",
          "ma_bn": "26060665",
          "ho_ten": "LƯƠNG TẤN VINH",
          "gioi_tinh": "Nữ",
          "tuoi": "12 tuổi",
          "doi_tuong": "Viện phí",
          "noi_chi_dinh": "PHÒNG KHÁM CHẤN THƯƠNG CHỈNH HÌNH - 20B",
          "chi_dinh_thu_thuat": "Khâu vết thương phần mềm dài dưới 10 cm [tổn thương nông]",
          "tam_ung": "0",
          "phai_thanh_toan": "600,000",
          "tinh_trang": "Thường",
          "thoi_gian_chi_dinh": "16:23 01/06/2026",
          "trang_thai": "Chờ thực hiện"
        },
        "raw_text": "1 13:50 23/07/2026 26060665 LƯƠNG TẤN VINH Nữ 12 tuổi Viện phí PHÒNG KHÁM CHẤN THƯƠNG CHỈNH HÌNH - 20B Khâu vết thương phần mềm dài dưới 10 cm [tổn thương nông] 0 600,000 Thường 16:23 01/06/2026 Chờ thực hiện",
        "links": [
          {
            "text": "1",
            "href": "http://192.168.2.26:2026/home.aspx?scope=sys&lang=vi&wpid=thuthuatnewdraw&thuthuatid=b4eb1056-6e36-4c2b-85ba-b45c010f8d51&usid=172.31.255.1_ieu5y4m0p5o1dfluo0cjloo0ebd56fc4&st=140815",
            "onclick": ""
          },
          {
            "text": "13:50 23/07/2026",
            "href": "http://192.168.2.26:2026/home.aspx?scope=sys&lang=vi&wpid=thuthuatnewdraw&thuthuatid=b4eb1056-6e36-4c2b-85ba-b45c010f8d51&usid=172.31.255.1_ieu5y4m0p5o1dfluo0cjloo0ebd56fc4&st=140815",
            "onclick": ""
          },
          {
            "text": "26060665",
            "href": "http://192.168.2.26:2026/home.aspx?scope=sys&lang=vi&wpid=thuthuatnewdraw&thuthuatid=b4eb1056-6e36-4c2b-85ba-b45c010f8d51&usid=172.31.255.1_ieu5y4m0p5o1dfluo0cjloo0ebd56fc4&st=140815",
            "onclick": ""
          },
          {
            "text": "LƯƠNG TẤN VINH",
            "href": "http://192.168.2.26:2026/home.aspx?scope=sys&lang=vi&wpid=thuthuatnewdraw&thuthuatid=b4eb1056-6e36-4c2b-85ba-b45c010f8d51&usid=172.31.255.1_ieu5y4m0p5o1dfluo0cjloo0ebd56fc4&st=140815",
            "onclick": ""
          },
          {
            "text": "Nữ",
            "href": "http://192.168.2.26:2026/home.aspx?scope=sys&lang=vi&wpid=thuthuatnewdraw&thuthuatid=b4eb1056-6e36-4c2b-85ba-b45c010f8d51&usid=172.31.255.1_ieu5y4m0p5o1dfluo0cjloo0ebd56fc4&st=140815",
            "onclick": ""
          },
          {
            "text": "12 tuổi",
            "href": "http://192.168.2.26:2026/home.aspx?scope=sys&lang=vi&wpid=thuthuatnewdraw&thuthuatid=b4eb1056-6e36-4c2b-85ba-b45c010f8d51&usid=172.31.255.1_ieu5y4m0p5o1dfluo0cjloo0ebd56fc4&st=140815",
            "onclick": ""
          },
          {
            "text": "Viện phí",
            "href": "http://192.168.2.26:2026/home.aspx?scope=sys&lang=vi&wpid=thuthuatnewdraw&thuthuatid=b4eb1056-6e36-4c2b-85ba-b45c010f8d51&usid=172.31.255.1_ieu5y4m0p5o1dfluo0cjloo0ebd56fc4&st=140815",
            "onclick": ""
          },
          {
            "text": "PHÒNG KHÁM CHẤN THƯƠNG CHỈNH HÌNH - 20B",
            "href": "http://192.168.2.26:2026/home.aspx?scope=sys&lang=vi&wpid=thuthuatnewdraw&thuthuatid=b4eb1056-6e36-4c2b-85ba-b45c010f8d51&usid=172.31.255.1_ieu5y4m0p5o1dfluo0cjloo0ebd56fc4&st=140815",
            "onclick": ""
          },
          {
            "text": "Khâu vết thương phần mềm dài dưới 10 cm [tổn thương nông]",
            "href": "http://192.168.2.26:2026/home.aspx?scope=sys&lang=vi&wpid=thuthuatnewdraw&thuthuatid=b4eb1056-6e36-4c2b-85ba-b45c010f8d51&usid=172.31.255.1_ieu5y4m0p5o1dfluo0cjloo0ebd56fc4&st=140815",
            "onclick": ""
          },
          {
            "text": "0",
            "href": "http://192.168.2.26:2026/home.aspx?scope=sys&lang=vi&wpid=thuthuatnewdraw&thuthuatid=b4eb1056-6e36-4c2b-85ba-b45c010f8d51&usid=172.31.255.1_ieu5y4m0p5o1dfluo0cjloo0ebd56fc4&st=140815",
            "onclick": ""
          },
          {
            "text": "600,000",
            "href": "http://192.168.2.26:2026/home.aspx?scope=sys&lang=vi&wpid=thuthuatnewdraw&thuthuatid=b4eb1056-6e36-4c2b-85ba-b45c010f8d51&usid=172.31.255.1_ieu5y4m0p5o1dfluo0cjloo0ebd56fc4&st=140815",
            "onclick": ""
          },
          {
            "text": "Thường",
            "href": "http://192.168.2.26:2026/home.aspx?scope=sys&lang=vi&wpid=thuthuatnewdraw&thuthuatid=b4eb1056-6e36-4c2b-85ba-b45c010f8d51&usid=172.31.255.1_ieu5y4m0p5o1dfluo0cjloo0ebd56fc4&st=140815",
            "onclick": ""
          },
          {
            "text": "16:23 01/06/2026",
            "href": "http://192.168.2.26:2026/home.aspx?scope=sys&lang=vi&wpid=thuthuatnewdraw&thuthuatid=b4eb1056-6e36-4c2b-85ba-b45c010f8d51&usid=172.31.255.1_ieu5y4m0p5o1dfluo0cjloo0ebd56fc4&st=140815",
            "onclick": ""
          },
          {
            "text": "Chờ thực hiện",
            "href": "http://192.168.2.26:2026/home.aspx?scope=sys&lang=vi&wpid=thuthuatnewdraw&thuthuatid=b4eb1056-6e36-4c2b-85ba-b45c010f8d51&usid=172.31.255.1_ieu5y4m0p5o1dfluo0cjloo0ebd56fc4&st=140815",
            "onclick": ""
          }
        ]
      }
    }
  ]
}
[2026-07-23 14:08:17.934] [DETAIL_BEGIN] D/s Thủ thuật: mở ứng viên 1
{
  "detail_marker": "http://192.168.2.26:2026/home.aspx?scope=sys&lang=vi&wpid=thuthuatnewdraw&thuthuatid=b4eb1056-6e36-4c2b-85ba-b45c010f8d51&usid=172.31.255.1_ieu5y4m0p5o1dfluo0cjloo0ebd56fc4&st=140815",
  "list_datetime": "2026-06-01 16:23:00",
  "list_method": "Khâu vết thương phần mềm dài dưới 10 cm [tổn thương nông]",
  "row": {
    "access_id": "b4eb1056-6e36-4c2b-85ba-b45c010f8d51",
    "known_fields": {
      "stt": "1",
      "ngay_thu_thuat": "13:50 23/07/2026",
      "ma_bn": "26060665",
      "ho_ten": "LƯƠNG TẤN VINH",
      "gioi_tinh": "Nữ",
      "tuoi": "12 tuổi",
      "doi_tuong": "Viện phí",
      "noi_chi_dinh": "PHÒNG KHÁM CHẤN THƯƠNG CHỈNH HÌNH - 20B",
      "chi_dinh_thu_thuat": "Khâu vết thương phần mềm dài dưới 10 cm [tổn thương nông]",
      "tam_ung": "0",
      "phai_thanh_toan": "600,000",
      "tinh_trang": "Thường",
      "thoi_gian_chi_dinh": "16:23 01/06/2026",
      "trang_thai": "Chờ thực hiện"
    },
    "raw_text": "1 13:50 23/07/2026 26060665 LƯƠNG TẤN VINH Nữ 12 tuổi Viện phí PHÒNG KHÁM CHẤN THƯƠNG CHỈNH HÌNH - 20B Khâu vết thương phần mềm dài dưới 10 cm [tổn thương nông] 0 600,000 Thường 16:23 01/06/2026 Chờ thực hiện",
    "links": [
      {
        "text": "1",
        "href": "http://192.168.2.26:2026/home.aspx?scope=sys&lang=vi&wpid=thuthuatnewdraw&thuthuatid=b4eb1056-6e36-4c2b-85ba-b45c010f8d51&usid=172.31.255.1_ieu5y4m0p5o1dfluo0cjloo0ebd56fc4&st=140815",
        "onclick": ""
      },
      {
        "text": "13:50 23/07/2026",
        "href": "http://192.168.2.26:2026/home.aspx?scope=sys&lang=vi&wpid=thuthuatnewdraw&thuthuatid=b4eb1056-6e36-4c2b-85ba-b45c010f8d51&usid=172.31.255.1_ieu5y4m0p5o1dfluo0cjloo0ebd56fc4&st=140815",
        "onclick": ""
      },
      {
        "text": "26060665",
        "href": "http://192.168.2.26:2026/home.aspx?scope=sys&lang=vi&wpid=thuthuatnewdraw&thuthuatid=b4eb1056-6e36-4c2b-85ba-b45c010f8d51&usid=172.31.255.1_ieu5y4m0p5o1dfluo0cjloo0ebd56fc4&st=140815",
        "onclick": ""
      },
      {
        "text": "LƯƠNG TẤN VINH",
        "href": "http://192.168.2.26:2026/home.aspx?scope=sys&lang=vi&wpid=thuthuatnewdraw&thuthuatid=b4eb1056-6e36-4c2b-85ba-b45c010f8d51&usid=172.31.255.1_ieu5y4m0p5o1dfluo0cjloo0ebd56fc4&st=140815",
        "onclick": ""
      },
      {
        "text": "Nữ",
        "href": "http://192.168.2.26:2026/home.aspx?scope=sys&lang=vi&wpid=thuthuatnewdraw&thuthuatid=b4eb1056-6e36-4c2b-85ba-b45c010f8d51&usid=172.31.255.1_ieu5y4m0p5o1dfluo0cjloo0ebd56fc4&st=140815",
        "onclick": ""
      },
      {
        "text": "12 tuổi",
        "href": "http://192.168.2.26:2026/home.aspx?scope=sys&lang=vi&wpid=thuthuatnewdraw&thuthuatid=b4eb1056-6e36-4c2b-85ba-b45c010f8d51&usid=172.31.255.1_ieu5y4m0p5o1dfluo0cjloo0ebd56fc4&st=140815",
        "onclick": ""
      },
      {
        "text": "Viện phí",
        "href": "http://192.168.2.26:2026/home.aspx?scope=sys&lang=vi&wpid=thuthuatnewdraw&thuthuatid=b4eb1056-6e36-4c2b-85ba-b45c010f8d51&usid=172.31.255.1_ieu5y4m0p5o1dfluo0cjloo0ebd56fc4&st=140815",
        "onclick": ""
      },
      {
        "text": "PHÒNG KHÁM CHẤN THƯƠNG CHỈNH HÌNH - 20B",
        "href": "http://192.168.2.26:2026/home.aspx?scope=sys&lang=vi&wpid=thuthuatnewdraw&thuthuatid=b4eb1056-6e36-4c2b-85ba-b45c010f8d51&usid=172.31.255.1_ieu5y4m0p5o1dfluo0cjloo0ebd56fc4&st=140815",
        "onclick": ""
      },
      {
        "text": "Khâu vết thương phần mềm dài dưới 10 cm [tổn thương nông]",
        "href": "http://192.168.2.26:2026/home.aspx?scope=sys&lang=vi&wpid=thuthuatnewdraw&thuthuatid=b4eb1056-6e36-4c2b-85ba-b45c010f8d51&usid=172.31.255.1_ieu5y4m0p5o1dfluo0cjloo0ebd56fc4&st=140815",
        "onclick": ""
      },
      {
        "text": "0",
        "href": "http://192.168.2.26:2026/home.aspx?scope=sys&lang=vi&wpid=thuthuatnewdraw&thuthuatid=b4eb1056-6e36-4c2b-85ba-b45c010f8d51&usid=172.31.255.1_ieu5y4m0p5o1dfluo0cjloo0ebd56fc4&st=140815",
        "onclick": ""
      },
      {
        "text": "600,000",
        "href": "http://192.168.2.26:2026/home.aspx?scope=sys&lang=vi&wpid=thuthuatnewdraw&thuthuatid=b4eb1056-6e36-4c2b-85ba-b45c010f8d51&usid=172.31.255.1_ieu5y4m0p5o1dfluo0cjloo0ebd56fc4&st=140815",
        "onclick": ""
      },
      {
        "text": "Thường",
        "href": "http://192.168.2.26:2026/home.aspx?scope=sys&lang=vi&wpid=thuthuatnewdraw&thuthuatid=b4eb1056-6e36-4c2b-85ba-b45c010f8d51&usid=172.31.255.1_ieu5y4m0p5o1dfluo0cjloo0ebd56fc4&st=140815",
        "onclick": ""
      },
      {
        "text": "16:23 01/06/2026",
        "href": "http://192.168.2.26:2026/home.aspx?scope=sys&lang=vi&wpid=thuthuatnewdraw&thuthuatid=b4eb1056-6e36-4c2b-85ba-b45c010f8d51&usid=172.31.255.1_ieu5y4m0p5o1dfluo0cjloo0ebd56fc4&st=140815",
        "onclick": ""
      },
      {
        "text": "Chờ thực hiện",
        "href": "http://192.168.2.26:2026/home.aspx?scope=sys&lang=vi&wpid=thuthuatnewdraw&thuthuatid=b4eb1056-6e36-4c2b-85ba-b45c010f8d51&usid=172.31.255.1_ieu5y4m0p5o1dfluo0cjloo0ebd56fc4&st=140815",
        "onclick": ""
      }
    ]
  }
}
[2026-07-23 14:08:17.941] [BROWSER] [DETAIL] kind=procedure; access_id=b4eb1056-6e36-4c2b-85ba-b45c010f8d51; direct_url=yes; onclick=no
[2026-07-23 14:08:17.942] [BROWSER] [DETAIL] Mở liên kết trực tiếp: http://192.168.2.26:2026/home.aspx?scope=sys&lang=vi&wpid=thuthuatnewdraw&thuthuatid=b4eb1056-6e36-4c2b-85ba-b45c010f8d51&usid=172.31.255.1_ieu5y4m0p5o1dfluo0cjloo0ebd56fc4&st=140815
[2026-07-23 14:08:18.908] [BROWSER] [DETAIL] Dữ liệu đọc được: {"ajax_active": 0, "complete_info": "", "current_url": "http://192.168.2.26:2026/home.aspx?scope=sys&lang=vi&wpid=thuthuatnewdraw&thuthuatid=b4eb1056-6e36-4c2b-85ba-b45c010f8d51&usid=172.31.255.1_ieu5y4m0p5o1dfluo0cjloo0ebd56fc4&st=140815", "doctor": "Phạm Việt Tân", "doctor_candidates": [{"id": "txtBacSyChiDinh", "value": "Phạm Việt Tân"}, {"id": "txtBacSiChiDinh", "value": ""}], "doctor_field": "txtBacSyChiDinh", "doctor_found": true, "method": "Khâu vết thương phần mềm dài dưới 10 cm [tổn thương nông]", "method_candidates": [{"id": "txtChiDinh", "value": "Khâu vết thương phần mềm dài dưới 10 cm [tổn thương nông]"}, {"id": "cbbPhuongPhapTT", "value": ""}], "method_field": "txtChiDinh", "patient_info": "(26060665 | LƯƠNG TẤN VINH, 01/01/2014, Nữ, 12 tuổi | Viện phí)", "root_found": true, "start_candidates": [{"id": "txtThoiGianChiDinh", "value": "16:23 01/06/2026"}, {"id": "txtTgBatDau", "value": "14:08 23/07/2026"}], "start_time": "16:23 01/06/2026", "start_time_field": "txtThoiGianChiDinh"}
[2026-07-23 14:08:18.909] [BROWSER] [DETAIL] Nguồn bác sĩ: Bác sĩ chỉ định; field=txtBacSyChiDinh; value=Phạm Việt Tân
[2026-07-23 14:08:18.910] [DETAIL_OK] D/s Thủ thuật: đọc được hồ sơ chi tiết
{
  "doctor_from_emr": "Phạm Việt Tân",
  "mapped_alias": "V.TÂN",
  "mapped_name": "Phạm Việt Tân",
  "start_time": "16:23 01/06/2026",
  "start_time_field": "txtThoiGianChiDinh",
  "method": "Khâu vết thương phần mềm dài dưới 10 cm [tổn thương nông]",
  "method_field": "txtChiDinh",
  "list_time_source": "Thời gian chỉ định",
  "list_method_source": "Chỉ định thủ thuật",
  "current_url": "http://192.168.2.26:2026/home.aspx?scope=sys&lang=vi&wpid=thuthuatnewdraw&thuthuatid=b4eb1056-6e36-4c2b-85ba-b45c010f8d51&usid=172.31.255.1_ieu5y4m0p5o1dfluo0cjloo0ebd56fc4&st=140815",
  "total_score": 655.0,
  "method_score": 1.0
}
[2026-07-23 14:08:18.911] [EVALUATED] D/s Thủ thuật: đánh giá 1 hồ sơ
{
  "items": [
    {
      "doctor": "Phạm Việt Tân",
      "alias": "V.TÂN",
      "detail_datetime": "2026-06-01 16:23:00",
      "method_score": 1.0,
      "total_score": 655.0,
      "confidence_ok": true
    }
  ]
}
[2026-07-23 14:08:18.914] [SOURCE_MATCH] D/s Thủ thuật: đã chọn bác sĩ, không tìm nguồn còn lại
{
  "alias": "V.TÂN"
}
[2026-07-23 14:08:19.624] [AUTOSAVE_ROW] Dòng 49: đã điền V.TÂN và lưu ngay
{
  "patient": "LƯƠNG TẤN VINH",
  "source": "D/s Thủ thuật",
  "doctor_name": "Phạm Việt Tân",
  "emr_doctor": "Phạm Việt Tân",
  "matched_time": "16:23 01/06/2026",
  "matched_method": "Khâu vết thương phần mềm dài dưới 10 cm [tổn thương nông]",
  "progress": "1/10",
  "output": "E:\\Thong_ke\\node_outputs\\PM khoa CTCH T6_NHAP_LIEU.xlsx"
}
[2026-07-23 14:08:19.625] [ROW_END] Kết thúc dòng 49
{
  "status": "updated",
  "new_value": "V.TÂN",
  "reason": null
}
[2026-07-23 14:08:19.627] [ROW_BEGIN] [2/10] Bắt đầu dòng 52: NGUYỄN THỊ DIỆU
{
  "raw_time": "2026/06/03 09:29",
  "parsed_time": "09:29 03/06/2026",
  "method": "Tiêm khớp gối",
  "old_value": ""
}
[2026-07-23 14:08:19.628] [SEARCH_BEGIN] dòng 52: tìm NGUYỄN THỊ DIỆU tại D/s Thủ thuật
{
  "patient": "NGUYỄN THỊ DIỆU",
  "target_time": "2026-06-03 09:29:00",
  "target_method": "Tiêm khớp gối",
  "source": "procedure"
}
[2026-07-23 14:08:19.951] [BROWSER] [NAV] D/s Thủ thuật: http://192.168.2.26:2026/home.aspx?scope=sys&lang=vi&wpid=danhsachthuthuatdraw&role=323&usid=172.31.255.1_ieu5y4m0p5o1dfluo0cjloo0ebd56fc4&st=140815
[2026-07-23 14:08:21.845] [BROWSER] [FILTER] 3 tháng
[2026-07-23 14:08:22.391] [BROWSER] [SEARCH] Nhập 'NGUYỄN THỊ DIỆU' vào #txtTimKiem
[2026-07-23 14:08:22.671] [BROWSER] [SEARCH] Đã bấm Tìm kiếm bằng #btnTimKiem
[2026-07-23 14:08:22.715] [BROWSER] [RESULT] D/s Thủ thuật: 10 dòng
[2026-07-23 14:08:22.722] [SEARCH_RESULT] D/s Thủ thuật: nhận 10 dòng
{
  "current_url": "http://192.168.2.26:2026/home.aspx?scope=sys&lang=vi&wpid=danhsachthuthuatdraw&role=323&usid=172.31.255.1_ieu5y4m0p5o1dfluo0cjloo0ebd56fc4&st=140815",
  "search_input_id": "txtTimKiem",
  "search_trigger": "#btnTimKiem",
  "headers": [
    "STT",
    "Ngày thủ thuật",
    "Mã BN",
    "Họ tên",
    "Giới tính",
    "Tuổi",
    "Đối tượng",
    "Nơi chỉ định",
    "Chỉ định thủ thuật",
    "Tạm ứng",
    "Phải thanh toán",
    "Tình trạng",
    "Thời gian chỉ định",
    "Trạng thái"
  ],
  "rows": [
    {
      "access_id": "1c21bb8f-20ec-4db7-b47e-b4700083c7ff",
      "known_fields": {
        "stt": "1",
        "ngay_thu_thuat": "08:00 21/06/2026",
        "ma_bn": "26066471",
        "ho_ten": "NGUYỄN THỊ DIỆU",
        "gioi_tinh": "Nữ",
        "tuoi": "63 tuổi",
        "doi_tuong": "Viện phí",
        "noi_chi_dinh": "Khoa Ngoại Tổng Hợp",
        "chi_dinh_thu_thuat": "Thay băng, cắt chỉ vết mổ [chiều dài ≤ 15cm]",
        "tam_ung": "0",
        "phai_thanh_toan": "0",
        "tinh_trang": "Thường",
        "thoi_gian_chi_dinh": "07:59 21/06/2026",
        "trang_thai": "Hoàn tất"
      },
      "raw_text": "1 08:00 21/06/2026 26066471 NGUYỄN THỊ DIỆU Nữ 63 tuổi Viện phí Khoa Ngoại Tổng Hợp Thay băng, cắt chỉ vết mổ [chiều dài ≤ 15cm] 0 0 Thường 07:59 21/06/2026 Hoàn tất",
      "links": [
        {
          "text": "1",
          "href": "http://192.168.2.26:2026/home.aspx?scope=sys&lang=vi&wpid=thuthuatnewdraw&thuthuatid=1c21bb8f-20ec-4db7-b47e-b4700083c7ff&usid=172.31.255.1_ieu5y4m0p5o1dfluo0cjloo0ebd56fc4&st=140819",
          "onclick": ""
        },
        {
          "text": "08:00 21/06/2026",
          "href": "http://192.168.2.26:2026/home.aspx?scope=sys&lang=vi&wpid=thuthuatnewdraw&thuthuatid=1c21bb8f-20ec-4db7-b47e-b4700083c7ff&usid=172.31.255.1_ieu5y4m0p5o1dfluo0cjloo0ebd56fc4&st=140819",
          "onclick": ""
        },
        {
          "text": "26066471",
          "href": "http://192.168.2.26:2026/home.aspx?scope=sys&lang=vi&wpid=thuthuatnewdraw&thuthuatid=1c21bb8f-20ec-4db7-b47e-b4700083c7ff&usid=172.31.255.1_ieu5y4m0p5o1dfluo0cjloo0ebd56fc4&st=140819",
          "onclick": ""
        },
        {
          "text": "NGUYỄN THỊ DIỆU",
          "href": "http://192.168.2.26:2026/home.aspx?scope=sys&lang=vi&wpid=thuthuatnewdraw&thuthuatid=1c21bb8f-20ec-4db7-b47e-b4700083c7ff&usid=172.31.255.1_ieu5y4m0p5o1dfluo0cjloo0ebd56fc4&st=140819",
          "onclick": ""
        },
        {
          "text": "Nữ",
          "href": "http://192.168.2.26:2026/home.aspx?scope=sys&lang=vi&wpid=thuthuatnewdraw&thuthuatid=1c21bb8f-20ec-4db7-b47e-b4700083c7ff&usid=172.31.255.1_ieu5y4m0p5o1dfluo0cjloo0ebd56fc4&st=140819",
          "onclick": ""
        },
        {
          "text": "63 tuổi",
          "href": "http://192.168.2.26:2026/home.aspx?scope=sys&lang=vi&wpid=thuthuatnewdraw&thuthuatid=1c21bb8f-20ec-4db7-b47e-b4700083c7ff&usid=172.31.255.1_ieu5y4m0p5o1dfluo0cjloo0ebd56fc4&st=140819",
          "onclick": ""
        },
        {
          "text": "Viện phí",
          "href": "http://192.168.2.26:2026/home.aspx?scope=sys&lang=vi&wpid=thuthuatnewdraw&thuthuatid=1c21bb8f-20ec-4db7-b47e-b4700083c7ff&usid=172.31.255.1_ieu5y4m0p5o1dfluo0cjloo0ebd56fc4&st=140819",
          "onclick": ""
        },
        {
          "text": "Khoa Ngoại Tổng Hợp",
          "href": "http://192.168.2.26:2026/home.aspx?scope=sys&lang=vi&wpid=thuthuatnewdraw&thuthuatid=1c21bb8f-20ec-4db7-b47e-b4700083c7ff&usid=172.31.255.1_ieu5y4m0p5o1dfluo0cjloo0ebd56fc4&st=140819",
          "onclick": ""
        },
        {
          "text": "Thay băng, cắt chỉ vết mổ [chiều dài ≤ 15cm]",
          "href": "http://192.168.2.26:2026/home.aspx?scope=sys&lang=vi&wpid=thuthuatnewdraw&thuthuatid=1c21bb8f-20ec-4db7-b47e-b4700083c7ff&usid=172.31.255.1_ieu5y4m0p5o1dfluo0cjloo0ebd56fc4&st=140819",
          "onclick": ""
        },
        {
          "text": "0",
          "href": "http://192.168.2.26:2026/home.aspx?scope=sys&lang=vi&wpid=thuthuatnewdraw&thuthuatid=1c21bb8f-20ec-4db7-b47e-b4700083c7ff&usid=172.31.255.1_ieu5y4m0p5o1dfluo0cjloo0ebd56fc4&st=140819",
          "onclick": ""
        },
        {
          "text": "0",
          "href": "http://192.168.2.26:2026/home.aspx?scope=sys&lang=vi&wpid=thuthuatnewdraw&thuthuatid=1c21bb8f-20ec-4db7-b47e-b4700083c7ff&usid=172.31.255.1_ieu5y4m0p5o1dfluo0cjloo0ebd56fc4&st=140819",
          "onclick": ""
        },
        {
          "text": "Thường",
          "href": "http://192.168.2.26:2026/home.aspx?scope=sys&lang=vi&wpid=thuthuatnewdraw&thuthuatid=1c21bb8f-20ec-4db7-b47e-b4700083c7ff&usid=172.31.255.1_ieu5y4m0p5o1dfluo0cjloo0ebd56fc4&st=140819",
          "onclick": ""
        },
        {
          "text": "07:59 21/06/2026",
          "href": "http://192.168.2.26:2026/home.aspx?scope=sys&lang=vi&wpid=thuthuatnewdraw&thuthuatid=1c21bb8f-20ec-4db7-b47e-b4700083c7ff&usid=172.31.255.1_ieu5y4m0p5o1dfluo0cjloo0ebd56fc4&st=140819",
          "onclick": ""
        },
        {
          "text": "Hoàn tất",
          "href": "http://192.168.2.26:2026/home.aspx?scope=sys&lang=vi&wpid=thuthuatnewdraw&thuthuatid=1c21bb8f-20ec-4db7-b47e-b4700083c7ff&usid=172.31.255.1_ieu5y4m0p5o1dfluo0cjloo0ebd56fc4&st=140819",
          "onclick": ""
        }
      ]
    },
    {
      "access_id": "2e193aba-6b65-486e-b832-b471008ab95a",
      "known_fields": {
        "stt": "2",
        "ngay_thu_thuat": "08:40 22/06/2026",
        "ma_bn": "26066471",
        "ho_ten": "NGUYỄN THỊ DIỆU",
        "gioi_tinh": "Nữ",
        "tuoi": "63 tuổi",
        "doi_tuong": "Viện phí",
        "noi_chi_dinh": "Khoa Ngoại Tổng Hợp",
        "chi_dinh_thu_thuat": "Thay băng, cắt chỉ vết mổ [chiều dài ≤ 15cm]",
        "tam_ung": "0",
        "phai_thanh_toan": "0",
        "tinh_trang": "Thường",
        "thoi_gian_chi_dinh": "08:00 22/06/2026",
        "trang_thai": "Hoàn tất"
      },
      "raw_text": "2 08:40 22/06/2026 26066471 NGUYỄN THỊ DIỆU Nữ 63 tuổi Viện phí Khoa Ngoại Tổng Hợp Thay băng, cắt chỉ vết mổ [chiều dài ≤ 15cm] 0 0 Thường 08:00 22/06/2026 Hoàn tất",
      "links": [
        {
          "text": "2",
          "href": "http://192.168.2.26:2026/home.aspx?scope=sys&lang=vi&wpid=thuthuatnewdraw&thuthuatid=2e193aba-6b65-486e-b832-b471008ab95a&usid=172.31.255.1_ieu5y4m0p5o1dfluo0cjloo0ebd56fc4&st=140819",
          "onclick": ""
        },
        {
          "text": "08:40 22/06/2026",
          "href": "http://192.168.2.26:2026/home.aspx?scope=sys&lang=vi&wpid=thuthuatnewdraw&thuthuatid=2e193aba-6b65-486e-b832-b471008ab95a&usid=172.31.255.1_ieu5y4m0p5o1dfluo0cjloo0ebd56fc4&st=140819",
          "onclick": ""
        },
        {
          "text": "26066471",
          "href": "http://192.168.2.26:2026/home.aspx?scope=sys&lang=vi&wpid=thuthuatnewdraw&thuthuatid=2e193aba-6b65-486e-b832-b471008ab95a&usid=172.31.255.1_ieu5y4m0p5o1dfluo0cjloo0ebd56fc4&st=140819",
          "onclick": ""
        },
        {
          "text": "NGUYỄN THỊ DIỆU",
          "href": "http://192.168.2.26:2026/home.aspx?scope=sys&lang=vi&wpid=thuthuatnewdraw&thuthuatid=2e193aba-6b65-486e-b832-b471008ab95a&usid=172.31.255.1_ieu5y4m0p5o1dfluo0cjloo0ebd56fc4&st=140819",
          "onclick": ""
        },
        {
          "text": "Nữ",
          "href": "http://192.168.2.26:2026/home.aspx?scope=sys&lang=vi&wpid=thuthuatnewdraw&thuthuatid=2e193aba-6b65-486e-b832-b471008ab95a&usid=172.31.255.1_ieu5y4m0p5o1dfluo0cjloo0ebd56fc4&st=140819",
          "onclick": ""
        },
        {
          "text": "63 tuổi",
          "href": "http://192.168.2.26:2026/home.aspx?scope=sys&lang=vi&wpid=thuthuatnewdraw&thuthuatid=2e193aba-6b65-486e-b832-b471008ab95a&usid=172.31.255.1_ieu5y4m0p5o1dfluo0cjloo0ebd56fc4&st=140819",
          "onclick": ""
        },
        {
          "text": "Viện phí",
          "href": "http://192.168.2.26:2026/home.aspx?scope=sys&lang=vi&wpid=thuthuatnewdraw&thuthuatid=2e193aba-6b65-486e-b832-b471008ab95a&usid=172.31.255.1_ieu5y4m0p5o1dfluo0cjloo0ebd56fc4&st=140819",
          "onclick": ""
        },
        {
          "text": "Khoa Ngoại Tổng Hợp",
          "href": "http://192.168.2.26:2026/home.aspx?scope=sys&lang=vi&wpid=thuthuatnewdraw&thuthuatid=2e193aba-6b65-486e-b832-b471008ab95a&usid=172.31.255.1_ieu5y4m0p5o1dfluo0cjloo0ebd56fc4&st=140819",
          "onclick": ""
        },
        {
          "text": "Thay băng, cắt chỉ vết mổ [chiều dài ≤ 15cm]",
          "href": "http://192.168.2.26:2026/home.aspx?scope=sys&lang=vi&wpid=thuthuatnewdraw&thuthuatid=2e193aba-6b65-486e-b832-b471008ab95a&usid=172.31.255.1_ieu5y4m0p5o1dfluo0cjloo0ebd56fc4&st=140819",
          "onclick": ""
        },
        {
          "text": "0",
          "href": "http://192.168.2.26:2026/home.aspx?scope=sys&lang=vi&wpid=thuthuatnewdraw&thuthuatid=2e193aba-6b65-486e-b832-b471008ab95a&usid=172.31.255.1_ieu5y4m0p5o1dfluo0cjloo0ebd56fc4&st=140819",
          "onclick": ""
        },
        {
          "text": "0",
          "href": "http://192.168.2.26:2026/home.aspx?scope=sys&lang=vi&wpid=thuthuatnewdraw&thuthuatid=2e193aba-6b65-486e-b832-b471008ab95a&usid=172.31.255.1_ieu5y4m0p5o1dfluo0cjloo0ebd56fc4&st=140819",
          "onclick": ""
        },
        {
          "text": "Thường",
          "href": "http://192.168.2.26:2026/home.aspx?scope=sys&lang=vi&wpid=thuthuatnewdraw&thuthuatid=2e193aba-6b65-486e-b832-b471008ab95a&usid=172.31.255.1_ieu5y4m0p5o1dfluo0cjloo0ebd56fc4&st=140819",
          "onclick": ""
        },
        {
          "text": "08:00 22/06/2026",
          "href": "http://192.168.2.26:2026/home.aspx?scope=sys&lang=vi&wpid=thuthuatnewdraw&thuthuatid=2e193aba-6b65-486e-b832-b471008ab95a&usid=172.31.255.1_ieu5y4m0p5o1dfluo0cjloo0ebd56fc4&st=140819",
          "onclick": ""
        },
        {
          "text": "Hoàn tất",
          "href": "http://192.168.2.26:2026/home.aspx?scope=sys&lang=vi&wpid=thuthuatnewdraw&thuthuatid=2e193aba-6b65-486e-b832-b471008ab95a&usid=172.31.255.1_ieu5y4m0p5o1dfluo0cjloo0ebd56fc4&st=140819",
          "onclick": ""
        }
      ]
    },
    {
      "access_id": "29887063-c789-40a1-9550-b472000f2c4b",
      "known_fields": {
        "stt": "3",
        "ngay_thu_thuat": "08:00 23/06/2026",
        "ma_bn": "26066471",
        "ho_ten": "NGUYỄN THỊ DIỆU",
        "gioi_tinh": "Nữ",
        "tuoi": "63 tuổi",
        "doi_tuong": "Viện phí",
        "noi_chi_dinh": "Khoa Ngoại Tổng Hợp",
        "chi_dinh_thu_thuat": "Thay băng, cắt chỉ vết mổ [chiều dài ≤ 15cm]",
        "tam_ung": "0",
        "phai_thanh_toan": "0",
        "tinh_trang": "Thường",
        "thoi_gian_chi_dinh": "08:00 23/06/2026",
        "trang_thai": "Hoàn tất"
      },
      "raw_text": "3 08:00 23/06/2026 26066471 NGUYỄN THỊ DIỆU Nữ 63 tuổi Viện phí Khoa Ngoại Tổng Hợp Thay băng, cắt chỉ vết mổ [chiều dài ≤ 15cm] 0 0 Thường 08:00 23/06/2026 Hoàn tất",
      "links": [
        {
          "text": "3",
          "href": "http://192.168.2.26:2026/home.aspx?scope=sys&lang=vi&wpid=thuthuatnewdraw&thuthuatid=29887063-c789-40a1-9550-b472000f2c4b&usid=172.31.255.1_ieu5y4m0p5o1dfluo0cjloo0ebd56fc4&st=140819",
          "onclick": ""
        },
        {
          "text": "08:00 23/06/2026",
          "href": "http://192.168.2.26:2026/home.aspx?scope=sys&lang=vi&wpid=thuthuatnewdraw&thuthuatid=29887063-c789-40a1-9550-b472000f2c4b&usid=172.31.255.1_ieu5y4m0p5o1dfluo0cjloo0ebd56fc4&st=140819",
          "onclick": ""
        },
        {
          "text": "26066471",
          "href": "http://192.168.2.26:2026/home.aspx?scope=sys&lang=vi&wpid=thuthuatnewdraw&thuthuatid=29887063-c789-40a1-9550-b472000f2c4b&usid=172.31.255.1_ieu5y4m0p5o1dfluo0cjloo0ebd56fc4&st=140819",
          "onclick": ""
        },
        {
          "text": "NGUYỄN THỊ DIỆU",
          "href": "http://192.168.2.26:2026/home.aspx?scope=sys&lang=vi&wpid=thuthuatnewdraw&thuthuatid=29887063-c789-40a1-9550-b472000f2c4b&usid=172.31.255.1_ieu5y4m0p5o1dfluo0cjloo0ebd56fc4&st=140819",
          "onclick": ""
        },
        {
          "text": "Nữ",
          "href": "http://192.168.2.26:2026/home.aspx?scope=sys&lang=vi&wpid=thuthuatnewdraw&thuthuatid=29887063-c789-40a1-9550-b472000f2c4b&usid=172.31.255.1_ieu5y4m0p5o1dfluo0cjloo0ebd56fc4&st=140819",
          "onclick": ""
        },
        {
          "text": "63 tuổi",
          "href": "http://192.168.2.26:2026/home.aspx?scope=sys&lang=vi&wpid=thuthuatnewdraw&thuthuatid=29887063-c789-40a1-9550-b472000f2c4b&usid=172.31.255.1_ieu5y4m0p5o1dfluo0cjloo0ebd56fc4&st=140819",
          "onclick": ""
        },
        {
          "text": "Viện phí",
          "href": "http://192.168.2.26:2026/home.aspx?scope=sys&lang=vi&wpid=thuthuatnewdraw&thuthuatid=29887063-c789-40a1-9550-b472000f2c4b&usid=172.31.255.1_ieu5y4m0p5o1dfluo0cjloo0ebd56fc4&st=140819",
          "onclick": ""
        },
        {
          "text": "Khoa Ngoại Tổng Hợp",
          "href": "http://192.168.2.26:2026/home.aspx?scope=sys&lang=vi&wpid=thuthuatnewdraw&thuthuatid=29887063-c789-40a1-9550-b472000f2c4b&usid=172.31.255.1_ieu5y4m0p5o1dfluo0cjloo0ebd56fc4&st=140819",
          "onclick": ""
        },
        {
          "text": "Thay băng, cắt chỉ vết mổ [chiều dài ≤ 15cm]",
          "href": "http://192.168.2.26:2026/home.aspx?scope=sys&lang=vi&wpid=thuthuatnewdraw&thuthuatid=29887063-c789-40a1-9550-b472000f2c4b&usid=172.31.255.1_ieu5y4m0p5o1dfluo0cjloo0ebd56fc4&st=140819",
          "onclick": ""
        },
        {
          "text": "0",
          "href": "http://192.168.2.26:2026/home.aspx?scope=sys&lang=vi&wpid=thuthuatnewdraw&thuthuatid=29887063-c789-40a1-9550-b472000f2c4b&usid=172.31.255.1_ieu5y4m0p5o1dfluo0cjloo0ebd56fc4&st=140819",
          "onclick": ""
        },
        {
          "text": "0",
          "href": "http://192.168.2.26:2026/home.aspx?scope=sys&lang=vi&wpid=thuthuatnewdraw&thuthuatid=29887063-c789-40a1-9550-b472000f2c4b&usid=172.31.255.1_ieu5y4m0p5o1dfluo0cjloo0ebd56fc4&st=140819",
          "onclick": ""
        },
        {
          "text": "Thường",
          "href": "http://192.168.2.26:2026/home.aspx?scope=sys&lang=vi&wpid=thuthuatnewdraw&thuthuatid=29887063-c789-40a1-9550-b472000f2c4b&usid=172.31.255.1_ieu5y4m0p5o1dfluo0cjloo0ebd56fc4&st=140819",
          "onclick": ""
        },
        {
          "text": "08:00 23/06/2026",
          "href": "http://192.168.2.26:2026/home.aspx?scope=sys&lang=vi&wpid=thuthuatnewdraw&thuthuatid=29887063-c789-40a1-9550-b472000f2c4b&usid=172.31.255.1_ieu5y4m0p5o1dfluo0cjloo0ebd56fc4&st=140819",
          "onclick": ""
        },
        {
          "text": "Hoàn tất",
          "href": "http://192.168.2.26:2026/home.aspx?scope=sys&lang=vi&wpid=thuthuatnewdraw&thuthuatid=29887063-c789-40a1-9550-b472000f2c4b&usid=172.31.255.1_ieu5y4m0p5o1dfluo0cjloo0ebd56fc4&st=140819",
          "onclick": ""
        }
      ]
    },
    {
      "access_id": "efc39f15-3a69-4826-b6d5-b479009a4538",
      "known_fields": {
        "stt": "4",
        "ngay_thu_thuat": "09:22 30/06/2026",
        "ma_bn": "26066471",
        "ho_ten": "NGUYỄN THỊ DIỆU",
        "gioi_tinh": "Nữ",
        "tuoi": "63 tuổi",
        "doi_tuong": "Bảo hiểm",
        "noi_chi_dinh": "PHÒNG KHÁM NGOẠI TỔNG HỢP - 09",
        "chi_dinh_thu_thuat": "Thay băng, cắt chỉ vết mổ",
        "tam_ung": "0",
        "phai_thanh_toan": "0",
        "tinh_trang": "Thường",
        "thoi_gian_chi_dinh": "09:21 30/06/2026",
        "trang_thai": "Hoàn tất"
      },
      "raw_text": "4 09:22 30/06/2026 26066471 NGUYỄN THỊ DIỆU Nữ 63 tuổi Bảo hiểm PHÒNG KHÁM NGOẠI TỔNG HỢP - 09 Thay băng, cắt chỉ vết mổ 0 0 Thường 09:21 30/06/2026 Hoàn tất",
      "links": [
        {
          "text": "4",
          "href": "http://192.168.2.26:2026/home.aspx?scope=sys&lang=vi&wpid=thuthuatnewdraw&thuthuatid=efc39f15-3a69-4826-b6d5-b479009a4538&usid=172.31.255.1_ieu5y4m0p5o1dfluo0cjloo0ebd56fc4&st=140819",
          "onclick": ""
        },
        {
          "text": "09:22 30/06/2026",
          "href": "http://192.168.2.26:2026/home.aspx?scope=sys&lang=vi&wpid=thuthuatnewdraw&thuthuatid=efc39f15-3a69-4826-b6d5-b479009a4538&usid=172.31.255.1_ieu5y4m0p5o1dfluo0cjloo0ebd56fc4&st=140819",
          "onclick": ""
        },
        {
          "text": "26066471",
          "href": "http://192.168.2.26:2026/home.aspx?scope=sys&lang=vi&wpid=thuthuatnewdraw&thuthuatid=efc39f15-3a69-4826-b6d5-b479009a4538&usid=172.31.255.1_ieu5y4m0p5o1dfluo0cjloo0ebd56fc4&st=140819",
          "onclick": ""
        },
        {
          "text": "NGUYỄN THỊ DIỆU",
          "href": "http://192.168.2.26:2026/home.aspx?scope=sys&lang=vi&wpid=thuthuatnewdraw&thuthuatid=efc39f15-3a69-4826-b6d5-b479009a4538&usid=172.31.255.1_ieu5y4m0p5o1dfluo0cjloo0ebd56fc4&st=140819",
          "onclick": ""
        },
        {
          "text": "Nữ",
          "href": "http://192.168.2.26:2026/home.aspx?scope=sys&lang=vi&wpid=thuthuatnewdraw&thuthuatid=efc39f15-3a69-4826-b6d5-b479009a4538&usid=172.31.255.1_ieu5y4m0p5o1dfluo0cjloo0ebd56fc4&st=140819",
          "onclick": ""
        },
        {
          "text": "63 tuổi",
          "href": "http://192.168.2.26:2026/home.aspx?scope=sys&lang=vi&wpid=thuthuatnewdraw&thuthuatid=efc39f15-3a69-4826-b6d5-b479009a4538&usid=172.31.255.1_ieu5y4m0p5o1dfluo0cjloo0ebd56fc4&st=140819",
          "onclick": ""
        },
        {
          "text": "Bảo hiểm",
          "href": "http://192.168.2.26:2026/home.aspx?scope=sys&lang=vi&wpid=thuthuatnewdraw&thuthuatid=efc39f15-3a69-4826-b6d5-b479009a4538&usid=172.31.255.1_ieu5y4m0p5o1dfluo0cjloo0ebd56fc4&st=140819",
          "onclick": ""
        },
        {
          "text": "PHÒNG KHÁM NGOẠI TỔNG HỢP - 09",
          "href": "http://192.168.2.26:2026/home.aspx?scope=sys&lang=vi&wpid=thuthuatnewdraw&thuthuatid=efc39f15-3a69-4826-b6d5-b479009a4538&usid=172.31.255.1_ieu5y4m0p5o1dfluo0cjloo0ebd56fc4&st=140819",
          "onclick": ""
        },
        {
          "text": "Thay băng, cắt chỉ vết mổ",
          "href": "http://192.168.2.26:2026/home.aspx?scope=sys&lang=vi&wpid=thuthuatnewdraw&thuthuatid=efc39f15-3a69-4826-b6d5-b479009a4538&usid=172.31.255.1_ieu5y4m0p5o1dfluo0cjloo0ebd56fc4&st=140819",
          "onclick": ""
        },
        {
          "text": "0",
          "href": "http://192.168.2.26:2026/home.aspx?scope=sys&lang=vi&wpid=thuthuatnewdraw&thuthuatid=efc39f15-3a69-4826-b6d5-b479009a4538&usid=172.31.255.1_ieu5y4m0p5o1dfluo0cjloo0ebd56fc4&st=140819",
          "onclick": ""
        },
        {
          "text": "0",
          "href": "http://192.168.2.26:2026/home.aspx?scope=sys&lang=vi&wpid=thuthuatnewdraw&thuthuatid=efc39f15-3a69-4826-b6d5-b479009a4538&usid=172.31.255.1_ieu5y4m0p5o1dfluo0cjloo0ebd56fc4&st=140819",
          "onclick": ""
        },
        {
          "text": "Thường",
          "href": "http://192.168.2.26:2026/home.aspx?scope=sys&lang=vi&wpid=thuthuatnewdraw&thuthuatid=efc39f15-3a69-4826-b6d5-b479009a4538&usid=172.31.255.1_ieu5y4m0p5o1dfluo0cjloo0ebd56fc4&st=140819",
          "onclick": ""
        },
        {
          "text": "09:21 30/06/2026",
          "href": "http://192.168.2.26:2026/home.aspx?scope=sys&lang=vi&wpid=thuthuatnewdraw&thuthuatid=efc39f15-3a69-4826-b6d5-b479009a4538&usid=172.31.255.1_ieu5y4m0p5o1dfluo0cjloo0ebd56fc4&st=140819",
          "onclick": ""
        },
        {
          "text": "Hoàn tất",
          "href": "http://192.168.2.26:2026/home.aspx?scope=sys&lang=vi&wpid=thuthuatnewdraw&thuthuatid=efc39f15-3a69-4826-b6d5-b479009a4538&usid=172.31.255.1_ieu5y4m0p5o1dfluo0cjloo0ebd56fc4&st=140819",
          "onclick": ""
        }
      ]
    },
    {
      "access_id": "4bb1ea26-24f8-413e-aad0-b48200b49fa7",
      "known_fields": {
        "stt": "5",
        "ngay_thu_thuat": "11:02 09/07/2026",
        "ma_bn": "26072567",
        "ho_ten": "NGUYỄN THỊ DIỆU",
        "gioi_tinh": "Nữ",
        "tuoi": "42 tuổi",
        "doi_tuong": "Bảo hiểm",
        "noi_chi_dinh": "Khoa Phụ Sản",
        "chi_dinh_thu_thuat": "Sinh thiết buồng tử cung",
        "tam_ung": "0",
        "phai_thanh_toan": "0",
        "tinh_trang": "Thường",
        "thoi_gian_chi_dinh": "10:01 09/07/2026",
        "trang_thai": "Hoàn tất"
      },
      "raw_text": "5 11:02 09/07/2026 26072567 NGUYỄN THỊ DIỆU Nữ 42 tuổi Bảo hiểm Khoa Phụ Sản Sinh thiết buồng tử cung 0 0 Thường 10:01 09/07/2026 Hoàn tất",
      "links": [
        {
          "text": "5",
          "href": "http://192.168.2.26:2026/home.aspx?scope=sys&lang=vi&wpid=thuthuatnewdraw&thuthuatid=4bb1ea26-24f8-413e-aad0-b48200b49fa7&usid=172.31.255.1_ieu5y4m0p5o1dfluo0cjloo0ebd56fc4&st=140819",
          "onclick": ""
        },
        {
          "text": "11:02 09/07/2026",
          "href": "http://192.168.2.26:2026/home.aspx?scope=sys&lang=vi&wpid=thuthuatnewdraw&thuthuatid=4bb1ea26-24f8-413e-aad0-b48200b49fa7&usid=172.31.255.1_ieu5y4m0p5o1dfluo0cjloo0ebd56fc4&st=140819",
          "onclick": ""
        },
        {
          "text": "26072567",
          "href": "http://192.168.2.26:2026/home.aspx?scope=sys&lang=vi&wpid=thuthuatnewdraw&thuthuatid=4bb1ea26-24f8-413e-aad0-b48200b49fa7&usid=172.31.255.1_ieu5y4m0p5o1dfluo0cjloo0ebd56fc4&st=140819",
          "onclick": ""
        },
        {
          "text": "NGUYỄN THỊ DIỆU",
          "href": "http://192.168.2.26:2026/home.aspx?scope=sys&lang=vi&wpid=thuthuatnewdraw&thuthuatid=4bb1ea26-24f8-413e-aad0-b48200b49fa7&usid=172.31.255.1_ieu5y4m0p5o1dfluo0cjloo0ebd56fc4&st=140819",
          "onclick": ""
        },
        {
          "text": "Nữ",
          "href": "http://192.168.2.26:2026/home.aspx?scope=sys&lang=vi&wpid=thuthuatnewdraw&thuthuatid=4bb1ea26-24f8-413e-aad0-b48200b49fa7&usid=172.31.255.1_ieu5y4m0p5o1dfluo0cjloo0ebd56fc4&st=140819",
          "onclick": ""
        },
        {
          "text": "42 tuổi",
          "href": "http://192.168.2.26:2026/home.aspx?scope=sys&lang=vi&wpid=thuthuatnewdraw&thuthuatid=4bb1ea26-24f8-413e-aad0-b48200b49fa7&usid=172.31.255.1_ieu5y4m0p5o1dfluo0cjloo0ebd56fc4&st=140819",
          "onclick": ""
        },
        {
          "text": "Bảo hiểm",
          "href": "http://192.168.2.26:2026/home.aspx?scope=sys&lang=vi&wpid=thuthuatnewdraw&thuthuatid=4bb1ea26-24f8-413e-aad0-b48200b49fa7&usid=172.31.255.1_ieu5y4m0p5o1dfluo0cjloo0ebd56fc4&st=140819",
          "onclick": ""
        },
        {
          "text": "Khoa Phụ Sản",
          "href": "http://192.168.2.26:2026/home.aspx?scope=sys&lang=vi&wpid=thuthuatnewdraw&thuthuatid=4bb1ea26-24f8-413e-aad0-b48200b49fa7&usid=172.31.255.1_ieu5y4m0p5o1dfluo0cjloo0ebd56fc4&st=140819",
          "onclick": ""
        },
        {
          "text": "Sinh thiết buồng tử cung",
          "href": "http://192.168.2.26:2026/home.aspx?scope=sys&lang=vi&wpid=thuthuatnewdraw&thuthuatid=4bb1ea26-24f8-413e-aad0-b48200b49fa7&usid=172.31.255.1_ieu5y4m0p5o1dfluo0cjloo0ebd56fc4&st=140819",
          "onclick": ""
        },
        {
          "text": "0",
          "href": "http://192.168.2.26:2026/home.aspx?scope=sys&lang=vi&wpid=thuthuatnewdraw&thuthuatid=4bb1ea26-24f8-413e-aad0-b48200b49fa7&usid=172.31.255.1_ieu5y4m0p5o1dfluo0cjloo0ebd56fc4&st=140819",
          "onclick": ""
        },
        {
          "text": "0",
          "href": "http://192.168.2.26:2026/home.aspx?scope=sys&lang=vi&wpid=thuthuatnewdraw&thuthuatid=4bb1ea26-24f8-413e-aad0-b48200b49fa7&usid=172.31.255.1_ieu5y4m0p5o1dfluo0cjloo0ebd56fc4&st=140819",
          "onclick": ""
        },
        {
          "text": "Thường",
          "href": "http://192.168.2.26:2026/home.aspx?scope=sys&lang=vi&wpid=thuthuatnewdraw&thuthuatid=4bb1ea26-24f8-413e-aad0-b48200b49fa7&usid=172.31.255.1_ieu5y4m0p5o1dfluo0cjloo0ebd56fc4&st=140819",
          "onclick": ""
        },
        {
          "text": "10:01 09/07/2026",
          "href": "http://192.168.2.26:2026/home.aspx?scope=sys&lang=vi&wpid=thuthuatnewdraw&thuthuatid=4bb1ea26-24f8-413e-aad0-b48200b49fa7&usid=172.31.255.1_ieu5y4m0p5o1dfluo0cjloo0ebd56fc4&st=140819",
          "onclick": ""
        },
        {
          "text": "Hoàn tất",
          "href": "http://192.168.2.26:2026/home.aspx?scope=sys&lang=vi&wpid=thuthuatnewdraw&thuthuatid=4bb1ea26-24f8-413e-aad0-b48200b49fa7&usid=172.31.255.1_ieu5y4m0p5o1dfluo0cjloo0ebd56fc4&st=140819",
          "onclick": ""
        }
      ]
    },
    {
      "access_id": "7130e431-e448-4c2f-99b2-b48800a76d8a",
      "known_fields": {
        "stt": "6",
        "ngay_thu_thuat": "08:00 15/07/2026",
        "ma_bn": "26071308",
        "ho_ten": "NGUYỄN THỊ DIỆU ĐẠT",
        "gioi_tinh": "Nữ",
        "tuoi": "46 tuổi",
        "doi_tuong": "Viện phí",
        "noi_chi_dinh": "Trung Tâm Tiết Niệu",
        "chi_dinh_thu_thuat": "Chăm sóc ống thông bàng quang",
        "tam_ung": "0",
        "phai_thanh_toan": "0",
        "tinh_trang": "Thường",
        "thoi_gian_chi_dinh": "07:30 15/07/2026",
        "trang_thai": "Hoàn tất"
      },
      "raw_text": "6 08:00 15/07/2026 26071308 NGUYỄN THỊ DIỆU ĐẠT Nữ 46 tuổi Viện phí Trung Tâm Tiết Niệu Chăm sóc ống thông bàng quang 0 0 Thường 07:30 15/07/2026 Hoàn tất",
      "links": [
        {
          "text": "6",
          "href": "http://192.168.2.26:2026/home.aspx?scope=sys&lang=vi&wpid=thuthuatnewdraw&thuthuatid=7130e431-e448-4c2f-99b2-b48800a76d8a&usid=172.31.255.1_ieu5y4m0p5o1dfluo0cjloo0ebd56fc4&st=140819",
          "onclick": ""
        },
        {
          "text": "08:00 15/07/2026",
          "href": "http://192.168.2.26:2026/home.aspx?scope=sys&lang=vi&wpid=thuthuatnewdraw&thuthuatid=7130e431-e448-4c2f-99b2-b48800a76d8a&usid=172.31.255.1_ieu5y4m0p5o1dfluo0cjloo0ebd56fc4&st=140819",
          "onclick": ""
        },
        {
          "text": "26071308",
          "href": "http://192.168.2.26:2026/home.aspx?scope=sys&lang=vi&wpid=thuthuatnewdraw&thuthuatid=7130e431-e448-4c2f-99b2-b48800a76d8a&usid=172.31.255.1_ieu5y4m0p5o1dfluo0cjloo0ebd56fc4&st=140819",
          "onclick": ""
        },
        {
          "text": "NGUYỄN THỊ DIỆU ĐẠT",
          "href": "http://192.168.2.26:2026/home.aspx?scope=sys&lang=vi&wpid=thuthuatnewdraw&thuthuatid=7130e431-e448-4c2f-99b2-b48800a76d8a&usid=172.31.255.1_ieu5y4m0p5o1dfluo0cjloo0ebd56fc4&st=140819",
          "onclick": ""
        },
        {
          "text": "Nữ",
          "href": "http://192.168.2.26:2026/home.aspx?scope=sys&lang=vi&wpid=thuthuatnewdraw&thuthuatid=7130e431-e448-4c2f-99b2-b48800a76d8a&usid=172.31.255.1_ieu5y4m0p5o1dfluo0cjloo0ebd56fc4&st=140819",
          "onclick": ""
        },
        {
          "text": "46 tuổi",
          "href": "http://192.168.2.26:2026/home.aspx?scope=sys&lang=vi&wpid=thuthuatnewdraw&thuthuatid=7130e431-e448-4c2f-99b2-b48800a76d8a&usid=172.31.255.1_ieu5y4m0p5o1dfluo0cjloo0ebd56fc4&st=140819",
          "onclick": ""
        },
        {
          "text": "Viện phí",
          "href": "http://192.168.2.26:2026/home.aspx?scope=sys&lang=vi&wpid=thuthuatnewdraw&thuthuatid=7130e431-e448-4c2f-99b2-b48800a76d8a&usid=172.31.255.1_ieu5y4m0p5o1dfluo0cjloo0ebd56fc4&st=140819",
          "onclick": ""
        },
        {
          "text": "Trung Tâm Tiết Niệu",
          "href": "http://192.168.2.26:2026/home.aspx?scope=sys&lang=vi&wpid=thuthuatnewdraw&thuthuatid=7130e431-e448-4c2f-99b2-b48800a76d8a&usid=172.31.255.1_ieu5y4m0p5o1dfluo0cjloo0ebd56fc4&st=140819",
          "onclick": ""
        },
        {
          "text": "Chăm sóc ống thông bàng quang",
          "href": "http://192.168.2.26:2026/home.aspx?scope=sys&lang=vi&wpid=thuthuatnewdraw&thuthuatid=7130e431-e448-4c2f-99b2-b48800a76d8a&usid=172.31.255.1_ieu5y4m0p5o1dfluo0cjloo0ebd56fc4&st=140819",
          "onclick": ""
        },
        {
          "text": "0",
          "href": "http://192.168.2.26:2026/home.aspx?scope=sys&lang=vi&wpid=thuthuatnewdraw&thuthuatid=7130e431-e448-4c2f-99b2-b48800a76d8a&usid=172.31.255.1_ieu5y4m0p5o1dfluo0cjloo0ebd56fc4&st=140819",
          "onclick": ""
        },
        {
          "text": "0",
          "href": "http://192.168.2.26:2026/home.aspx?scope=sys&lang=vi&wpid=thuthuatnewdraw&thuthuatid=7130e431-e448-4c2f-99b2-b48800a76d8a&usid=172.31.255.1_ieu5y4m0p5o1dfluo0cjloo0ebd56fc4&st=140819",
          "onclick": ""
        },
        {
          "text": "Thường",
          "href": "http://192.168.2.26:2026/home.aspx?scope=sys&lang=vi&wpid=thuthuatnewdraw&thuthuatid=7130e431-e448-4c2f-99b2-b48800a76d8a&usid=172.31.255.1_ieu5y4m0p5o1dfluo0cjloo0ebd56fc4&st=140819",
          "onclick": ""
        },
        {
          "text": "07:30 15/07/2026",
          "href": "http://192.168.2.26:2026/home.aspx?scope=sys&lang=vi&wpid=thuthuatnewdraw&thuthuatid=7130e431-e448-4c2f-99b2-b48800a76d8a&usid=172.31.255.1_ieu5y4m0p5o1dfluo0cjloo0ebd56fc4&st=140819",
          "onclick": ""
        },
        {
          "text": "Hoàn tất",
          "href": "http://192.168.2.26:2026/home.aspx?scope=sys&lang=vi&wpid=thuthuatnewdraw&thuthuatid=7130e431-e448-4c2f-99b2-b48800a76d8a&usid=172.31.255.1_ieu5y4m0p5o1dfluo0cjloo0ebd56fc4&st=140819",
          "onclick": ""
        }
      ]
    },
    {
      "access_id": "4bbbd2f7-435a-427c-b5dd-b48e00c2ff32",
      "known_fields": {
        "stt": "7",
        "ngay_thu_thuat": "10:55 21/07/2026",
        "ma_bn": "26072567",
        "ho_ten": "NGUYỄN THỊ DIỆU",
        "gioi_tinh": "Nữ",
        "tuoi": "42 tuổi",
        "doi_tuong": "Viện phí",
        "noi_chi_dinh": "PHÒNG PHẪU THUẬT",
        "chi_dinh_thu_thuat": "Kỹ thuật giảm đau qua các lớp cân bụng (TAP)",
        "tam_ung": "6,000,000",
        "phai_thanh_toan": "5,463,976",
        "tinh_trang": "Thường",
        "thoi_gian_chi_dinh": "10:55 21/07/2026",
        "trang_thai": "Hoàn tất"
      },
      "raw_text": "7 10:55 21/07/2026 26072567 NGUYỄN THỊ DIỆU Nữ 42 tuổi Viện phí PHÒNG PHẪU THUẬT Kỹ thuật giảm đau qua các lớp cân bụng (TAP) 6,000,000 5,463,976 Thường 10:55 21/07/2026 Hoàn tất",
      "links": [
        {
          "text": "7",
          "href": "http://192.168.2.26:2026/home.aspx?scope=sys&lang=vi&wpid=thuthuatnewdraw&thuthuatid=4bbbd2f7-435a-427c-b5dd-b48e00c2ff32&usid=172.31.255.1_ieu5y4m0p5o1dfluo0cjloo0ebd56fc4&st=140820",
          "onclick": ""
        },
        {
          "text": "10:55 21/07/2026",
          "href": "http://192.168.2.26:2026/home.aspx?scope=sys&lang=vi&wpid=thuthuatnewdraw&thuthuatid=4bbbd2f7-435a-427c-b5dd-b48e00c2ff32&usid=172.31.255.1_ieu5y4m0p5o1dfluo0cjloo0ebd56fc4&st=140820",
          "onclick": ""
        },
        {
          "text": "26072567",
          "href": "http://192.168.2.26:2026/home.aspx?scope=sys&lang=vi&wpid=thuthuatnewdraw&thuthuatid=4bbbd2f7-435a-427c-b5dd-b48e00c2ff32&usid=172.31.255.1_ieu5y4m0p5o1dfluo0cjloo0ebd56fc4&st=140820",
          "onclick": ""
        },
        {
          "text": "NGUYỄN THỊ DIỆU",
          "href": "http://192.168.2.26:2026/home.aspx?scope=sys&lang=vi&wpid=thuthuatnewdraw&thuthuatid=4bbbd2f7-435a-427c-b5dd-b48e00c2ff32&usid=172.31.255.1_ieu5y4m0p5o1dfluo0cjloo0ebd56fc4&st=140820",
          "onclick": ""
        },
        {
          "text": "Nữ",
          "href": "http://192.168.2.26:2026/home.aspx?scope=sys&lang=vi&wpid=thuthuatnewdraw&thuthuatid=4bbbd2f7-435a-427c-b5dd-b48e00c2ff32&usid=172.31.255.1_ieu5y4m0p5o1dfluo0cjloo0ebd56fc4&st=140820",
          "onclick": ""
        },
        {
          "text": "42 tuổi",
          "href": "http://192.168.2.26:2026/home.aspx?scope=sys&lang=vi&wpid=thuthuatnewdraw&thuthuatid=4bbbd2f7-435a-427c-b5dd-b48e00c2ff32&usid=172.31.255.1_ieu5y4m0p5o1dfluo0cjloo0ebd56fc4&st=140820",
          "onclick": ""
        },
        {
          "text": "Viện phí",
          "href": "http://192.168.2.26:2026/home.aspx?scope=sys&lang=vi&wpid=thuthuatnewdraw&thuthuatid=4bbbd2f7-435a-427c-b5dd-b48e00c2ff32&usid=172.31.255.1_ieu5y4m0p5o1dfluo0cjloo0ebd56fc4&st=140820",
          "onclick": ""
        },
        {
          "text": "PHÒNG PHẪU THUẬT",
          "href": "http://192.168.2.26:2026/home.aspx?scope=sys&lang=vi&wpid=thuthuatnewdraw&thuthuatid=4bbbd2f7-435a-427c-b5dd-b48e00c2ff32&usid=172.31.255.1_ieu5y4m0p5o1dfluo0cjloo0ebd56fc4&st=140820",
          "onclick": ""
        },
        {
          "text": "Kỹ thuật giảm đau qua các lớp cân bụng (TAP)",
          "href": "http://192.168.2.26:2026/home.aspx?scope=sys&lang=vi&wpid=thuthuatnewdraw&thuthuatid=4bbbd2f7-435a-427c-b5dd-b48e00c2ff32&usid=172.31.255.1_ieu5y4m0p5o1dfluo0cjloo0ebd56fc4&st=140820",
          "onclick": ""
        },
        {
          "text": "6,000,000",
          "href": "http://192.168.2.26:2026/home.aspx?scope=sys&lang=vi&wpid=thuthuatnewdraw&thuthuatid=4bbbd2f7-435a-427c-b5dd-b48e00c2ff32&usid=172.31.255.1_ieu5y4m0p5o1dfluo0cjloo0ebd56fc4&st=140820",
          "onclick": ""
        },
        {
          "text": "5,463,976",
          "href": "http://192.168.2.26:2026/home.aspx?scope=sys&lang=vi&wpid=thuthuatnewdraw&thuthuatid=4bbbd2f7-435a-427c-b5dd-b48e00c2ff32&usid=172.31.255.1_ieu5y4m0p5o1dfluo0cjloo0ebd56fc4&st=140820",
          "onclick": ""
        },
        {
          "text": "Thường",
          "href": "http://192.168.2.26:2026/home.aspx?scope=sys&lang=vi&wpid=thuthuatnewdraw&thuthuatid=4bbbd2f7-435a-427c-b5dd-b48e00c2ff32&usid=172.31.255.1_ieu5y4m0p5o1dfluo0cjloo0ebd56fc4&st=140820",
          "onclick": ""
        },
        {
          "text": "10:55 21/07/2026",
          "href": "http://192.168.2.26:2026/home.aspx?scope=sys&lang=vi&wpid=thuthuatnewdraw&thuthuatid=4bbbd2f7-435a-427c-b5dd-b48e00c2ff32&usid=172.31.255.1_ieu5y4m0p5o1dfluo0cjloo0ebd56fc4&st=140820",
          "onclick": ""
        },
        {
          "text": "Hoàn tất",
          "href": "http://192.168.2.26:2026/home.aspx?scope=sys&lang=vi&wpid=thuthuatnewdraw&thuthuatid=4bbbd2f7-435a-427c-b5dd-b48e00c2ff32&usid=172.31.255.1_ieu5y4m0p5o1dfluo0cjloo0ebd56fc4&st=140820",
          "onclick": ""
        }
      ]
    },
    {
      "access_id": "1d530b9c-507b-47e7-b383-b49000515343",
      "known_fields": {
        "stt": "8",
        "ngay_thu_thuat": "13:49 23/07/2026",
        "ma_bn": "26072567",
        "ho_ten": "NGUYỄN THỊ DIỆU",
        "gioi_tinh": "Nữ",
        "tuoi": "42 tuổi",
        "doi_tuong": "Viện phí",
        "noi_chi_dinh": "Khoa Phụ Sản",
        "chi_dinh_thu_thuat": "Thay băng, cắt chỉ vết mổ [chiều dài ≤ 15cm]",
        "tam_ung": "6,000,000",
        "phai_thanh_toan": "5,463,976",
        "tinh_trang": "Thường",
        "thoi_gian_chi_dinh": "07:00 23/07/2026",
        "trang_thai": "Hoàn tất"
      },
      "raw_text": "8 13:49 23/07/2026 26072567 NGUYỄN THỊ DIỆU Nữ 42 tuổi Viện phí Khoa Phụ Sản Thay băng, cắt chỉ vết mổ [chiều dài ≤ 15cm] 6,000,000 5,463,976 Thường 07:00 23/07/2026 Hoàn tất",
      "links": [
        {
          "text": "8",
          "href": "http://192.168.2.26:2026/home.aspx?scope=sys&lang=vi&wpid=thuthuatnewdraw&thuthuatid=1d530b9c-507b-47e7-b383-b49000515343&usid=172.31.255.1_ieu5y4m0p5o1dfluo0cjloo0ebd56fc4&st=140820",
          "onclick": ""
        },
        {
          "text": "13:49 23/07/2026",
          "href": "http://192.168.2.26:2026/home.aspx?scope=sys&lang=vi&wpid=thuthuatnewdraw&thuthuatid=1d530b9c-507b-47e7-b383-b49000515343&usid=172.31.255.1_ieu5y4m0p5o1dfluo0cjloo0ebd56fc4&st=140820",
          "onclick": ""
        },
        {
          "text": "26072567",
          "href": "http://192.168.2.26:2026/home.aspx?scope=sys&lang=vi&wpid=thuthuatnewdraw&thuthuatid=1d530b9c-507b-47e7-b383-b49000515343&usid=172.31.255.1_ieu5y4m0p5o1dfluo0cjloo0ebd56fc4&st=140820",
          "onclick": ""
        },
        {
          "text": "NGUYỄN THỊ DIỆU",
          "href": "http://192.168.2.26:2026/home.aspx?scope=sys&lang=vi&wpid=thuthuatnewdraw&thuthuatid=1d530b9c-507b-47e7-b383-b49000515343&usid=172.31.255.1_ieu5y4m0p5o1dfluo0cjloo0ebd56fc4&st=140820",
          "onclick": ""
        },
        {
          "text": "Nữ",
          "href": "http://192.168.2.26:2026/home.aspx?scope=sys&lang=vi&wpid=thuthuatnewdraw&thuthuatid=1d530b9c-507b-47e7-b383-b49000515343&usid=172.31.255.1_ieu5y4m0p5o1dfluo0cjloo0ebd56fc4&st=140820",
          "onclick": ""
        },
        {
          "text": "42 tuổi",
          "href": "http://192.168.2.26:2026/home.aspx?scope=sys&lang=vi&wpid=thuthuatnewdraw&thuthuatid=1d530b9c-507b-47e7-b383-b49000515343&usid=172.31.255.1_ieu5y4m0p5o1dfluo0cjloo0ebd56fc4&st=140820",
          "onclick": ""
        },
        {
          "text": "Viện phí",
          "href": "http://192.168.2.26:2026/home.aspx?scope=sys&lang=vi&wpid=thuthuatnewdraw&thuthuatid=1d530b9c-507b-47e7-b383-b49000515343&usid=172.31.255.1_ieu5y4m0p5o1dfluo0cjloo0ebd56fc4&st=140820",
          "onclick": ""
        },
        {
          "text": "Khoa Phụ Sản",
          "href": "http://192.168.2.26:2026/home.aspx?scope=sys&lang=vi&wpid=thuthuatnewdraw&thuthuatid=1d530b9c-507b-47e7-b383-b49000515343&usid=172.31.255.1_ieu5y4m0p5o1dfluo0cjloo0ebd56fc4&st=140820",
          "onclick": ""
        },
        {
          "text": "Thay băng, cắt chỉ vết mổ [chiều dài ≤ 15cm]",
          "href": "http://192.168.2.26:2026/home.aspx?scope=sys&lang=vi&wpid=thuthuatnewdraw&thuthuatid=1d530b9c-507b-47e7-b383-b49000515343&usid=172.31.255.1_ieu5y4m0p5o1dfluo0cjloo0ebd56fc4&st=140820",
          "onclick": ""
        },
        {
          "text": "6,000,000",
          "href": "http://192.168.2.26:2026/home.aspx?scope=sys&lang=vi&wpid=thuthuatnewdraw&thuthuatid=1d530b9c-507b-47e7-b383-b49000515343&usid=172.31.255.1_ieu5y4m0p5o1dfluo0cjloo0ebd56fc4&st=140820",
          "onclick": ""
        },
        {
          "text": "5,463,976",
          "href": "http://192.168.2.26:2026/home.aspx?scope=sys&lang=vi&wpid=thuthuatnewdraw&thuthuatid=1d530b9c-507b-47e7-b383-b49000515343&usid=172.31.255.1_ieu5y4m0p5o1dfluo0cjloo0ebd56fc4&st=140820",
          "onclick": ""
        },
        {
          "text": "Thường",
          "href": "http://192.168.2.26:2026/home.aspx?scope=sys&lang=vi&wpid=thuthuatnewdraw&thuthuatid=1d530b9c-507b-47e7-b383-b49000515343&usid=172.31.255.1_ieu5y4m0p5o1dfluo0cjloo0ebd56fc4&st=140820",
          "onclick": ""
        },
        {
          "text": "07:00 23/07/2026",
          "href": "http://192.168.2.26:2026/home.aspx?scope=sys&lang=vi&wpid=thuthuatnewdraw&thuthuatid=1d530b9c-507b-47e7-b383-b49000515343&usid=172.31.255.1_ieu5y4m0p5o1dfluo0cjloo0ebd56fc4&st=140820",
          "onclick": ""
        },
        {
          "text": "Hoàn tất",
          "href": "http://192.168.2.26:2026/home.aspx?scope=sys&lang=vi&wpid=thuthuatnewdraw&thuthuatid=1d530b9c-507b-47e7-b383-b49000515343&usid=172.31.255.1_ieu5y4m0p5o1dfluo0cjloo0ebd56fc4&st=140820",
          "onclick": ""
        }
      ]
    },
    {
      "access_id": "73a32c14-92b7-458b-9ec9-b49000515343",
      "known_fields": {
        "stt": "9",
        "ngay_thu_thuat": "13:51 23/07/2026",
        "ma_bn": "26072567",
        "ho_ten": "NGUYỄN THỊ DIỆU",
        "gioi_tinh": "Nữ",
        "tuoi": "42 tuổi",
        "doi_tuong": "Viện phí",
        "noi_chi_dinh": "Khoa Phụ Sản",
        "chi_dinh_thu_thuat": "Chiếu tia Plasma lạnh điều trị vết thương hoặc vết mổ chiều dài trên 15cm đến 30cm",
        "tam_ung": "6,000,000",
        "phai_thanh_toan": "5,463,976",
        "tinh_trang": "Thường",
        "thoi_gian_chi_dinh": "07:00 23/07/2026",
        "trang_thai": "Hoàn tất"
      },
      "raw_text": "9 13:51 23/07/2026 26072567 NGUYỄN THỊ DIỆU Nữ 42 tuổi Viện phí Khoa Phụ Sản Chiếu tia Plasma lạnh điều trị vết thương hoặc vết mổ chiều dài trên 15cm đến 30cm 6,000,000 5,463,976 Thường 07:00 23/07/2026 Hoàn tất",
      "links": [
        {
          "text": "9",
          "href": "http://192.168.2.26:2026/home.aspx?scope=sys&lang=vi&wpid=thuthuatnewdraw&thuthuatid=73a32c14-92b7-458b-9ec9-b49000515343&usid=172.31.255.1_ieu5y4m0p5o1dfluo0cjloo0ebd56fc4&st=140820",
          "onclick": ""
        },
        {
          "text": "13:51 23/07/2026",
          "href": "http://192.168.2.26:2026/home.aspx?scope=sys&lang=vi&wpid=thuthuatnewdraw&thuthuatid=73a32c14-92b7-458b-9ec9-b49000515343&usid=172.31.255.1_ieu5y4m0p5o1dfluo0cjloo0ebd56fc4&st=140820",
          "onclick": ""
        },
        {
          "text": "26072567",
          "href": "http://192.168.2.26:2026/home.aspx?scope=sys&lang=vi&wpid=thuthuatnewdraw&thuthuatid=73a32c14-92b7-458b-9ec9-b49000515343&usid=172.31.255.1_ieu5y4m0p5o1dfluo0cjloo0ebd56fc4&st=140820",
          "onclick": ""
        },
        {
          "text": "NGUYỄN THỊ DIỆU",
          "href": "http://192.168.2.26:2026/home.aspx?scope=sys&lang=vi&wpid=thuthuatnewdraw&thuthuatid=73a32c14-92b7-458b-9ec9-b49000515343&usid=172.31.255.1_ieu5y4m0p5o1dfluo0cjloo0ebd56fc4&st=140820",
          "onclick": ""
        },
        {
          "text": "Nữ",
          "href": "http://192.168.2.26:2026/home.aspx?scope=sys&lang=vi&wpid=thuthuatnewdraw&thuthuatid=73a32c14-92b7-458b-9ec9-b49000515343&usid=172.31.255.1_ieu5y4m0p5o1dfluo0cjloo0ebd56fc4&st=140820",
          "onclick": ""
        },
        {
          "text": "42 tuổi",
          "href": "http://192.168.2.26:2026/home.aspx?scope=sys&lang=vi&wpid=thuthuatnewdraw&thuthuatid=73a32c14-92b7-458b-9ec9-b49000515343&usid=172.31.255.1_ieu5y4m0p5o1dfluo0cjloo0ebd56fc4&st=140820",
          "onclick": ""
        },
        {
          "text": "Viện phí",
          "href": "http://192.168.2.26:2026/home.aspx?scope=sys&lang=vi&wpid=thuthuatnewdraw&thuthuatid=73a32c14-92b7-458b-9ec9-b49000515343&usid=172.31.255.1_ieu5y4m0p5o1dfluo0cjloo0ebd56fc4&st=140820",
          "onclick": ""
        },
        {
          "text": "Khoa Phụ Sản",
          "href": "http://192.168.2.26:2026/home.aspx?scope=sys&lang=vi&wpid=thuthuatnewdraw&thuthuatid=73a32c14-92b7-458b-9ec9-b49000515343&usid=172.31.255.1_ieu5y4m0p5o1dfluo0cjloo0ebd56fc4&st=140820",
          "onclick": ""
        },
        {
          "text": "Chiếu tia Plasma lạnh điều trị vết thương hoặc vết mổ chiều dài trên 15cm đến 30cm",
          "href": "http://192.168.2.26:2026/home.aspx?scope=sys&lang=vi&wpid=thuthuatnewdraw&thuthuatid=73a32c14-92b7-458b-9ec9-b49000515343&usid=172.31.255.1_ieu5y4m0p5o1dfluo0cjloo0ebd56fc4&st=140820",
          "onclick": ""
        },
        {
          "text": "6,000,000",
          "href": "http://192.168.2.26:2026/home.aspx?scope=sys&lang=vi&wpid=thuthuatnewdraw&thuthuatid=73a32c14-92b7-458b-9ec9-b49000515343&usid=172.31.255.1_ieu5y4m0p5o1dfluo0cjloo0ebd56fc4&st=140820",
          "onclick": ""
        },
        {
          "text": "5,463,976",
          "href": "http://192.168.2.26:2026/home.aspx?scope=sys&lang=vi&wpid=thuthuatnewdraw&thuthuatid=73a32c14-92b7-458b-9ec9-b49000515343&usid=172.31.255.1_ieu5y4m0p5o1dfluo0cjloo0ebd56fc4&st=140820",
          "onclick": ""
        },
        {
          "text": "Thường",
          "href": "http://192.168.2.26:2026/home.aspx?scope=sys&lang=vi&wpid=thuthuatnewdraw&thuthuatid=73a32c14-92b7-458b-9ec9-b49000515343&usid=172.31.255.1_ieu5y4m0p5o1dfluo0cjloo0ebd56fc4&st=140820",
          "onclick": ""
        },
        {
          "text": "07:00 23/07/2026",
          "href": "http://192.168.2.26:2026/home.aspx?scope=sys&lang=vi&wpid=thuthuatnewdraw&thuthuatid=73a32c14-92b7-458b-9ec9-b49000515343&usid=172.31.255.1_ieu5y4m0p5o1dfluo0cjloo0ebd56fc4&st=140820",
          "onclick": ""
        },
        {
          "text": "Hoàn tất",
          "href": "http://192.168.2.26:2026/home.aspx?scope=sys&lang=vi&wpid=thuthuatnewdraw&thuthuatid=73a32c14-92b7-458b-9ec9-b49000515343&usid=172.31.255.1_ieu5y4m0p5o1dfluo0cjloo0ebd56fc4&st=140820",
          "onclick": ""
        }
      ]
    },
    {
      "access_id": "0aec41a8-849e-4c49-9830-b45e00a12ea6",
      "known_fields": {
        "stt": "10",
        "ngay_thu_thuat": "13:51 23/07/2026",
        "ma_bn": "26052294",
        "ho_ten": "NGUYỄN THỊ DIỆU",
        "gioi_tinh": "Nữ",
        "tuoi": "77 tuổi",
        "doi_tuong": "Viện phí",
        "noi_chi_dinh": "PHÒNG KHÁM CHẤN THƯƠNG CHỈNH HÌNH - 20",
        "chi_dinh_thu_thuat": "Tiêm khớp gối",
        "tam_ung": "0",
        "phai_thanh_toan": "614,000",
        "tinh_trang": "Thường",
        "thoi_gian_chi_dinh": "09:29 03/06/2026",
        "trang_thai": "Chờ thực hiện"
      },
      "raw_text": "10 13:51 23/07/2026 26052294 NGUYỄN THỊ DIỆU Nữ 77 tuổi Viện phí PHÒNG KHÁM CHẤN THƯƠNG CHỈNH HÌNH - 20 Tiêm khớp gối 0 614,000 Thường 09:29 03/06/2026 Chờ thực hiện",
      "links": [
        {
          "text": "10",
          "href": "http://192.168.2.26:2026/home.aspx?scope=sys&lang=vi&wpid=thuthuatnewdraw&thuthuatid=0aec41a8-849e-4c49-9830-b45e00a12ea6&usid=172.31.255.1_ieu5y4m0p5o1dfluo0cjloo0ebd56fc4&st=140820",
          "onclick": ""
        },
        {
          "text": "13:51 23/07/2026",
          "href": "http://192.168.2.26:2026/home.aspx?scope=sys&lang=vi&wpid=thuthuatnewdraw&thuthuatid=0aec41a8-849e-4c49-9830-b45e00a12ea6&usid=172.31.255.1_ieu5y4m0p5o1dfluo0cjloo0ebd56fc4&st=140820",
          "onclick": ""
        },
        {
          "text": "26052294",
          "href": "http://192.168.2.26:2026/home.aspx?scope=sys&lang=vi&wpid=thuthuatnewdraw&thuthuatid=0aec41a8-849e-4c49-9830-b45e00a12ea6&usid=172.31.255.1_ieu5y4m0p5o1dfluo0cjloo0ebd56fc4&st=140820",
          "onclick": ""
        },
        {
          "text": "NGUYỄN THỊ DIỆU",
          "href": "http://192.168.2.26:2026/home.aspx?scope=sys&lang=vi&wpid=thuthuatnewdraw&thuthuatid=0aec41a8-849e-4c49-9830-b45e00a12ea6&usid=172.31.255.1_ieu5y4m0p5o1dfluo0cjloo0ebd56fc4&st=140820",
          "onclick": ""
        },
        {
          "text": "Nữ",
          "href": "http://192.168.2.26:2026/home.aspx?scope=sys&lang=vi&wpid=thuthuatnewdraw&thuthuatid=0aec41a8-849e-4c49-9830-b45e00a12ea6&usid=172.31.255.1_ieu5y4m0p5o1dfluo0cjloo0ebd56fc4&st=140820",
          "onclick": ""
        },
        {
          "text": "77 tuổi",
          "href": "http://192.168.2.26:2026/home.aspx?scope=sys&lang=vi&wpid=thuthuatnewdraw&thuthuatid=0aec41a8-849e-4c49-9830-b45e00a12ea6&usid=172.31.255.1_ieu5y4m0p5o1dfluo0cjloo0ebd56fc4&st=140820",
          "onclick": ""
        },
        {
          "text": "Viện phí",
          "href": "http://192.168.2.26:2026/home.aspx?scope=sys&lang=vi&wpid=thuthuatnewdraw&thuthuatid=0aec41a8-849e-4c49-9830-b45e00a12ea6&usid=172.31.255.1_ieu5y4m0p5o1dfluo0cjloo0ebd56fc4&st=140820",
          "onclick": ""
        },
        {
          "text": "PHÒNG KHÁM CHẤN THƯƠNG CHỈNH HÌNH - 20",
          "href": "http://192.168.2.26:2026/home.aspx?scope=sys&lang=vi&wpid=thuthuatnewdraw&thuthuatid=0aec41a8-849e-4c49-9830-b45e00a12ea6&usid=172.31.255.1_ieu5y4m0p5o1dfluo0cjloo0ebd56fc4&st=140820",
          "onclick": ""
        },
        {
          "text": "Tiêm khớp gối",
          "href": "http://192.168.2.26:2026/home.aspx?scope=sys&lang=vi&wpid=thuthuatnewdraw&thuthuatid=0aec41a8-849e-4c49-9830-b45e00a12ea6&usid=172.31.255.1_ieu5y4m0p5o1dfluo0cjloo0ebd56fc4&st=140820",
          "onclick": ""
        },
        {
          "text": "0",
          "href": "http://192.168.2.26:2026/home.aspx?scope=sys&lang=vi&wpid=thuthuatnewdraw&thuthuatid=0aec41a8-849e-4c49-9830-b45e00a12ea6&usid=172.31.255.1_ieu5y4m0p5o1dfluo0cjloo0ebd56fc4&st=140820",
          "onclick": ""
        },
        {
          "text": "614,000",
          "href": "http://192.168.2.26:2026/home.aspx?scope=sys&lang=vi&wpid=thuthuatnewdraw&thuthuatid=0aec41a8-849e-4c49-9830-b45e00a12ea6&usid=172.31.255.1_ieu5y4m0p5o1dfluo0cjloo0ebd56fc4&st=140820",
          "onclick": ""
        },
        {
          "text": "Thường",
          "href": "http://192.168.2.26:2026/home.aspx?scope=sys&lang=vi&wpid=thuthuatnewdraw&thuthuatid=0aec41a8-849e-4c49-9830-b45e00a12ea6&usid=172.31.255.1_ieu5y4m0p5o1dfluo0cjloo0ebd56fc4&st=140820",
          "onclick": ""
        },
        {
          "text": "09:29 03/06/2026",
          "href": "http://192.168.2.26:2026/home.aspx?scope=sys&lang=vi&wpid=thuthuatnewdraw&thuthuatid=0aec41a8-849e-4c49-9830-b45e00a12ea6&usid=172.31.255.1_ieu5y4m0p5o1dfluo0cjloo0ebd56fc4&st=140820",
          "onclick": ""
        },
        {
          "text": "Chờ thực hiện",
          "href": "http://192.168.2.26:2026/home.aspx?scope=sys&lang=vi&wpid=thuthuatnewdraw&thuthuatid=0aec41a8-849e-4c49-9830-b45e00a12ea6&usid=172.31.255.1_ieu5y4m0p5o1dfluo0cjloo0ebd56fc4&st=140820",
          "onclick": ""
        }
      ]
    }
  ]
}
[2026-07-23 14:08:22.728] [CANDIDATES] D/s Thủ thuật: có 10 ứng viên cùng người bệnh
{
  "candidates": [
    {
      "list_score": 205.0,
      "list_datetime": "2026-06-03 09:29:00",
      "list_time_source": "Thời gian chỉ định",
      "list_method": "Tiêm khớp gối",
      "list_method_source": "Chỉ định thủ thuật",
      "method_score": 1.0,
      "detail_marker": "http://192.168.2.26:2026/home.aspx?scope=sys&lang=vi&wpid=thuthuatnewdraw&thuthuatid=0aec41a8-849e-4c49-9830-b45e00a12ea6&usid=172.31.255.1_ieu5y4m0p5o1dfluo0cjloo0ebd56fc4&st=140820",
      "row": {
        "access_id": "0aec41a8-849e-4c49-9830-b45e00a12ea6",
        "known_fields": {
          "stt": "10",
          "ngay_thu_thuat": "13:51 23/07/2026",
          "ma_bn": "26052294",
          "ho_ten": "NGUYỄN THỊ DIỆU",
          "gioi_tinh": "Nữ",
          "tuoi": "77 tuổi",
          "doi_tuong": "Viện phí",
          "noi_chi_dinh": "PHÒNG KHÁM CHẤN THƯƠNG CHỈNH HÌNH - 20",
          "chi_dinh_thu_thuat": "Tiêm khớp gối",
          "tam_ung": "0",
          "phai_thanh_toan": "614,000",
          "tinh_trang": "Thường",
          "thoi_gian_chi_dinh": "09:29 03/06/2026",
          "trang_thai": "Chờ thực hiện"
        },
        "raw_text": "10 13:51 23/07/2026 26052294 NGUYỄN THỊ DIỆU Nữ 77 tuổi Viện phí PHÒNG KHÁM CHẤN THƯƠNG CHỈNH HÌNH - 20 Tiêm khớp gối 0 614,000 Thường 09:29 03/06/2026 Chờ thực hiện",
        "links": [
          {
            "text": "10",
            "href": "http://192.168.2.26:2026/home.aspx?scope=sys&lang=vi&wpid=thuthuatnewdraw&thuthuatid=0aec41a8-849e-4c49-9830-b45e00a12ea6&usid=172.31.255.1_ieu5y4m0p5o1dfluo0cjloo0ebd56fc4&st=140820",
            "onclick": ""
          },
          {
            "text": "13:51 23/07/2026",
            "href": "http://192.168.2.26:2026/home.aspx?scope=sys&lang=vi&wpid=thuthuatnewdraw&thuthuatid=0aec41a8-849e-4c49-9830-b45e00a12ea6&usid=172.31.255.1_ieu5y4m0p5o1dfluo0cjloo0ebd56fc4&st=140820",
            "onclick": ""
          },
          {
            "text": "26052294",
            "href": "http://192.168.2.26:2026/home.aspx?scope=sys&lang=vi&wpid=thuthuatnewdraw&thuthuatid=0aec41a8-849e-4c49-9830-b45e00a12ea6&usid=172.31.255.1_ieu5y4m0p5o1dfluo0cjloo0ebd56fc4&st=140820",
            "onclick": ""
          },
          {
            "text": "NGUYỄN THỊ DIỆU",
            "href": "http://192.168.2.26:2026/home.aspx?scope=sys&lang=vi&wpid=thuthuatnewdraw&thuthuatid=0aec41a8-849e-4c49-9830-b45e00a12ea6&usid=172.31.255.1_ieu5y4m0p5o1dfluo0cjloo0ebd56fc4&st=140820",
            "onclick": ""
          },
          {
            "text": "Nữ",
            "href": "http://192.168.2.26:2026/home.aspx?scope=sys&lang=vi&wpid=thuthuatnewdraw&thuthuatid=0aec41a8-849e-4c49-9830-b45e00a12ea6&usid=172.31.255.1_ieu5y4m0p5o1dfluo0cjloo0ebd56fc4&st=140820",
            "onclick": ""
          },
          {
            "text": "77 tuổi",
            "href": "http://192.168.2.26:2026/home.aspx?scope=sys&lang=vi&wpid=thuthuatnewdraw&thuthuatid=0aec41a8-849e-4c49-9830-b45e00a12ea6&usid=172.31.255.1_ieu5y4m0p5o1dfluo0cjloo0ebd56fc4&st=140820",
            "onclick": ""
          },
          {
            "text": "Viện phí",
            "href": "http://192.168.2.26:2026/home.aspx?scope=sys&lang=vi&wpid=thuthuatnewdraw&thuthuatid=0aec41a8-849e-4c49-9830-b45e00a12ea6&usid=172.31.255.1_ieu5y4m0p5o1dfluo0cjloo0ebd56fc4&st=140820",
            "onclick": ""
          },
          {
            "text": "PHÒNG KHÁM CHẤN THƯƠNG CHỈNH HÌNH - 20",
            "href": "http://192.168.2.26:2026/home.aspx?scope=sys&lang=vi&wpid=thuthuatnewdraw&thuthuatid=0aec41a8-849e-4c49-9830-b45e00a12ea6&usid=172.31.255.1_ieu5y4m0p5o1dfluo0cjloo0ebd56fc4&st=140820",
            "onclick": ""
          },
          {
            "text": "Tiêm khớp gối",
            "href": "http://192.168.2.26:2026/home.aspx?scope=sys&lang=vi&wpid=thuthuatnewdraw&thuthuatid=0aec41a8-849e-4c49-9830-b45e00a12ea6&usid=172.31.255.1_ieu5y4m0p5o1dfluo0cjloo0ebd56fc4&st=140820",
            "onclick": ""
          },
          {
            "text": "0",
            "href": "http://192.168.2.26:2026/home.aspx?scope=sys&lang=vi&wpid=thuthuatnewdraw&thuthuatid=0aec41a8-849e-4c49-9830-b45e00a12ea6&usid=172.31.255.1_ieu5y4m0p5o1dfluo0cjloo0ebd56fc4&st=140820",
            "onclick": ""
          },
          {
            "text": "614,000",
            "href": "http://192.168.2.26:2026/home.aspx?scope=sys&lang=vi&wpid=thuthuatnewdraw&thuthuatid=0aec41a8-849e-4c49-9830-b45e00a12ea6&usid=172.31.255.1_ieu5y4m0p5o1dfluo0cjloo0ebd56fc4&st=140820",
            "onclick": ""
          },
          {
            "text": "Thường",
            "href": "http://192.168.2.26:2026/home.aspx?scope=sys&lang=vi&wpid=thuthuatnewdraw&thuthuatid=0aec41a8-849e-4c49-9830-b45e00a12ea6&usid=172.31.255.1_ieu5y4m0p5o1dfluo0cjloo0ebd56fc4&st=140820",
            "onclick": ""
          },
          {
            "text": "09:29 03/06/2026",
            "href": "http://192.168.2.26:2026/home.aspx?scope=sys&lang=vi&wpid=thuthuatnewdraw&thuthuatid=0aec41a8-849e-4c49-9830-b45e00a12ea6&usid=172.31.255.1_ieu5y4m0p5o1dfluo0cjloo0ebd56fc4&st=140820",
            "onclick": ""
          },
          {
            "text": "Chờ thực hiện",
            "href": "http://192.168.2.26:2026/home.aspx?scope=sys&lang=vi&wpid=thuthuatnewdraw&thuthuatid=0aec41a8-849e-4c49-9830-b45e00a12ea6&usid=172.31.255.1_ieu5y4m0p5o1dfluo0cjloo0ebd56fc4&st=140820",
            "onclick": ""
          }
        ]
      }
    },
    {
      "list_score": 45.81081081081081,
      "list_datetime": "2026-07-09 10:01:00",
      "list_time_source": "Thời gian chỉ định",
      "list_method": "Sinh thiết buồng tử cung",
      "list_method_source": "Chỉ định thủ thuật",
      "method_score": 0.3783783783783784,
      "detail_marker": "http://192.168.2.26:2026/home.aspx?scope=sys&lang=vi&wpid=thuthuatnewdraw&thuthuatid=4bb1ea26-24f8-413e-aad0-b48200b49fa7&usid=172.31.255.1_ieu5y4m0p5o1dfluo0cjloo0ebd56fc4&st=140819",
      "row": {
        "access_id": "4bb1ea26-24f8-413e-aad0-b48200b49fa7",
        "known_fields": {
          "stt": "5",
          "ngay_thu_thuat": "11:02 09/07/2026",
          "ma_bn": "26072567",
          "ho_ten": "NGUYỄN THỊ DIỆU",
          "gioi_tinh": "Nữ",
          "tuoi": "42 tuổi",
          "doi_tuong": "Bảo hiểm",
          "noi_chi_dinh": "Khoa Phụ Sản",
          "chi_dinh_thu_thuat": "Sinh thiết buồng tử cung",
          "tam_ung": "0",
          "phai_thanh_toan": "0",
          "tinh_trang": "Thường",
          "thoi_gian_chi_dinh": "10:01 09/07/2026",
          "trang_thai": "Hoàn tất"
        },
        "raw_text": "5 11:02 09/07/2026 26072567 NGUYỄN THỊ DIỆU Nữ 42 tuổi Bảo hiểm Khoa Phụ Sản Sinh thiết buồng tử cung 0 0 Thường 10:01 09/07/2026 Hoàn tất",
        "links": [
          {
            "text": "5",
            "href": "http://192.168.2.26:2026/home.aspx?scope=sys&lang=vi&wpid=thuthuatnewdraw&thuthuatid=4bb1ea26-24f8-413e-aad0-b48200b49fa7&usid=172.31.255.1_ieu5y4m0p5o1dfluo0cjloo0ebd56fc4&st=140819",
            "onclick": ""
          },
          {
            "text": "11:02 09/07/2026",
            "href": "http://192.168.2.26:2026/home.aspx?scope=sys&lang=vi&wpid=thuthuatnewdraw&thuthuatid=4bb1ea26-24f8-413e-aad0-b48200b49fa7&usid=172.31.255.1_ieu5y4m0p5o1dfluo0cjloo0ebd56fc4&st=140819",
            "onclick": ""
          },
          {
            "text": "26072567",
            "href": "http://192.168.2.26:2026/home.aspx?scope=sys&lang=vi&wpid=thuthuatnewdraw&thuthuatid=4bb1ea26-24f8-413e-aad0-b48200b49fa7&usid=172.31.255.1_ieu5y4m0p5o1dfluo0cjloo0ebd56fc4&st=140819",
            "onclick": ""
          },
          {
            "text": "NGUYỄN THỊ DIỆU",
            "href": "http://192.168.2.26:2026/home.aspx?scope=sys&lang=vi&wpid=thuthuatnewdraw&thuthuatid=4bb1ea26-24f8-413e-aad0-b48200b49fa7&usid=172.31.255.1_ieu5y4m0p5o1dfluo0cjloo0ebd56fc4&st=140819",
            "onclick": ""
          },
          {
            "text": "Nữ",
            "href": "http://192.168.2.26:2026/home.aspx?scope=sys&lang=vi&wpid=thuthuatnewdraw&thuthuatid=4bb1ea26-24f8-413e-aad0-b48200b49fa7&usid=172.31.255.1_ieu5y4m0p5o1dfluo0cjloo0ebd56fc4&st=140819",
            "onclick": ""
          },
          {
            "text": "42 tuổi",
            "href": "http://192.168.2.26:2026/home.aspx?scope=sys&lang=vi&wpid=thuthuatnewdraw&thuthuatid=4bb1ea26-24f8-413e-aad0-b48200b49fa7&usid=172.31.255.1_ieu5y4m0p5o1dfluo0cjloo0ebd56fc4&st=140819",
            "onclick": ""
          },
          {
            "text": "Bảo hiểm",
            "href": "http://192.168.2.26:2026/home.aspx?scope=sys&lang=vi&wpid=thuthuatnewdraw&thuthuatid=4bb1ea26-24f8-413e-aad0-b48200b49fa7&usid=172.31.255.1_ieu5y4m0p5o1dfluo0cjloo0ebd56fc4&st=140819",
            "onclick": ""
          },
          {
            "text": "Khoa Phụ Sản",
            "href": "http://192.168.2.26:2026/home.aspx?scope=sys&lang=vi&wpid=thuthuatnewdraw&thuthuatid=4bb1ea26-24f8-413e-aad0-b48200b49fa7&usid=172.31.255.1_ieu5y4m0p5o1dfluo0cjloo0ebd56fc4&st=140819",
            "onclick": ""
          },
          {
            "text": "Sinh thiết buồng tử cung",
            "href": "http://192.168.2.26:2026/home.aspx?scope=sys&lang=vi&wpid=thuthuatnewdraw&thuthuatid=4bb1ea26-24f8-413e-aad0-b48200b49fa7&usid=172.31.255.1_ieu5y4m0p5o1dfluo0cjloo0ebd56fc4&st=140819",
            "onclick": ""
          },
          {
            "text": "0",
            "href": "http://192.168.2.26:2026/home.aspx?scope=sys&lang=vi&wpid=thuthuatnewdraw&thuthuatid=4bb1ea26-24f8-413e-aad0-b48200b49fa7&usid=172.31.255.1_ieu5y4m0p5o1dfluo0cjloo0ebd56fc4&st=140819",
            "onclick": ""
          },
          {
            "text": "0",
            "href": "http://192.168.2.26:2026/home.aspx?scope=sys&lang=vi&wpid=thuthuatnewdraw&thuthuatid=4bb1ea26-24f8-413e-aad0-b48200b49fa7&usid=172.31.255.1_ieu5y4m0p5o1dfluo0cjloo0ebd56fc4&st=140819",
            "onclick": ""
          },
          {
            "text": "Thường",
            "href": "http://192.168.2.26:2026/home.aspx?scope=sys&lang=vi&wpid=thuthuatnewdraw&thuthuatid=4bb1ea26-24f8-413e-aad0-b48200b49fa7&usid=172.31.255.1_ieu5y4m0p5o1dfluo0cjloo0ebd56fc4&st=140819",
            "onclick": ""
          },
          {
            "text": "10:01 09/07/2026",
            "href": "http://192.168.2.26:2026/home.aspx?scope=sys&lang=vi&wpid=thuthuatnewdraw&thuthuatid=4bb1ea26-24f8-413e-aad0-b48200b49fa7&usid=172.31.255.1_ieu5y4m0p5o1dfluo0cjloo0ebd56fc4&st=140819",
            "onclick": ""
          },
          {
            "text": "Hoàn tất",
            "href": "http://192.168.2.26:2026/home.aspx?scope=sys&lang=vi&wpid=thuthuatnewdraw&thuthuatid=4bb1ea26-24f8-413e-aad0-b48200b49fa7&usid=172.31.255.1_ieu5y4m0p5o1dfluo0cjloo0ebd56fc4&st=140819",
            "onclick": ""
          }
        ]
      }
    },
    {
      "list_score": 41.0,
      "list_datetime": "2026-07-21 10:55:00",
      "list_time_source": "Thời gian chỉ định",
      "list_method": "Kỹ thuật giảm đau qua các lớp cân bụng (TAP)",
      "list_method_source": "Chỉ định thủ thuật",
      "method_score": 0.2909090909090909,
      "detail_marker": "http://192.168.2.26:2026/home.aspx?scope=sys&lang=vi&wpid=thuthuatnewdraw&thuthuatid=4bbbd2f7-435a-427c-b5dd-b48e00c2ff32&usid=172.31.255.1_ieu5y4m0p5o1dfluo0cjloo0ebd56fc4&st=140820",
      "row": {
        "access_id": "4bbbd2f7-435a-427c-b5dd-b48e00c2ff32",
        "known_fields": {
          "stt": "7",
          "ngay_thu_thuat": "10:55 21/07/2026",
          "ma_bn": "26072567",
          "ho_ten": "NGUYỄN THỊ DIỆU",
          "gioi_tinh": "Nữ",
          "tuoi": "42 tuổi",
          "doi_tuong": "Viện phí",
          "noi_chi_dinh": "PHÒNG PHẪU THUẬT",
          "chi_dinh_thu_thuat": "Kỹ thuật giảm đau qua các lớp cân bụng (TAP)",
          "tam_ung": "6,000,000",
          "phai_thanh_toan": "5,463,976",
          "tinh_trang": "Thường",
          "thoi_gian_chi_dinh": "10:55 21/07/2026",
          "trang_thai": "Hoàn tất"
        },
        "raw_text": "7 10:55 21/07/2026 26072567 NGUYỄN THỊ DIỆU Nữ 42 tuổi Viện phí PHÒNG PHẪU THUẬT Kỹ thuật giảm đau qua các lớp cân bụng (TAP) 6,000,000 5,463,976 Thường 10:55 21/07/2026 Hoàn tất",
        "links": [
          {
            "text": "7",
            "href": "http://192.168.2.26:2026/home.aspx?scope=sys&lang=vi&wpid=thuthuatnewdraw&thuthuatid=4bbbd2f7-435a-427c-b5dd-b48e00c2ff32&usid=172.31.255.1_ieu5y4m0p5o1dfluo0cjloo0ebd56fc4&st=140820",
            "onclick": ""
          },
          {
            "text": "10:55 21/07/2026",
            "href": "http://192.168.2.26:2026/home.aspx?scope=sys&lang=vi&wpid=thuthuatnewdraw&thuthuatid=4bbbd2f7-435a-427c-b5dd-b48e00c2ff32&usid=172.31.255.1_ieu5y4m0p5o1dfluo0cjloo0ebd56fc4&st=140820",
            "onclick": ""
          },
          {
            "text": "26072567",
            "href": "http://192.168.2.26:2026/home.aspx?scope=sys&lang=vi&wpid=thuthuatnewdraw&thuthuatid=4bbbd2f7-435a-427c-b5dd-b48e00c2ff32&usid=172.31.255.1_ieu5y4m0p5o1dfluo0cjloo0ebd56fc4&st=140820",
            "onclick": ""
          },
          {
            "text": "NGUYỄN THỊ DIỆU",
            "href": "http://192.168.2.26:2026/home.aspx?scope=sys&lang=vi&wpid=thuthuatnewdraw&thuthuatid=4bbbd2f7-435a-427c-b5dd-b48e00c2ff32&usid=172.31.255.1_ieu5y4m0p5o1dfluo0cjloo0ebd56fc4&st=140820",
            "onclick": ""
          },
          {
            "text": "Nữ",
            "href": "http://192.168.2.26:2026/home.aspx?scope=sys&lang=vi&wpid=thuthuatnewdraw&thuthuatid=4bbbd2f7-435a-427c-b5dd-b48e00c2ff32&usid=172.31.255.1_ieu5y4m0p5o1dfluo0cjloo0ebd56fc4&st=140820",
            "onclick": ""
          },
          {
            "text": "42 tuổi",
            "href": "http://192.168.2.26:2026/home.aspx?scope=sys&lang=vi&wpid=thuthuatnewdraw&thuthuatid=4bbbd2f7-435a-427c-b5dd-b48e00c2ff32&usid=172.31.255.1_ieu5y4m0p5o1dfluo0cjloo0ebd56fc4&st=140820",
            "onclick": ""
          },
          {
            "text": "Viện phí",
            "href": "http://192.168.2.26:2026/home.aspx?scope=sys&lang=vi&wpid=thuthuatnewdraw&thuthuatid=4bbbd2f7-435a-427c-b5dd-b48e00c2ff32&usid=172.31.255.1_ieu5y4m0p5o1dfluo0cjloo0ebd56fc4&st=140820",
            "onclick": ""
          },
          {
            "text": "PHÒNG PHẪU THUẬT",
            "href": "http://192.168.2.26:2026/home.aspx?scope=sys&lang=vi&wpid=thuthuatnewdraw&thuthuatid=4bbbd2f7-435a-427c-b5dd-b48e00c2ff32&usid=172.31.255.1_ieu5y4m0p5o1dfluo0cjloo0ebd56fc4&st=140820",
            "onclick": ""
          },
          {
            "text": "Kỹ thuật giảm đau qua các lớp cân bụng (TAP)",
            "href": "http://192.168.2.26:2026/home.aspx?scope=sys&lang=vi&wpid=thuthuatnewdraw&thuthuatid=4bbbd2f7-435a-427c-b5dd-b48e00c2ff32&usid=172.31.255.1_ieu5y4m0p5o1dfluo0cjloo0ebd56fc4&st=140820",
            "onclick": ""
          },
          {
            "text": "6,000,000",
            "href": "http://192.168.2.26:2026/home.aspx?scope=sys&lang=vi&wpid=thuthuatnewdraw&thuthuatid=4bbbd2f7-435a-427c-b5dd-b48e00c2ff32&usid=172.31.255.1_ieu5y4m0p5o1dfluo0cjloo0ebd56fc4&st=140820",
            "onclick": ""
          },
          {
            "text": "5,463,976",
            "href": "http://192.168.2.26:2026/home.aspx?scope=sys&lang=vi&wpid=thuthuatnewdraw&thuthuatid=4bbbd2f7-435a-427c-b5dd-b48e00c2ff32&usid=172.31.255.1_ieu5y4m0p5o1dfluo0cjloo0ebd56fc4&st=140820",
            "onclick": ""
          },
          {
            "text": "Thường",
            "href": "http://192.168.2.26:2026/home.aspx?scope=sys&lang=vi&wpid=thuthuatnewdraw&thuthuatid=4bbbd2f7-435a-427c-b5dd-b48e00c2ff32&usid=172.31.255.1_ieu5y4m0p5o1dfluo0cjloo0ebd56fc4&st=140820",
            "onclick": ""
          },
          {
            "text": "10:55 21/07/2026",
            "href": "http://192.168.2.26:2026/home.aspx?scope=sys&lang=vi&wpid=thuthuatnewdraw&thuthuatid=4bbbd2f7-435a-427c-b5dd-b48e00c2ff32&usid=172.31.255.1_ieu5y4m0p5o1dfluo0cjloo0ebd56fc4&st=140820",
            "onclick": ""
          },
          {
            "text": "Hoàn tất",
            "href": "http://192.168.2.26:2026/home.aspx?scope=sys&lang=vi&wpid=thuthuatnewdraw&thuthuatid=4bbbd2f7-435a-427c-b5dd-b48e00c2ff32&usid=172.31.255.1_ieu5y4m0p5o1dfluo0cjloo0ebd56fc4&st=140820",
            "onclick": ""
          }
        ]
      }
    },
    {
      "list_score": 40.714285714285715,
      "list_datetime": "2026-07-15 07:30:00",
      "list_time_source": "Thời gian chỉ định",
      "list_method": "Chăm sóc ống thông bàng quang",
      "list_method_source": "Chỉ định thủ thuật",
      "method_score": 0.2857142857142857,
      "detail_marker": "http://192.168.2.26:2026/home.aspx?scope=sys&lang=vi&wpid=thuthuatnewdraw&thuthuatid=7130e431-e448-4c2f-99b2-b48800a76d8a&usid=172.31.255.1_ieu5y4m0p5o1dfluo0cjloo0ebd56fc4&st=140819",
      "row": {
        "access_id": "7130e431-e448-4c2f-99b2-b48800a76d8a",
        "known_fields": {
          "stt": "6",
          "ngay_thu_thuat": "08:00 15/07/2026",
          "ma_bn": "26071308",
          "ho_ten": "NGUYỄN THỊ DIỆU ĐẠT",
          "gioi_tinh": "Nữ",
          "tuoi": "46 tuổi",
          "doi_tuong": "Viện phí",
          "noi_chi_dinh": "Trung Tâm Tiết Niệu",
          "chi_dinh_thu_thuat": "Chăm sóc ống thông bàng quang",
          "tam_ung": "0",
          "phai_thanh_toan": "0",
          "tinh_trang": "Thường",
          "thoi_gian_chi_dinh": "07:30 15/07/2026",
          "trang_thai": "Hoàn tất"
        },
        "raw_text": "6 08:00 15/07/2026 26071308 NGUYỄN THỊ DIỆU ĐẠT Nữ 46 tuổi Viện phí Trung Tâm Tiết Niệu Chăm sóc ống thông bàng quang 0 0 Thường 07:30 15/07/2026 Hoàn tất",
        "links": [
          {
            "text": "6",
            "href": "http://192.168.2.26:2026/home.aspx?scope=sys&lang=vi&wpid=thuthuatnewdraw&thuthuatid=7130e431-e448-4c2f-99b2-b48800a76d8a&usid=172.31.255.1_ieu5y4m0p5o1dfluo0cjloo0ebd56fc4&st=140819",
            "onclick": ""
          },
          {
            "text": "08:00 15/07/2026",
            "href": "http://192.168.2.26:2026/home.aspx?scope=sys&lang=vi&wpid=thuthuatnewdraw&thuthuatid=7130e431-e448-4c2f-99b2-b48800a76d8a&usid=172.31.255.1_ieu5y4m0p5o1dfluo0cjloo0ebd56fc4&st=140819",
            "onclick": ""
          },
          {
            "text": "26071308",
            "href": "http://192.168.2.26:2026/home.aspx?scope=sys&lang=vi&wpid=thuthuatnewdraw&thuthuatid=7130e431-e448-4c2f-99b2-b48800a76d8a&usid=172.31.255.1_ieu5y4m0p5o1dfluo0cjloo0ebd56fc4&st=140819",
            "onclick": ""
          },
          {
            "text": "NGUYỄN THỊ DIỆU ĐẠT",
            "href": "http://192.168.2.26:2026/home.aspx?scope=sys&lang=vi&wpid=thuthuatnewdraw&thuthuatid=7130e431-e448-4c2f-99b2-b48800a76d8a&usid=172.31.255.1_ieu5y4m0p5o1dfluo0cjloo0ebd56fc4&st=140819",
            "onclick": ""
          },
          {
            "text": "Nữ",
            "href": "http://192.168.2.26:2026/home.aspx?scope=sys&lang=vi&wpid=thuthuatnewdraw&thuthuatid=7130e431-e448-4c2f-99b2-b48800a76d8a&usid=172.31.255.1_ieu5y4m0p5o1dfluo0cjloo0ebd56fc4&st=140819",
            "onclick": ""
          },
          {
            "text": "46 tuổi",
            "href": "http://192.168.2.26:2026/home.aspx?scope=sys&lang=vi&wpid=thuthuatnewdraw&thuthuatid=7130e431-e448-4c2f-99b2-b48800a76d8a&usid=172.31.255.1_ieu5y4m0p5o1dfluo0cjloo0ebd56fc4&st=140819",
            "onclick": ""
          },
          {
            "text": "Viện phí",
            "href": "http://192.168.2.26:2026/home.aspx?scope=sys&lang=vi&wpid=thuthuatnewdraw&thuthuatid=7130e431-e448-4c2f-99b2-b48800a76d8a&usid=172.31.255.1_ieu5y4m0p5o1dfluo0cjloo0ebd56fc4&st=140819",
            "onclick": ""
          },
          {
            "text": "Trung Tâm Tiết Niệu",
            "href": "http://192.168.2.26:2026/home.aspx?scope=sys&lang=vi&wpid=thuthuatnewdraw&thuthuatid=7130e431-e448-4c2f-99b2-b48800a76d8a&usid=172.31.255.1_ieu5y4m0p5o1dfluo0cjloo0ebd56fc4&st=140819",
            "onclick": ""
          },
          {
            "text": "Chăm sóc ống thông bàng quang",
            "href": "http://192.168.2.26:2026/home.aspx?scope=sys&lang=vi&wpid=thuthuatnewdraw&thuthuatid=7130e431-e448-4c2f-99b2-b48800a76d8a&usid=172.31.255.1_ieu5y4m0p5o1dfluo0cjloo0ebd56fc4&st=140819",
            "onclick": ""
          },
          {
            "text": "0",
            "href": "http://192.168.2.26:2026/home.aspx?scope=sys&lang=vi&wpid=thuthuatnewdraw&thuthuatid=7130e431-e448-4c2f-99b2-b48800a76d8a&usid=172.31.255.1_ieu5y4m0p5o1dfluo0cjloo0ebd56fc4&st=140819",
            "onclick": ""
          },
          {
            "text": "0",
            "href": "http://192.168.2.26:2026/home.aspx?scope=sys&lang=vi&wpid=thuthuatnewdraw&thuthuatid=7130e431-e448-4c2f-99b2-b48800a76d8a&usid=172.31.255.1_ieu5y4m0p5o1dfluo0cjloo0ebd56fc4&st=140819",
            "onclick": ""
          },
          {
            "text": "Thường",
            "href": "http://192.168.2.26:2026/home.aspx?scope=sys&lang=vi&wpid=thuthuatnewdraw&thuthuatid=7130e431-e448-4c2f-99b2-b48800a76d8a&usid=172.31.255.1_ieu5y4m0p5o1dfluo0cjloo0ebd56fc4&st=140819",
            "onclick": ""
          },
          {
            "text": "07:30 15/07/2026",
            "href": "http://192.168.2.26:2026/home.aspx?scope=sys&lang=vi&wpid=thuthuatnewdraw&thuthuatid=7130e431-e448-4c2f-99b2-b48800a76d8a&usid=172.31.255.1_ieu5y4m0p5o1dfluo0cjloo0ebd56fc4&st=140819",
            "onclick": ""
          },
          {
            "text": "Hoàn tất",
            "href": "http://192.168.2.26:2026/home.aspx?scope=sys&lang=vi&wpid=thuthuatnewdraw&thuthuatid=7130e431-e448-4c2f-99b2-b48800a76d8a&usid=172.31.255.1_ieu5y4m0p5o1dfluo0cjloo0ebd56fc4&st=140819",
            "onclick": ""
          }
        ]
      }
    },
    {
      "list_score": 39.86486486486486,
      "list_datetime": "2026-06-30 09:21:00",
      "list_time_source": "Thời gian chỉ định",
      "list_method": "Thay băng, cắt chỉ vết mổ",
      "list_method_source": "Chỉ định thủ thuật",
      "method_score": 0.2702702702702703,
      "detail_marker": "http://192.168.2.26:2026/home.aspx?scope=sys&lang=vi&wpid=thuthuatnewdraw&thuthuatid=efc39f15-3a69-4826-b6d5-b479009a4538&usid=172.31.255.1_ieu5y4m0p5o1dfluo0cjloo0ebd56fc4&st=140819",
      "row": {
        "access_id": "efc39f15-3a69-4826-b6d5-b479009a4538",
        "known_fields": {
          "stt": "4",
          "ngay_thu_thuat": "09:22 30/06/2026",
          "ma_bn": "26066471",
          "ho_ten": "NGUYỄN THỊ DIỆU",
          "gioi_tinh": "Nữ",
          "tuoi": "63 tuổi",
          "doi_tuong": "Bảo hiểm",
          "noi_chi_dinh": "PHÒNG KHÁM NGOẠI TỔNG HỢP - 09",
          "chi_dinh_thu_thuat": "Thay băng, cắt chỉ vết mổ",
          "tam_ung": "0",
          "phai_thanh_toan": "0",
          "tinh_trang": "Thường",
          "thoi_gian_chi_dinh": "09:21 30/06/2026",
          "trang_thai": "Hoàn tất"
        },
        "raw_text": "4 09:22 30/06/2026 26066471 NGUYỄN THỊ DIỆU Nữ 63 tuổi Bảo hiểm PHÒNG KHÁM NGOẠI TỔNG HỢP - 09 Thay băng, cắt chỉ vết mổ 0 0 Thường 09:21 30/06/2026 Hoàn tất",
        "links": [
          {
            "text": "4",
            "href": "http://192.168.2.26:2026/home.aspx?scope=sys&lang=vi&wpid=thuthuatnewdraw&thuthuatid=efc39f15-3a69-4826-b6d5-b479009a4538&usid=172.31.255.1_ieu5y4m0p5o1dfluo0cjloo0ebd56fc4&st=140819",
            "onclick": ""
          },
          {
            "text": "09:22 30/06/2026",
            "href": "http://192.168.2.26:2026/home.aspx?scope=sys&lang=vi&wpid=thuthuatnewdraw&thuthuatid=efc39f15-3a69-4826-b6d5-b479009a4538&usid=172.31.255.1_ieu5y4m0p5o1dfluo0cjloo0ebd56fc4&st=140819",
            "onclick": ""
          },
          {
            "text": "26066471",
            "href": "http://192.168.2.26:2026/home.aspx?scope=sys&lang=vi&wpid=thuthuatnewdraw&thuthuatid=efc39f15-3a69-4826-b6d5-b479009a4538&usid=172.31.255.1_ieu5y4m0p5o1dfluo0cjloo0ebd56fc4&st=140819",
            "onclick": ""
          },
          {
            "text": "NGUYỄN THỊ DIỆU",
            "href": "http://192.168.2.26:2026/home.aspx?scope=sys&lang=vi&wpid=thuthuatnewdraw&thuthuatid=efc39f15-3a69-4826-b6d5-b479009a4538&usid=172.31.255.1_ieu5y4m0p5o1dfluo0cjloo0ebd56fc4&st=140819",
            "onclick": ""
          },
          {
            "text": "Nữ",
            "href": "http://192.168.2.26:2026/home.aspx?scope=sys&lang=vi&wpid=thuthuatnewdraw&thuthuatid=efc39f15-3a69-4826-b6d5-b479009a4538&usid=172.31.255.1_ieu5y4m0p5o1dfluo0cjloo0ebd56fc4&st=140819",
            "onclick": ""
          },
          {
            "text": "63 tuổi",
            "href": "http://192.168.2.26:2026/home.aspx?scope=sys&lang=vi&wpid=thuthuatnewdraw&thuthuatid=efc39f15-3a69-4826-b6d5-b479009a4538&usid=172.31.255.1_ieu5y4m0p5o1dfluo0cjloo0ebd56fc4&st=140819",
            "onclick": ""
          },
          {
            "text": "Bảo hiểm",
            "href": "http://192.168.2.26:2026/home.aspx?scope=sys&lang=vi&wpid=thuthuatnewdraw&thuthuatid=efc39f15-3a69-4826-b6d5-b479009a4538&usid=172.31.255.1_ieu5y4m0p5o1dfluo0cjloo0ebd56fc4&st=140819",
            "onclick": ""
          },
          {
            "text": "PHÒNG KHÁM NGOẠI TỔNG HỢP - 09",
            "href": "http://192.168.2.26:2026/home.aspx?scope=sys&lang=vi&wpid=thuthuatnewdraw&thuthuatid=efc39f15-3a69-4826-b6d5-b479009a4538&usid=172.31.255.1_ieu5y4m0p5o1dfluo0cjloo0ebd56fc4&st=140819",
            "onclick": ""
          },
          {
            "text": "Thay băng, cắt chỉ vết mổ",
            "href": "http://192.168.2.26:2026/home.aspx?scope=sys&lang=vi&wpid=thuthuatnewdraw&thuthuatid=efc39f15-3a69-4826-b6d5-b479009a4538&usid=172.31.255.1_ieu5y4m0p5o1dfluo0cjloo0ebd56fc4&st=140819",
            "onclick": ""
          },
          {
            "text": "0",
            "href": "http://192.168.2.26:2026/home.aspx?scope=sys&lang=vi&wpid=thuthuatnewdraw&thuthuatid=efc39f15-3a69-4826-b6d5-b479009a4538&usid=172.31.255.1_ieu5y4m0p5o1dfluo0cjloo0ebd56fc4&st=140819",
            "onclick": ""
          },
          {
            "text": "0",
            "href": "http://192.168.2.26:2026/home.aspx?scope=sys&lang=vi&wpid=thuthuatnewdraw&thuthuatid=efc39f15-3a69-4826-b6d5-b479009a4538&usid=172.31.255.1_ieu5y4m0p5o1dfluo0cjloo0ebd56fc4&st=140819",
            "onclick": ""
          },
          {
            "text": "Thường",
            "href": "http://192.168.2.26:2026/home.aspx?scope=sys&lang=vi&wpid=thuthuatnewdraw&thuthuatid=efc39f15-3a69-4826-b6d5-b479009a4538&usid=172.31.255.1_ieu5y4m0p5o1dfluo0cjloo0ebd56fc4&st=140819",
            "onclick": ""
          },
          {
            "text": "09:21 30/06/2026",
            "href": "http://192.168.2.26:2026/home.aspx?scope=sys&lang=vi&wpid=thuthuatnewdraw&thuthuatid=efc39f15-3a69-4826-b6d5-b479009a4538&usid=172.31.255.1_ieu5y4m0p5o1dfluo0cjloo0ebd56fc4&st=140819",
            "onclick": ""
          },
          {
            "text": "Hoàn tất",
            "href": "http://192.168.2.26:2026/home.aspx?scope=sys&lang=vi&wpid=thuthuatnewdraw&thuthuatid=efc39f15-3a69-4826-b6d5-b479009a4538&usid=172.31.255.1_ieu5y4m0p5o1dfluo0cjloo0ebd56fc4&st=140819",
            "onclick": ""
          }
        ]
      }
    },
    {
      "list_score": 33.46153846153846,
      "list_datetime": "2026-06-21 07:59:00",
      "list_time_source": "Thời gian chỉ định",
      "list_method": "Thay băng, cắt chỉ vết mổ [chiều dài ≤ 15cm]",
      "list_method_source": "Chỉ định thủ thuật",
      "method_score": 0.15384615384615385,
      "detail_marker": "http://192.168.2.26:2026/home.aspx?scope=sys&lang=vi&wpid=thuthuatnewdraw&thuthuatid=1c21bb8f-20ec-4db7-b47e-b4700083c7ff&usid=172.31.255.1_ieu5y4m0p5o1dfluo0cjloo0ebd56fc4&st=140819",
      "row": {
        "access_id": "1c21bb8f-20ec-4db7-b47e-b4700083c7ff",
        "known_fields": {
          "stt": "1",
          "ngay_thu_thuat": "08:00 21/06/2026",
          "ma_bn": "26066471",
          "ho_ten": "NGUYỄN THỊ DIỆU",
          "gioi_tinh": "Nữ",
          "tuoi": "63 tuổi",
          "doi_tuong": "Viện phí",
          "noi_chi_dinh": "Khoa Ngoại Tổng Hợp",
          "chi_dinh_thu_thuat": "Thay băng, cắt chỉ vết mổ [chiều dài ≤ 15cm]",
          "tam_ung": "0",
          "phai_thanh_toan": "0",
          "tinh_trang": "Thường",
          "thoi_gian_chi_dinh": "07:59 21/06/2026",
          "trang_thai": "Hoàn tất"
        },
        "raw_text": "1 08:00 21/06/2026 26066471 NGUYỄN THỊ DIỆU Nữ 63 tuổi Viện phí Khoa Ngoại Tổng Hợp Thay băng, cắt chỉ vết mổ [chiều dài ≤ 15cm] 0 0 Thường 07:59 21/06/2026 Hoàn tất",
        "links": [
          {
            "text": "1",
            "href": "http://192.168.2.26:2026/home.aspx?scope=sys&lang=vi&wpid=thuthuatnewdraw&thuthuatid=1c21bb8f-20ec-4db7-b47e-b4700083c7ff&usid=172.31.255.1_ieu5y4m0p5o1dfluo0cjloo0ebd56fc4&st=140819",
            "onclick": ""
          },
          {
            "text": "08:00 21/06/2026",
            "href": "http://192.168.2.26:2026/home.aspx?scope=sys&lang=vi&wpid=thuthuatnewdraw&thuthuatid=1c21bb8f-20ec-4db7-b47e-b4700083c7ff&usid=172.31.255.1_ieu5y4m0p5o1dfluo0cjloo0ebd56fc4&st=140819",
            "onclick": ""
          },
          {
            "text": "26066471",
            "href": "http://192.168.2.26:2026/home.aspx?scope=sys&lang=vi&wpid=thuthuatnewdraw&thuthuatid=1c21bb8f-20ec-4db7-b47e-b4700083c7ff&usid=172.31.255.1_ieu5y4m0p5o1dfluo0cjloo0ebd56fc4&st=140819",
            "onclick": ""
          },
          {
            "text": "NGUYỄN THỊ DIỆU",
            "href": "http://192.168.2.26:2026/home.aspx?scope=sys&lang=vi&wpid=thuthuatnewdraw&thuthuatid=1c21bb8f-20ec-4db7-b47e-b4700083c7ff&usid=172.31.255.1_ieu5y4m0p5o1dfluo0cjloo0ebd56fc4&st=140819",
            "onclick": ""
          },
          {
            "text": "Nữ",
            "href": "http://192.168.2.26:2026/home.aspx?scope=sys&lang=vi&wpid=thuthuatnewdraw&thuthuatid=1c21bb8f-20ec-4db7-b47e-b4700083c7ff&usid=172.31.255.1_ieu5y4m0p5o1dfluo0cjloo0ebd56fc4&st=140819",
            "onclick": ""
          },
          {
            "text": "63 tuổi",
            "href": "http://192.168.2.26:2026/home.aspx?scope=sys&lang=vi&wpid=thuthuatnewdraw&thuthuatid=1c21bb8f-20ec-4db7-b47e-b4700083c7ff&usid=172.31.255.1_ieu5y4m0p5o1dfluo0cjloo0ebd56fc4&st=140819",
            "onclick": ""
          },
          {
            "text": "Viện phí",
            "href": "http://192.168.2.26:2026/home.aspx?scope=sys&lang=vi&wpid=thuthuatnewdraw&thuthuatid=1c21bb8f-20ec-4db7-b47e-b4700083c7ff&usid=172.31.255.1_ieu5y4m0p5o1dfluo0cjloo0ebd56fc4&st=140819",
            "onclick": ""
          },
          {
            "text": "Khoa Ngoại Tổng Hợp",
            "href": "http://192.168.2.26:2026/home.aspx?scope=sys&lang=vi&wpid=thuthuatnewdraw&thuthuatid=1c21bb8f-20ec-4db7-b47e-b4700083c7ff&usid=172.31.255.1_ieu5y4m0p5o1dfluo0cjloo0ebd56fc4&st=140819",
            "onclick": ""
          },
          {
            "text": "Thay băng, cắt chỉ vết mổ [chiều dài ≤ 15cm]",
            "href": "http://192.168.2.26:2026/home.aspx?scope=sys&lang=vi&wpid=thuthuatnewdraw&thuthuatid=1c21bb8f-20ec-4db7-b47e-b4700083c7ff&usid=172.31.255.1_ieu5y4m0p5o1dfluo0cjloo0ebd56fc4&st=140819",
            "onclick": ""
          },
          {
            "text": "0",
            "href": "http://192.168.2.26:2026/home.aspx?scope=sys&lang=vi&wpid=thuthuatnewdraw&thuthuatid=1c21bb8f-20ec-4db7-b47e-b4700083c7ff&usid=172.31.255.1_ieu5y4m0p5o1dfluo0cjloo0ebd56fc4&st=140819",
            "onclick": ""
          },
          {
            "text": "0",
            "href": "http://192.168.2.26:2026/home.aspx?scope=sys&lang=vi&wpid=thuthuatnewdraw&thuthuatid=1c21bb8f-20ec-4db7-b47e-b4700083c7ff&usid=172.31.255.1_ieu5y4m0p5o1dfluo0cjloo0ebd56fc4&st=140819",
            "onclick": ""
          },
          {
            "text": "Thường",
            "href": "http://192.168.2.26:2026/home.aspx?scope=sys&lang=vi&wpid=thuthuatnewdraw&thuthuatid=1c21bb8f-20ec-4db7-b47e-b4700083c7ff&usid=172.31.255.1_ieu5y4m0p5o1dfluo0cjloo0ebd56fc4&st=140819",
            "onclick": ""
          },
          {
            "text": "07:59 21/06/2026",
            "href": "http://192.168.2.26:2026/home.aspx?scope=sys&lang=vi&wpid=thuthuatnewdraw&thuthuatid=1c21bb8f-20ec-4db7-b47e-b4700083c7ff&usid=172.31.255.1_ieu5y4m0p5o1dfluo0cjloo0ebd56fc4&st=140819",
            "onclick": ""
          },
          {
            "text": "Hoàn tất",
            "href": "http://192.168.2.26:2026/home.aspx?scope=sys&lang=vi&wpid=thuthuatnewdraw&thuthuatid=1c21bb8f-20ec-4db7-b47e-b4700083c7ff&usid=172.31.255.1_ieu5y4m0p5o1dfluo0cjloo0ebd56fc4&st=140819",
            "onclick": ""
          }
        ]
      }
    },
    {
      "list_score": 33.46153846153846,
      "list_datetime": "2026-06-22 08:00:00",
      "list_time_source": "Thời gian chỉ định",
      "list_method": "Thay băng, cắt chỉ vết mổ [chiều dài ≤ 15cm]",
      "list_method_source": "Chỉ định thủ thuật",
      "method_score": 0.15384615384615385,
      "detail_marker": "http://192.168.2.26:2026/home.aspx?scope=sys&lang=vi&wpid=thuthuatnewdraw&thuthuatid=2e193aba-6b65-486e-b832-b471008ab95a&usid=172.31.255.1_ieu5y4m0p5o1dfluo0cjloo0ebd56fc4&st=140819",
      "row": {
        "access_id": "2e193aba-6b65-486e-b832-b471008ab95a",
        "known_fields": {
          "stt": "2",
          "ngay_thu_thuat": "08:40 22/06/2026",
          "ma_bn": "26066471",
          "ho_ten": "NGUYỄN THỊ DIỆU",
          "gioi_tinh": "Nữ",
          "tuoi": "63 tuổi",
          "doi_tuong": "Viện phí",
          "noi_chi_dinh": "Khoa Ngoại Tổng Hợp",
          "chi_dinh_thu_thuat": "Thay băng, cắt chỉ vết mổ [chiều dài ≤ 15cm]",
          "tam_ung": "0",
          "phai_thanh_toan": "0",
          "tinh_trang": "Thường",
          "thoi_gian_chi_dinh": "08:00 22/06/2026",
          "trang_thai": "Hoàn tất"
        },
        "raw_text": "2 08:40 22/06/2026 26066471 NGUYỄN THỊ DIỆU Nữ 63 tuổi Viện phí Khoa Ngoại Tổng Hợp Thay băng, cắt chỉ vết mổ [chiều dài ≤ 15cm] 0 0 Thường 08:00 22/06/2026 Hoàn tất",
        "links": [
          {
            "text": "2",
            "href": "http://192.168.2.26:2026/home.aspx?scope=sys&lang=vi&wpid=thuthuatnewdraw&thuthuatid=2e193aba-6b65-486e-b832-b471008ab95a&usid=172.31.255.1_ieu5y4m0p5o1dfluo0cjloo0ebd56fc4&st=140819",
            "onclick": ""
          },
          {
            "text": "08:40 22/06/2026",
            "href": "http://192.168.2.26:2026/home.aspx?scope=sys&lang=vi&wpid=thuthuatnewdraw&thuthuatid=2e193aba-6b65-486e-b832-b471008ab95a&usid=172.31.255.1_ieu5y4m0p5o1dfluo0cjloo0ebd56fc4&st=140819",
            "onclick": ""
          },
          {
            "text": "26066471",
            "href": "http://192.168.2.26:2026/home.aspx?scope=sys&lang=vi&wpid=thuthuatnewdraw&thuthuatid=2e193aba-6b65-486e-b832-b471008ab95a&usid=172.31.255.1_ieu5y4m0p5o1dfluo0cjloo0ebd56fc4&st=140819",
            "onclick": ""
          },
          {
            "text": "NGUYỄN THỊ DIỆU",
            "href": "http://192.168.2.26:2026/home.aspx?scope=sys&lang=vi&wpid=thuthuatnewdraw&thuthuatid=2e193aba-6b65-486e-b832-b471008ab95a&usid=172.31.255.1_ieu5y4m0p5o1dfluo0cjloo0ebd56fc4&st=140819",
            "onclick": ""
          },
          {
            "text": "Nữ",
            "href": "http://192.168.2.26:2026/home.aspx?scope=sys&lang=vi&wpid=thuthuatnewdraw&thuthuatid=2e193aba-6b65-486e-b832-b471008ab95a&usid=172.31.255.1_ieu5y4m0p5o1dfluo0cjloo0ebd56fc4&st=140819",
            "onclick": ""
          },
          {
            "text": "63 tuổi",
            "href": "http://192.168.2.26:2026/home.aspx?scope=sys&lang=vi&wpid=thuthuatnewdraw&thuthuatid=2e193aba-6b65-486e-b832-b471008ab95a&usid=172.31.255.1_ieu5y4m0p5o1dfluo0cjloo0ebd56fc4&st=140819",
            "onclick": ""
          },
          {
            "text": "Viện phí",
            "href": "http://192.168.2.26:2026/home.aspx?scope=sys&lang=vi&wpid=thuthuatnewdraw&thuthuatid=2e193aba-6b65-486e-b832-b471008ab95a&usid=172.31.255.1_ieu5y4m0p5o1dfluo0cjloo0ebd56fc4&st=140819",
            "onclick": ""
          },
          {
            "text": "Khoa Ngoại Tổng Hợp",
            "href": "http://192.168.2.26:2026/home.aspx?scope=sys&lang=vi&wpid=thuthuatnewdraw&thuthuatid=2e193aba-6b65-486e-b832-b471008ab95a&usid=172.31.255.1_ieu5y4m0p5o1dfluo0cjloo0ebd56fc4&st=140819",
            "onclick": ""
          },
          {
            "text": "Thay băng, cắt chỉ vết mổ [chiều dài ≤ 15cm]",
            "href": "http://192.168.2.26:2026/home.aspx?scope=sys&lang=vi&wpid=thuthuatnewdraw&thuthuatid=2e193aba-6b65-486e-b832-b471008ab95a&usid=172.31.255.1_ieu5y4m0p5o1dfluo0cjloo0ebd56fc4&st=140819",
            "onclick": ""
          },
          {
            "text": "0",
            "href": "http://192.168.2.26:2026/home.aspx?scope=sys&lang=vi&wpid=thuthuatnewdraw&thuthuatid=2e193aba-6b65-486e-b832-b471008ab95a&usid=172.31.255.1_ieu5y4m0p5o1dfluo0cjloo0ebd56fc4&st=140819",
            "onclick": ""
          },
          {
            "text": "0",
            "href": "http://192.168.2.26:2026/home.aspx?scope=sys&lang=vi&wpid=thuthuatnewdraw&thuthuatid=2e193aba-6b65-486e-b832-b471008ab95a&usid=172.31.255.1_ieu5y4m0p5o1dfluo0cjloo0ebd56fc4&st=140819",
            "onclick": ""
          },
          {
            "text": "Thường",
            "href": "http://192.168.2.26:2026/home.aspx?scope=sys&lang=vi&wpid=thuthuatnewdraw&thuthuatid=2e193aba-6b65-486e-b832-b471008ab95a&usid=172.31.255.1_ieu5y4m0p5o1dfluo0cjloo0ebd56fc4&st=140819",
            "onclick": ""
          },
          {
            "text": "08:00 22/06/2026",
            "href": "http://192.168.2.26:2026/home.aspx?scope=sys&lang=vi&wpid=thuthuatnewdraw&thuthuatid=2e193aba-6b65-486e-b832-b471008ab95a&usid=172.31.255.1_ieu5y4m0p5o1dfluo0cjloo0ebd56fc4&st=140819",
            "onclick": ""
          },
          {
            "text": "Hoàn tất",
            "href": "http://192.168.2.26:2026/home.aspx?scope=sys&lang=vi&wpid=thuthuatnewdraw&thuthuatid=2e193aba-6b65-486e-b832-b471008ab95a&usid=172.31.255.1_ieu5y4m0p5o1dfluo0cjloo0ebd56fc4&st=140819",
            "onclick": ""
          }
        ]
      }
    },
    {
      "list_score": 33.46153846153846,
      "list_datetime": "2026-06-23 08:00:00",
      "list_time_source": "Thời gian chỉ định",
      "list_method": "Thay băng, cắt chỉ vết mổ [chiều dài ≤ 15cm]",
      "list_method_source": "Chỉ định thủ thuật",
      "method_score": 0.15384615384615385,
      "detail_marker": "http://192.168.2.26:2026/home.aspx?scope=sys&lang=vi&wpid=thuthuatnewdraw&thuthuatid=29887063-c789-40a1-9550-b472000f2c4b&usid=172.31.255.1_ieu5y4m0p5o1dfluo0cjloo0ebd56fc4&st=140819",
      "row": {
        "access_id": "29887063-c789-40a1-9550-b472000f2c4b",
        "known_fields": {
          "stt": "3",
          "ngay_thu_thuat": "08:00 23/06/2026",
          "ma_bn": "26066471",
          "ho_ten": "NGUYỄN THỊ DIỆU",
          "gioi_tinh": "Nữ",
          "tuoi": "63 tuổi",
          "doi_tuong": "Viện phí",
          "noi_chi_dinh": "Khoa Ngoại Tổng Hợp",
          "chi_dinh_thu_thuat": "Thay băng, cắt chỉ vết mổ [chiều dài ≤ 15cm]",
          "tam_ung": "0",
          "phai_thanh_toan": "0",
          "tinh_trang": "Thường",
          "thoi_gian_chi_dinh": "08:00 23/06/2026",
          "trang_thai": "Hoàn tất"
        },
        "raw_text": "3 08:00 23/06/2026 26066471 NGUYỄN THỊ DIỆU Nữ 63 tuổi Viện phí Khoa Ngoại Tổng Hợp Thay băng, cắt chỉ vết mổ [chiều dài ≤ 15cm] 0 0 Thường 08:00 23/06/2026 Hoàn tất",
        "links": [
          {
            "text": "3",
            "href": "http://192.168.2.26:2026/home.aspx?scope=sys&lang=vi&wpid=thuthuatnewdraw&thuthuatid=29887063-c789-40a1-9550-b472000f2c4b&usid=172.31.255.1_ieu5y4m0p5o1dfluo0cjloo0ebd56fc4&st=140819",
            "onclick": ""
          },
          {
            "text": "08:00 23/06/2026",
            "href": "http://192.168.2.26:2026/home.aspx?scope=sys&lang=vi&wpid=thuthuatnewdraw&thuthuatid=29887063-c789-40a1-9550-b472000f2c4b&usid=172.31.255.1_ieu5y4m0p5o1dfluo0cjloo0ebd56fc4&st=140819",
            "onclick": ""
          },
          {
            "text": "26066471",
            "href": "http://192.168.2.26:2026/home.aspx?scope=sys&lang=vi&wpid=thuthuatnewdraw&thuthuatid=29887063-c789-40a1-9550-b472000f2c4b&usid=172.31.255.1_ieu5y4m0p5o1dfluo0cjloo0ebd56fc4&st=140819",
            "onclick": ""
          },
          {
            "text": "NGUYỄN THỊ DIỆU",
            "href": "http://192.168.2.26:2026/home.aspx?scope=sys&lang=vi&wpid=thuthuatnewdraw&thuthuatid=29887063-c789-40a1-9550-b472000f2c4b&usid=172.31.255.1_ieu5y4m0p5o1dfluo0cjloo0ebd56fc4&st=140819",
            "onclick": ""
          },
          {
            "text": "Nữ",
            "href": "http://192.168.2.26:2026/home.aspx?scope=sys&lang=vi&wpid=thuthuatnewdraw&thuthuatid=29887063-c789-40a1-9550-b472000f2c4b&usid=172.31.255.1_ieu5y4m0p5o1dfluo0cjloo0ebd56fc4&st=140819",
            "onclick": ""
          },
          {
            "text": "63 tuổi",
            "href": "http://192.168.2.26:2026/home.aspx?scope=sys&lang=vi&wpid=thuthuatnewdraw&thuthuatid=29887063-c789-40a1-9550-b472000f2c4b&usid=172.31.255.1_ieu5y4m0p5o1dfluo0cjloo0ebd56fc4&st=140819",
            "onclick": ""
          },
          {
            "text": "Viện phí",
            "href": "http://192.168.2.26:2026/home.aspx?scope=sys&lang=vi&wpid=thuthuatnewdraw&thuthuatid=29887063-c789-40a1-9550-b472000f2c4b&usid=172.31.255.1_ieu5y4m0p5o1dfluo0cjloo0ebd56fc4&st=140819",
            "onclick": ""
          },
          {
            "text": "Khoa Ngoại Tổng Hợp",
            "href": "http://192.168.2.26:2026/home.aspx?scope=sys&lang=vi&wpid=thuthuatnewdraw&thuthuatid=29887063-c789-40a1-9550-b472000f2c4b&usid=172.31.255.1_ieu5y4m0p5o1dfluo0cjloo0ebd56fc4&st=140819",
            "onclick": ""
          },
          {
            "text": "Thay băng, cắt chỉ vết mổ [chiều dài ≤ 15cm]",
            "href": "http://192.168.2.26:2026/home.aspx?scope=sys&lang=vi&wpid=thuthuatnewdraw&thuthuatid=29887063-c789-40a1-9550-b472000f2c4b&usid=172.31.255.1_ieu5y4m0p5o1dfluo0cjloo0ebd56fc4&st=140819",
            "onclick": ""
          },
          {
            "text": "0",
            "href": "http://192.168.2.26:2026/home.aspx?scope=sys&lang=vi&wpid=thuthuatnewdraw&thuthuatid=29887063-c789-40a1-9550-b472000f2c4b&usid=172.31.255.1_ieu5y4m0p5o1dfluo0cjloo0ebd56fc4&st=140819",
            "onclick": ""
          },
          {
            "text": "0",
            "href": "http://192.168.2.26:2026/home.aspx?scope=sys&lang=vi&wpid=thuthuatnewdraw&thuthuatid=29887063-c789-40a1-9550-b472000f2c4b&usid=172.31.255.1_ieu5y4m0p5o1dfluo0cjloo0ebd56fc4&st=140819",
            "onclick": ""
          },
          {
            "text": "Thường",
            "href": "http://192.168.2.26:2026/home.aspx?scope=sys&lang=vi&wpid=thuthuatnewdraw&thuthuatid=29887063-c789-40a1-9550-b472000f2c4b&usid=172.31.255.1_ieu5y4m0p5o1dfluo0cjloo0ebd56fc4&st=140819",
            "onclick": ""
          },
          {
            "text": "08:00 23/06/2026",
            "href": "http://192.168.2.26:2026/home.aspx?scope=sys&lang=vi&wpid=thuthuatnewdraw&thuthuatid=29887063-c789-40a1-9550-b472000f2c4b&usid=172.31.255.1_ieu5y4m0p5o1dfluo0cjloo0ebd56fc4&st=140819",
            "onclick": ""
          },
          {
            "text": "Hoàn tất",
            "href": "http://192.168.2.26:2026/home.aspx?scope=sys&lang=vi&wpid=thuthuatnewdraw&thuthuatid=29887063-c789-40a1-9550-b472000f2c4b&usid=172.31.255.1_ieu5y4m0p5o1dfluo0cjloo0ebd56fc4&st=140819",
            "onclick": ""
          }
        ]
      }
    },
    {
      "list_score": 33.46153846153846,
      "list_datetime": "2026-07-23 07:00:00",
      "list_time_source": "Thời gian chỉ định",
      "list_method": "Thay băng, cắt chỉ vết mổ [chiều dài ≤ 15cm]",
      "list_method_source": "Chỉ định thủ thuật",
      "method_score": 0.15384615384615385,
      "detail_marker": "http://192.168.2.26:2026/home.aspx?scope=sys&lang=vi&wpid=thuthuatnewdraw&thuthuatid=1d530b9c-507b-47e7-b383-b49000515343&usid=172.31.255.1_ieu5y4m0p5o1dfluo0cjloo0ebd56fc4&st=140820",
      "row": {
        "access_id": "1d530b9c-507b-47e7-b383-b49000515343",
        "known_fields": {
          "stt": "8",
          "ngay_thu_thuat": "13:49 23/07/2026",
          "ma_bn": "26072567",
          "ho_ten": "NGUYỄN THỊ DIỆU",
          "gioi_tinh": "Nữ",
          "tuoi": "42 tuổi",
          "doi_tuong": "Viện phí",
          "noi_chi_dinh": "Khoa Phụ Sản",
          "chi_dinh_thu_thuat": "Thay băng, cắt chỉ vết mổ [chiều dài ≤ 15cm]",
          "tam_ung": "6,000,000",
          "phai_thanh_toan": "5,463,976",
          "tinh_trang": "Thường",
          "thoi_gian_chi_dinh": "07:00 23/07/2026",
          "trang_thai": "Hoàn tất"
        },
        "raw_text": "8 13:49 23/07/2026 26072567 NGUYỄN THỊ DIỆU Nữ 42 tuổi Viện phí Khoa Phụ Sản Thay băng, cắt chỉ vết mổ [chiều dài ≤ 15cm] 6,000,000 5,463,976 Thường 07:00 23/07/2026 Hoàn tất",
        "links": [
          {
            "text": "8",
            "href": "http://192.168.2.26:2026/home.aspx?scope=sys&lang=vi&wpid=thuthuatnewdraw&thuthuatid=1d530b9c-507b-47e7-b383-b49000515343&usid=172.31.255.1_ieu5y4m0p5o1dfluo0cjloo0ebd56fc4&st=140820",
            "onclick": ""
          },
          {
            "text": "13:49 23/07/2026",
            "href": "http://192.168.2.26:2026/home.aspx?scope=sys&lang=vi&wpid=thuthuatnewdraw&thuthuatid=1d530b9c-507b-47e7-b383-b49000515343&usid=172.31.255.1_ieu5y4m0p5o1dfluo0cjloo0ebd56fc4&st=140820",
            "onclick": ""
          },
          {
            "text": "26072567",
            "href": "http://192.168.2.26:2026/home.aspx?scope=sys&lang=vi&wpid=thuthuatnewdraw&thuthuatid=1d530b9c-507b-47e7-b383-b49000515343&usid=172.31.255.1_ieu5y4m0p5o1dfluo0cjloo0ebd56fc4&st=140820",
            "onclick": ""
          },
          {
            "text": "NGUYỄN THỊ DIỆU",
            "href": "http://192.168.2.26:2026/home.aspx?scope=sys&lang=vi&wpid=thuthuatnewdraw&thuthuatid=1d530b9c-507b-47e7-b383-b49000515343&usid=172.31.255.1_ieu5y4m0p5o1dfluo0cjloo0ebd56fc4&st=140820",
            "onclick": ""
          },
          {
            "text": "Nữ",
            "href": "http://192.168.2.26:2026/home.aspx?scope=sys&lang=vi&wpid=thuthuatnewdraw&thuthuatid=1d530b9c-507b-47e7-b383-b49000515343&usid=172.31.255.1_ieu5y4m0p5o1dfluo0cjloo0ebd56fc4&st=140820",
            "onclick": ""
          },
          {
            "text": "42 tuổi",
            "href": "http://192.168.2.26:2026/home.aspx?scope=sys&lang=vi&wpid=thuthuatnewdraw&thuthuatid=1d530b9c-507b-47e7-b383-b49000515343&usid=172.31.255.1_ieu5y4m0p5o1dfluo0cjloo0ebd56fc4&st=140820",
            "onclick": ""
          },
          {
            "text": "Viện phí",
            "href": "http://192.168.2.26:2026/home.aspx?scope=sys&lang=vi&wpid=thuthuatnewdraw&thuthuatid=1d530b9c-507b-47e7-b383-b49000515343&usid=172.31.255.1_ieu5y4m0p5o1dfluo0cjloo0ebd56fc4&st=140820",
            "onclick": ""
          },
          {
            "text": "Khoa Phụ Sản",
            "href": "http://192.168.2.26:2026/home.aspx?scope=sys&lang=vi&wpid=thuthuatnewdraw&thuthuatid=1d530b9c-507b-47e7-b383-b49000515343&usid=172.31.255.1_ieu5y4m0p5o1dfluo0cjloo0ebd56fc4&st=140820",
            "onclick": ""
          },
          {
            "text": "Thay băng, cắt chỉ vết mổ [chiều dài ≤ 15cm]",
            "href": "http://192.168.2.26:2026/home.aspx?scope=sys&lang=vi&wpid=thuthuatnewdraw&thuthuatid=1d530b9c-507b-47e7-b383-b49000515343&usid=172.31.255.1_ieu5y4m0p5o1dfluo0cjloo0ebd56fc4&st=140820",
            "onclick": ""
          },
          {
            "text": "6,000,000",
            "href": "http://192.168.2.26:2026/home.aspx?scope=sys&lang=vi&wpid=thuthuatnewdraw&thuthuatid=1d530b9c-507b-47e7-b383-b49000515343&usid=172.31.255.1_ieu5y4m0p5o1dfluo0cjloo0ebd56fc4&st=140820",
            "onclick": ""
          },
          {
            "text": "5,463,976",
            "href": "http://192.168.2.26:2026/home.aspx?scope=sys&lang=vi&wpid=thuthuatnewdraw&thuthuatid=1d530b9c-507b-47e7-b383-b49000515343&usid=172.31.255.1_ieu5y4m0p5o1dfluo0cjloo0ebd56fc4&st=140820",
            "onclick": ""
          },
          {
            "text": "Thường",
            "href": "http://192.168.2.26:2026/home.aspx?scope=sys&lang=vi&wpid=thuthuatnewdraw&thuthuatid=1d530b9c-507b-47e7-b383-b49000515343&usid=172.31.255.1_ieu5y4m0p5o1dfluo0cjloo0ebd56fc4&st=140820",
            "onclick": ""
          },
          {
            "text": "07:00 23/07/2026",
            "href": "http://192.168.2.26:2026/home.aspx?scope=sys&lang=vi&wpid=thuthuatnewdraw&thuthuatid=1d530b9c-507b-47e7-b383-b49000515343&usid=172.31.255.1_ieu5y4m0p5o1dfluo0cjloo0ebd56fc4&st=140820",
            "onclick": ""
          },
          {
            "text": "Hoàn tất",
            "href": "http://192.168.2.26:2026/home.aspx?scope=sys&lang=vi&wpid=thuthuatnewdraw&thuthuatid=1d530b9c-507b-47e7-b383-b49000515343&usid=172.31.255.1_ieu5y4m0p5o1dfluo0cjloo0ebd56fc4&st=140820",
            "onclick": ""
          }
        ]
      }
    },
    {
      "list_score": 31.94736842105263,
      "list_datetime": "2026-07-23 07:00:00",
      "list_time_source": "Thời gian chỉ định",
      "list_method": "Chiếu tia Plasma lạnh điều trị vết thương hoặc vết mổ chiều dài trên 15cm đến 30cm",
      "list_method_source": "Chỉ định thủ thuật",
      "method_score": 0.12631578947368421,
      "detail_marker": "http://192.168.2.26:2026/home.aspx?scope=sys&lang=vi&wpid=thuthuatnewdraw&thuthuatid=73a32c14-92b7-458b-9ec9-b49000515343&usid=172.31.255.1_ieu5y4m0p5o1dfluo0cjloo0ebd56fc4&st=140820",
      "row": {
        "access_id": "73a32c14-92b7-458b-9ec9-b49000515343",
        "known_fields": {
          "stt": "9",
          "ngay_thu_thuat": "13:51 23/07/2026",
          "ma_bn": "26072567",
          "ho_ten": "NGUYỄN THỊ DIỆU",
          "gioi_tinh": "Nữ",
          "tuoi": "42 tuổi",
          "doi_tuong": "Viện phí",
          "noi_chi_dinh": "Khoa Phụ Sản",
          "chi_dinh_thu_thuat": "Chiếu tia Plasma lạnh điều trị vết thương hoặc vết mổ chiều dài trên 15cm đến 30cm",
          "tam_ung": "6,000,000",
          "phai_thanh_toan": "5,463,976",
          "tinh_trang": "Thường",
          "thoi_gian_chi_dinh": "07:00 23/07/2026",
          "trang_thai": "Hoàn tất"
        },
        "raw_text": "9 13:51 23/07/2026 26072567 NGUYỄN THỊ DIỆU Nữ 42 tuổi Viện phí Khoa Phụ Sản Chiếu tia Plasma lạnh điều trị vết thương hoặc vết mổ chiều dài trên 15cm đến 30cm 6,000,000 5,463,976 Thường 07:00 23/07/2026 Hoàn tất",
        "links": [
          {
            "text": "9",
            "href": "http://192.168.2.26:2026/home.aspx?scope=sys&lang=vi&wpid=thuthuatnewdraw&thuthuatid=73a32c14-92b7-458b-9ec9-b49000515343&usid=172.31.255.1_ieu5y4m0p5o1dfluo0cjloo0ebd56fc4&st=140820",
            "onclick": ""
          },
          {
            "text": "13:51 23/07/2026",
            "href": "http://192.168.2.26:2026/home.aspx?scope=sys&lang=vi&wpid=thuthuatnewdraw&thuthuatid=73a32c14-92b7-458b-9ec9-b49000515343&usid=172.31.255.1_ieu5y4m0p5o1dfluo0cjloo0ebd56fc4&st=140820",
            "onclick": ""
          },
          {
            "text": "26072567",
            "href": "http://192.168.2.26:2026/home.aspx?scope=sys&lang=vi&wpid=thuthuatnewdraw&thuthuatid=73a32c14-92b7-458b-9ec9-b49000515343&usid=172.31.255.1_ieu5y4m0p5o1dfluo0cjloo0ebd56fc4&st=140820",
            "onclick": ""
          },
          {
            "text": "NGUYỄN THỊ DIỆU",
            "href": "http://192.168.2.26:2026/home.aspx?scope=sys&lang=vi&wpid=thuthuatnewdraw&thuthuatid=73a32c14-92b7-458b-9ec9-b49000515343&usid=172.31.255.1_ieu5y4m0p5o1dfluo0cjloo0ebd56fc4&st=140820",
            "onclick": ""
          },
          {
            "text": "Nữ",
            "href": "http://192.168.2.26:2026/home.aspx?scope=sys&lang=vi&wpid=thuthuatnewdraw&thuthuatid=73a32c14-92b7-458b-9ec9-b49000515343&usid=172.31.255.1_ieu5y4m0p5o1dfluo0cjloo0ebd56fc4&st=140820",
            "onclick": ""
          },
          {
            "text": "42 tuổi",
            "href": "http://192.168.2.26:2026/home.aspx?scope=sys&lang=vi&wpid=thuthuatnewdraw&thuthuatid=73a32c14-92b7-458b-9ec9-b49000515343&usid=172.31.255.1_ieu5y4m0p5o1dfluo0cjloo0ebd56fc4&st=140820",
            "onclick": ""
          },
          {
            "text": "Viện phí",
            "href": "http://192.168.2.26:2026/home.aspx?scope=sys&lang=vi&wpid=thuthuatnewdraw&thuthuatid=73a32c14-92b7-458b-9ec9-b49000515343&usid=172.31.255.1_ieu5y4m0p5o1dfluo0cjloo0ebd56fc4&st=140820",
            "onclick": ""
          },
          {
            "text": "Khoa Phụ Sản",
            "href": "http://192.168.2.26:2026/home.aspx?scope=sys&lang=vi&wpid=thuthuatnewdraw&thuthuatid=73a32c14-92b7-458b-9ec9-b49000515343&usid=172.31.255.1_ieu5y4m0p5o1dfluo0cjloo0ebd56fc4&st=140820",
            "onclick": ""
          },
          {
            "text": "Chiếu tia Plasma lạnh điều trị vết thương hoặc vết mổ chiều dài trên 15cm đến 30cm",
            "href": "http://192.168.2.26:2026/home.aspx?scope=sys&lang=vi&wpid=thuthuatnewdraw&thuthuatid=73a32c14-92b7-458b-9ec9-b49000515343&usid=172.31.255.1_ieu5y4m0p5o1dfluo0cjloo0ebd56fc4&st=140820",
            "onclick": ""
          },
          {
            "text": "6,000,000",
            "href": "http://192.168.2.26:2026/home.aspx?scope=sys&lang=vi&wpid=thuthuatnewdraw&thuthuatid=73a32c14-92b7-458b-9ec9-b49000515343&usid=172.31.255.1_ieu5y4m0p5o1dfluo0cjloo0ebd56fc4&st=140820",
            "onclick": ""
          },
          {
            "text": "5,463,976",
            "href": "http://192.168.2.26:2026/home.aspx?scope=sys&lang=vi&wpid=thuthuatnewdraw&thuthuatid=73a32c14-92b7-458b-9ec9-b49000515343&usid=172.31.255.1_ieu5y4m0p5o1dfluo0cjloo0ebd56fc4&st=140820",
            "onclick": ""
          },
          {
            "text": "Thường",
            "href": "http://192.168.2.26:2026/home.aspx?scope=sys&lang=vi&wpid=thuthuatnewdraw&thuthuatid=73a32c14-92b7-458b-9ec9-b49000515343&usid=172.31.255.1_ieu5y4m0p5o1dfluo0cjloo0ebd56fc4&st=140820",
            "onclick": ""
          },
          {
            "text": "07:00 23/07/2026",
            "href": "http://192.168.2.26:2026/home.aspx?scope=sys&lang=vi&wpid=thuthuatnewdraw&thuthuatid=73a32c14-92b7-458b-9ec9-b49000515343&usid=172.31.255.1_ieu5y4m0p5o1dfluo0cjloo0ebd56fc4&st=140820",
            "onclick": ""
          },
          {
            "text": "Hoàn tất",
            "href": "http://192.168.2.26:2026/home.aspx?scope=sys&lang=vi&wpid=thuthuatnewdraw&thuthuatid=73a32c14-92b7-458b-9ec9-b49000515343&usid=172.31.255.1_ieu5y4m0p5o1dfluo0cjloo0ebd56fc4&st=140820",
            "onclick": ""
          }
        ]
      }
    }
  ]
}
[2026-07-23 14:08:22.730] [DETAIL_BEGIN] D/s Thủ thuật: mở ứng viên 1
{
  "detail_marker": "http://192.168.2.26:2026/home.aspx?scope=sys&lang=vi&wpid=thuthuatnewdraw&thuthuatid=0aec41a8-849e-4c49-9830-b45e00a12ea6&usid=172.31.255.1_ieu5y4m0p5o1dfluo0cjloo0ebd56fc4&st=140820",
  "list_datetime": "2026-06-03 09:29:00",
  "list_method": "Tiêm khớp gối",
  "row": {
    "access_id": "0aec41a8-849e-4c49-9830-b45e00a12ea6",
    "known_fields": {
      "stt": "10",
      "ngay_thu_thuat": "13:51 23/07/2026",
      "ma_bn": "26052294",
      "ho_ten": "NGUYỄN THỊ DIỆU",
      "gioi_tinh": "Nữ",
      "tuoi": "77 tuổi",
      "doi_tuong": "Viện phí",
      "noi_chi_dinh": "PHÒNG KHÁM CHẤN THƯƠNG CHỈNH HÌNH - 20",
      "chi_dinh_thu_thuat": "Tiêm khớp gối",
      "tam_ung": "0",
      "phai_thanh_toan": "614,000",
      "tinh_trang": "Thường",
      "thoi_gian_chi_dinh": "09:29 03/06/2026",
      "trang_thai": "Chờ thực hiện"
    },
    "raw_text": "10 13:51 23/07/2026 26052294 NGUYỄN THỊ DIỆU Nữ 77 tuổi Viện phí PHÒNG KHÁM CHẤN THƯƠNG CHỈNH HÌNH - 20 Tiêm khớp gối 0 614,000 Thường 09:29 03/06/2026 Chờ thực hiện",
    "links": [
      {
        "text": "10",
        "href": "http://192.168.2.26:2026/home.aspx?scope=sys&lang=vi&wpid=thuthuatnewdraw&thuthuatid=0aec41a8-849e-4c49-9830-b45e00a12ea6&usid=172.31.255.1_ieu5y4m0p5o1dfluo0cjloo0ebd56fc4&st=140820",
        "onclick": ""
      },
      {
        "text": "13:51 23/07/2026",
        "href": "http://192.168.2.26:2026/home.aspx?scope=sys&lang=vi&wpid=thuthuatnewdraw&thuthuatid=0aec41a8-849e-4c49-9830-b45e00a12ea6&usid=172.31.255.1_ieu5y4m0p5o1dfluo0cjloo0ebd56fc4&st=140820",
        "onclick": ""
      },
      {
        "text": "26052294",
        "href": "http://192.168.2.26:2026/home.aspx?scope=sys&lang=vi&wpid=thuthuatnewdraw&thuthuatid=0aec41a8-849e-4c49-9830-b45e00a12ea6&usid=172.31.255.1_ieu5y4m0p5o1dfluo0cjloo0ebd56fc4&st=140820",
        "onclick": ""
      },
      {
        "text": "NGUYỄN THỊ DIỆU",
        "href": "http://192.168.2.26:2026/home.aspx?scope=sys&lang=vi&wpid=thuthuatnewdraw&thuthuatid=0aec41a8-849e-4c49-9830-b45e00a12ea6&usid=172.31.255.1_ieu5y4m0p5o1dfluo0cjloo0ebd56fc4&st=140820",
        "onclick": ""
      },
      {
        "text": "Nữ",
        "href": "http://192.168.2.26:2026/home.aspx?scope=sys&lang=vi&wpid=thuthuatnewdraw&thuthuatid=0aec41a8-849e-4c49-9830-b45e00a12ea6&usid=172.31.255.1_ieu5y4m0p5o1dfluo0cjloo0ebd56fc4&st=140820",
        "onclick": ""
      },
      {
        "text": "77 tuổi",
        "href": "http://192.168.2.26:2026/home.aspx?scope=sys&lang=vi&wpid=thuthuatnewdraw&thuthuatid=0aec41a8-849e-4c49-9830-b45e00a12ea6&usid=172.31.255.1_ieu5y4m0p5o1dfluo0cjloo0ebd56fc4&st=140820",
        "onclick": ""
      },
      {
        "text": "Viện phí",
        "href": "http://192.168.2.26:2026/home.aspx?scope=sys&lang=vi&wpid=thuthuatnewdraw&thuthuatid=0aec41a8-849e-4c49-9830-b45e00a12ea6&usid=172.31.255.1_ieu5y4m0p5o1dfluo0cjloo0ebd56fc4&st=140820",
        "onclick": ""
      },
      {
        "text": "PHÒNG KHÁM CHẤN THƯƠNG CHỈNH HÌNH - 20",
        "href": "http://192.168.2.26:2026/home.aspx?scope=sys&lang=vi&wpid=thuthuatnewdraw&thuthuatid=0aec41a8-849e-4c49-9830-b45e00a12ea6&usid=172.31.255.1_ieu5y4m0p5o1dfluo0cjloo0ebd56fc4&st=140820",
        "onclick": ""
      },
      {
        "text": "Tiêm khớp gối",
        "href": "http://192.168.2.26:2026/home.aspx?scope=sys&lang=vi&wpid=thuthuatnewdraw&thuthuatid=0aec41a8-849e-4c49-9830-b45e00a12ea6&usid=172.31.255.1_ieu5y4m0p5o1dfluo0cjloo0ebd56fc4&st=140820",
        "onclick": ""
      },
      {
        "text": "0",
        "href": "http://192.168.2.26:2026/home.aspx?scope=sys&lang=vi&wpid=thuthuatnewdraw&thuthuatid=0aec41a8-849e-4c49-9830-b45e00a12ea6&usid=172.31.255.1_ieu5y4m0p5o1dfluo0cjloo0ebd56fc4&st=140820",
        "onclick": ""
      },
      {
        "text": "614,000",
        "href": "http://192.168.2.26:2026/home.aspx?scope=sys&lang=vi&wpid=thuthuatnewdraw&thuthuatid=0aec41a8-849e-4c49-9830-b45e00a12ea6&usid=172.31.255.1_ieu5y4m0p5o1dfluo0cjloo0ebd56fc4&st=140820",
        "onclick": ""
      },
      {
        "text": "Thường",
        "href": "http://192.168.2.26:2026/home.aspx?scope=sys&lang=vi&wpid=thuthuatnewdraw&thuthuatid=0aec41a8-849e-4c49-9830-b45e00a12ea6&usid=172.31.255.1_ieu5y4m0p5o1dfluo0cjloo0ebd56fc4&st=140820",
        "onclick": ""
      },
      {
        "text": "09:29 03/06/2026",
        "href": "http://192.168.2.26:2026/home.aspx?scope=sys&lang=vi&wpid=thuthuatnewdraw&thuthuatid=0aec41a8-849e-4c49-9830-b45e00a12ea6&usid=172.31.255.1_ieu5y4m0p5o1dfluo0cjloo0ebd56fc4&st=140820",
        "onclick": ""
      },
      {
        "text": "Chờ thực hiện",
        "href": "http://192.168.2.26:2026/home.aspx?scope=sys&lang=vi&wpid=thuthuatnewdraw&thuthuatid=0aec41a8-849e-4c49-9830-b45e00a12ea6&usid=172.31.255.1_ieu5y4m0p5o1dfluo0cjloo0ebd56fc4&st=140820",
        "onclick": ""
      }
    ]
  }
}
[2026-07-23 14:08:22.742] [BROWSER] [DETAIL] kind=procedure; access_id=0aec41a8-849e-4c49-9830-b45e00a12ea6; direct_url=yes; onclick=no
[2026-07-23 14:08:22.743] [BROWSER] [DETAIL] Mở liên kết trực tiếp: http://192.168.2.26:2026/home.aspx?scope=sys&lang=vi&wpid=thuthuatnewdraw&thuthuatid=0aec41a8-849e-4c49-9830-b45e00a12ea6&usid=172.31.255.1_ieu5y4m0p5o1dfluo0cjloo0ebd56fc4&st=140820
[2026-07-23 14:08:23.596] [BROWSER] [DETAIL] Dữ liệu đọc được: {"ajax_active": 0, "complete_info": "", "current_url": "http://192.168.2.26:2026/home.aspx?scope=sys&lang=vi&wpid=thuthuatnewdraw&thuthuatid=0aec41a8-849e-4c49-9830-b45e00a12ea6&usid=172.31.255.1_ieu5y4m0p5o1dfluo0cjloo0ebd56fc4&st=140820", "doctor": "Hoàng Minh Tú", "doctor_candidates": [{"id": "txtBacSyChiDinh", "value": "Hoàng Minh Tú"}, {"id": "txtBacSiChiDinh", "value": ""}], "doctor_field": "txtBacSyChiDinh", "doctor_found": true, "method": "Tiêm khớp gối", "method_candidates": [{"id": "txtChiDinh", "value": "Tiêm khớp gối"}, {"id": "cbbPhuongPhapTT", "value": ""}], "method_field": "txtChiDinh", "patient_info": "(26052294 | NGUYỄN THỊ DIỆU, 01/01/1949, Nữ, 77 tuổi | Viện phí)", "root_found": true, "start_candidates": [{"id": "txtThoiGianChiDinh", "value": "09:29 03/06/2026"}, {"id": "txtTgBatDau", "value": "14:08 23/07/2026"}], "start_time": "09:29 03/06/2026", "start_time_field": "txtThoiGianChiDinh"}
[2026-07-23 14:08:23.598] [BROWSER] [DETAIL] Nguồn bác sĩ: Bác sĩ chỉ định; field=txtBacSyChiDinh; value=Hoàng Minh Tú
[2026-07-23 14:08:23.599] [DETAIL_OK] D/s Thủ thuật: đọc được hồ sơ chi tiết
{
  "doctor_from_emr": "Hoàng Minh Tú",
  "mapped_alias": "TÚ",
  "mapped_name": "Hoàng Minh Tú",
  "start_time": "09:29 03/06/2026",
  "start_time_field": "txtThoiGianChiDinh",
  "method": "Tiêm khớp gối",
  "method_field": "txtChiDinh",
  "list_time_source": "Thời gian chỉ định",
  "list_method_source": "Chỉ định thủ thuật",
  "current_url": "http://192.168.2.26:2026/home.aspx?scope=sys&lang=vi&wpid=thuthuatnewdraw&thuthuatid=0aec41a8-849e-4c49-9830-b45e00a12ea6&usid=172.31.255.1_ieu5y4m0p5o1dfluo0cjloo0ebd56fc4&st=140820",
  "total_score": 655.0,
  "method_score": 1.0
}
[2026-07-23 14:08:23.600] [EVALUATED] D/s Thủ thuật: đánh giá 1 hồ sơ
{
  "items": [
    {
      "doctor": "Hoàng Minh Tú",
      "alias": "TÚ",
      "detail_datetime": "2026-06-03 09:29:00",
      "method_score": 1.0,
      "total_score": 655.0,
      "confidence_ok": true
    }
  ]
}
[2026-07-23 14:08:23.600] [SOURCE_MATCH] D/s Thủ thuật: đã chọn bác sĩ, không tìm nguồn còn lại
{
  "alias": "TÚ"
}
[2026-07-23 14:08:24.302] [AUTOSAVE_ROW] Dòng 52: đã điền TÚ và lưu ngay
{
  "patient": "NGUYỄN THỊ DIỆU",
  "source": "D/s Thủ thuật",
  "doctor_name": "Hoàng Minh Tú",
  "emr_doctor": "Hoàng Minh Tú",
  "matched_time": "09:29 03/06/2026",
  "matched_method": "Tiêm khớp gối",
  "progress": "2/10",
  "output": "E:\\Thong_ke\\node_outputs\\PM khoa CTCH T6_NHAP_LIEU.xlsx"
}
[2026-07-23 14:08:24.304] [ROW_END] Kết thúc dòng 52
{
  "status": "updated",
  "new_value": "TÚ",
  "reason": null
}
[2026-07-23 14:08:24.305] [ROW_BEGIN] [3/10] Bắt đầu dòng 53: LÂM MỸ LÝ
{
  "raw_time": "2026/06/03 11:00",
  "parsed_time": "11:00 03/06/2026",
  "method": "Hút dịch khớp gối",
  "old_value": ""
}
[2026-07-23 14:08:24.307] [SEARCH_BEGIN] dòng 53: tìm LÂM MỸ LÝ tại D/s Thủ thuật
{
  "patient": "LÂM MỸ LÝ",
  "target_time": "2026-06-03 11:00:00",
  "target_method": "Hút dịch khớp gối",
  "source": "procedure"
}
[2026-07-23 14:08:24.601] [BROWSER] [NAV] D/s Thủ thuật: http://192.168.2.26:2026/home.aspx?scope=sys&lang=vi&wpid=danhsachthuthuatdraw&role=323&usid=172.31.255.1_ieu5y4m0p5o1dfluo0cjloo0ebd56fc4&st=140820
[2026-07-23 14:08:26.514] [BROWSER] [FILTER] 3 tháng
[2026-07-23 14:08:27.048] [BROWSER] [SEARCH] Nhập 'LÂM MỸ LÝ' vào #txtTimKiem
[2026-07-23 14:08:27.278] [BROWSER] [SEARCH] Đã bấm Tìm kiếm bằng #btnTimKiem
[2026-07-23 14:08:27.315] [BROWSER] [RESULT] D/s Thủ thuật: 1 dòng
[2026-07-23 14:08:27.324] [SEARCH_RESULT] D/s Thủ thuật: nhận 1 dòng
{
  "current_url": "http://192.168.2.26:2026/home.aspx?scope=sys&lang=vi&wpid=danhsachthuthuatdraw&role=323&usid=172.31.255.1_ieu5y4m0p5o1dfluo0cjloo0ebd56fc4&st=140820",
  "search_input_id": "txtTimKiem",
  "search_trigger": "#btnTimKiem",
  "headers": [
    "STT",
    "Ngày thủ thuật",
    "Mã BN",
    "Họ tên",
    "Giới tính",
    "Tuổi",
    "Đối tượng",
    "Nơi chỉ định",
    "Chỉ định thủ thuật",
    "Tạm ứng",
    "Phải thanh toán",
    "Tình trạng",
    "Thời gian chỉ định",
    "Trạng thái"
  ],
  "rows": [
    {
      "access_id": "8e644d45-bfce-4de1-969c-b45e00b6d46e",
      "known_fields": {
        "stt": "1",
        "ngay_thu_thuat": "13:51 23/07/2026",
        "ma_bn": "26051360",
        "ho_ten": "LÂM MỸ LÝ",
        "gioi_tinh": "Nữ",
        "tuoi": "68 tuổi",
        "doi_tuong": "Viện phí",
        "noi_chi_dinh": "PHÒNG KHÁM CHẤN THƯƠNG CHỈNH HÌNH - 20",
        "chi_dinh_thu_thuat": "Hút dịch khớp gối",
        "tam_ung": "0",
        "phai_thanh_toan": "880,000",
        "tinh_trang": "Thường",
        "thoi_gian_chi_dinh": "11:00 03/06/2026",
        "trang_thai": "Chờ thực hiện"
      },
      "raw_text": "1 13:51 23/07/2026 26051360 LÂM MỸ LÝ Nữ 68 tuổi Viện phí PHÒNG KHÁM CHẤN THƯƠNG CHỈNH HÌNH - 20 Hút dịch khớp gối 0 880,000 Thường 11:00 03/06/2026 Chờ thực hiện",
      "links": [
        {
          "text": "1",
          "href": "http://192.168.2.26:2026/home.aspx?scope=sys&lang=vi&wpid=thuthuatnewdraw&thuthuatid=8e644d45-bfce-4de1-969c-b45e00b6d46e&usid=172.31.255.1_ieu5y4m0p5o1dfluo0cjloo0ebd56fc4&st=140824",
          "onclick": ""
        },
        {
          "text": "13:51 23/07/2026",
          "href": "http://192.168.2.26:2026/home.aspx?scope=sys&lang=vi&wpid=thuthuatnewdraw&thuthuatid=8e644d45-bfce-4de1-969c-b45e00b6d46e&usid=172.31.255.1_ieu5y4m0p5o1dfluo0cjloo0ebd56fc4&st=140824",
          "onclick": ""
        },
        {
          "text": "26051360",
          "href": "http://192.168.2.26:2026/home.aspx?scope=sys&lang=vi&wpid=thuthuatnewdraw&thuthuatid=8e644d45-bfce-4de1-969c-b45e00b6d46e&usid=172.31.255.1_ieu5y4m0p5o1dfluo0cjloo0ebd56fc4&st=140824",
          "onclick": ""
        },
        {
          "text": "LÂM MỸ LÝ",
          "href": "http://192.168.2.26:2026/home.aspx?scope=sys&lang=vi&wpid=thuthuatnewdraw&thuthuatid=8e644d45-bfce-4de1-969c-b45e00b6d46e&usid=172.31.255.1_ieu5y4m0p5o1dfluo0cjloo0ebd56fc4&st=140824",
          "onclick": ""
        },
        {
          "text": "Nữ",
          "href": "http://192.168.2.26:2026/home.aspx?scope=sys&lang=vi&wpid=thuthuatnewdraw&thuthuatid=8e644d45-bfce-4de1-969c-b45e00b6d46e&usid=172.31.255.1_ieu5y4m0p5o1dfluo0cjloo0ebd56fc4&st=140824",
          "onclick": ""
        },
        {
          "text": "68 tuổi",
          "href": "http://192.168.2.26:2026/home.aspx?scope=sys&lang=vi&wpid=thuthuatnewdraw&thuthuatid=8e644d45-bfce-4de1-969c-b45e00b6d46e&usid=172.31.255.1_ieu5y4m0p5o1dfluo0cjloo0ebd56fc4&st=140824",
          "onclick": ""
        },
        {
          "text": "Viện phí",
          "href": "http://192.168.2.26:2026/home.aspx?scope=sys&lang=vi&wpid=thuthuatnewdraw&thuthuatid=8e644d45-bfce-4de1-969c-b45e00b6d46e&usid=172.31.255.1_ieu5y4m0p5o1dfluo0cjloo0ebd56fc4&st=140824",
          "onclick": ""
        },
        {
          "text": "PHÒNG KHÁM CHẤN THƯƠNG CHỈNH HÌNH - 20",
          "href": "http://192.168.2.26:2026/home.aspx?scope=sys&lang=vi&wpid=thuthuatnewdraw&thuthuatid=8e644d45-bfce-4de1-969c-b45e00b6d46e&usid=172.31.255.1_ieu5y4m0p5o1dfluo0cjloo0ebd56fc4&st=140824",
          "onclick": ""
        },
        {
          "text": "Hút dịch khớp gối",
          "href": "http://192.168.2.26:2026/home.aspx?scope=sys&lang=vi&wpid=thuthuatnewdraw&thuthuatid=8e644d45-bfce-4de1-969c-b45e00b6d46e&usid=172.31.255.1_ieu5y4m0p5o1dfluo0cjloo0ebd56fc4&st=140824",
          "onclick": ""
        },
        {
          "text": "0",
          "href": "http://192.168.2.26:2026/home.aspx?scope=sys&lang=vi&wpid=thuthuatnewdraw&thuthuatid=8e644d45-bfce-4de1-969c-b45e00b6d46e&usid=172.31.255.1_ieu5y4m0p5o1dfluo0cjloo0ebd56fc4&st=140824",
          "onclick": ""
        },
        {
          "text": "880,000",
          "href": "http://192.168.2.26:2026/home.aspx?scope=sys&lang=vi&wpid=thuthuatnewdraw&thuthuatid=8e644d45-bfce-4de1-969c-b45e00b6d46e&usid=172.31.255.1_ieu5y4m0p5o1dfluo0cjloo0ebd56fc4&st=140824",
          "onclick": ""
        },
        {
          "text": "Thường",
          "href": "http://192.168.2.26:2026/home.aspx?scope=sys&lang=vi&wpid=thuthuatnewdraw&thuthuatid=8e644d45-bfce-4de1-969c-b45e00b6d46e&usid=172.31.255.1_ieu5y4m0p5o1dfluo0cjloo0ebd56fc4&st=140824",
          "onclick": ""
        },
        {
          "text": "11:00 03/06/2026",
          "href": "http://192.168.2.26:2026/home.aspx?scope=sys&lang=vi&wpid=thuthuatnewdraw&thuthuatid=8e644d45-bfce-4de1-969c-b45e00b6d46e&usid=172.31.255.1_ieu5y4m0p5o1dfluo0cjloo0ebd56fc4&st=140824",
          "onclick": ""
        },
        {
          "text": "Chờ thực hiện",
          "href": "http://192.168.2.26:2026/home.aspx?scope=sys&lang=vi&wpid=thuthuatnewdraw&thuthuatid=8e644d45-bfce-4de1-969c-b45e00b6d46e&usid=172.31.255.1_ieu5y4m0p5o1dfluo0cjloo0ebd56fc4&st=140824",
          "onclick": ""
        }
      ]
    }
  ]
}
[2026-07-23 14:08:27.326] [CANDIDATES] D/s Thủ thuật: có 1 ứng viên cùng người bệnh
{
  "candidates": [
    {
      "list_score": 205.0,
      "list_datetime": "2026-06-03 11:00:00",
      "list_time_source": "Thời gian chỉ định",
      "list_method": "Hút dịch khớp gối",
      "list_method_source": "Chỉ định thủ thuật",
      "method_score": 1.0,
      "detail_marker": "http://192.168.2.26:2026/home.aspx?scope=sys&lang=vi&wpid=thuthuatnewdraw&thuthuatid=8e644d45-bfce-4de1-969c-b45e00b6d46e&usid=172.31.255.1_ieu5y4m0p5o1dfluo0cjloo0ebd56fc4&st=140824",
      "row": {
        "access_id": "8e644d45-bfce-4de1-969c-b45e00b6d46e",
        "known_fields": {
          "stt": "1",
          "ngay_thu_thuat": "13:51 23/07/2026",
          "ma_bn": "26051360",
          "ho_ten": "LÂM MỸ LÝ",
          "gioi_tinh": "Nữ",
          "tuoi": "68 tuổi",
          "doi_tuong": "Viện phí",
          "noi_chi_dinh": "PHÒNG KHÁM CHẤN THƯƠNG CHỈNH HÌNH - 20",
          "chi_dinh_thu_thuat": "Hút dịch khớp gối",
          "tam_ung": "0",
          "phai_thanh_toan": "880,000",
          "tinh_trang": "Thường",
          "thoi_gian_chi_dinh": "11:00 03/06/2026",
          "trang_thai": "Chờ thực hiện"
        },
        "raw_text": "1 13:51 23/07/2026 26051360 LÂM MỸ LÝ Nữ 68 tuổi Viện phí PHÒNG KHÁM CHẤN THƯƠNG CHỈNH HÌNH - 20 Hút dịch khớp gối 0 880,000 Thường 11:00 03/06/2026 Chờ thực hiện",
        "links": [
          {
            "text": "1",
            "href": "http://192.168.2.26:2026/home.aspx?scope=sys&lang=vi&wpid=thuthuatnewdraw&thuthuatid=8e644d45-bfce-4de1-969c-b45e00b6d46e&usid=172.31.255.1_ieu5y4m0p5o1dfluo0cjloo0ebd56fc4&st=140824",
            "onclick": ""
          },
          {
            "text": "13:51 23/07/2026",
            "href": "http://192.168.2.26:2026/home.aspx?scope=sys&lang=vi&wpid=thuthuatnewdraw&thuthuatid=8e644d45-bfce-4de1-969c-b45e00b6d46e&usid=172.31.255.1_ieu5y4m0p5o1dfluo0cjloo0ebd56fc4&st=140824",
            "onclick": ""
          },
          {
            "text": "26051360",
            "href": "http://192.168.2.26:2026/home.aspx?scope=sys&lang=vi&wpid=thuthuatnewdraw&thuthuatid=8e644d45-bfce-4de1-969c-b45e00b6d46e&usid=172.31.255.1_ieu5y4m0p5o1dfluo0cjloo0ebd56fc4&st=140824",
            "onclick": ""
          },
          {
            "text": "LÂM MỸ LÝ",
            "href": "http://192.168.2.26:2026/home.aspx?scope=sys&lang=vi&wpid=thuthuatnewdraw&thuthuatid=8e644d45-bfce-4de1-969c-b45e00b6d46e&usid=172.31.255.1_ieu5y4m0p5o1dfluo0cjloo0ebd56fc4&st=140824",
            "onclick": ""
          },
          {
            "text": "Nữ",
            "href": "http://192.168.2.26:2026/home.aspx?scope=sys&lang=vi&wpid=thuthuatnewdraw&thuthuatid=8e644d45-bfce-4de1-969c-b45e00b6d46e&usid=172.31.255.1_ieu5y4m0p5o1dfluo0cjloo0ebd56fc4&st=140824",
            "onclick": ""
          },
          {
            "text": "68 tuổi",
            "href": "http://192.168.2.26:2026/home.aspx?scope=sys&lang=vi&wpid=thuthuatnewdraw&thuthuatid=8e644d45-bfce-4de1-969c-b45e00b6d46e&usid=172.31.255.1_ieu5y4m0p5o1dfluo0cjloo0ebd56fc4&st=140824",
            "onclick": ""
          },
          {
            "text": "Viện phí",
            "href": "http://192.168.2.26:2026/home.aspx?scope=sys&lang=vi&wpid=thuthuatnewdraw&thuthuatid=8e644d45-bfce-4de1-969c-b45e00b6d46e&usid=172.31.255.1_ieu5y4m0p5o1dfluo0cjloo0ebd56fc4&st=140824",
            "onclick": ""
          },
          {
            "text": "PHÒNG KHÁM CHẤN THƯƠNG CHỈNH HÌNH - 20",
            "href": "http://192.168.2.26:2026/home.aspx?scope=sys&lang=vi&wpid=thuthuatnewdraw&thuthuatid=8e644d45-bfce-4de1-969c-b45e00b6d46e&usid=172.31.255.1_ieu5y4m0p5o1dfluo0cjloo0ebd56fc4&st=140824",
            "onclick": ""
          },
          {
            "text": "Hút dịch khớp gối",
            "href": "http://192.168.2.26:2026/home.aspx?scope=sys&lang=vi&wpid=thuthuatnewdraw&thuthuatid=8e644d45-bfce-4de1-969c-b45e00b6d46e&usid=172.31.255.1_ieu5y4m0p5o1dfluo0cjloo0ebd56fc4&st=140824",
            "onclick": ""
          },
          {
            "text": "0",
            "href": "http://192.168.2.26:2026/home.aspx?scope=sys&lang=vi&wpid=thuthuatnewdraw&thuthuatid=8e644d45-bfce-4de1-969c-b45e00b6d46e&usid=172.31.255.1_ieu5y4m0p5o1dfluo0cjloo0ebd56fc4&st=140824",
            "onclick": ""
          },
          {
            "text": "880,000",
            "href": "http://192.168.2.26:2026/home.aspx?scope=sys&lang=vi&wpid=thuthuatnewdraw&thuthuatid=8e644d45-bfce-4de1-969c-b45e00b6d46e&usid=172.31.255.1_ieu5y4m0p5o1dfluo0cjloo0ebd56fc4&st=140824",
            "onclick": ""
          },
          {
            "text": "Thường",
            "href": "http://192.168.2.26:2026/home.aspx?scope=sys&lang=vi&wpid=thuthuatnewdraw&thuthuatid=8e644d45-bfce-4de1-969c-b45e00b6d46e&usid=172.31.255.1_ieu5y4m0p5o1dfluo0cjloo0ebd56fc4&st=140824",
            "onclick": ""
          },
          {
            "text": "11:00 03/06/2026",
            "href": "http://192.168.2.26:2026/home.aspx?scope=sys&lang=vi&wpid=thuthuatnewdraw&thuthuatid=8e644d45-bfce-4de1-969c-b45e00b6d46e&usid=172.31.255.1_ieu5y4m0p5o1dfluo0cjloo0ebd56fc4&st=140824",
            "onclick": ""
          },
          {
            "text": "Chờ thực hiện",
            "href": "http://192.168.2.26:2026/home.aspx?scope=sys&lang=vi&wpid=thuthuatnewdraw&thuthuatid=8e644d45-bfce-4de1-969c-b45e00b6d46e&usid=172.31.255.1_ieu5y4m0p5o1dfluo0cjloo0ebd56fc4&st=140824",
            "onclick": ""
          }
        ]
      }
    }
  ]
}
[2026-07-23 14:08:27.327] [DETAIL_BEGIN] D/s Thủ thuật: mở ứng viên 1
{
  "detail_marker": "http://192.168.2.26:2026/home.aspx?scope=sys&lang=vi&wpid=thuthuatnewdraw&thuthuatid=8e644d45-bfce-4de1-969c-b45e00b6d46e&usid=172.31.255.1_ieu5y4m0p5o1dfluo0cjloo0ebd56fc4&st=140824",
  "list_datetime": "2026-06-03 11:00:00",
  "list_method": "Hút dịch khớp gối",
  "row": {
    "access_id": "8e644d45-bfce-4de1-969c-b45e00b6d46e",
    "known_fields": {
      "stt": "1",
      "ngay_thu_thuat": "13:51 23/07/2026",
      "ma_bn": "26051360",
      "ho_ten": "LÂM MỸ LÝ",
      "gioi_tinh": "Nữ",
      "tuoi": "68 tuổi",
      "doi_tuong": "Viện phí",
      "noi_chi_dinh": "PHÒNG KHÁM CHẤN THƯƠNG CHỈNH HÌNH - 20",
      "chi_dinh_thu_thuat": "Hút dịch khớp gối",
      "tam_ung": "0",
      "phai_thanh_toan": "880,000",
      "tinh_trang": "Thường",
      "thoi_gian_chi_dinh": "11:00 03/06/2026",
      "trang_thai": "Chờ thực hiện"
    },
    "raw_text": "1 13:51 23/07/2026 26051360 LÂM MỸ LÝ Nữ 68 tuổi Viện phí PHÒNG KHÁM CHẤN THƯƠNG CHỈNH HÌNH - 20 Hút dịch khớp gối 0 880,000 Thường 11:00 03/06/2026 Chờ thực hiện",
    "links": [
      {
        "text": "1",
        "href": "http://192.168.2.26:2026/home.aspx?scope=sys&lang=vi&wpid=thuthuatnewdraw&thuthuatid=8e644d45-bfce-4de1-969c-b45e00b6d46e&usid=172.31.255.1_ieu5y4m0p5o1dfluo0cjloo0ebd56fc4&st=140824",
        "onclick": ""
      },
      {
        "text": "13:51 23/07/2026",
        "href": "http://192.168.2.26:2026/home.aspx?scope=sys&lang=vi&wpid=thuthuatnewdraw&thuthuatid=8e644d45-bfce-4de1-969c-b45e00b6d46e&usid=172.31.255.1_ieu5y4m0p5o1dfluo0cjloo0ebd56fc4&st=140824",
        "onclick": ""
      },
      {
        "text": "26051360",
        "href": "http://192.168.2.26:2026/home.aspx?scope=sys&lang=vi&wpid=thuthuatnewdraw&thuthuatid=8e644d45-bfce-4de1-969c-b45e00b6d46e&usid=172.31.255.1_ieu5y4m0p5o1dfluo0cjloo0ebd56fc4&st=140824",
        "onclick": ""
      },
      {
        "text": "LÂM MỸ LÝ",
        "href": "http://192.168.2.26:2026/home.aspx?scope=sys&lang=vi&wpid=thuthuatnewdraw&thuthuatid=8e644d45-bfce-4de1-969c-b45e00b6d46e&usid=172.31.255.1_ieu5y4m0p5o1dfluo0cjloo0ebd56fc4&st=140824",
        "onclick": ""
      },
      {
        "text": "Nữ",
        "href": "http://192.168.2.26:2026/home.aspx?scope=sys&lang=vi&wpid=thuthuatnewdraw&thuthuatid=8e644d45-bfce-4de1-969c-b45e00b6d46e&usid=172.31.255.1_ieu5y4m0p5o1dfluo0cjloo0ebd56fc4&st=140824",
        "onclick": ""
      },
      {
        "text": "68 tuổi",
        "href": "http://192.168.2.26:2026/home.aspx?scope=sys&lang=vi&wpid=thuthuatnewdraw&thuthuatid=8e644d45-bfce-4de1-969c-b45e00b6d46e&usid=172.31.255.1_ieu5y4m0p5o1dfluo0cjloo0ebd56fc4&st=140824",
        "onclick": ""
      },
      {
        "text": "Viện phí",
        "href": "http://192.168.2.26:2026/home.aspx?scope=sys&lang=vi&wpid=thuthuatnewdraw&thuthuatid=8e644d45-bfce-4de1-969c-b45e00b6d46e&usid=172.31.255.1_ieu5y4m0p5o1dfluo0cjloo0ebd56fc4&st=140824",
        "onclick": ""
      },
      {
        "text": "PHÒNG KHÁM CHẤN THƯƠNG CHỈNH HÌNH - 20",
        "href": "http://192.168.2.26:2026/home.aspx?scope=sys&lang=vi&wpid=thuthuatnewdraw&thuthuatid=8e644d45-bfce-4de1-969c-b45e00b6d46e&usid=172.31.255.1_ieu5y4m0p5o1dfluo0cjloo0ebd56fc4&st=140824",
        "onclick": ""
      },
      {
        "text": "Hút dịch khớp gối",
        "href": "http://192.168.2.26:2026/home.aspx?scope=sys&lang=vi&wpid=thuthuatnewdraw&thuthuatid=8e644d45-bfce-4de1-969c-b45e00b6d46e&usid=172.31.255.1_ieu5y4m0p5o1dfluo0cjloo0ebd56fc4&st=140824",
        "onclick": ""
      },
      {
        "text": "0",
        "href": "http://192.168.2.26:2026/home.aspx?scope=sys&lang=vi&wpid=thuthuatnewdraw&thuthuatid=8e644d45-bfce-4de1-969c-b45e00b6d46e&usid=172.31.255.1_ieu5y4m0p5o1dfluo0cjloo0ebd56fc4&st=140824",
        "onclick": ""
      },
      {
        "text": "880,000",
        "href": "http://192.168.2.26:2026/home.aspx?scope=sys&lang=vi&wpid=thuthuatnewdraw&thuthuatid=8e644d45-bfce-4de1-969c-b45e00b6d46e&usid=172.31.255.1_ieu5y4m0p5o1dfluo0cjloo0ebd56fc4&st=140824",
        "onclick": ""
      },
      {
        "text": "Thường",
        "href": "http://192.168.2.26:2026/home.aspx?scope=sys&lang=vi&wpid=thuthuatnewdraw&thuthuatid=8e644d45-bfce-4de1-969c-b45e00b6d46e&usid=172.31.255.1_ieu5y4m0p5o1dfluo0cjloo0ebd56fc4&st=140824",
        "onclick": ""
      },
      {
        "text": "11:00 03/06/2026",
        "href": "http://192.168.2.26:2026/home.aspx?scope=sys&lang=vi&wpid=thuthuatnewdraw&thuthuatid=8e644d45-bfce-4de1-969c-b45e00b6d46e&usid=172.31.255.1_ieu5y4m0p5o1dfluo0cjloo0ebd56fc4&st=140824",
        "onclick": ""
      },
      {
        "text": "Chờ thực hiện",
        "href": "http://192.168.2.26:2026/home.aspx?scope=sys&lang=vi&wpid=thuthuatnewdraw&thuthuatid=8e644d45-bfce-4de1-969c-b45e00b6d46e&usid=172.31.255.1_ieu5y4m0p5o1dfluo0cjloo0ebd56fc4&st=140824",
        "onclick": ""
      }
    ]
  }
}
[2026-07-23 14:08:27.336] [BROWSER] [DETAIL] kind=procedure; access_id=8e644d45-bfce-4de1-969c-b45e00b6d46e; direct_url=yes; onclick=no
[2026-07-23 14:08:27.337] [BROWSER] [DETAIL] Mở liên kết trực tiếp: http://192.168.2.26:2026/home.aspx?scope=sys&lang=vi&wpid=thuthuatnewdraw&thuthuatid=8e644d45-bfce-4de1-969c-b45e00b6d46e&usid=172.31.255.1_ieu5y4m0p5o1dfluo0cjloo0ebd56fc4&st=140824
[2026-07-23 14:08:28.324] [BROWSER] [DETAIL] Dữ liệu đọc được: {"ajax_active": 0, "complete_info": "", "current_url": "http://192.168.2.26:2026/home.aspx?scope=sys&lang=vi&wpid=thuthuatnewdraw&thuthuatid=8e644d45-bfce-4de1-969c-b45e00b6d46e&usid=172.31.255.1_ieu5y4m0p5o1dfluo0cjloo0ebd56fc4&st=140824", "doctor": "Hoàng Minh Tú", "doctor_candidates": [{"id": "txtBacSyChiDinh", "value": "Hoàng Minh Tú"}, {"id": "txtBacSiChiDinh", "value": ""}], "doctor_field": "txtBacSyChiDinh", "doctor_found": true, "method": "Hút dịch khớp gối", "method_candidates": [{"id": "txtChiDinh", "value": "Hút dịch khớp gối"}, {"id": "cbbPhuongPhapTT", "value": ""}], "method_field": "txtChiDinh", "patient_info": "(26051360 | LÂM MỸ LÝ, 01/01/1958, Nữ, 68 tuổi | Viện phí)", "root_found": true, "start_candidates": [{"id": "txtThoiGianChiDinh", "value": "11:00 03/06/2026"}, {"id": "txtTgBatDau", "value": "14:08 23/07/2026"}], "start_time": "11:00 03/06/2026", "start_time_field": "txtThoiGianChiDinh"}
[2026-07-23 14:08:28.326] [BROWSER] [DETAIL] Nguồn bác sĩ: Bác sĩ chỉ định; field=txtBacSyChiDinh; value=Hoàng Minh Tú
[2026-07-23 14:08:28.327] [DETAIL_OK] D/s Thủ thuật: đọc được hồ sơ chi tiết
{
  "doctor_from_emr": "Hoàng Minh Tú",
  "mapped_alias": "TÚ",
  "mapped_name": "Hoàng Minh Tú",
  "start_time": "11:00 03/06/2026",
  "start_time_field": "txtThoiGianChiDinh",
  "method": "Hút dịch khớp gối",
  "method_field": "txtChiDinh",
  "list_time_source": "Thời gian chỉ định",
  "list_method_source": "Chỉ định thủ thuật",
  "current_url": "http://192.168.2.26:2026/home.aspx?scope=sys&lang=vi&wpid=thuthuatnewdraw&thuthuatid=8e644d45-bfce-4de1-969c-b45e00b6d46e&usid=172.31.255.1_ieu5y4m0p5o1dfluo0cjloo0ebd56fc4&st=140824",
  "total_score": 655.0,
  "method_score": 1.0
}
[2026-07-23 14:08:28.328] [EVALUATED] D/s Thủ thuật: đánh giá 1 hồ sơ
{
  "items": [
    {
      "doctor": "Hoàng Minh Tú",
      "alias": "TÚ",
      "detail_datetime": "2026-06-03 11:00:00",
      "method_score": 1.0,
      "total_score": 655.0,
      "confidence_ok": true
    }
  ]
}
[2026-07-23 14:08:28.329] [SOURCE_MATCH] D/s Thủ thuật: đã chọn bác sĩ, không tìm nguồn còn lại
{
  "alias": "TÚ"
}
[2026-07-23 14:08:29.059] [AUTOSAVE_ROW] Dòng 53: đã điền TÚ và lưu ngay
{
  "patient": "LÂM MỸ LÝ",
  "source": "D/s Thủ thuật",
  "doctor_name": "Hoàng Minh Tú",
  "emr_doctor": "Hoàng Minh Tú",
  "matched_time": "11:00 03/06/2026",
  "matched_method": "Hút dịch khớp gối",
  "progress": "3/10",
  "output": "E:\\Thong_ke\\node_outputs\\PM khoa CTCH T6_NHAP_LIEU.xlsx"
}
[2026-07-23 14:08:29.060] [ROW_END] Kết thúc dòng 53
{
  "status": "updated",
  "new_value": "TÚ",
  "reason": null
}
[2026-07-23 14:08:29.060] [ROW_BEGIN] [4/10] Bắt đầu dòng 55: VÕ VĂN VỊNH
{
  "raw_time": "2026/06/03 14:55",
  "parsed_time": "14:55 03/06/2026",
  "method": "Tiêm gân duỗi ngón tay",
  "old_value": ""
}
[2026-07-23 14:08:29.062] [SEARCH_BEGIN] dòng 55: tìm VÕ VĂN VỊNH tại D/s Thủ thuật
{
  "patient": "VÕ VĂN VỊNH",
  "target_time": "2026-06-03 14:55:00",
  "target_method": "Tiêm gân duỗi ngón tay",
  "source": "procedure"
}
[2026-07-23 14:08:29.422] [BROWSER] [NAV] D/s Thủ thuật: http://192.168.2.26:2026/home.aspx?scope=sys&lang=vi&wpid=danhsachthuthuatdraw&role=323&usid=172.31.255.1_ieu5y4m0p5o1dfluo0cjloo0ebd56fc4&st=140824
[2026-07-23 14:08:31.451] [BROWSER] [FILTER] 3 tháng
[2026-07-23 14:08:32.008] [BROWSER] [SEARCH] Nhập 'VÕ VĂN VỊNH' vào #txtTimKiem
[2026-07-23 14:08:32.224] [BROWSER] [SEARCH] Đã bấm Tìm kiếm bằng #btnTimKiem
[2026-07-23 14:08:32.247] [BROWSER] [RESULT] D/s Thủ thuật: 1 dòng
[2026-07-23 14:08:32.261] [SEARCH_RESULT] D/s Thủ thuật: nhận 1 dòng
{
  "current_url": "http://192.168.2.26:2026/home.aspx?scope=sys&lang=vi&wpid=danhsachthuthuatdraw&role=323&usid=172.31.255.1_ieu5y4m0p5o1dfluo0cjloo0ebd56fc4&st=140824",
  "search_input_id": "txtTimKiem",
  "search_trigger": "#btnTimKiem",
  "headers": [
    "STT",
    "Ngày thủ thuật",
    "Mã BN",
    "Họ tên",
    "Giới tính",
    "Tuổi",
    "Đối tượng",
    "Nơi chỉ định",
    "Chỉ định thủ thuật",
    "Tạm ứng",
    "Phải thanh toán",
    "Tình trạng",
    "Thời gian chỉ định",
    "Trạng thái"
  ],
  "rows": [
    {
      "access_id": "03a6b4c9-cd00-420f-a5e4-b45e00f9388c",
      "known_fields": {
        "stt": "1",
        "ngay_thu_thuat": "13:51 23/07/2026",
        "ma_bn": "26038752",
        "ho_ten": "VÕ VĂN VỊNH",
        "gioi_tinh": "Nam",
        "tuoi": "43 tuổi",
        "doi_tuong": "Viện phí",
        "noi_chi_dinh": "PHÒNG KHÁM CHẤN THƯƠNG CHỈNH HÌNH - 20",
        "chi_dinh_thu_thuat": "Tiêm gân duỗi ngón tay",
        "tam_ung": "0",
        "phai_thanh_toan": "530,000",
        "tinh_trang": "Thường",
        "thoi_gian_chi_dinh": "14:55 03/06/2026",
        "trang_thai": "Chờ thực hiện"
      },
      "raw_text": "1 13:51 23/07/2026 26038752 VÕ VĂN VỊNH Nam 43 tuổi Viện phí PHÒNG KHÁM CHẤN THƯƠNG CHỈNH HÌNH - 20 Tiêm gân duỗi ngón tay 0 530,000 Thường 14:55 03/06/2026 Chờ thực hiện",
      "links": [
        {
          "text": "1",
          "href": "http://192.168.2.26:2026/home.aspx?scope=sys&lang=vi&wpid=thuthuatnewdraw&thuthuatid=03a6b4c9-cd00-420f-a5e4-b45e00f9388c&usid=172.31.255.1_ieu5y4m0p5o1dfluo0cjloo0ebd56fc4&st=140829",
          "onclick": ""
        },
        {
          "text": "13:51 23/07/2026",
          "href": "http://192.168.2.26:2026/home.aspx?scope=sys&lang=vi&wpid=thuthuatnewdraw&thuthuatid=03a6b4c9-cd00-420f-a5e4-b45e00f9388c&usid=172.31.255.1_ieu5y4m0p5o1dfluo0cjloo0ebd56fc4&st=140829",
          "onclick": ""
        },
        {
          "text": "26038752",
          "href": "http://192.168.2.26:2026/home.aspx?scope=sys&lang=vi&wpid=thuthuatnewdraw&thuthuatid=03a6b4c9-cd00-420f-a5e4-b45e00f9388c&usid=172.31.255.1_ieu5y4m0p5o1dfluo0cjloo0ebd56fc4&st=140829",
          "onclick": ""
        },
        {
          "text": "VÕ VĂN VỊNH",
          "href": "http://192.168.2.26:2026/home.aspx?scope=sys&lang=vi&wpid=thuthuatnewdraw&thuthuatid=03a6b4c9-cd00-420f-a5e4-b45e00f9388c&usid=172.31.255.1_ieu5y4m0p5o1dfluo0cjloo0ebd56fc4&st=140829",
          "onclick": ""
        },
        {
          "text": "Nam",
          "href": "http://192.168.2.26:2026/home.aspx?scope=sys&lang=vi&wpid=thuthuatnewdraw&thuthuatid=03a6b4c9-cd00-420f-a5e4-b45e00f9388c&usid=172.31.255.1_ieu5y4m0p5o1dfluo0cjloo0ebd56fc4&st=140829",
          "onclick": ""
        },
        {
          "text": "43 tuổi",
          "href": "http://192.168.2.26:2026/home.aspx?scope=sys&lang=vi&wpid=thuthuatnewdraw&thuthuatid=03a6b4c9-cd00-420f-a5e4-b45e00f9388c&usid=172.31.255.1_ieu5y4m0p5o1dfluo0cjloo0ebd56fc4&st=140829",
          "onclick": ""
        },
        {
          "text": "Viện phí",
          "href": "http://192.168.2.26:2026/home.aspx?scope=sys&lang=vi&wpid=thuthuatnewdraw&thuthuatid=03a6b4c9-cd00-420f-a5e4-b45e00f9388c&usid=172.31.255.1_ieu5y4m0p5o1dfluo0cjloo0ebd56fc4&st=140829",
          "onclick": ""
        },
        {
          "text": "PHÒNG KHÁM CHẤN THƯƠNG CHỈNH HÌNH - 20",
          "href": "http://192.168.2.26:2026/home.aspx?scope=sys&lang=vi&wpid=thuthuatnewdraw&thuthuatid=03a6b4c9-cd00-420f-a5e4-b45e00f9388c&usid=172.31.255.1_ieu5y4m0p5o1dfluo0cjloo0ebd56fc4&st=140829",
          "onclick": ""
        },
        {
          "text": "Tiêm gân duỗi ngón tay",
          "href": "http://192.168.2.26:2026/home.aspx?scope=sys&lang=vi&wpid=thuthuatnewdraw&thuthuatid=03a6b4c9-cd00-420f-a5e4-b45e00f9388c&usid=172.31.255.1_ieu5y4m0p5o1dfluo0cjloo0ebd56fc4&st=140829",
          "onclick": ""
        },
        {
          "text": "0",
          "href": "http://192.168.2.26:2026/home.aspx?scope=sys&lang=vi&wpid=thuthuatnewdraw&thuthuatid=03a6b4c9-cd00-420f-a5e4-b45e00f9388c&usid=172.31.255.1_ieu5y4m0p5o1dfluo0cjloo0ebd56fc4&st=140829",
          "onclick": ""
        },
        {
          "text": "530,000",
          "href": "http://192.168.2.26:2026/home.aspx?scope=sys&lang=vi&wpid=thuthuatnewdraw&thuthuatid=03a6b4c9-cd00-420f-a5e4-b45e00f9388c&usid=172.31.255.1_ieu5y4m0p5o1dfluo0cjloo0ebd56fc4&st=140829",
          "onclick": ""
        },
        {
          "text": "Thường",
          "href": "http://192.168.2.26:2026/home.aspx?scope=sys&lang=vi&wpid=thuthuatnewdraw&thuthuatid=03a6b4c9-cd00-420f-a5e4-b45e00f9388c&usid=172.31.255.1_ieu5y4m0p5o1dfluo0cjloo0ebd56fc4&st=140829",
          "onclick": ""
        },
        {
          "text": "14:55 03/06/2026",
          "href": "http://192.168.2.26:2026/home.aspx?scope=sys&lang=vi&wpid=thuthuatnewdraw&thuthuatid=03a6b4c9-cd00-420f-a5e4-b45e00f9388c&usid=172.31.255.1_ieu5y4m0p5o1dfluo0cjloo0ebd56fc4&st=140829",
          "onclick": ""
        },
        {
          "text": "Chờ thực hiện",
          "href": "http://192.168.2.26:2026/home.aspx?scope=sys&lang=vi&wpid=thuthuatnewdraw&thuthuatid=03a6b4c9-cd00-420f-a5e4-b45e00f9388c&usid=172.31.255.1_ieu5y4m0p5o1dfluo0cjloo0ebd56fc4&st=140829",
          "onclick": ""
        }
      ]
    }
  ]
}
[2026-07-23 14:08:32.264] [CANDIDATES] D/s Thủ thuật: có 1 ứng viên cùng người bệnh
{
  "candidates": [
    {
      "list_score": 205.0,
      "list_datetime": "2026-06-03 14:55:00",
      "list_time_source": "Thời gian chỉ định",
      "list_method": "Tiêm gân duỗi ngón tay",
      "list_method_source": "Chỉ định thủ thuật",
      "method_score": 1.0,
      "detail_marker": "http://192.168.2.26:2026/home.aspx?scope=sys&lang=vi&wpid=thuthuatnewdraw&thuthuatid=03a6b4c9-cd00-420f-a5e4-b45e00f9388c&usid=172.31.255.1_ieu5y4m0p5o1dfluo0cjloo0ebd56fc4&st=140829",
      "row": {
        "access_id": "03a6b4c9-cd00-420f-a5e4-b45e00f9388c",
        "known_fields": {
          "stt": "1",
          "ngay_thu_thuat": "13:51 23/07/2026",
          "ma_bn": "26038752",
          "ho_ten": "VÕ VĂN VỊNH",
          "gioi_tinh": "Nam",
          "tuoi": "43 tuổi",
          "doi_tuong": "Viện phí",
          "noi_chi_dinh": "PHÒNG KHÁM CHẤN THƯƠNG CHỈNH HÌNH - 20",
          "chi_dinh_thu_thuat": "Tiêm gân duỗi ngón tay",
          "tam_ung": "0",
          "phai_thanh_toan": "530,000",
          "tinh_trang": "Thường",
          "thoi_gian_chi_dinh": "14:55 03/06/2026",
          "trang_thai": "Chờ thực hiện"
        },
        "raw_text": "1 13:51 23/07/2026 26038752 VÕ VĂN VỊNH Nam 43 tuổi Viện phí PHÒNG KHÁM CHẤN THƯƠNG CHỈNH HÌNH - 20 Tiêm gân duỗi ngón tay 0 530,000 Thường 14:55 03/06/2026 Chờ thực hiện",
        "links": [
          {
            "text": "1",
            "href": "http://192.168.2.26:2026/home.aspx?scope=sys&lang=vi&wpid=thuthuatnewdraw&thuthuatid=03a6b4c9-cd00-420f-a5e4-b45e00f9388c&usid=172.31.255.1_ieu5y4m0p5o1dfluo0cjloo0ebd56fc4&st=140829",
            "onclick": ""
          },
          {
            "text": "13:51 23/07/2026",
            "href": "http://192.168.2.26:2026/home.aspx?scope=sys&lang=vi&wpid=thuthuatnewdraw&thuthuatid=03a6b4c9-cd00-420f-a5e4-b45e00f9388c&usid=172.31.255.1_ieu5y4m0p5o1dfluo0cjloo0ebd56fc4&st=140829",
            "onclick": ""
          },
          {
            "text": "26038752",
            "href": "http://192.168.2.26:2026/home.aspx?scope=sys&lang=vi&wpid=thuthuatnewdraw&thuthuatid=03a6b4c9-cd00-420f-a5e4-b45e00f9388c&usid=172.31.255.1_ieu5y4m0p5o1dfluo0cjloo0ebd56fc4&st=140829",
            "onclick": ""
          },
          {
            "text": "VÕ VĂN VỊNH",
            "href": "http://192.168.2.26:2026/home.aspx?scope=sys&lang=vi&wpid=thuthuatnewdraw&thuthuatid=03a6b4c9-cd00-420f-a5e4-b45e00f9388c&usid=172.31.255.1_ieu5y4m0p5o1dfluo0cjloo0ebd56fc4&st=140829",
            "onclick": ""
          },
          {
            "text": "Nam",
            "href": "http://192.168.2.26:2026/home.aspx?scope=sys&lang=vi&wpid=thuthuatnewdraw&thuthuatid=03a6b4c9-cd00-420f-a5e4-b45e00f9388c&usid=172.31.255.1_ieu5y4m0p5o1dfluo0cjloo0ebd56fc4&st=140829",
            "onclick": ""
          },
          {
            "text": "43 tuổi",
            "href": "http://192.168.2.26:2026/home.aspx?scope=sys&lang=vi&wpid=thuthuatnewdraw&thuthuatid=03a6b4c9-cd00-420f-a5e4-b45e00f9388c&usid=172.31.255.1_ieu5y4m0p5o1dfluo0cjloo0ebd56fc4&st=140829",
            "onclick": ""
          },
          {
            "text": "Viện phí",
            "href": "http://192.168.2.26:2026/home.aspx?scope=sys&lang=vi&wpid=thuthuatnewdraw&thuthuatid=03a6b4c9-cd00-420f-a5e4-b45e00f9388c&usid=172.31.255.1_ieu5y4m0p5o1dfluo0cjloo0ebd56fc4&st=140829",
            "onclick": ""
          },
          {
            "text": "PHÒNG KHÁM CHẤN THƯƠNG CHỈNH HÌNH - 20",
            "href": "http://192.168.2.26:2026/home.aspx?scope=sys&lang=vi&wpid=thuthuatnewdraw&thuthuatid=03a6b4c9-cd00-420f-a5e4-b45e00f9388c&usid=172.31.255.1_ieu5y4m0p5o1dfluo0cjloo0ebd56fc4&st=140829",
            "onclick": ""
          },
          {
            "text": "Tiêm gân duỗi ngón tay",
            "href": "http://192.168.2.26:2026/home.aspx?scope=sys&lang=vi&wpid=thuthuatnewdraw&thuthuatid=03a6b4c9-cd00-420f-a5e4-b45e00f9388c&usid=172.31.255.1_ieu5y4m0p5o1dfluo0cjloo0ebd56fc4&st=140829",
            "onclick": ""
          },
          {
            "text": "0",
            "href": "http://192.168.2.26:2026/home.aspx?scope=sys&lang=vi&wpid=thuthuatnewdraw&thuthuatid=03a6b4c9-cd00-420f-a5e4-b45e00f9388c&usid=172.31.255.1_ieu5y4m0p5o1dfluo0cjloo0ebd56fc4&st=140829",
            "onclick": ""
          },
          {
            "text": "530,000",
            "href": "http://192.168.2.26:2026/home.aspx?scope=sys&lang=vi&wpid=thuthuatnewdraw&thuthuatid=03a6b4c9-cd00-420f-a5e4-b45e00f9388c&usid=172.31.255.1_ieu5y4m0p5o1dfluo0cjloo0ebd56fc4&st=140829",
            "onclick": ""
          },
          {
            "text": "Thường",
            "href": "http://192.168.2.26:2026/home.aspx?scope=sys&lang=vi&wpid=thuthuatnewdraw&thuthuatid=03a6b4c9-cd00-420f-a5e4-b45e00f9388c&usid=172.31.255.1_ieu5y4m0p5o1dfluo0cjloo0ebd56fc4&st=140829",
            "onclick": ""
          },
          {
            "text": "14:55 03/06/2026",
            "href": "http://192.168.2.26:2026/home.aspx?scope=sys&lang=vi&wpid=thuthuatnewdraw&thuthuatid=03a6b4c9-cd00-420f-a5e4-b45e00f9388c&usid=172.31.255.1_ieu5y4m0p5o1dfluo0cjloo0ebd56fc4&st=140829",
            "onclick": ""
          },
          {
            "text": "Chờ thực hiện",
            "href": "http://192.168.2.26:2026/home.aspx?scope=sys&lang=vi&wpid=thuthuatnewdraw&thuthuatid=03a6b4c9-cd00-420f-a5e4-b45e00f9388c&usid=172.31.255.1_ieu5y4m0p5o1dfluo0cjloo0ebd56fc4&st=140829",
            "onclick": ""
          }
        ]
      }
    }
  ]
}
[2026-07-23 14:08:32.265] [DETAIL_BEGIN] D/s Thủ thuật: mở ứng viên 1
{
  "detail_marker": "http://192.168.2.26:2026/home.aspx?scope=sys&lang=vi&wpid=thuthuatnewdraw&thuthuatid=03a6b4c9-cd00-420f-a5e4-b45e00f9388c&usid=172.31.255.1_ieu5y4m0p5o1dfluo0cjloo0ebd56fc4&st=140829",
  "list_datetime": "2026-06-03 14:55:00",
  "list_method": "Tiêm gân duỗi ngón tay",
  "row": {
    "access_id": "03a6b4c9-cd00-420f-a5e4-b45e00f9388c",
    "known_fields": {
      "stt": "1",
      "ngay_thu_thuat": "13:51 23/07/2026",
      "ma_bn": "26038752",
      "ho_ten": "VÕ VĂN VỊNH",
      "gioi_tinh": "Nam",
      "tuoi": "43 tuổi",
      "doi_tuong": "Viện phí",
      "noi_chi_dinh": "PHÒNG KHÁM CHẤN THƯƠNG CHỈNH HÌNH - 20",
      "chi_dinh_thu_thuat": "Tiêm gân duỗi ngón tay",
      "tam_ung": "0",
      "phai_thanh_toan": "530,000",
      "tinh_trang": "Thường",
      "thoi_gian_chi_dinh": "14:55 03/06/2026",
      "trang_thai": "Chờ thực hiện"
    },
    "raw_text": "1 13:51 23/07/2026 26038752 VÕ VĂN VỊNH Nam 43 tuổi Viện phí PHÒNG KHÁM CHẤN THƯƠNG CHỈNH HÌNH - 20 Tiêm gân duỗi ngón tay 0 530,000 Thường 14:55 03/06/2026 Chờ thực hiện",
    "links": [
      {
        "text": "1",
        "href": "http://192.168.2.26:2026/home.aspx?scope=sys&lang=vi&wpid=thuthuatnewdraw&thuthuatid=03a6b4c9-cd00-420f-a5e4-b45e00f9388c&usid=172.31.255.1_ieu5y4m0p5o1dfluo0cjloo0ebd56fc4&st=140829",
        "onclick": ""
      },
      {
        "text": "13:51 23/07/2026",
        "href": "http://192.168.2.26:2026/home.aspx?scope=sys&lang=vi&wpid=thuthuatnewdraw&thuthuatid=03a6b4c9-cd00-420f-a5e4-b45e00f9388c&usid=172.31.255.1_ieu5y4m0p5o1dfluo0cjloo0ebd56fc4&st=140829",
        "onclick": ""
      },
      {
        "text": "26038752",
        "href": "http://192.168.2.26:2026/home.aspx?scope=sys&lang=vi&wpid=thuthuatnewdraw&thuthuatid=03a6b4c9-cd00-420f-a5e4-b45e00f9388c&usid=172.31.255.1_ieu5y4m0p5o1dfluo0cjloo0ebd56fc4&st=140829",
        "onclick": ""
      },
      {
        "text": "VÕ VĂN VỊNH",
        "href": "http://192.168.2.26:2026/home.aspx?scope=sys&lang=vi&wpid=thuthuatnewdraw&thuthuatid=03a6b4c9-cd00-420f-a5e4-b45e00f9388c&usid=172.31.255.1_ieu5y4m0p5o1dfluo0cjloo0ebd56fc4&st=140829",
        "onclick": ""
      },
      {
        "text": "Nam",
        "href": "http://192.168.2.26:2026/home.aspx?scope=sys&lang=vi&wpid=thuthuatnewdraw&thuthuatid=03a6b4c9-cd00-420f-a5e4-b45e00f9388c&usid=172.31.255.1_ieu5y4m0p5o1dfluo0cjloo0ebd56fc4&st=140829",
        "onclick": ""
      },
      {
        "text": "43 tuổi",
        "href": "http://192.168.2.26:2026/home.aspx?scope=sys&lang=vi&wpid=thuthuatnewdraw&thuthuatid=03a6b4c9-cd00-420f-a5e4-b45e00f9388c&usid=172.31.255.1_ieu5y4m0p5o1dfluo0cjloo0ebd56fc4&st=140829",
        "onclick": ""
      },
      {
        "text": "Viện phí",
        "href": "http://192.168.2.26:2026/home.aspx?scope=sys&lang=vi&wpid=thuthuatnewdraw&thuthuatid=03a6b4c9-cd00-420f-a5e4-b45e00f9388c&usid=172.31.255.1_ieu5y4m0p5o1dfluo0cjloo0ebd56fc4&st=140829",
        "onclick": ""
      },
      {
        "text": "PHÒNG KHÁM CHẤN THƯƠNG CHỈNH HÌNH - 20",
        "href": "http://192.168.2.26:2026/home.aspx?scope=sys&lang=vi&wpid=thuthuatnewdraw&thuthuatid=03a6b4c9-cd00-420f-a5e4-b45e00f9388c&usid=172.31.255.1_ieu5y4m0p5o1dfluo0cjloo0ebd56fc4&st=140829",
        "onclick": ""
      },
      {
        "text": "Tiêm gân duỗi ngón tay",
        "href": "http://192.168.2.26:2026/home.aspx?scope=sys&lang=vi&wpid=thuthuatnewdraw&thuthuatid=03a6b4c9-cd00-420f-a5e4-b45e00f9388c&usid=172.31.255.1_ieu5y4m0p5o1dfluo0cjloo0ebd56fc4&st=140829",
        "onclick": ""
      },
      {
        "text": "0",
        "href": "http://192.168.2.26:2026/home.aspx?scope=sys&lang=vi&wpid=thuthuatnewdraw&thuthuatid=03a6b4c9-cd00-420f-a5e4-b45e00f9388c&usid=172.31.255.1_ieu5y4m0p5o1dfluo0cjloo0ebd56fc4&st=140829",
        "onclick": ""
      },
      {
        "text": "530,000",
        "href": "http://192.168.2.26:2026/home.aspx?scope=sys&lang=vi&wpid=thuthuatnewdraw&thuthuatid=03a6b4c9-cd00-420f-a5e4-b45e00f9388c&usid=172.31.255.1_ieu5y4m0p5o1dfluo0cjloo0ebd56fc4&st=140829",
        "onclick": ""
      },
      {
        "text": "Thường",
        "href": "http://192.168.2.26:2026/home.aspx?scope=sys&lang=vi&wpid=thuthuatnewdraw&thuthuatid=03a6b4c9-cd00-420f-a5e4-b45e00f9388c&usid=172.31.255.1_ieu5y4m0p5o1dfluo0cjloo0ebd56fc4&st=140829",
        "onclick": ""
      },
      {
        "text": "14:55 03/06/2026",
        "href": "http://192.168.2.26:2026/home.aspx?scope=sys&lang=vi&wpid=thuthuatnewdraw&thuthuatid=03a6b4c9-cd00-420f-a5e4-b45e00f9388c&usid=172.31.255.1_ieu5y4m0p5o1dfluo0cjloo0ebd56fc4&st=140829",
        "onclick": ""
      },
      {
        "text": "Chờ thực hiện",
        "href": "http://192.168.2.26:2026/home.aspx?scope=sys&lang=vi&wpid=thuthuatnewdraw&thuthuatid=03a6b4c9-cd00-420f-a5e4-b45e00f9388c&usid=172.31.255.1_ieu5y4m0p5o1dfluo0cjloo0ebd56fc4&st=140829",
        "onclick": ""
      }
    ]
  }
}
[2026-07-23 14:08:32.279] [BROWSER] [DETAIL] kind=procedure; access_id=03a6b4c9-cd00-420f-a5e4-b45e00f9388c; direct_url=yes; onclick=no
[2026-07-23 14:08:32.280] [BROWSER] [DETAIL] Mở liên kết trực tiếp: http://192.168.2.26:2026/home.aspx?scope=sys&lang=vi&wpid=thuthuatnewdraw&thuthuatid=03a6b4c9-cd00-420f-a5e4-b45e00f9388c&usid=172.31.255.1_ieu5y4m0p5o1dfluo0cjloo0ebd56fc4&st=140829
[2026-07-23 14:08:33.314] [BROWSER] [DETAIL] Dữ liệu đọc được: {"ajax_active": 0, "complete_info": "", "current_url": "http://192.168.2.26:2026/home.aspx?scope=sys&lang=vi&wpid=thuthuatnewdraw&thuthuatid=03a6b4c9-cd00-420f-a5e4-b45e00f9388c&usid=172.31.255.1_ieu5y4m0p5o1dfluo0cjloo0ebd56fc4&st=140829", "doctor": "Trần Nguyễn Anh Duy", "doctor_candidates": [{"id": "txtBacSyChiDinh", "value": "Trần Nguyễn Anh Duy"}, {"id": "txtBacSiChiDinh", "value": ""}], "doctor_field": "txtBacSyChiDinh", "doctor_found": true, "method": "Tiêm gân duỗi ngón tay", "method_candidates": [{"id": "txtChiDinh", "value": "Tiêm gân duỗi ngón tay"}, {"id": "cbbPhuongPhapTT", "value": ""}], "method_field": "txtChiDinh", "patient_info": "(26038752 | VÕ VĂN VỊNH, 30/11/1983, Nam, 43 tuổi | Viện phí)", "root_found": true, "start_candidates": [{"id": "txtThoiGianChiDinh", "value": "14:55 03/06/2026"}, {"id": "txtTgBatDau", "value": "14:08 23/07/2026"}], "start_time": "14:55 03/06/2026", "start_time_field": "txtThoiGianChiDinh"}
[2026-07-23 14:08:33.316] [BROWSER] [DETAIL] Nguồn bác sĩ: Bác sĩ chỉ định; field=txtBacSyChiDinh; value=Trần Nguyễn Anh Duy
[2026-07-23 14:08:33.318] [DETAIL_OK] D/s Thủ thuật: đọc được hồ sơ chi tiết
{
  "doctor_from_emr": "Trần Nguyễn Anh Duy",
  "mapped_alias": "DUY",
  "mapped_name": "Trần Nguyễn Anh Duy",
  "start_time": "14:55 03/06/2026",
  "start_time_field": "txtThoiGianChiDinh",
  "method": "Tiêm gân duỗi ngón tay",
  "method_field": "txtChiDinh",
  "list_time_source": "Thời gian chỉ định",
  "list_method_source": "Chỉ định thủ thuật",
  "current_url": "http://192.168.2.26:2026/home.aspx?scope=sys&lang=vi&wpid=thuthuatnewdraw&thuthuatid=03a6b4c9-cd00-420f-a5e4-b45e00f9388c&usid=172.31.255.1_ieu5y4m0p5o1dfluo0cjloo0ebd56fc4&st=140829",
  "total_score": 655.0,
  "method_score": 1.0
}
[2026-07-23 14:08:33.318] [EVALUATED] D/s Thủ thuật: đánh giá 1 hồ sơ
{
  "items": [
    {
      "doctor": "Trần Nguyễn Anh Duy",
      "alias": "DUY",
      "detail_datetime": "2026-06-03 14:55:00",
      "method_score": 1.0,
      "total_score": 655.0,
      "confidence_ok": true
    }
  ]
}
[2026-07-23 14:08:33.319] [SOURCE_MATCH] D/s Thủ thuật: đã chọn bác sĩ, không tìm nguồn còn lại
{
  "alias": "DUY"
}
[2026-07-23 14:08:34.049] [AUTOSAVE_ROW] Dòng 55: đã điền DUY và lưu ngay
{
  "patient": "VÕ VĂN VỊNH",
  "source": "D/s Thủ thuật",
  "doctor_name": "Trần Nguyễn Anh Duy",
  "emr_doctor": "Trần Nguyễn Anh Duy",
  "matched_time": "14:55 03/06/2026",
  "matched_method": "Tiêm gân duỗi ngón tay",
  "progress": "4/10",
  "output": "E:\\Thong_ke\\node_outputs\\PM khoa CTCH T6_NHAP_LIEU.xlsx"
}
[2026-07-23 14:08:34.050] [ROW_END] Kết thúc dòng 55
{
  "status": "updated",
  "new_value": "DUY",
  "reason": null
}
[2026-07-23 14:08:34.051] [ROW_BEGIN] [5/10] Bắt đầu dòng 87: LÊ TRÍ HIẾU
{
  "raw_time": "2026/06/23 08:14",
  "parsed_time": "08:14 23/06/2026",
  "method": "Hút ổ viêm/áp xe phần mềm",
  "old_value": ""
}
[2026-07-23 14:08:34.052] [SEARCH_BEGIN] dòng 87: tìm LÊ TRÍ HIẾU tại D/s Thủ thuật
{
  "patient": "LÊ TRÍ HIẾU",
  "target_time": "2026-06-23 08:14:00",
  "target_method": "Hút ổ viêm/áp xe phần mềm",
  "source": "procedure"
}
[2026-07-23 14:08:34.386] [BROWSER] [NAV] D/s Thủ thuật: http://192.168.2.26:2026/home.aspx?scope=sys&lang=vi&wpid=danhsachthuthuatdraw&role=323&usid=172.31.255.1_ieu5y4m0p5o1dfluo0cjloo0ebd56fc4&st=140829
[2026-07-23 14:08:36.559] [BROWSER] [FILTER] 3 tháng
[2026-07-23 14:08:37.095] [BROWSER] [SEARCH] Nhập 'LÊ TRÍ HIẾU' vào #txtTimKiem
[2026-07-23 14:08:37.387] [BROWSER] [SEARCH] Đã bấm Tìm kiếm bằng #btnTimKiem
[2026-07-23 14:08:37.424] [BROWSER] [RESULT] D/s Thủ thuật: 11 dòng
[2026-07-23 14:08:37.435] [SEARCH_RESULT] D/s Thủ thuật: nhận 11 dòng
{
  "current_url": "http://192.168.2.26:2026/home.aspx?scope=sys&lang=vi&wpid=danhsachthuthuatdraw&role=323&usid=172.31.255.1_ieu5y4m0p5o1dfluo0cjloo0ebd56fc4&st=140829",
  "search_input_id": "txtTimKiem",
  "search_trigger": "#btnTimKiem",
  "headers": [
    "STT",
    "Ngày thủ thuật",
    "Mã BN",
    "Họ tên",
    "Giới tính",
    "Tuổi",
    "Đối tượng",
    "Nơi chỉ định",
    "Chỉ định thủ thuật",
    "Tạm ứng",
    "Phải thanh toán",
    "Tình trạng",
    "Thời gian chỉ định",
    "Trạng thái"
  ],
  "rows": [
    {
      "access_id": "7bf4a027-9ed8-4c1e-8ce9-b438000c022e",
      "known_fields": {
        "stt": "1",
        "ngay_thu_thuat": "07:20 26/04/2026",
        "ma_bn": "26049739",
        "ho_ten": "LÊ TRÍ HIẾU",
        "gioi_tinh": "Nam",
        "tuoi": "44 tuổi",
        "doi_tuong": "Viện phí",
        "noi_chi_dinh": "Khoa Ngoại Chấn Thương Chỉnh Hình và Thần Kinh",
        "chi_dinh_thu_thuat": "Thay băng, cắt chỉ vết mổ [chiều dài ≤ 15cm]",
        "tam_ung": "0",
        "phai_thanh_toan": "0",
        "tinh_trang": "Thường",
        "thoi_gian_chi_dinh": "05:00 26/04/2026",
        "trang_thai": "Hoàn tất"
      },
      "raw_text": "1 07:20 26/04/2026 26049739 LÊ TRÍ HIẾU Nam 44 tuổi Viện phí Khoa Ngoại Chấn Thương Chỉnh Hình và Thần Kinh Thay băng, cắt chỉ vết mổ [chiều dài ≤ 15cm] 0 0 Thường 05:00 26/04/2026 Hoàn tất",
      "links": [
        {
          "text": "1",
          "href": "http://192.168.2.26:2026/home.aspx?scope=sys&lang=vi&wpid=thuthuatnewdraw&thuthuatid=7bf4a027-9ed8-4c1e-8ce9-b438000c022e&usid=172.31.255.1_ieu5y4m0p5o1dfluo0cjloo0ebd56fc4&st=140834",
          "onclick": ""
        },
        {
          "text": "07:20 26/04/2026",
          "href": "http://192.168.2.26:2026/home.aspx?scope=sys&lang=vi&wpid=thuthuatnewdraw&thuthuatid=7bf4a027-9ed8-4c1e-8ce9-b438000c022e&usid=172.31.255.1_ieu5y4m0p5o1dfluo0cjloo0ebd56fc4&st=140834",
          "onclick": ""
        },
        {
          "text": "26049739",
          "href": "http://192.168.2.26:2026/home.aspx?scope=sys&lang=vi&wpid=thuthuatnewdraw&thuthuatid=7bf4a027-9ed8-4c1e-8ce9-b438000c022e&usid=172.31.255.1_ieu5y4m0p5o1dfluo0cjloo0ebd56fc4&st=140834",
          "onclick": ""
        },
        {
          "text": "LÊ TRÍ HIẾU",
          "href": "http://192.168.2.26:2026/home.aspx?scope=sys&lang=vi&wpid=thuthuatnewdraw&thuthuatid=7bf4a027-9ed8-4c1e-8ce9-b438000c022e&usid=172.31.255.1_ieu5y4m0p5o1dfluo0cjloo0ebd56fc4&st=140834",
          "onclick": ""
        },
        {
          "text": "Nam",
          "href": "http://192.168.2.26:2026/home.aspx?scope=sys&lang=vi&wpid=thuthuatnewdraw&thuthuatid=7bf4a027-9ed8-4c1e-8ce9-b438000c022e&usid=172.31.255.1_ieu5y4m0p5o1dfluo0cjloo0ebd56fc4&st=140834",
          "onclick": ""
        },
        {
          "text": "44 tuổi",
          "href": "http://192.168.2.26:2026/home.aspx?scope=sys&lang=vi&wpid=thuthuatnewdraw&thuthuatid=7bf4a027-9ed8-4c1e-8ce9-b438000c022e&usid=172.31.255.1_ieu5y4m0p5o1dfluo0cjloo0ebd56fc4&st=140834",
          "onclick": ""
        },
        {
          "text": "Viện phí",
          "href": "http://192.168.2.26:2026/home.aspx?scope=sys&lang=vi&wpid=thuthuatnewdraw&thuthuatid=7bf4a027-9ed8-4c1e-8ce9-b438000c022e&usid=172.31.255.1_ieu5y4m0p5o1dfluo0cjloo0ebd56fc4&st=140834",
          "onclick": ""
        },
        {
          "text": "Khoa Ngoại Chấn Thương Chỉnh Hình và Thần Kinh",
          "href": "http://192.168.2.26:2026/home.aspx?scope=sys&lang=vi&wpid=thuthuatnewdraw&thuthuatid=7bf4a027-9ed8-4c1e-8ce9-b438000c022e&usid=172.31.255.1_ieu5y4m0p5o1dfluo0cjloo0ebd56fc4&st=140834",
          "onclick": ""
        },
        {
          "text": "Thay băng, cắt chỉ vết mổ [chiều dài ≤ 15cm]",
          "href": "http://192.168.2.26:2026/home.aspx?scope=sys&lang=vi&wpid=thuthuatnewdraw&thuthuatid=7bf4a027-9ed8-4c1e-8ce9-b438000c022e&usid=172.31.255.1_ieu5y4m0p5o1dfluo0cjloo0ebd56fc4&st=140834",
          "onclick": ""
        },
        {
          "text": "0",
          "href": "http://192.168.2.26:2026/home.aspx?scope=sys&lang=vi&wpid=thuthuatnewdraw&thuthuatid=7bf4a027-9ed8-4c1e-8ce9-b438000c022e&usid=172.31.255.1_ieu5y4m0p5o1dfluo0cjloo0ebd56fc4&st=140834",
          "onclick": ""
        },
        {
          "text": "0",
          "href": "http://192.168.2.26:2026/home.aspx?scope=sys&lang=vi&wpid=thuthuatnewdraw&thuthuatid=7bf4a027-9ed8-4c1e-8ce9-b438000c022e&usid=172.31.255.1_ieu5y4m0p5o1dfluo0cjloo0ebd56fc4&st=140834",
          "onclick": ""
        },
        {
          "text": "Thường",
          "href": "http://192.168.2.26:2026/home.aspx?scope=sys&lang=vi&wpid=thuthuatnewdraw&thuthuatid=7bf4a027-9ed8-4c1e-8ce9-b438000c022e&usid=172.31.255.1_ieu5y4m0p5o1dfluo0cjloo0ebd56fc4&st=140834",
          "onclick": ""
        },
        {
          "text": "05:00 26/04/2026",
          "href": "http://192.168.2.26:2026/home.aspx?scope=sys&lang=vi&wpid=thuthuatnewdraw&thuthuatid=7bf4a027-9ed8-4c1e-8ce9-b438000c022e&usid=172.31.255.1_ieu5y4m0p5o1dfluo0cjloo0ebd56fc4&st=140834",
          "onclick": ""
        },
        {
          "text": "Hoàn tất",
          "href": "http://192.168.2.26:2026/home.aspx?scope=sys&lang=vi&wpid=thuthuatnewdraw&thuthuatid=7bf4a027-9ed8-4c1e-8ce9-b438000c022e&usid=172.31.255.1_ieu5y4m0p5o1dfluo0cjloo0ebd56fc4&st=140834",
          "onclick": ""
        }
      ]
    },
    {
      "access_id": "010317ed-5318-4af7-b05f-b43b00360af9",
      "known_fields": {
        "stt": "2",
        "ngay_thu_thuat": "03:00 29/04/2026",
        "ma_bn": "26049739",
        "ho_ten": "LÊ TRÍ HIẾU",
        "gioi_tinh": "Nam",
        "tuoi": "44 tuổi",
        "doi_tuong": "Viện phí",
        "noi_chi_dinh": "Khoa Ngoại Chấn Thương Chỉnh Hình và Thần Kinh",
        "chi_dinh_thu_thuat": "Thay băng, cắt chỉ vết mổ [chiều dài ≤ 15cm]",
        "tam_ung": "0",
        "phai_thanh_toan": "0",
        "tinh_trang": "Thường",
        "thoi_gian_chi_dinh": "03:00 29/04/2026",
        "trang_thai": "Hoàn tất"
      },
      "raw_text": "2 03:00 29/04/2026 26049739 LÊ TRÍ HIẾU Nam 44 tuổi Viện phí Khoa Ngoại Chấn Thương Chỉnh Hình và Thần Kinh Thay băng, cắt chỉ vết mổ [chiều dài ≤ 15cm] 0 0 Thường 03:00 29/04/2026 Hoàn tất",
      "links": [
        {
          "text": "2",
          "href": "http://192.168.2.26:2026/home.aspx?scope=sys&lang=vi&wpid=thuthuatnewdraw&thuthuatid=010317ed-5318-4af7-b05f-b43b00360af9&usid=172.31.255.1_ieu5y4m0p5o1dfluo0cjloo0ebd56fc4&st=140834",
          "onclick": ""
        },
        {
          "text": "03:00 29/04/2026",
          "href": "http://192.168.2.26:2026/home.aspx?scope=sys&lang=vi&wpid=thuthuatnewdraw&thuthuatid=010317ed-5318-4af7-b05f-b43b00360af9&usid=172.31.255.1_ieu5y4m0p5o1dfluo0cjloo0ebd56fc4&st=140834",
          "onclick": ""
        },
        {
          "text": "26049739",
          "href": "http://192.168.2.26:2026/home.aspx?scope=sys&lang=vi&wpid=thuthuatnewdraw&thuthuatid=010317ed-5318-4af7-b05f-b43b00360af9&usid=172.31.255.1_ieu5y4m0p5o1dfluo0cjloo0ebd56fc4&st=140834",
          "onclick": ""
        },
        {
          "text": "LÊ TRÍ HIẾU",
          "href": "http://192.168.2.26:2026/home.aspx?scope=sys&lang=vi&wpid=thuthuatnewdraw&thuthuatid=010317ed-5318-4af7-b05f-b43b00360af9&usid=172.31.255.1_ieu5y4m0p5o1dfluo0cjloo0ebd56fc4&st=140834",
          "onclick": ""
        },
        {
          "text": "Nam",
          "href": "http://192.168.2.26:2026/home.aspx?scope=sys&lang=vi&wpid=thuthuatnewdraw&thuthuatid=010317ed-5318-4af7-b05f-b43b00360af9&usid=172.31.255.1_ieu5y4m0p5o1dfluo0cjloo0ebd56fc4&st=140834",
          "onclick": ""
        },
        {
          "text": "44 tuổi",
          "href": "http://192.168.2.26:2026/home.aspx?scope=sys&lang=vi&wpid=thuthuatnewdraw&thuthuatid=010317ed-5318-4af7-b05f-b43b00360af9&usid=172.31.255.1_ieu5y4m0p5o1dfluo0cjloo0ebd56fc4&st=140834",
          "onclick": ""
        },
        {
          "text": "Viện phí",
          "href": "http://192.168.2.26:2026/home.aspx?scope=sys&lang=vi&wpid=thuthuatnewdraw&thuthuatid=010317ed-5318-4af7-b05f-b43b00360af9&usid=172.31.255.1_ieu5y4m0p5o1dfluo0cjloo0ebd56fc4&st=140834",
          "onclick": ""
        },
        {
          "text": "Khoa Ngoại Chấn Thương Chỉnh Hình và Thần Kinh",
          "href": "http://192.168.2.26:2026/home.aspx?scope=sys&lang=vi&wpid=thuthuatnewdraw&thuthuatid=010317ed-5318-4af7-b05f-b43b00360af9&usid=172.31.255.1_ieu5y4m0p5o1dfluo0cjloo0ebd56fc4&st=140834",
          "onclick": ""
        },
        {
          "text": "Thay băng, cắt chỉ vết mổ [chiều dài ≤ 15cm]",
          "href": "http://192.168.2.26:2026/home.aspx?scope=sys&lang=vi&wpid=thuthuatnewdraw&thuthuatid=010317ed-5318-4af7-b05f-b43b00360af9&usid=172.31.255.1_ieu5y4m0p5o1dfluo0cjloo0ebd56fc4&st=140834",
          "onclick": ""
        },
        {
          "text": "0",
          "href": "http://192.168.2.26:2026/home.aspx?scope=sys&lang=vi&wpid=thuthuatnewdraw&thuthuatid=010317ed-5318-4af7-b05f-b43b00360af9&usid=172.31.255.1_ieu5y4m0p5o1dfluo0cjloo0ebd56fc4&st=140834",
          "onclick": ""
        },
        {
          "text": "0",
          "href": "http://192.168.2.26:2026/home.aspx?scope=sys&lang=vi&wpid=thuthuatnewdraw&thuthuatid=010317ed-5318-4af7-b05f-b43b00360af9&usid=172.31.255.1_ieu5y4m0p5o1dfluo0cjloo0ebd56fc4&st=140834",
          "onclick": ""
        },
        {
          "text": "Thường",
          "href": "http://192.168.2.26:2026/home.aspx?scope=sys&lang=vi&wpid=thuthuatnewdraw&thuthuatid=010317ed-5318-4af7-b05f-b43b00360af9&usid=172.31.255.1_ieu5y4m0p5o1dfluo0cjloo0ebd56fc4&st=140834",
          "onclick": ""
        },
        {
          "text": "03:00 29/04/2026",
          "href": "http://192.168.2.26:2026/home.aspx?scope=sys&lang=vi&wpid=thuthuatnewdraw&thuthuatid=010317ed-5318-4af7-b05f-b43b00360af9&usid=172.31.255.1_ieu5y4m0p5o1dfluo0cjloo0ebd56fc4&st=140834",
          "onclick": ""
        },
        {
          "text": "Hoàn tất",
          "href": "http://192.168.2.26:2026/home.aspx?scope=sys&lang=vi&wpid=thuthuatnewdraw&thuthuatid=010317ed-5318-4af7-b05f-b43b00360af9&usid=172.31.255.1_ieu5y4m0p5o1dfluo0cjloo0ebd56fc4&st=140834",
          "onclick": ""
        }
      ]
    },
    {
      "access_id": "d13f3182-6753-4cab-af48-b43a011d10a7",
      "known_fields": {
        "stt": "3",
        "ngay_thu_thuat": "08:00 29/04/2026",
        "ma_bn": "26049739",
        "ho_ten": "LÊ TRÍ HIẾU",
        "gioi_tinh": "Nam",
        "tuoi": "44 tuổi",
        "doi_tuong": "Viện phí",
        "noi_chi_dinh": "Khoa Ngoại Chấn Thương Chỉnh Hình và Thần Kinh",
        "chi_dinh_thu_thuat": "Thay băng, cắt chỉ vết mổ [chiều dài ≤ 15cm]",
        "tam_ung": "0",
        "phai_thanh_toan": "0",
        "tinh_trang": "Thường",
        "thoi_gian_chi_dinh": "17:06 28/04/2026",
        "trang_thai": "Hoàn tất"
      },
      "raw_text": "3 08:00 29/04/2026 26049739 LÊ TRÍ HIẾU Nam 44 tuổi Viện phí Khoa Ngoại Chấn Thương Chỉnh Hình và Thần Kinh Thay băng, cắt chỉ vết mổ [chiều dài ≤ 15cm] 0 0 Thường 17:06 28/04/2026 Hoàn tất",
      "links": [
        {
          "text": "3",
          "href": "http://192.168.2.26:2026/home.aspx?scope=sys&lang=vi&wpid=thuthuatnewdraw&thuthuatid=d13f3182-6753-4cab-af48-b43a011d10a7&usid=172.31.255.1_ieu5y4m0p5o1dfluo0cjloo0ebd56fc4&st=140834",
          "onclick": ""
        },
        {
          "text": "08:00 29/04/2026",
          "href": "http://192.168.2.26:2026/home.aspx?scope=sys&lang=vi&wpid=thuthuatnewdraw&thuthuatid=d13f3182-6753-4cab-af48-b43a011d10a7&usid=172.31.255.1_ieu5y4m0p5o1dfluo0cjloo0ebd56fc4&st=140834",
          "onclick": ""
        },
        {
          "text": "26049739",
          "href": "http://192.168.2.26:2026/home.aspx?scope=sys&lang=vi&wpid=thuthuatnewdraw&thuthuatid=d13f3182-6753-4cab-af48-b43a011d10a7&usid=172.31.255.1_ieu5y4m0p5o1dfluo0cjloo0ebd56fc4&st=140834",
          "onclick": ""
        },
        {
          "text": "LÊ TRÍ HIẾU",
          "href": "http://192.168.2.26:2026/home.aspx?scope=sys&lang=vi&wpid=thuthuatnewdraw&thuthuatid=d13f3182-6753-4cab-af48-b43a011d10a7&usid=172.31.255.1_ieu5y4m0p5o1dfluo0cjloo0ebd56fc4&st=140834",
          "onclick": ""
        },
        {
          "text": "Nam",
          "href": "http://192.168.2.26:2026/home.aspx?scope=sys&lang=vi&wpid=thuthuatnewdraw&thuthuatid=d13f3182-6753-4cab-af48-b43a011d10a7&usid=172.31.255.1_ieu5y4m0p5o1dfluo0cjloo0ebd56fc4&st=140834",
          "onclick": ""
        },
        {
          "text": "44 tuổi",
          "href": "http://192.168.2.26:2026/home.aspx?scope=sys&lang=vi&wpid=thuthuatnewdraw&thuthuatid=d13f3182-6753-4cab-af48-b43a011d10a7&usid=172.31.255.1_ieu5y4m0p5o1dfluo0cjloo0ebd56fc4&st=140834",
          "onclick": ""
        },
        {
          "text": "Viện phí",
          "href": "http://192.168.2.26:2026/home.aspx?scope=sys&lang=vi&wpid=thuthuatnewdraw&thuthuatid=d13f3182-6753-4cab-af48-b43a011d10a7&usid=172.31.255.1_ieu5y4m0p5o1dfluo0cjloo0ebd56fc4&st=140834",
          "onclick": ""
        },
        {
          "text": "Khoa Ngoại Chấn Thương Chỉnh Hình và Thần Kinh",
          "href": "http://192.168.2.26:2026/home.aspx?scope=sys&lang=vi&wpid=thuthuatnewdraw&thuthuatid=d13f3182-6753-4cab-af48-b43a011d10a7&usid=172.31.255.1_ieu5y4m0p5o1dfluo0cjloo0ebd56fc4&st=140834",
          "onclick": ""
        },
        {
          "text": "Thay băng, cắt chỉ vết mổ [chiều dài ≤ 15cm]",
          "href": "http://192.168.2.26:2026/home.aspx?scope=sys&lang=vi&wpid=thuthuatnewdraw&thuthuatid=d13f3182-6753-4cab-af48-b43a011d10a7&usid=172.31.255.1_ieu5y4m0p5o1dfluo0cjloo0ebd56fc4&st=140834",
          "onclick": ""
        },
        {
          "text": "0",
          "href": "http://192.168.2.26:2026/home.aspx?scope=sys&lang=vi&wpid=thuthuatnewdraw&thuthuatid=d13f3182-6753-4cab-af48-b43a011d10a7&usid=172.31.255.1_ieu5y4m0p5o1dfluo0cjloo0ebd56fc4&st=140834",
          "onclick": ""
        },
        {
          "text": "0",
          "href": "http://192.168.2.26:2026/home.aspx?scope=sys&lang=vi&wpid=thuthuatnewdraw&thuthuatid=d13f3182-6753-4cab-af48-b43a011d10a7&usid=172.31.255.1_ieu5y4m0p5o1dfluo0cjloo0ebd56fc4&st=140834",
          "onclick": ""
        },
        {
          "text": "Thường",
          "href": "http://192.168.2.26:2026/home.aspx?scope=sys&lang=vi&wpid=thuthuatnewdraw&thuthuatid=d13f3182-6753-4cab-af48-b43a011d10a7&usid=172.31.255.1_ieu5y4m0p5o1dfluo0cjloo0ebd56fc4&st=140834",
          "onclick": ""
        },
        {
          "text": "17:06 28/04/2026",
          "href": "http://192.168.2.26:2026/home.aspx?scope=sys&lang=vi&wpid=thuthuatnewdraw&thuthuatid=d13f3182-6753-4cab-af48-b43a011d10a7&usid=172.31.255.1_ieu5y4m0p5o1dfluo0cjloo0ebd56fc4&st=140834",
          "onclick": ""
        },
        {
          "text": "Hoàn tất",
          "href": "http://192.168.2.26:2026/home.aspx?scope=sys&lang=vi&wpid=thuthuatnewdraw&thuthuatid=d13f3182-6753-4cab-af48-b43a011d10a7&usid=172.31.255.1_ieu5y4m0p5o1dfluo0cjloo0ebd56fc4&st=140834",
          "onclick": ""
        }
      ]
    },
    {
      "access_id": "6826bc40-938e-48cf-b4ea-b43b00702d25",
      "known_fields": {
        "stt": "4",
        "ngay_thu_thuat": "07:00 30/04/2026",
        "ma_bn": "26049739",
        "ho_ten": "LÊ TRÍ HIẾU",
        "gioi_tinh": "Nam",
        "tuoi": "44 tuổi",
        "doi_tuong": "Viện phí",
        "noi_chi_dinh": "Khoa Ngoại Chấn Thương Chỉnh Hình và Thần Kinh",
        "chi_dinh_thu_thuat": "Thay băng, cắt chỉ vết mổ [chiều dài ≤ 15cm]",
        "tam_ung": "0",
        "phai_thanh_toan": "0",
        "tinh_trang": "Thường",
        "thoi_gian_chi_dinh": "05:00 30/04/2026",
        "trang_thai": "Hoàn tất"
      },
      "raw_text": "4 07:00 30/04/2026 26049739 LÊ TRÍ HIẾU Nam 44 tuổi Viện phí Khoa Ngoại Chấn Thương Chỉnh Hình và Thần Kinh Thay băng, cắt chỉ vết mổ [chiều dài ≤ 15cm] 0 0 Thường 05:00 30/04/2026 Hoàn tất",
      "links": [
        {
          "text": "4",
          "href": "http://192.168.2.26:2026/home.aspx?scope=sys&lang=vi&wpid=thuthuatnewdraw&thuthuatid=6826bc40-938e-48cf-b4ea-b43b00702d25&usid=172.31.255.1_ieu5y4m0p5o1dfluo0cjloo0ebd56fc4&st=140834",
          "onclick": ""
        },
        {
          "text": "07:00 30/04/2026",
          "href": "http://192.168.2.26:2026/home.aspx?scope=sys&lang=vi&wpid=thuthuatnewdraw&thuthuatid=6826bc40-938e-48cf-b4ea-b43b00702d25&usid=172.31.255.1_ieu5y4m0p5o1dfluo0cjloo0ebd56fc4&st=140834",
          "onclick": ""
        },
        {
          "text": "26049739",
          "href": "http://192.168.2.26:2026/home.aspx?scope=sys&lang=vi&wpid=thuthuatnewdraw&thuthuatid=6826bc40-938e-48cf-b4ea-b43b00702d25&usid=172.31.255.1_ieu5y4m0p5o1dfluo0cjloo0ebd56fc4&st=140834",
          "onclick": ""
        },
        {
          "text": "LÊ TRÍ HIẾU",
          "href": "http://192.168.2.26:2026/home.aspx?scope=sys&lang=vi&wpid=thuthuatnewdraw&thuthuatid=6826bc40-938e-48cf-b4ea-b43b00702d25&usid=172.31.255.1_ieu5y4m0p5o1dfluo0cjloo0ebd56fc4&st=140834",
          "onclick": ""
        },
        {
          "text": "Nam",
          "href": "http://192.168.2.26:2026/home.aspx?scope=sys&lang=vi&wpid=thuthuatnewdraw&thuthuatid=6826bc40-938e-48cf-b4ea-b43b00702d25&usid=172.31.255.1_ieu5y4m0p5o1dfluo0cjloo0ebd56fc4&st=140834",
          "onclick": ""
        },
        {
          "text": "44 tuổi",
          "href": "http://192.168.2.26:2026/home.aspx?scope=sys&lang=vi&wpid=thuthuatnewdraw&thuthuatid=6826bc40-938e-48cf-b4ea-b43b00702d25&usid=172.31.255.1_ieu5y4m0p5o1dfluo0cjloo0ebd56fc4&st=140834",
          "onclick": ""
        },
        {
          "text": "Viện phí",
          "href": "http://192.168.2.26:2026/home.aspx?scope=sys&lang=vi&wpid=thuthuatnewdraw&thuthuatid=6826bc40-938e-48cf-b4ea-b43b00702d25&usid=172.31.255.1_ieu5y4m0p5o1dfluo0cjloo0ebd56fc4&st=140834",
          "onclick": ""
        },
        {
          "text": "Khoa Ngoại Chấn Thương Chỉnh Hình và Thần Kinh",
          "href": "http://192.168.2.26:2026/home.aspx?scope=sys&lang=vi&wpid=thuthuatnewdraw&thuthuatid=6826bc40-938e-48cf-b4ea-b43b00702d25&usid=172.31.255.1_ieu5y4m0p5o1dfluo0cjloo0ebd56fc4&st=140834",
          "onclick": ""
        },
        {
          "text": "Thay băng, cắt chỉ vết mổ [chiều dài ≤ 15cm]",
          "href": "http://192.168.2.26:2026/home.aspx?scope=sys&lang=vi&wpid=thuthuatnewdraw&thuthuatid=6826bc40-938e-48cf-b4ea-b43b00702d25&usid=172.31.255.1_ieu5y4m0p5o1dfluo0cjloo0ebd56fc4&st=140834",
          "onclick": ""
        },
        {
          "text": "0",
          "href": "http://192.168.2.26:2026/home.aspx?scope=sys&lang=vi&wpid=thuthuatnewdraw&thuthuatid=6826bc40-938e-48cf-b4ea-b43b00702d25&usid=172.31.255.1_ieu5y4m0p5o1dfluo0cjloo0ebd56fc4&st=140834",
          "onclick": ""
        },
        {
          "text": "0",
          "href": "http://192.168.2.26:2026/home.aspx?scope=sys&lang=vi&wpid=thuthuatnewdraw&thuthuatid=6826bc40-938e-48cf-b4ea-b43b00702d25&usid=172.31.255.1_ieu5y4m0p5o1dfluo0cjloo0ebd56fc4&st=140834",
          "onclick": ""
        },
        {
          "text": "Thường",
          "href": "http://192.168.2.26:2026/home.aspx?scope=sys&lang=vi&wpid=thuthuatnewdraw&thuthuatid=6826bc40-938e-48cf-b4ea-b43b00702d25&usid=172.31.255.1_ieu5y4m0p5o1dfluo0cjloo0ebd56fc4&st=140834",
          "onclick": ""
        },
        {
          "text": "05:00 30/04/2026",
          "href": "http://192.168.2.26:2026/home.aspx?scope=sys&lang=vi&wpid=thuthuatnewdraw&thuthuatid=6826bc40-938e-48cf-b4ea-b43b00702d25&usid=172.31.255.1_ieu5y4m0p5o1dfluo0cjloo0ebd56fc4&st=140834",
          "onclick": ""
        },
        {
          "text": "Hoàn tất",
          "href": "http://192.168.2.26:2026/home.aspx?scope=sys&lang=vi&wpid=thuthuatnewdraw&thuthuatid=6826bc40-938e-48cf-b4ea-b43b00702d25&usid=172.31.255.1_ieu5y4m0p5o1dfluo0cjloo0ebd56fc4&st=140834",
          "onclick": ""
        }
      ]
    },
    {
      "access_id": "4215e7a5-0d4c-4535-a18c-b43b007043e3",
      "known_fields": {
        "stt": "5",
        "ngay_thu_thuat": "12:41 01/05/2026",
        "ma_bn": "26049739",
        "ho_ten": "LÊ TRÍ HIẾU",
        "gioi_tinh": "Nam",
        "tuoi": "44 tuổi",
        "doi_tuong": "Viện phí",
        "noi_chi_dinh": "Khoa Ngoại Chấn Thương Chỉnh Hình và Thần Kinh",
        "chi_dinh_thu_thuat": "Thay băng, cắt chỉ vết mổ [chiều dài ≤ 15cm]",
        "tam_ung": "0",
        "phai_thanh_toan": "0",
        "tinh_trang": "Thường",
        "thoi_gian_chi_dinh": "05:00 01/05/2026",
        "trang_thai": "Hoàn tất"
      },
      "raw_text": "5 12:41 01/05/2026 26049739 LÊ TRÍ HIẾU Nam 44 tuổi Viện phí Khoa Ngoại Chấn Thương Chỉnh Hình và Thần Kinh Thay băng, cắt chỉ vết mổ [chiều dài ≤ 15cm] 0 0 Thường 05:00 01/05/2026 Hoàn tất",
      "links": [
        {
          "text": "5",
          "href": "http://192.168.2.26:2026/home.aspx?scope=sys&lang=vi&wpid=thuthuatnewdraw&thuthuatid=4215e7a5-0d4c-4535-a18c-b43b007043e3&usid=172.31.255.1_ieu5y4m0p5o1dfluo0cjloo0ebd56fc4&st=140834",
          "onclick": ""
        },
        {
          "text": "12:41 01/05/2026",
          "href": "http://192.168.2.26:2026/home.aspx?scope=sys&lang=vi&wpid=thuthuatnewdraw&thuthuatid=4215e7a5-0d4c-4535-a18c-b43b007043e3&usid=172.31.255.1_ieu5y4m0p5o1dfluo0cjloo0ebd56fc4&st=140834",
          "onclick": ""
        },
        {
          "text": "26049739",
          "href": "http://192.168.2.26:2026/home.aspx?scope=sys&lang=vi&wpid=thuthuatnewdraw&thuthuatid=4215e7a5-0d4c-4535-a18c-b43b007043e3&usid=172.31.255.1_ieu5y4m0p5o1dfluo0cjloo0ebd56fc4&st=140834",
          "onclick": ""
        },
        {
          "text": "LÊ TRÍ HIẾU",
          "href": "http://192.168.2.26:2026/home.aspx?scope=sys&lang=vi&wpid=thuthuatnewdraw&thuthuatid=4215e7a5-0d4c-4535-a18c-b43b007043e3&usid=172.31.255.1_ieu5y4m0p5o1dfluo0cjloo0ebd56fc4&st=140834",
          "onclick": ""
        },
        {
          "text": "Nam",
          "href": "http://192.168.2.26:2026/home.aspx?scope=sys&lang=vi&wpid=thuthuatnewdraw&thuthuatid=4215e7a5-0d4c-4535-a18c-b43b007043e3&usid=172.31.255.1_ieu5y4m0p5o1dfluo0cjloo0ebd56fc4&st=140834",
          "onclick": ""
        },
        {
          "text": "44 tuổi",
          "href": "http://192.168.2.26:2026/home.aspx?scope=sys&lang=vi&wpid=thuthuatnewdraw&thuthuatid=4215e7a5-0d4c-4535-a18c-b43b007043e3&usid=172.31.255.1_ieu5y4m0p5o1dfluo0cjloo0ebd56fc4&st=140834",
          "onclick": ""
        },
        {
          "text": "Viện phí",
          "href": "http://192.168.2.26:2026/home.aspx?scope=sys&lang=vi&wpid=thuthuatnewdraw&thuthuatid=4215e7a5-0d4c-4535-a18c-b43b007043e3&usid=172.31.255.1_ieu5y4m0p5o1dfluo0cjloo0ebd56fc4&st=140834",
          "onclick": ""
        },
        {
          "text": "Khoa Ngoại Chấn Thương Chỉnh Hình và Thần Kinh",
          "href": "http://192.168.2.26:2026/home.aspx?scope=sys&lang=vi&wpid=thuthuatnewdraw&thuthuatid=4215e7a5-0d4c-4535-a18c-b43b007043e3&usid=172.31.255.1_ieu5y4m0p5o1dfluo0cjloo0ebd56fc4&st=140834",
          "onclick": ""
        },
        {
          "text": "Thay băng, cắt chỉ vết mổ [chiều dài ≤ 15cm]",
          "href": "http://192.168.2.26:2026/home.aspx?scope=sys&lang=vi&wpid=thuthuatnewdraw&thuthuatid=4215e7a5-0d4c-4535-a18c-b43b007043e3&usid=172.31.255.1_ieu5y4m0p5o1dfluo0cjloo0ebd56fc4&st=140834",
          "onclick": ""
        },
        {
          "text": "0",
          "href": "http://192.168.2.26:2026/home.aspx?scope=sys&lang=vi&wpid=thuthuatnewdraw&thuthuatid=4215e7a5-0d4c-4535-a18c-b43b007043e3&usid=172.31.255.1_ieu5y4m0p5o1dfluo0cjloo0ebd56fc4&st=140834",
          "onclick": ""
        },
        {
          "text": "0",
          "href": "http://192.168.2.26:2026/home.aspx?scope=sys&lang=vi&wpid=thuthuatnewdraw&thuthuatid=4215e7a5-0d4c-4535-a18c-b43b007043e3&usid=172.31.255.1_ieu5y4m0p5o1dfluo0cjloo0ebd56fc4&st=140834",
          "onclick": ""
        },
        {
          "text": "Thường",
          "href": "http://192.168.2.26:2026/home.aspx?scope=sys&lang=vi&wpid=thuthuatnewdraw&thuthuatid=4215e7a5-0d4c-4535-a18c-b43b007043e3&usid=172.31.255.1_ieu5y4m0p5o1dfluo0cjloo0ebd56fc4&st=140834",
          "onclick": ""
        },
        {
          "text": "05:00 01/05/2026",
          "href": "http://192.168.2.26:2026/home.aspx?scope=sys&lang=vi&wpid=thuthuatnewdraw&thuthuatid=4215e7a5-0d4c-4535-a18c-b43b007043e3&usid=172.31.255.1_ieu5y4m0p5o1dfluo0cjloo0ebd56fc4&st=140834",
          "onclick": ""
        },
        {
          "text": "Hoàn tất",
          "href": "http://192.168.2.26:2026/home.aspx?scope=sys&lang=vi&wpid=thuthuatnewdraw&thuthuatid=4215e7a5-0d4c-4535-a18c-b43b007043e3&usid=172.31.255.1_ieu5y4m0p5o1dfluo0cjloo0ebd56fc4&st=140834",
          "onclick": ""
        }
      ]
    },
    {
      "access_id": "b7a9fd38-109c-464c-bf76-b43b0070e83e",
      "known_fields": {
        "stt": "6",
        "ngay_thu_thuat": "08:00 02/05/2026",
        "ma_bn": "26049739",
        "ho_ten": "LÊ TRÍ HIẾU",
        "gioi_tinh": "Nam",
        "tuoi": "44 tuổi",
        "doi_tuong": "Viện phí",
        "noi_chi_dinh": "Khoa Ngoại Chấn Thương Chỉnh Hình và Thần Kinh",
        "chi_dinh_thu_thuat": "Thay băng, cắt chỉ vết mổ [chiều dài ≤ 15cm]",
        "tam_ung": "0",
        "phai_thanh_toan": "0",
        "tinh_trang": "Thường",
        "thoi_gian_chi_dinh": "05:00 02/05/2026",
        "trang_thai": "Hoàn tất"
      },
      "raw_text": "6 08:00 02/05/2026 26049739 LÊ TRÍ HIẾU Nam 44 tuổi Viện phí Khoa Ngoại Chấn Thương Chỉnh Hình và Thần Kinh Thay băng, cắt chỉ vết mổ [chiều dài ≤ 15cm] 0 0 Thường 05:00 02/05/2026 Hoàn tất",
      "links": [
        {
          "text": "6",
          "href": "http://192.168.2.26:2026/home.aspx?scope=sys&lang=vi&wpid=thuthuatnewdraw&thuthuatid=b7a9fd38-109c-464c-bf76-b43b0070e83e&usid=172.31.255.1_ieu5y4m0p5o1dfluo0cjloo0ebd56fc4&st=140834",
          "onclick": ""
        },
        {
          "text": "08:00 02/05/2026",
          "href": "http://192.168.2.26:2026/home.aspx?scope=sys&lang=vi&wpid=thuthuatnewdraw&thuthuatid=b7a9fd38-109c-464c-bf76-b43b0070e83e&usid=172.31.255.1_ieu5y4m0p5o1dfluo0cjloo0ebd56fc4&st=140834",
          "onclick": ""
        },
        {
          "text": "26049739",
          "href": "http://192.168.2.26:2026/home.aspx?scope=sys&lang=vi&wpid=thuthuatnewdraw&thuthuatid=b7a9fd38-109c-464c-bf76-b43b0070e83e&usid=172.31.255.1_ieu5y4m0p5o1dfluo0cjloo0ebd56fc4&st=140834",
          "onclick": ""
        },
        {
          "text": "LÊ TRÍ HIẾU",
          "href": "http://192.168.2.26:2026/home.aspx?scope=sys&lang=vi&wpid=thuthuatnewdraw&thuthuatid=b7a9fd38-109c-464c-bf76-b43b0070e83e&usid=172.31.255.1_ieu5y4m0p5o1dfluo0cjloo0ebd56fc4&st=140834",
          "onclick": ""
        },
        {
          "text": "Nam",
          "href": "http://192.168.2.26:2026/home.aspx?scope=sys&lang=vi&wpid=thuthuatnewdraw&thuthuatid=b7a9fd38-109c-464c-bf76-b43b0070e83e&usid=172.31.255.1_ieu5y4m0p5o1dfluo0cjloo0ebd56fc4&st=140834",
          "onclick": ""
        },
        {
          "text": "44 tuổi",
          "href": "http://192.168.2.26:2026/home.aspx?scope=sys&lang=vi&wpid=thuthuatnewdraw&thuthuatid=b7a9fd38-109c-464c-bf76-b43b0070e83e&usid=172.31.255.1_ieu5y4m0p5o1dfluo0cjloo0ebd56fc4&st=140834",
          "onclick": ""
        },
        {
          "text": "Viện phí",
          "href": "http://192.168.2.26:2026/home.aspx?scope=sys&lang=vi&wpid=thuthuatnewdraw&thuthuatid=b7a9fd38-109c-464c-bf76-b43b0070e83e&usid=172.31.255.1_ieu5y4m0p5o1dfluo0cjloo0ebd56fc4&st=140834",
          "onclick": ""
        },
        {
          "text": "Khoa Ngoại Chấn Thương Chỉnh Hình và Thần Kinh",
          "href": "http://192.168.2.26:2026/home.aspx?scope=sys&lang=vi&wpid=thuthuatnewdraw&thuthuatid=b7a9fd38-109c-464c-bf76-b43b0070e83e&usid=172.31.255.1_ieu5y4m0p5o1dfluo0cjloo0ebd56fc4&st=140834",
          "onclick": ""
        },
        {
          "text": "Thay băng, cắt chỉ vết mổ [chiều dài ≤ 15cm]",
          "href": "http://192.168.2.26:2026/home.aspx?scope=sys&lang=vi&wpid=thuthuatnewdraw&thuthuatid=b7a9fd38-109c-464c-bf76-b43b0070e83e&usid=172.31.255.1_ieu5y4m0p5o1dfluo0cjloo0ebd56fc4&st=140834",
          "onclick": ""
        },
        {
          "text": "0",
          "href": "http://192.168.2.26:2026/home.aspx?scope=sys&lang=vi&wpid=thuthuatnewdraw&thuthuatid=b7a9fd38-109c-464c-bf76-b43b0070e83e&usid=172.31.255.1_ieu5y4m0p5o1dfluo0cjloo0ebd56fc4&st=140834",
          "onclick": ""
        },
        {
          "text": "0",
          "href": "http://192.168.2.26:2026/home.aspx?scope=sys&lang=vi&wpid=thuthuatnewdraw&thuthuatid=b7a9fd38-109c-464c-bf76-b43b0070e83e&usid=172.31.255.1_ieu5y4m0p5o1dfluo0cjloo0ebd56fc4&st=140834",
          "onclick": ""
        },
        {
          "text": "Thường",
          "href": "http://192.168.2.26:2026/home.aspx?scope=sys&lang=vi&wpid=thuthuatnewdraw&thuthuatid=b7a9fd38-109c-464c-bf76-b43b0070e83e&usid=172.31.255.1_ieu5y4m0p5o1dfluo0cjloo0ebd56fc4&st=140834",
          "onclick": ""
        },
        {
          "text": "05:00 02/05/2026",
          "href": "http://192.168.2.26:2026/home.aspx?scope=sys&lang=vi&wpid=thuthuatnewdraw&thuthuatid=b7a9fd38-109c-464c-bf76-b43b0070e83e&usid=172.31.255.1_ieu5y4m0p5o1dfluo0cjloo0ebd56fc4&st=140834",
          "onclick": ""
        },
        {
          "text": "Hoàn tất",
          "href": "http://192.168.2.26:2026/home.aspx?scope=sys&lang=vi&wpid=thuthuatnewdraw&thuthuatid=b7a9fd38-109c-464c-bf76-b43b0070e83e&usid=172.31.255.1_ieu5y4m0p5o1dfluo0cjloo0ebd56fc4&st=140834",
          "onclick": ""
        }
      ]
    },
    {
      "access_id": "557272b3-62f9-494d-81a2-b43b00712b71",
      "known_fields": {
        "stt": "7",
        "ngay_thu_thuat": "08:00 03/05/2026",
        "ma_bn": "26049739",
        "ho_ten": "LÊ TRÍ HIẾU",
        "gioi_tinh": "Nam",
        "tuoi": "44 tuổi",
        "doi_tuong": "Viện phí",
        "noi_chi_dinh": "Khoa Ngoại Chấn Thương Chỉnh Hình và Thần Kinh",
        "chi_dinh_thu_thuat": "Thay băng, cắt chỉ vết mổ [chiều dài ≤ 15cm]",
        "tam_ung": "0",
        "phai_thanh_toan": "0",
        "tinh_trang": "Thường",
        "thoi_gian_chi_dinh": "05:00 03/05/2026",
        "trang_thai": "Hoàn tất"
      },
      "raw_text": "7 08:00 03/05/2026 26049739 LÊ TRÍ HIẾU Nam 44 tuổi Viện phí Khoa Ngoại Chấn Thương Chỉnh Hình và Thần Kinh Thay băng, cắt chỉ vết mổ [chiều dài ≤ 15cm] 0 0 Thường 05:00 03/05/2026 Hoàn tất",
      "links": [
        {
          "text": "7",
          "href": "http://192.168.2.26:2026/home.aspx?scope=sys&lang=vi&wpid=thuthuatnewdraw&thuthuatid=557272b3-62f9-494d-81a2-b43b00712b71&usid=172.31.255.1_ieu5y4m0p5o1dfluo0cjloo0ebd56fc4&st=140834",
          "onclick": ""
        },
        {
          "text": "08:00 03/05/2026",
          "href": "http://192.168.2.26:2026/home.aspx?scope=sys&lang=vi&wpid=thuthuatnewdraw&thuthuatid=557272b3-62f9-494d-81a2-b43b00712b71&usid=172.31.255.1_ieu5y4m0p5o1dfluo0cjloo0ebd56fc4&st=140834",
          "onclick": ""
        },
        {
          "text": "26049739",
          "href": "http://192.168.2.26:2026/home.aspx?scope=sys&lang=vi&wpid=thuthuatnewdraw&thuthuatid=557272b3-62f9-494d-81a2-b43b00712b71&usid=172.31.255.1_ieu5y4m0p5o1dfluo0cjloo0ebd56fc4&st=140834",
          "onclick": ""
        },
        {
          "text": "LÊ TRÍ HIẾU",
          "href": "http://192.168.2.26:2026/home.aspx?scope=sys&lang=vi&wpid=thuthuatnewdraw&thuthuatid=557272b3-62f9-494d-81a2-b43b00712b71&usid=172.31.255.1_ieu5y4m0p5o1dfluo0cjloo0ebd56fc4&st=140834",
          "onclick": ""
        },
        {
          "text": "Nam",
          "href": "http://192.168.2.26:2026/home.aspx?scope=sys&lang=vi&wpid=thuthuatnewdraw&thuthuatid=557272b3-62f9-494d-81a2-b43b00712b71&usid=172.31.255.1_ieu5y4m0p5o1dfluo0cjloo0ebd56fc4&st=140834",
          "onclick": ""
        },
        {
          "text": "44 tuổi",
          "href": "http://192.168.2.26:2026/home.aspx?scope=sys&lang=vi&wpid=thuthuatnewdraw&thuthuatid=557272b3-62f9-494d-81a2-b43b00712b71&usid=172.31.255.1_ieu5y4m0p5o1dfluo0cjloo0ebd56fc4&st=140834",
          "onclick": ""
        },
        {
          "text": "Viện phí",
          "href": "http://192.168.2.26:2026/home.aspx?scope=sys&lang=vi&wpid=thuthuatnewdraw&thuthuatid=557272b3-62f9-494d-81a2-b43b00712b71&usid=172.31.255.1_ieu5y4m0p5o1dfluo0cjloo0ebd56fc4&st=140834",
          "onclick": ""
        },
        {
          "text": "Khoa Ngoại Chấn Thương Chỉnh Hình và Thần Kinh",
          "href": "http://192.168.2.26:2026/home.aspx?scope=sys&lang=vi&wpid=thuthuatnewdraw&thuthuatid=557272b3-62f9-494d-81a2-b43b00712b71&usid=172.31.255.1_ieu5y4m0p5o1dfluo0cjloo0ebd56fc4&st=140834",
          "onclick": ""
        },
        {
          "text": "Thay băng, cắt chỉ vết mổ [chiều dài ≤ 15cm]",
          "href": "http://192.168.2.26:2026/home.aspx?scope=sys&lang=vi&wpid=thuthuatnewdraw&thuthuatid=557272b3-62f9-494d-81a2-b43b00712b71&usid=172.31.255.1_ieu5y4m0p5o1dfluo0cjloo0ebd56fc4&st=140834",
          "onclick": ""
        },
        {
          "text": "0",
          "href": "http://192.168.2.26:2026/home.aspx?scope=sys&lang=vi&wpid=thuthuatnewdraw&thuthuatid=557272b3-62f9-494d-81a2-b43b00712b71&usid=172.31.255.1_ieu5y4m0p5o1dfluo0cjloo0ebd56fc4&st=140834",
          "onclick": ""
        },
        {
          "text": "0",
          "href": "http://192.168.2.26:2026/home.aspx?scope=sys&lang=vi&wpid=thuthuatnewdraw&thuthuatid=557272b3-62f9-494d-81a2-b43b00712b71&usid=172.31.255.1_ieu5y4m0p5o1dfluo0cjloo0ebd56fc4&st=140834",
          "onclick": ""
        },
        {
          "text": "Thường",
          "href": "http://192.168.2.26:2026/home.aspx?scope=sys&lang=vi&wpid=thuthuatnewdraw&thuthuatid=557272b3-62f9-494d-81a2-b43b00712b71&usid=172.31.255.1_ieu5y4m0p5o1dfluo0cjloo0ebd56fc4&st=140834",
          "onclick": ""
        },
        {
          "text": "05:00 03/05/2026",
          "href": "http://192.168.2.26:2026/home.aspx?scope=sys&lang=vi&wpid=thuthuatnewdraw&thuthuatid=557272b3-62f9-494d-81a2-b43b00712b71&usid=172.31.255.1_ieu5y4m0p5o1dfluo0cjloo0ebd56fc4&st=140834",
          "onclick": ""
        },
        {
          "text": "Hoàn tất",
          "href": "http://192.168.2.26:2026/home.aspx?scope=sys&lang=vi&wpid=thuthuatnewdraw&thuthuatid=557272b3-62f9-494d-81a2-b43b00712b71&usid=172.31.255.1_ieu5y4m0p5o1dfluo0cjloo0ebd56fc4&st=140834",
          "onclick": ""
        }
      ]
    },
    {
      "access_id": "7449d9f0-a8f9-4f12-b2c8-b43b00710cae",
      "known_fields": {
        "stt": "8",
        "ngay_thu_thuat": "08:05 04/05/2026",
        "ma_bn": "26049739",
        "ho_ten": "LÊ TRÍ HIẾU",
        "gioi_tinh": "Nam",
        "tuoi": "44 tuổi",
        "doi_tuong": "Viện phí",
        "noi_chi_dinh": "Khoa Ngoại Chấn Thương Chỉnh Hình và Thần Kinh",
        "chi_dinh_thu_thuat": "Thay băng, cắt chỉ vết mổ [chiều dài ≤ 15cm]",
        "tam_ung": "0",
        "phai_thanh_toan": "0",
        "tinh_trang": "Thường",
        "thoi_gian_chi_dinh": "05:00 04/05/2026",
        "trang_thai": "Hoàn tất"
      },
      "raw_text": "8 08:05 04/05/2026 26049739 LÊ TRÍ HIẾU Nam 44 tuổi Viện phí Khoa Ngoại Chấn Thương Chỉnh Hình và Thần Kinh Thay băng, cắt chỉ vết mổ [chiều dài ≤ 15cm] 0 0 Thường 05:00 04/05/2026 Hoàn tất",
      "links": [
        {
          "text": "8",
          "href": "http://192.168.2.26:2026/home.aspx?scope=sys&lang=vi&wpid=thuthuatnewdraw&thuthuatid=7449d9f0-a8f9-4f12-b2c8-b43b00710cae&usid=172.31.255.1_ieu5y4m0p5o1dfluo0cjloo0ebd56fc4&st=140834",
          "onclick": ""
        },
        {
          "text": "08:05 04/05/2026",
          "href": "http://192.168.2.26:2026/home.aspx?scope=sys&lang=vi&wpid=thuthuatnewdraw&thuthuatid=7449d9f0-a8f9-4f12-b2c8-b43b00710cae&usid=172.31.255.1_ieu5y4m0p5o1dfluo0cjloo0ebd56fc4&st=140834",
          "onclick": ""
        },
        {
          "text": "26049739",
          "href": "http://192.168.2.26:2026/home.aspx?scope=sys&lang=vi&wpid=thuthuatnewdraw&thuthuatid=7449d9f0-a8f9-4f12-b2c8-b43b00710cae&usid=172.31.255.1_ieu5y4m0p5o1dfluo0cjloo0ebd56fc4&st=140834",
          "onclick": ""
        },
        {
          "text": "LÊ TRÍ HIẾU",
          "href": "http://192.168.2.26:2026/home.aspx?scope=sys&lang=vi&wpid=thuthuatnewdraw&thuthuatid=7449d9f0-a8f9-4f12-b2c8-b43b00710cae&usid=172.31.255.1_ieu5y4m0p5o1dfluo0cjloo0ebd56fc4&st=140834",
          "onclick": ""
        },
        {
          "text": "Nam",
          "href": "http://192.168.2.26:2026/home.aspx?scope=sys&lang=vi&wpid=thuthuatnewdraw&thuthuatid=7449d9f0-a8f9-4f12-b2c8-b43b00710cae&usid=172.31.255.1_ieu5y4m0p5o1dfluo0cjloo0ebd56fc4&st=140834",
          "onclick": ""
        },
        {
          "text": "44 tuổi",
          "href": "http://192.168.2.26:2026/home.aspx?scope=sys&lang=vi&wpid=thuthuatnewdraw&thuthuatid=7449d9f0-a8f9-4f12-b2c8-b43b00710cae&usid=172.31.255.1_ieu5y4m0p5o1dfluo0cjloo0ebd56fc4&st=140834",
          "onclick": ""
        },
        {
          "text": "Viện phí",
          "href": "http://192.168.2.26:2026/home.aspx?scope=sys&lang=vi&wpid=thuthuatnewdraw&thuthuatid=7449d9f0-a8f9-4f12-b2c8-b43b00710cae&usid=172.31.255.1_ieu5y4m0p5o1dfluo0cjloo0ebd56fc4&st=140834",
          "onclick": ""
        },
        {
          "text": "Khoa Ngoại Chấn Thương Chỉnh Hình và Thần Kinh",
          "href": "http://192.168.2.26:2026/home.aspx?scope=sys&lang=vi&wpid=thuthuatnewdraw&thuthuatid=7449d9f0-a8f9-4f12-b2c8-b43b00710cae&usid=172.31.255.1_ieu5y4m0p5o1dfluo0cjloo0ebd56fc4&st=140834",
          "onclick": ""
        },
        {
          "text": "Thay băng, cắt chỉ vết mổ [chiều dài ≤ 15cm]",
          "href": "http://192.168.2.26:2026/home.aspx?scope=sys&lang=vi&wpid=thuthuatnewdraw&thuthuatid=7449d9f0-a8f9-4f12-b2c8-b43b00710cae&usid=172.31.255.1_ieu5y4m0p5o1dfluo0cjloo0ebd56fc4&st=140834",
          "onclick": ""
        },
        {
          "text": "0",
          "href": "http://192.168.2.26:2026/home.aspx?scope=sys&lang=vi&wpid=thuthuatnewdraw&thuthuatid=7449d9f0-a8f9-4f12-b2c8-b43b00710cae&usid=172.31.255.1_ieu5y4m0p5o1dfluo0cjloo0ebd56fc4&st=140834",
          "onclick": ""
        },
        {
          "text": "0",
          "href": "http://192.168.2.26:2026/home.aspx?scope=sys&lang=vi&wpid=thuthuatnewdraw&thuthuatid=7449d9f0-a8f9-4f12-b2c8-b43b00710cae&usid=172.31.255.1_ieu5y4m0p5o1dfluo0cjloo0ebd56fc4&st=140834",
          "onclick": ""
        },
        {
          "text": "Thường",
          "href": "http://192.168.2.26:2026/home.aspx?scope=sys&lang=vi&wpid=thuthuatnewdraw&thuthuatid=7449d9f0-a8f9-4f12-b2c8-b43b00710cae&usid=172.31.255.1_ieu5y4m0p5o1dfluo0cjloo0ebd56fc4&st=140834",
          "onclick": ""
        },
        {
          "text": "05:00 04/05/2026",
          "href": "http://192.168.2.26:2026/home.aspx?scope=sys&lang=vi&wpid=thuthuatnewdraw&thuthuatid=7449d9f0-a8f9-4f12-b2c8-b43b00710cae&usid=172.31.255.1_ieu5y4m0p5o1dfluo0cjloo0ebd56fc4&st=140834",
          "onclick": ""
        },
        {
          "text": "Hoàn tất",
          "href": "http://192.168.2.26:2026/home.aspx?scope=sys&lang=vi&wpid=thuthuatnewdraw&thuthuatid=7449d9f0-a8f9-4f12-b2c8-b43b00710cae&usid=172.31.255.1_ieu5y4m0p5o1dfluo0cjloo0ebd56fc4&st=140834",
          "onclick": ""
        }
      ]
    },
    {
      "access_id": "814f5e8d-27da-4826-a68f-b44000816bfb",
      "known_fields": {
        "stt": "9",
        "ngay_thu_thuat": "08:01 05/05/2026",
        "ma_bn": "26049739",
        "ho_ten": "LÊ TRÍ HIẾU",
        "gioi_tinh": "Nam",
        "tuoi": "44 tuổi",
        "doi_tuong": "Viện phí",
        "noi_chi_dinh": "Khoa Ngoại Chấn Thương Chỉnh Hình và Thần Kinh",
        "chi_dinh_thu_thuat": "Thay băng, cắt chỉ vết mổ [chiều dài ≤ 15cm]",
        "tam_ung": "0",
        "phai_thanh_toan": "0",
        "tinh_trang": "Thường",
        "thoi_gian_chi_dinh": "05:00 05/05/2026",
        "trang_thai": "Hoàn tất"
      },
      "raw_text": "9 08:01 05/05/2026 26049739 LÊ TRÍ HIẾU Nam 44 tuổi Viện phí Khoa Ngoại Chấn Thương Chỉnh Hình và Thần Kinh Thay băng, cắt chỉ vết mổ [chiều dài ≤ 15cm] 0 0 Thường 05:00 05/05/2026 Hoàn tất",
      "links": [
        {
          "text": "9",
          "href": "http://192.168.2.26:2026/home.aspx?scope=sys&lang=vi&wpid=thuthuatnewdraw&thuthuatid=814f5e8d-27da-4826-a68f-b44000816bfb&usid=172.31.255.1_ieu5y4m0p5o1dfluo0cjloo0ebd56fc4&st=140834",
          "onclick": ""
        },
        {
          "text": "08:01 05/05/2026",
          "href": "http://192.168.2.26:2026/home.aspx?scope=sys&lang=vi&wpid=thuthuatnewdraw&thuthuatid=814f5e8d-27da-4826-a68f-b44000816bfb&usid=172.31.255.1_ieu5y4m0p5o1dfluo0cjloo0ebd56fc4&st=140834",
          "onclick": ""
        },
        {
          "text": "26049739",
          "href": "http://192.168.2.26:2026/home.aspx?scope=sys&lang=vi&wpid=thuthuatnewdraw&thuthuatid=814f5e8d-27da-4826-a68f-b44000816bfb&usid=172.31.255.1_ieu5y4m0p5o1dfluo0cjloo0ebd56fc4&st=140834",
          "onclick": ""
        },
        {
          "text": "LÊ TRÍ HIẾU",
          "href": "http://192.168.2.26:2026/home.aspx?scope=sys&lang=vi&wpid=thuthuatnewdraw&thuthuatid=814f5e8d-27da-4826-a68f-b44000816bfb&usid=172.31.255.1_ieu5y4m0p5o1dfluo0cjloo0ebd56fc4&st=140834",
          "onclick": ""
        },
        {
          "text": "Nam",
          "href": "http://192.168.2.26:2026/home.aspx?scope=sys&lang=vi&wpid=thuthuatnewdraw&thuthuatid=814f5e8d-27da-4826-a68f-b44000816bfb&usid=172.31.255.1_ieu5y4m0p5o1dfluo0cjloo0ebd56fc4&st=140834",
          "onclick": ""
        },
        {
          "text": "44 tuổi",
          "href": "http://192.168.2.26:2026/home.aspx?scope=sys&lang=vi&wpid=thuthuatnewdraw&thuthuatid=814f5e8d-27da-4826-a68f-b44000816bfb&usid=172.31.255.1_ieu5y4m0p5o1dfluo0cjloo0ebd56fc4&st=140834",
          "onclick": ""
        },
        {
          "text": "Viện phí",
          "href": "http://192.168.2.26:2026/home.aspx?scope=sys&lang=vi&wpid=thuthuatnewdraw&thuthuatid=814f5e8d-27da-4826-a68f-b44000816bfb&usid=172.31.255.1_ieu5y4m0p5o1dfluo0cjloo0ebd56fc4&st=140834",
          "onclick": ""
        },
        {
          "text": "Khoa Ngoại Chấn Thương Chỉnh Hình và Thần Kinh",
          "href": "http://192.168.2.26:2026/home.aspx?scope=sys&lang=vi&wpid=thuthuatnewdraw&thuthuatid=814f5e8d-27da-4826-a68f-b44000816bfb&usid=172.31.255.1_ieu5y4m0p5o1dfluo0cjloo0ebd56fc4&st=140834",
          "onclick": ""
        },
        {
          "text": "Thay băng, cắt chỉ vết mổ [chiều dài ≤ 15cm]",
          "href": "http://192.168.2.26:2026/home.aspx?scope=sys&lang=vi&wpid=thuthuatnewdraw&thuthuatid=814f5e8d-27da-4826-a68f-b44000816bfb&usid=172.31.255.1_ieu5y4m0p5o1dfluo0cjloo0ebd56fc4&st=140834",
          "onclick": ""
        },
        {
          "text": "0",
          "href": "http://192.168.2.26:2026/home.aspx?scope=sys&lang=vi&wpid=thuthuatnewdraw&thuthuatid=814f5e8d-27da-4826-a68f-b44000816bfb&usid=172.31.255.1_ieu5y4m0p5o1dfluo0cjloo0ebd56fc4&st=140834",
          "onclick": ""
        },
        {
          "text": "0",
          "href": "http://192.168.2.26:2026/home.aspx?scope=sys&lang=vi&wpid=thuthuatnewdraw&thuthuatid=814f5e8d-27da-4826-a68f-b44000816bfb&usid=172.31.255.1_ieu5y4m0p5o1dfluo0cjloo0ebd56fc4&st=140834",
          "onclick": ""
        },
        {
          "text": "Thường",
          "href": "http://192.168.2.26:2026/home.aspx?scope=sys&lang=vi&wpid=thuthuatnewdraw&thuthuatid=814f5e8d-27da-4826-a68f-b44000816bfb&usid=172.31.255.1_ieu5y4m0p5o1dfluo0cjloo0ebd56fc4&st=140834",
          "onclick": ""
        },
        {
          "text": "05:00 05/05/2026",
          "href": "http://192.168.2.26:2026/home.aspx?scope=sys&lang=vi&wpid=thuthuatnewdraw&thuthuatid=814f5e8d-27da-4826-a68f-b44000816bfb&usid=172.31.255.1_ieu5y4m0p5o1dfluo0cjloo0ebd56fc4&st=140834",
          "onclick": ""
        },
        {
          "text": "Hoàn tất",
          "href": "http://192.168.2.26:2026/home.aspx?scope=sys&lang=vi&wpid=thuthuatnewdraw&thuthuatid=814f5e8d-27da-4826-a68f-b44000816bfb&usid=172.31.255.1_ieu5y4m0p5o1dfluo0cjloo0ebd56fc4&st=140834",
          "onclick": ""
        }
      ]
    },
    {
      "access_id": "5e4b8f45-648c-4116-8b2c-b44900fc3f01",
      "known_fields": {
        "stt": "10",
        "ngay_thu_thuat": "15:00 13/05/2026",
        "ma_bn": "26049739",
        "ho_ten": "LÊ TRÍ HIẾU",
        "gioi_tinh": "Nam",
        "tuoi": "44 tuổi",
        "doi_tuong": "Bảo hiểm",
        "noi_chi_dinh": "PHÒNG KHÁM CHẤN THƯƠNG CHỈNH HÌNH - 20B",
        "chi_dinh_thu_thuat": "Thay băng, cắt chỉ vết mổ [chiều dài ≤ 15cm]",
        "tam_ung": "0",
        "phai_thanh_toan": "0",
        "tinh_trang": "Thường",
        "thoi_gian_chi_dinh": "13:39 13/05/2026",
        "trang_thai": "Hoàn tất"
      },
      "raw_text": "10 15:00 13/05/2026 26049739 LÊ TRÍ HIẾU Nam 44 tuổi Bảo hiểm PHÒNG KHÁM CHẤN THƯƠNG CHỈNH HÌNH - 20B Thay băng, cắt chỉ vết mổ [chiều dài ≤ 15cm] 0 0 Thường 13:39 13/05/2026 Hoàn tất",
      "links": [
        {
          "text": "10",
          "href": "http://192.168.2.26:2026/home.aspx?scope=sys&lang=vi&wpid=thuthuatnewdraw&thuthuatid=5e4b8f45-648c-4116-8b2c-b44900fc3f01&usid=172.31.255.1_ieu5y4m0p5o1dfluo0cjloo0ebd56fc4&st=140834",
          "onclick": ""
        },
        {
          "text": "15:00 13/05/2026",
          "href": "http://192.168.2.26:2026/home.aspx?scope=sys&lang=vi&wpid=thuthuatnewdraw&thuthuatid=5e4b8f45-648c-4116-8b2c-b44900fc3f01&usid=172.31.255.1_ieu5y4m0p5o1dfluo0cjloo0ebd56fc4&st=140834",
          "onclick": ""
        },
        {
          "text": "26049739",
          "href": "http://192.168.2.26:2026/home.aspx?scope=sys&lang=vi&wpid=thuthuatnewdraw&thuthuatid=5e4b8f45-648c-4116-8b2c-b44900fc3f01&usid=172.31.255.1_ieu5y4m0p5o1dfluo0cjloo0ebd56fc4&st=140834",
          "onclick": ""
        },
        {
          "text": "LÊ TRÍ HIẾU",
          "href": "http://192.168.2.26:2026/home.aspx?scope=sys&lang=vi&wpid=thuthuatnewdraw&thuthuatid=5e4b8f45-648c-4116-8b2c-b44900fc3f01&usid=172.31.255.1_ieu5y4m0p5o1dfluo0cjloo0ebd56fc4&st=140834",
          "onclick": ""
        },
        {
          "text": "Nam",
          "href": "http://192.168.2.26:2026/home.aspx?scope=sys&lang=vi&wpid=thuthuatnewdraw&thuthuatid=5e4b8f45-648c-4116-8b2c-b44900fc3f01&usid=172.31.255.1_ieu5y4m0p5o1dfluo0cjloo0ebd56fc4&st=140834",
          "onclick": ""
        },
        {
          "text": "44 tuổi",
          "href": "http://192.168.2.26:2026/home.aspx?scope=sys&lang=vi&wpid=thuthuatnewdraw&thuthuatid=5e4b8f45-648c-4116-8b2c-b44900fc3f01&usid=172.31.255.1_ieu5y4m0p5o1dfluo0cjloo0ebd56fc4&st=140834",
          "onclick": ""
        },
        {
          "text": "Bảo hiểm",
          "href": "http://192.168.2.26:2026/home.aspx?scope=sys&lang=vi&wpid=thuthuatnewdraw&thuthuatid=5e4b8f45-648c-4116-8b2c-b44900fc3f01&usid=172.31.255.1_ieu5y4m0p5o1dfluo0cjloo0ebd56fc4&st=140834",
          "onclick": ""
        },
        {
          "text": "PHÒNG KHÁM CHẤN THƯƠNG CHỈNH HÌNH - 20B",
          "href": "http://192.168.2.26:2026/home.aspx?scope=sys&lang=vi&wpid=thuthuatnewdraw&thuthuatid=5e4b8f45-648c-4116-8b2c-b44900fc3f01&usid=172.31.255.1_ieu5y4m0p5o1dfluo0cjloo0ebd56fc4&st=140834",
          "onclick": ""
        },
        {
          "text": "Thay băng, cắt chỉ vết mổ [chiều dài ≤ 15cm]",
          "href": "http://192.168.2.26:2026/home.aspx?scope=sys&lang=vi&wpid=thuthuatnewdraw&thuthuatid=5e4b8f45-648c-4116-8b2c-b44900fc3f01&usid=172.31.255.1_ieu5y4m0p5o1dfluo0cjloo0ebd56fc4&st=140834",
          "onclick": ""
        },
        {
          "text": "0",
          "href": "http://192.168.2.26:2026/home.aspx?scope=sys&lang=vi&wpid=thuthuatnewdraw&thuthuatid=5e4b8f45-648c-4116-8b2c-b44900fc3f01&usid=172.31.255.1_ieu5y4m0p5o1dfluo0cjloo0ebd56fc4&st=140834",
          "onclick": ""
        },
        {
          "text": "0",
          "href": "http://192.168.2.26:2026/home.aspx?scope=sys&lang=vi&wpid=thuthuatnewdraw&thuthuatid=5e4b8f45-648c-4116-8b2c-b44900fc3f01&usid=172.31.255.1_ieu5y4m0p5o1dfluo0cjloo0ebd56fc4&st=140834",
          "onclick": ""
        },
        {
          "text": "Thường",
          "href": "http://192.168.2.26:2026/home.aspx?scope=sys&lang=vi&wpid=thuthuatnewdraw&thuthuatid=5e4b8f45-648c-4116-8b2c-b44900fc3f01&usid=172.31.255.1_ieu5y4m0p5o1dfluo0cjloo0ebd56fc4&st=140834",
          "onclick": ""
        },
        {
          "text": "13:39 13/05/2026",
          "href": "http://192.168.2.26:2026/home.aspx?scope=sys&lang=vi&wpid=thuthuatnewdraw&thuthuatid=5e4b8f45-648c-4116-8b2c-b44900fc3f01&usid=172.31.255.1_ieu5y4m0p5o1dfluo0cjloo0ebd56fc4&st=140834",
          "onclick": ""
        },
        {
          "text": "Hoàn tất",
          "href": "http://192.168.2.26:2026/home.aspx?scope=sys&lang=vi&wpid=thuthuatnewdraw&thuthuatid=5e4b8f45-648c-4116-8b2c-b44900fc3f01&usid=172.31.255.1_ieu5y4m0p5o1dfluo0cjloo0ebd56fc4&st=140834",
          "onclick": ""
        }
      ]
    },
    {
      "access_id": "e118d1e1-556a-4002-b3d8-b472008aef9c",
      "known_fields": {
        "stt": "11",
        "ngay_thu_thuat": "14:00 23/07/2026",
        "ma_bn": "26049739",
        "ho_ten": "LÊ TRÍ HIẾU",
        "gioi_tinh": "Nam",
        "tuoi": "44 tuổi",
        "doi_tuong": "Viện phí",
        "noi_chi_dinh": "PHÒNG KHÁM CHẤN THƯƠNG CHỈNH HÌNH - 20",
        "chi_dinh_thu_thuat": "Hút ổ viêm/áp xe phần mềm",
        "tam_ung": "0",
        "phai_thanh_toan": "808,000",
        "tinh_trang": "Thường",
        "thoi_gian_chi_dinh": "08:14 23/06/2026",
        "trang_thai": "Chờ thực hiện"
      },
      "raw_text": "11 14:00 23/07/2026 26049739 LÊ TRÍ HIẾU Nam 44 tuổi Viện phí PHÒNG KHÁM CHẤN THƯƠNG CHỈNH HÌNH - 20 Hút ổ viêm/áp xe phần mềm 0 808,000 Thường 08:14 23/06/2026 Chờ thực hiện",
      "links": [
        {
          "text": "11",
          "href": "http://192.168.2.26:2026/home.aspx?scope=sys&lang=vi&wpid=thuthuatnewdraw&thuthuatid=e118d1e1-556a-4002-b3d8-b472008aef9c&usid=172.31.255.1_ieu5y4m0p5o1dfluo0cjloo0ebd56fc4&st=140834",
          "onclick": ""
        },
        {
          "text": "14:00 23/07/2026",
          "href": "http://192.168.2.26:2026/home.aspx?scope=sys&lang=vi&wpid=thuthuatnewdraw&thuthuatid=e118d1e1-556a-4002-b3d8-b472008aef9c&usid=172.31.255.1_ieu5y4m0p5o1dfluo0cjloo0ebd56fc4&st=140834",
          "onclick": ""
        },
        {
          "text": "26049739",
          "href": "http://192.168.2.26:2026/home.aspx?scope=sys&lang=vi&wpid=thuthuatnewdraw&thuthuatid=e118d1e1-556a-4002-b3d8-b472008aef9c&usid=172.31.255.1_ieu5y4m0p5o1dfluo0cjloo0ebd56fc4&st=140834",
          "onclick": ""
        },
        {
          "text": "LÊ TRÍ HIẾU",
          "href": "http://192.168.2.26:2026/home.aspx?scope=sys&lang=vi&wpid=thuthuatnewdraw&thuthuatid=e118d1e1-556a-4002-b3d8-b472008aef9c&usid=172.31.255.1_ieu5y4m0p5o1dfluo0cjloo0ebd56fc4&st=140834",
          "onclick": ""
        },
        {
          "text": "Nam",
          "href": "http://192.168.2.26:2026/home.aspx?scope=sys&lang=vi&wpid=thuthuatnewdraw&thuthuatid=e118d1e1-556a-4002-b3d8-b472008aef9c&usid=172.31.255.1_ieu5y4m0p5o1dfluo0cjloo0ebd56fc4&st=140834",
          "onclick": ""
        },
        {
          "text": "44 tuổi",
          "href": "http://192.168.2.26:2026/home.aspx?scope=sys&lang=vi&wpid=thuthuatnewdraw&thuthuatid=e118d1e1-556a-4002-b3d8-b472008aef9c&usid=172.31.255.1_ieu5y4m0p5o1dfluo0cjloo0ebd56fc4&st=140834",
          "onclick": ""
        },
        {
          "text": "Viện phí",
          "href": "http://192.168.2.26:2026/home.aspx?scope=sys&lang=vi&wpid=thuthuatnewdraw&thuthuatid=e118d1e1-556a-4002-b3d8-b472008aef9c&usid=172.31.255.1_ieu5y4m0p5o1dfluo0cjloo0ebd56fc4&st=140834",
          "onclick": ""
        },
        {
          "text": "PHÒNG KHÁM CHẤN THƯƠNG CHỈNH HÌNH - 20",
          "href": "http://192.168.2.26:2026/home.aspx?scope=sys&lang=vi&wpid=thuthuatnewdraw&thuthuatid=e118d1e1-556a-4002-b3d8-b472008aef9c&usid=172.31.255.1_ieu5y4m0p5o1dfluo0cjloo0ebd56fc4&st=140834",
          "onclick": ""
        },
        {
          "text": "Hút ổ viêm/áp xe phần mềm",
          "href": "http://192.168.2.26:2026/home.aspx?scope=sys&lang=vi&wpid=thuthuatnewdraw&thuthuatid=e118d1e1-556a-4002-b3d8-b472008aef9c&usid=172.31.255.1_ieu5y4m0p5o1dfluo0cjloo0ebd56fc4&st=140834",
          "onclick": ""
        },
        {
          "text": "0",
          "href": "http://192.168.2.26:2026/home.aspx?scope=sys&lang=vi&wpid=thuthuatnewdraw&thuthuatid=e118d1e1-556a-4002-b3d8-b472008aef9c&usid=172.31.255.1_ieu5y4m0p5o1dfluo0cjloo0ebd56fc4&st=140834",
          "onclick": ""
        },
        {
          "text": "808,000",
          "href": "http://192.168.2.26:2026/home.aspx?scope=sys&lang=vi&wpid=thuthuatnewdraw&thuthuatid=e118d1e1-556a-4002-b3d8-b472008aef9c&usid=172.31.255.1_ieu5y4m0p5o1dfluo0cjloo0ebd56fc4&st=140834",
          "onclick": ""
        },
        {
          "text": "Thường",
          "href": "http://192.168.2.26:2026/home.aspx?scope=sys&lang=vi&wpid=thuthuatnewdraw&thuthuatid=e118d1e1-556a-4002-b3d8-b472008aef9c&usid=172.31.255.1_ieu5y4m0p5o1dfluo0cjloo0ebd56fc4&st=140834",
          "onclick": ""
        },
        {
          "text": "08:14 23/06/2026",
          "href": "http://192.168.2.26:2026/home.aspx?scope=sys&lang=vi&wpid=thuthuatnewdraw&thuthuatid=e118d1e1-556a-4002-b3d8-b472008aef9c&usid=172.31.255.1_ieu5y4m0p5o1dfluo0cjloo0ebd56fc4&st=140834",
          "onclick": ""
        },
        {
          "text": "Chờ thực hiện",
          "href": "http://192.168.2.26:2026/home.aspx?scope=sys&lang=vi&wpid=thuthuatnewdraw&thuthuatid=e118d1e1-556a-4002-b3d8-b472008aef9c&usid=172.31.255.1_ieu5y4m0p5o1dfluo0cjloo0ebd56fc4&st=140834",
          "onclick": ""
        }
      ]
    }
  ]
}
[2026-07-23 14:08:37.442] [CANDIDATES] D/s Thủ thuật: có 11 ứng viên cùng người bệnh
{
  "candidates": [
    {
      "list_score": 205.0,
      "list_datetime": "2026-06-23 08:14:00",
      "list_time_source": "Thời gian chỉ định",
      "list_method": "Hút ổ viêm/áp xe phần mềm",
      "list_method_source": "Chỉ định thủ thuật",
      "method_score": 1.0,
      "detail_marker": "http://192.168.2.26:2026/home.aspx?scope=sys&lang=vi&wpid=thuthuatnewdraw&thuthuatid=e118d1e1-556a-4002-b3d8-b472008aef9c&usid=172.31.255.1_ieu5y4m0p5o1dfluo0cjloo0ebd56fc4&st=140834",
      "row": {
        "access_id": "e118d1e1-556a-4002-b3d8-b472008aef9c",
        "known_fields": {
          "stt": "11",
          "ngay_thu_thuat": "14:00 23/07/2026",
          "ma_bn": "26049739",
          "ho_ten": "LÊ TRÍ HIẾU",
          "gioi_tinh": "Nam",
          "tuoi": "44 tuổi",
          "doi_tuong": "Viện phí",
          "noi_chi_dinh": "PHÒNG KHÁM CHẤN THƯƠNG CHỈNH HÌNH - 20",
          "chi_dinh_thu_thuat": "Hút ổ viêm/áp xe phần mềm",
          "tam_ung": "0",
          "phai_thanh_toan": "808,000",
          "tinh_trang": "Thường",
          "thoi_gian_chi_dinh": "08:14 23/06/2026",
          "trang_thai": "Chờ thực hiện"
        },
        "raw_text": "11 14:00 23/07/2026 26049739 LÊ TRÍ HIẾU Nam 44 tuổi Viện phí PHÒNG KHÁM CHẤN THƯƠNG CHỈNH HÌNH - 20 Hút ổ viêm/áp xe phần mềm 0 808,000 Thường 08:14 23/06/2026 Chờ thực hiện",
        "links": [
          {
            "text": "11",
            "href": "http://192.168.2.26:2026/home.aspx?scope=sys&lang=vi&wpid=thuthuatnewdraw&thuthuatid=e118d1e1-556a-4002-b3d8-b472008aef9c&usid=172.31.255.1_ieu5y4m0p5o1dfluo0cjloo0ebd56fc4&st=140834",
            "onclick": ""
          },
          {
            "text": "14:00 23/07/2026",
            "href": "http://192.168.2.26:2026/home.aspx?scope=sys&lang=vi&wpid=thuthuatnewdraw&thuthuatid=e118d1e1-556a-4002-b3d8-b472008aef9c&usid=172.31.255.1_ieu5y4m0p5o1dfluo0cjloo0ebd56fc4&st=140834",
            "onclick": ""
          },
          {
            "text": "26049739",
            "href": "http://192.168.2.26:2026/home.aspx?scope=sys&lang=vi&wpid=thuthuatnewdraw&thuthuatid=e118d1e1-556a-4002-b3d8-b472008aef9c&usid=172.31.255.1_ieu5y4m0p5o1dfluo0cjloo0ebd56fc4&st=140834",
            "onclick": ""
          },
          {
            "text": "LÊ TRÍ HIẾU",
            "href": "http://192.168.2.26:2026/home.aspx?scope=sys&lang=vi&wpid=thuthuatnewdraw&thuthuatid=e118d1e1-556a-4002-b3d8-b472008aef9c&usid=172.31.255.1_ieu5y4m0p5o1dfluo0cjloo0ebd56fc4&st=140834",
            "onclick": ""
          },
          {
            "text": "Nam",
            "href": "http://192.168.2.26:2026/home.aspx?scope=sys&lang=vi&wpid=thuthuatnewdraw&thuthuatid=e118d1e1-556a-4002-b3d8-b472008aef9c&usid=172.31.255.1_ieu5y4m0p5o1dfluo0cjloo0ebd56fc4&st=140834",
            "onclick": ""
          },
          {
            "text": "44 tuổi",
            "href": "http://192.168.2.26:2026/home.aspx?scope=sys&lang=vi&wpid=thuthuatnewdraw&thuthuatid=e118d1e1-556a-4002-b3d8-b472008aef9c&usid=172.31.255.1_ieu5y4m0p5o1dfluo0cjloo0ebd56fc4&st=140834",
            "onclick": ""
          },
          {
            "text": "Viện phí",
            "href": "http://192.168.2.26:2026/home.aspx?scope=sys&lang=vi&wpid=thuthuatnewdraw&thuthuatid=e118d1e1-556a-4002-b3d8-b472008aef9c&usid=172.31.255.1_ieu5y4m0p5o1dfluo0cjloo0ebd56fc4&st=140834",
            "onclick": ""
          },
          {
            "text": "PHÒNG KHÁM CHẤN THƯƠNG CHỈNH HÌNH - 20",
            "href": "http://192.168.2.26:2026/home.aspx?scope=sys&lang=vi&wpid=thuthuatnewdraw&thuthuatid=e118d1e1-556a-4002-b3d8-b472008aef9c&usid=172.31.255.1_ieu5y4m0p5o1dfluo0cjloo0ebd56fc4&st=140834",
            "onclick": ""
          },
          {
            "text": "Hút ổ viêm/áp xe phần mềm",
            "href": "http://192.168.2.26:2026/home.aspx?scope=sys&lang=vi&wpid=thuthuatnewdraw&thuthuatid=e118d1e1-556a-4002-b3d8-b472008aef9c&usid=172.31.255.1_ieu5y4m0p5o1dfluo0cjloo0ebd56fc4&st=140834",
            "onclick": ""
          },
          {
            "text": "0",
            "href": "http://192.168.2.26:2026/home.aspx?scope=sys&lang=vi&wpid=thuthuatnewdraw&thuthuatid=e118d1e1-556a-4002-b3d8-b472008aef9c&usid=172.31.255.1_ieu5y4m0p5o1dfluo0cjloo0ebd56fc4&st=140834",
            "onclick": ""
          },
          {
            "text": "808,000",
            "href": "http://192.168.2.26:2026/home.aspx?scope=sys&lang=vi&wpid=thuthuatnewdraw&thuthuatid=e118d1e1-556a-4002-b3d8-b472008aef9c&usid=172.31.255.1_ieu5y4m0p5o1dfluo0cjloo0ebd56fc4&st=140834",
            "onclick": ""
          },
          {
            "text": "Thường",
            "href": "http://192.168.2.26:2026/home.aspx?scope=sys&lang=vi&wpid=thuthuatnewdraw&thuthuatid=e118d1e1-556a-4002-b3d8-b472008aef9c&usid=172.31.255.1_ieu5y4m0p5o1dfluo0cjloo0ebd56fc4&st=140834",
            "onclick": ""
          },
          {
            "text": "08:14 23/06/2026",
            "href": "http://192.168.2.26:2026/home.aspx?scope=sys&lang=vi&wpid=thuthuatnewdraw&thuthuatid=e118d1e1-556a-4002-b3d8-b472008aef9c&usid=172.31.255.1_ieu5y4m0p5o1dfluo0cjloo0ebd56fc4&st=140834",
            "onclick": ""
          },
          {
            "text": "Chờ thực hiện",
            "href": "http://192.168.2.26:2026/home.aspx?scope=sys&lang=vi&wpid=thuthuatnewdraw&thuthuatid=e118d1e1-556a-4002-b3d8-b472008aef9c&usid=172.31.255.1_ieu5y4m0p5o1dfluo0cjloo0ebd56fc4&st=140834",
            "onclick": ""
          }
        ]
      }
    },
    {
      "list_score": 38.75,
      "list_datetime": "2026-04-26 05:00:00",
      "list_time_source": "Thời gian chỉ định",
      "list_method": "Thay băng, cắt chỉ vết mổ [chiều dài ≤ 15cm]",
      "list_method_source": "Chỉ định thủ thuật",
      "method_score": 0.25,
      "detail_marker": "http://192.168.2.26:2026/home.aspx?scope=sys&lang=vi&wpid=thuthuatnewdraw&thuthuatid=7bf4a027-9ed8-4c1e-8ce9-b438000c022e&usid=172.31.255.1_ieu5y4m0p5o1dfluo0cjloo0ebd56fc4&st=140834",
      "row": {
        "access_id": "7bf4a027-9ed8-4c1e-8ce9-b438000c022e",
        "known_fields": {
          "stt": "1",
          "ngay_thu_thuat": "07:20 26/04/2026",
          "ma_bn": "26049739",
          "ho_ten": "LÊ TRÍ HIẾU",
          "gioi_tinh": "Nam",
          "tuoi": "44 tuổi",
          "doi_tuong": "Viện phí",
          "noi_chi_dinh": "Khoa Ngoại Chấn Thương Chỉnh Hình và Thần Kinh",
          "chi_dinh_thu_thuat": "Thay băng, cắt chỉ vết mổ [chiều dài ≤ 15cm]",
          "tam_ung": "0",
          "phai_thanh_toan": "0",
          "tinh_trang": "Thường",
          "thoi_gian_chi_dinh": "05:00 26/04/2026",
          "trang_thai": "Hoàn tất"
        },
        "raw_text": "1 07:20 26/04/2026 26049739 LÊ TRÍ HIẾU Nam 44 tuổi Viện phí Khoa Ngoại Chấn Thương Chỉnh Hình và Thần Kinh Thay băng, cắt chỉ vết mổ [chiều dài ≤ 15cm] 0 0 Thường 05:00 26/04/2026 Hoàn tất",
        "links": [
          {
            "text": "1",
            "href": "http://192.168.2.26:2026/home.aspx?scope=sys&lang=vi&wpid=thuthuatnewdraw&thuthuatid=7bf4a027-9ed8-4c1e-8ce9-b438000c022e&usid=172.31.255.1_ieu5y4m0p5o1dfluo0cjloo0ebd56fc4&st=140834",
            "onclick": ""
          },
          {
            "text": "07:20 26/04/2026",
            "href": "http://192.168.2.26:2026/home.aspx?scope=sys&lang=vi&wpid=thuthuatnewdraw&thuthuatid=7bf4a027-9ed8-4c1e-8ce9-b438000c022e&usid=172.31.255.1_ieu5y4m0p5o1dfluo0cjloo0ebd56fc4&st=140834",
            "onclick": ""
          },
          {
            "text": "26049739",
            "href": "http://192.168.2.26:2026/home.aspx?scope=sys&lang=vi&wpid=thuthuatnewdraw&thuthuatid=7bf4a027-9ed8-4c1e-8ce9-b438000c022e&usid=172.31.255.1_ieu5y4m0p5o1dfluo0cjloo0ebd56fc4&st=140834",
            "onclick": ""
          },
          {
            "text": "LÊ TRÍ HIẾU",
            "href": "http://192.168.2.26:2026/home.aspx?scope=sys&lang=vi&wpid=thuthuatnewdraw&thuthuatid=7bf4a027-9ed8-4c1e-8ce9-b438000c022e&usid=172.31.255.1_ieu5y4m0p5o1dfluo0cjloo0ebd56fc4&st=140834",
            "onclick": ""
          },
          {
            "text": "Nam",
            "href": "http://192.168.2.26:2026/home.aspx?scope=sys&lang=vi&wpid=thuthuatnewdraw&thuthuatid=7bf4a027-9ed8-4c1e-8ce9-b438000c022e&usid=172.31.255.1_ieu5y4m0p5o1dfluo0cjloo0ebd56fc4&st=140834",
            "onclick": ""
          },
          {
            "text": "44 tuổi",
            "href": "http://192.168.2.26:2026/home.aspx?scope=sys&lang=vi&wpid=thuthuatnewdraw&thuthuatid=7bf4a027-9ed8-4c1e-8ce9-b438000c022e&usid=172.31.255.1_ieu5y4m0p5o1dfluo0cjloo0ebd56fc4&st=140834",
            "onclick": ""
          },
          {
            "text": "Viện phí",
            "href": "http://192.168.2.26:2026/home.aspx?scope=sys&lang=vi&wpid=thuthuatnewdraw&thuthuatid=7bf4a027-9ed8-4c1e-8ce9-b438000c022e&usid=172.31.255.1_ieu5y4m0p5o1dfluo0cjloo0ebd56fc4&st=140834",
            "onclick": ""
          },
          {
            "text": "Khoa Ngoại Chấn Thương Chỉnh Hình và Thần Kinh",
            "href": "http://192.168.2.26:2026/home.aspx?scope=sys&lang=vi&wpid=thuthuatnewdraw&thuthuatid=7bf4a027-9ed8-4c1e-8ce9-b438000c022e&usid=172.31.255.1_ieu5y4m0p5o1dfluo0cjloo0ebd56fc4&st=140834",
            "onclick": ""
          },
          {
            "text": "Thay băng, cắt chỉ vết mổ [chiều dài ≤ 15cm]",
            "href": "http://192.168.2.26:2026/home.aspx?scope=sys&lang=vi&wpid=thuthuatnewdraw&thuthuatid=7bf4a027-9ed8-4c1e-8ce9-b438000c022e&usid=172.31.255.1_ieu5y4m0p5o1dfluo0cjloo0ebd56fc4&st=140834",
            "onclick": ""
          },
          {
            "text": "0",
            "href": "http://192.168.2.26:2026/home.aspx?scope=sys&lang=vi&wpid=thuthuatnewdraw&thuthuatid=7bf4a027-9ed8-4c1e-8ce9-b438000c022e&usid=172.31.255.1_ieu5y4m0p5o1dfluo0cjloo0ebd56fc4&st=140834",
            "onclick": ""
          },
          {
            "text": "0",
            "href": "http://192.168.2.26:2026/home.aspx?scope=sys&lang=vi&wpid=thuthuatnewdraw&thuthuatid=7bf4a027-9ed8-4c1e-8ce9-b438000c022e&usid=172.31.255.1_ieu5y4m0p5o1dfluo0cjloo0ebd56fc4&st=140834",
            "onclick": ""
          },
          {
            "text": "Thường",
            "href": "http://192.168.2.26:2026/home.aspx?scope=sys&lang=vi&wpid=thuthuatnewdraw&thuthuatid=7bf4a027-9ed8-4c1e-8ce9-b438000c022e&usid=172.31.255.1_ieu5y4m0p5o1dfluo0cjloo0ebd56fc4&st=140834",
            "onclick": ""
          },
          {
            "text": "05:00 26/04/2026",
            "href": "http://192.168.2.26:2026/home.aspx?scope=sys&lang=vi&wpid=thuthuatnewdraw&thuthuatid=7bf4a027-9ed8-4c1e-8ce9-b438000c022e&usid=172.31.255.1_ieu5y4m0p5o1dfluo0cjloo0ebd56fc4&st=140834",
            "onclick": ""
          },
          {
            "text": "Hoàn tất",
            "href": "http://192.168.2.26:2026/home.aspx?scope=sys&lang=vi&wpid=thuthuatnewdraw&thuthuatid=7bf4a027-9ed8-4c1e-8ce9-b438000c022e&usid=172.31.255.1_ieu5y4m0p5o1dfluo0cjloo0ebd56fc4&st=140834",
            "onclick": ""
          }
        ]
      }
    },
    {
      "list_score": 38.75,
      "list_datetime": "2026-04-29 03:00:00",
      "list_time_source": "Thời gian chỉ định",
      "list_method": "Thay băng, cắt chỉ vết mổ [chiều dài ≤ 15cm]",
      "list_method_source": "Chỉ định thủ thuật",
      "method_score": 0.25,
      "detail_marker": "http://192.168.2.26:2026/home.aspx?scope=sys&lang=vi&wpid=thuthuatnewdraw&thuthuatid=010317ed-5318-4af7-b05f-b43b00360af9&usid=172.31.255.1_ieu5y4m0p5o1dfluo0cjloo0ebd56fc4&st=140834",
      "row": {
        "access_id": "010317ed-5318-4af7-b05f-b43b00360af9",
        "known_fields": {
          "stt": "2",
          "ngay_thu_thuat": "03:00 29/04/2026",
          "ma_bn": "26049739",
          "ho_ten": "LÊ TRÍ HIẾU",
          "gioi_tinh": "Nam",
          "tuoi": "44 tuổi",
          "doi_tuong": "Viện phí",
          "noi_chi_dinh": "Khoa Ngoại Chấn Thương Chỉnh Hình và Thần Kinh",
          "chi_dinh_thu_thuat": "Thay băng, cắt chỉ vết mổ [chiều dài ≤ 15cm]",
          "tam_ung": "0",
          "phai_thanh_toan": "0",
          "tinh_trang": "Thường",
          "thoi_gian_chi_dinh": "03:00 29/04/2026",
          "trang_thai": "Hoàn tất"
        },
        "raw_text": "2 03:00 29/04/2026 26049739 LÊ TRÍ HIẾU Nam 44 tuổi Viện phí Khoa Ngoại Chấn Thương Chỉnh Hình và Thần Kinh Thay băng, cắt chỉ vết mổ [chiều dài ≤ 15cm] 0 0 Thường 03:00 29/04/2026 Hoàn tất",
        "links": [
          {
            "text": "2",
            "href": "http://192.168.2.26:2026/home.aspx?scope=sys&lang=vi&wpid=thuthuatnewdraw&thuthuatid=010317ed-5318-4af7-b05f-b43b00360af9&usid=172.31.255.1_ieu5y4m0p5o1dfluo0cjloo0ebd56fc4&st=140834",
            "onclick": ""
          },
          {
            "text": "03:00 29/04/2026",
            "href": "http://192.168.2.26:2026/home.aspx?scope=sys&lang=vi&wpid=thuthuatnewdraw&thuthuatid=010317ed-5318-4af7-b05f-b43b00360af9&usid=172.31.255.1_ieu5y4m0p5o1dfluo0cjloo0ebd56fc4&st=140834",
            "onclick": ""
          },
          {
            "text": "26049739",
            "href": "http://192.168.2.26:2026/home.aspx?scope=sys&lang=vi&wpid=thuthuatnewdraw&thuthuatid=010317ed-5318-4af7-b05f-b43b00360af9&usid=172.31.255.1_ieu5y4m0p5o1dfluo0cjloo0ebd56fc4&st=140834",
            "onclick": ""
          },
          {
            "text": "LÊ TRÍ HIẾU",
            "href": "http://192.168.2.26:2026/home.aspx?scope=sys&lang=vi&wpid=thuthuatnewdraw&thuthuatid=010317ed-5318-4af7-b05f-b43b00360af9&usid=172.31.255.1_ieu5y4m0p5o1dfluo0cjloo0ebd56fc4&st=140834",
            "onclick": ""
          },
          {
            "text": "Nam",
            "href": "http://192.168.2.26:2026/home.aspx?scope=sys&lang=vi&wpid=thuthuatnewdraw&thuthuatid=010317ed-5318-4af7-b05f-b43b00360af9&usid=172.31.255.1_ieu5y4m0p5o1dfluo0cjloo0ebd56fc4&st=140834",
            "onclick": ""
          },
          {
            "text": "44 tuổi",
            "href": "http://192.168.2.26:2026/home.aspx?scope=sys&lang=vi&wpid=thuthuatnewdraw&thuthuatid=010317ed-5318-4af7-b05f-b43b00360af9&usid=172.31.255.1_ieu5y4m0p5o1dfluo0cjloo0ebd56fc4&st=140834",
            "onclick": ""
          },
          {
            "text": "Viện phí",
            "href": "http://192.168.2.26:2026/home.aspx?scope=sys&lang=vi&wpid=thuthuatnewdraw&thuthuatid=010317ed-5318-4af7-b05f-b43b00360af9&usid=172.31.255.1_ieu5y4m0p5o1dfluo0cjloo0ebd56fc4&st=140834",
            "onclick": ""
          },
          {
            "text": "Khoa Ngoại Chấn Thương Chỉnh Hình và Thần Kinh",
            "href": "http://192.168.2.26:2026/home.aspx?scope=sys&lang=vi&wpid=thuthuatnewdraw&thuthuatid=010317ed-5318-4af7-b05f-b43b00360af9&usid=172.31.255.1_ieu5y4m0p5o1dfluo0cjloo0ebd56fc4&st=140834",
            "onclick": ""
          },
          {
            "text": "Thay băng, cắt chỉ vết mổ [chiều dài ≤ 15cm]",
            "href": "http://192.168.2.26:2026/home.aspx?scope=sys&lang=vi&wpid=thuthuatnewdraw&thuthuatid=010317ed-5318-4af7-b05f-b43b00360af9&usid=172.31.255.1_ieu5y4m0p5o1dfluo0cjloo0ebd56fc4&st=140834",
            "onclick": ""
          },
          {
            "text": "0",
            "href": "http://192.168.2.26:2026/home.aspx?scope=sys&lang=vi&wpid=thuthuatnewdraw&thuthuatid=010317ed-5318-4af7-b05f-b43b00360af9&usid=172.31.255.1_ieu5y4m0p5o1dfluo0cjloo0ebd56fc4&st=140834",
            "onclick": ""
          },
          {
            "text": "0",
            "href": "http://192.168.2.26:2026/home.aspx?scope=sys&lang=vi&wpid=thuthuatnewdraw&thuthuatid=010317ed-5318-4af7-b05f-b43b00360af9&usid=172.31.255.1_ieu5y4m0p5o1dfluo0cjloo0ebd56fc4&st=140834",
            "onclick": ""
          },
          {
            "text": "Thường",
            "href": "http://192.168.2.26:2026/home.aspx?scope=sys&lang=vi&wpid=thuthuatnewdraw&thuthuatid=010317ed-5318-4af7-b05f-b43b00360af9&usid=172.31.255.1_ieu5y4m0p5o1dfluo0cjloo0ebd56fc4&st=140834",
            "onclick": ""
          },
          {
            "text": "03:00 29/04/2026",
            "href": "http://192.168.2.26:2026/home.aspx?scope=sys&lang=vi&wpid=thuthuatnewdraw&thuthuatid=010317ed-5318-4af7-b05f-b43b00360af9&usid=172.31.255.1_ieu5y4m0p5o1dfluo0cjloo0ebd56fc4&st=140834",
            "onclick": ""
          },
          {
            "text": "Hoàn tất",
            "href": "http://192.168.2.26:2026/home.aspx?scope=sys&lang=vi&wpid=thuthuatnewdraw&thuthuatid=010317ed-5318-4af7-b05f-b43b00360af9&usid=172.31.255.1_ieu5y4m0p5o1dfluo0cjloo0ebd56fc4&st=140834",
            "onclick": ""
          }
        ]
      }
    },
    {
      "list_score": 38.75,
      "list_datetime": "2026-04-28 17:06:00",
      "list_time_source": "Thời gian chỉ định",
      "list_method": "Thay băng, cắt chỉ vết mổ [chiều dài ≤ 15cm]",
      "list_method_source": "Chỉ định thủ thuật",
      "method_score": 0.25,
      "detail_marker": "http://192.168.2.26:2026/home.aspx?scope=sys&lang=vi&wpid=thuthuatnewdraw&thuthuatid=d13f3182-6753-4cab-af48-b43a011d10a7&usid=172.31.255.1_ieu5y4m0p5o1dfluo0cjloo0ebd56fc4&st=140834",
      "row": {
        "access_id": "d13f3182-6753-4cab-af48-b43a011d10a7",
        "known_fields": {
          "stt": "3",
          "ngay_thu_thuat": "08:00 29/04/2026",
          "ma_bn": "26049739",
          "ho_ten": "LÊ TRÍ HIẾU",
          "gioi_tinh": "Nam",
          "tuoi": "44 tuổi",
          "doi_tuong": "Viện phí",
          "noi_chi_dinh": "Khoa Ngoại Chấn Thương Chỉnh Hình và Thần Kinh",
          "chi_dinh_thu_thuat": "Thay băng, cắt chỉ vết mổ [chiều dài ≤ 15cm]",
          "tam_ung": "0",
          "phai_thanh_toan": "0",
          "tinh_trang": "Thường",
          "thoi_gian_chi_dinh": "17:06 28/04/2026",
          "trang_thai": "Hoàn tất"
        },
        "raw_text": "3 08:00 29/04/2026 26049739 LÊ TRÍ HIẾU Nam 44 tuổi Viện phí Khoa Ngoại Chấn Thương Chỉnh Hình và Thần Kinh Thay băng, cắt chỉ vết mổ [chiều dài ≤ 15cm] 0 0 Thường 17:06 28/04/2026 Hoàn tất",
        "links": [
          {
            "text": "3",
            "href": "http://192.168.2.26:2026/home.aspx?scope=sys&lang=vi&wpid=thuthuatnewdraw&thuthuatid=d13f3182-6753-4cab-af48-b43a011d10a7&usid=172.31.255.1_ieu5y4m0p5o1dfluo0cjloo0ebd56fc4&st=140834",
            "onclick": ""
          },
          {
            "text": "08:00 29/04/2026",
            "href": "http://192.168.2.26:2026/home.aspx?scope=sys&lang=vi&wpid=thuthuatnewdraw&thuthuatid=d13f3182-6753-4cab-af48-b43a011d10a7&usid=172.31.255.1_ieu5y4m0p5o1dfluo0cjloo0ebd56fc4&st=140834",
            "onclick": ""
          },
          {
            "text": "26049739",
            "href": "http://192.168.2.26:2026/home.aspx?scope=sys&lang=vi&wpid=thuthuatnewdraw&thuthuatid=d13f3182-6753-4cab-af48-b43a011d10a7&usid=172.31.255.1_ieu5y4m0p5o1dfluo0cjloo0ebd56fc4&st=140834",
            "onclick": ""
          },
          {
            "text": "LÊ TRÍ HIẾU",
            "href": "http://192.168.2.26:2026/home.aspx?scope=sys&lang=vi&wpid=thuthuatnewdraw&thuthuatid=d13f3182-6753-4cab-af48-b43a011d10a7&usid=172.31.255.1_ieu5y4m0p5o1dfluo0cjloo0ebd56fc4&st=140834",
            "onclick": ""
          },
          {
            "text": "Nam",
            "href": "http://192.168.2.26:2026/home.aspx?scope=sys&lang=vi&wpid=thuthuatnewdraw&thuthuatid=d13f3182-6753-4cab-af48-b43a011d10a7&usid=172.31.255.1_ieu5y4m0p5o1dfluo0cjloo0ebd56fc4&st=140834",
            "onclick": ""
          },
          {
            "text": "44 tuổi",
            "href": "http://192.168.2.26:2026/home.aspx?scope=sys&lang=vi&wpid=thuthuatnewdraw&thuthuatid=d13f3182-6753-4cab-af48-b43a011d10a7&usid=172.31.255.1_ieu5y4m0p5o1dfluo0cjloo0ebd56fc4&st=140834",
            "onclick": ""
          },
          {
            "text": "Viện phí",
            "href": "http://192.168.2.26:2026/home.aspx?scope=sys&lang=vi&wpid=thuthuatnewdraw&thuthuatid=d13f3182-6753-4cab-af48-b43a011d10a7&usid=172.31.255.1_ieu5y4m0p5o1dfluo0cjloo0ebd56fc4&st=140834",
            "onclick": ""
          },
          {
            "text": "Khoa Ngoại Chấn Thương Chỉnh Hình và Thần Kinh",
            "href": "http://192.168.2.26:2026/home.aspx?scope=sys&lang=vi&wpid=thuthuatnewdraw&thuthuatid=d13f3182-6753-4cab-af48-b43a011d10a7&usid=172.31.255.1_ieu5y4m0p5o1dfluo0cjloo0ebd56fc4&st=140834",
            "onclick": ""
          },
          {
            "text": "Thay băng, cắt chỉ vết mổ [chiều dài ≤ 15cm]",
            "href": "http://192.168.2.26:2026/home.aspx?scope=sys&lang=vi&wpid=thuthuatnewdraw&thuthuatid=d13f3182-6753-4cab-af48-b43a011d10a7&usid=172.31.255.1_ieu5y4m0p5o1dfluo0cjloo0ebd56fc4&st=140834",
            "onclick": ""
          },
          {
            "text": "0",
            "href": "http://192.168.2.26:2026/home.aspx?scope=sys&lang=vi&wpid=thuthuatnewdraw&thuthuatid=d13f3182-6753-4cab-af48-b43a011d10a7&usid=172.31.255.1_ieu5y4m0p5o1dfluo0cjloo0ebd56fc4&st=140834",
            "onclick": ""
          },
          {
            "text": "0",
            "href": "http://192.168.2.26:2026/home.aspx?scope=sys&lang=vi&wpid=thuthuatnewdraw&thuthuatid=d13f3182-6753-4cab-af48-b43a011d10a7&usid=172.31.255.1_ieu5y4m0p5o1dfluo0cjloo0ebd56fc4&st=140834",
            "onclick": ""
          },
          {
            "text": "Thường",
            "href": "http://192.168.2.26:2026/home.aspx?scope=sys&lang=vi&wpid=thuthuatnewdraw&thuthuatid=d13f3182-6753-4cab-af48-b43a011d10a7&usid=172.31.255.1_ieu5y4m0p5o1dfluo0cjloo0ebd56fc4&st=140834",
            "onclick": ""
          },
          {
            "text": "17:06 28/04/2026",
            "href": "http://192.168.2.26:2026/home.aspx?scope=sys&lang=vi&wpid=thuthuatnewdraw&thuthuatid=d13f3182-6753-4cab-af48-b43a011d10a7&usid=172.31.255.1_ieu5y4m0p5o1dfluo0cjloo0ebd56fc4&st=140834",
            "onclick": ""
          },
          {
            "text": "Hoàn tất",
            "href": "http://192.168.2.26:2026/home.aspx?scope=sys&lang=vi&wpid=thuthuatnewdraw&thuthuatid=d13f3182-6753-4cab-af48-b43a011d10a7&usid=172.31.255.1_ieu5y4m0p5o1dfluo0cjloo0ebd56fc4&st=140834",
            "onclick": ""
          }
        ]
      }
    },
    {
      "list_score": 38.75,
      "list_datetime": "2026-04-30 05:00:00",
      "list_time_source": "Thời gian chỉ định",
      "list_method": "Thay băng, cắt chỉ vết mổ [chiều dài ≤ 15cm]",
      "list_method_source": "Chỉ định thủ thuật",
      "method_score": 0.25,
      "detail_marker": "http://192.168.2.26:2026/home.aspx?scope=sys&lang=vi&wpid=thuthuatnewdraw&thuthuatid=6826bc40-938e-48cf-b4ea-b43b00702d25&usid=172.31.255.1_ieu5y4m0p5o1dfluo0cjloo0ebd56fc4&st=140834",
      "row": {
        "access_id": "6826bc40-938e-48cf-b4ea-b43b00702d25",
        "known_fields": {
          "stt": "4",
          "ngay_thu_thuat": "07:00 30/04/2026",
          "ma_bn": "26049739",
          "ho_ten": "LÊ TRÍ HIẾU",
          "gioi_tinh": "Nam",
          "tuoi": "44 tuổi",
          "doi_tuong": "Viện phí",
          "noi_chi_dinh": "Khoa Ngoại Chấn Thương Chỉnh Hình và Thần Kinh",
          "chi_dinh_thu_thuat": "Thay băng, cắt chỉ vết mổ [chiều dài ≤ 15cm]",
          "tam_ung": "0",
          "phai_thanh_toan": "0",
          "tinh_trang": "Thường",
          "thoi_gian_chi_dinh": "05:00 30/04/2026",
          "trang_thai": "Hoàn tất"
        },
        "raw_text": "4 07:00 30/04/2026 26049739 LÊ TRÍ HIẾU Nam 44 tuổi Viện phí Khoa Ngoại Chấn Thương Chỉnh Hình và Thần Kinh Thay băng, cắt chỉ vết mổ [chiều dài ≤ 15cm] 0 0 Thường 05:00 30/04/2026 Hoàn tất",
        "links": [
          {
            "text": "4",
            "href": "http://192.168.2.26:2026/home.aspx?scope=sys&lang=vi&wpid=thuthuatnewdraw&thuthuatid=6826bc40-938e-48cf-b4ea-b43b00702d25&usid=172.31.255.1_ieu5y4m0p5o1dfluo0cjloo0ebd56fc4&st=140834",
            "onclick": ""
          },
          {
            "text": "07:00 30/04/2026",
            "href": "http://192.168.2.26:2026/home.aspx?scope=sys&lang=vi&wpid=thuthuatnewdraw&thuthuatid=6826bc40-938e-48cf-b4ea-b43b00702d25&usid=172.31.255.1_ieu5y4m0p5o1dfluo0cjloo0ebd56fc4&st=140834",
            "onclick": ""
          },
          {
            "text": "26049739",
            "href": "http://192.168.2.26:2026/home.aspx?scope=sys&lang=vi&wpid=thuthuatnewdraw&thuthuatid=6826bc40-938e-48cf-b4ea-b43b00702d25&usid=172.31.255.1_ieu5y4m0p5o1dfluo0cjloo0ebd56fc4&st=140834",
            "onclick": ""
          },
          {
            "text": "LÊ TRÍ HIẾU",
            "href": "http://192.168.2.26:2026/home.aspx?scope=sys&lang=vi&wpid=thuthuatnewdraw&thuthuatid=6826bc40-938e-48cf-b4ea-b43b00702d25&usid=172.31.255.1_ieu5y4m0p5o1dfluo0cjloo0ebd56fc4&st=140834",
            "onclick": ""
          },
          {
            "text": "Nam",
            "href": "http://192.168.2.26:2026/home.aspx?scope=sys&lang=vi&wpid=thuthuatnewdraw&thuthuatid=6826bc40-938e-48cf-b4ea-b43b00702d25&usid=172.31.255.1_ieu5y4m0p5o1dfluo0cjloo0ebd56fc4&st=140834",
            "onclick": ""
          },
          {
            "text": "44 tuổi",
            "href": "http://192.168.2.26:2026/home.aspx?scope=sys&lang=vi&wpid=thuthuatnewdraw&thuthuatid=6826bc40-938e-48cf-b4ea-b43b00702d25&usid=172.31.255.1_ieu5y4m0p5o1dfluo0cjloo0ebd56fc4&st=140834",
            "onclick": ""
          },
          {
            "text": "Viện phí",
            "href": "http://192.168.2.26:2026/home.aspx?scope=sys&lang=vi&wpid=thuthuatnewdraw&thuthuatid=6826bc40-938e-48cf-b4ea-b43b00702d25&usid=172.31.255.1_ieu5y4m0p5o1dfluo0cjloo0ebd56fc4&st=140834",
            "onclick": ""
          },
          {
            "text": "Khoa Ngoại Chấn Thương Chỉnh Hình và Thần Kinh",
            "href": "http://192.168.2.26:2026/home.aspx?scope=sys&lang=vi&wpid=thuthuatnewdraw&thuthuatid=6826bc40-938e-48cf-b4ea-b43b00702d25&usid=172.31.255.1_ieu5y4m0p5o1dfluo0cjloo0ebd56fc4&st=140834",
            "onclick": ""
          },
          {
            "text": "Thay băng, cắt chỉ vết mổ [chiều dài ≤ 15cm]",
            "href": "http://192.168.2.26:2026/home.aspx?scope=sys&lang=vi&wpid=thuthuatnewdraw&thuthuatid=6826bc40-938e-48cf-b4ea-b43b00702d25&usid=172.31.255.1_ieu5y4m0p5o1dfluo0cjloo0ebd56fc4&st=140834",
            "onclick": ""
          },
          {
            "text": "0",
            "href": "http://192.168.2.26:2026/home.aspx?scope=sys&lang=vi&wpid=thuthuatnewdraw&thuthuatid=6826bc40-938e-48cf-b4ea-b43b00702d25&usid=172.31.255.1_ieu5y4m0p5o1dfluo0cjloo0ebd56fc4&st=140834",
            "onclick": ""
          },
          {
            "text": "0",
            "href": "http://192.168.2.26:2026/home.aspx?scope=sys&lang=vi&wpid=thuthuatnewdraw&thuthuatid=6826bc40-938e-48cf-b4ea-b43b00702d25&usid=172.31.255.1_ieu5y4m0p5o1dfluo0cjloo0ebd56fc4&st=140834",
            "onclick": ""
          },
          {
            "text": "Thường",
            "href": "http://192.168.2.26:2026/home.aspx?scope=sys&lang=vi&wpid=thuthuatnewdraw&thuthuatid=6826bc40-938e-48cf-b4ea-b43b00702d25&usid=172.31.255.1_ieu5y4m0p5o1dfluo0cjloo0ebd56fc4&st=140834",
            "onclick": ""
          },
          {
            "text": "05:00 30/04/2026",
            "href": "http://192.168.2.26:2026/home.aspx?scope=sys&lang=vi&wpid=thuthuatnewdraw&thuthuatid=6826bc40-938e-48cf-b4ea-b43b00702d25&usid=172.31.255.1_ieu5y4m0p5o1dfluo0cjloo0ebd56fc4&st=140834",
            "onclick": ""
          },
          {
            "text": "Hoàn tất",
            "href": "http://192.168.2.26:2026/home.aspx?scope=sys&lang=vi&wpid=thuthuatnewdraw&thuthuatid=6826bc40-938e-48cf-b4ea-b43b00702d25&usid=172.31.255.1_ieu5y4m0p5o1dfluo0cjloo0ebd56fc4&st=140834",
            "onclick": ""
          }
        ]
      }
    },
    {
      "list_score": 38.75,
      "list_datetime": "2026-05-01 05:00:00",
      "list_time_source": "Thời gian chỉ định",
      "list_method": "Thay băng, cắt chỉ vết mổ [chiều dài ≤ 15cm]",
      "list_method_source": "Chỉ định thủ thuật",
      "method_score": 0.25,
      "detail_marker": "http://192.168.2.26:2026/home.aspx?scope=sys&lang=vi&wpid=thuthuatnewdraw&thuthuatid=4215e7a5-0d4c-4535-a18c-b43b007043e3&usid=172.31.255.1_ieu5y4m0p5o1dfluo0cjloo0ebd56fc4&st=140834",
      "row": {
        "access_id": "4215e7a5-0d4c-4535-a18c-b43b007043e3",
        "known_fields": {
          "stt": "5",
          "ngay_thu_thuat": "12:41 01/05/2026",
          "ma_bn": "26049739",
          "ho_ten": "LÊ TRÍ HIẾU",
          "gioi_tinh": "Nam",
          "tuoi": "44 tuổi",
          "doi_tuong": "Viện phí",
          "noi_chi_dinh": "Khoa Ngoại Chấn Thương Chỉnh Hình và Thần Kinh",
          "chi_dinh_thu_thuat": "Thay băng, cắt chỉ vết mổ [chiều dài ≤ 15cm]",
          "tam_ung": "0",
          "phai_thanh_toan": "0",
          "tinh_trang": "Thường",
          "thoi_gian_chi_dinh": "05:00 01/05/2026",
          "trang_thai": "Hoàn tất"
        },
        "raw_text": "5 12:41 01/05/2026 26049739 LÊ TRÍ HIẾU Nam 44 tuổi Viện phí Khoa Ngoại Chấn Thương Chỉnh Hình và Thần Kinh Thay băng, cắt chỉ vết mổ [chiều dài ≤ 15cm] 0 0 Thường 05:00 01/05/2026 Hoàn tất",
        "links": [
          {
            "text": "5",
            "href": "http://192.168.2.26:2026/home.aspx?scope=sys&lang=vi&wpid=thuthuatnewdraw&thuthuatid=4215e7a5-0d4c-4535-a18c-b43b007043e3&usid=172.31.255.1_ieu5y4m0p5o1dfluo0cjloo0ebd56fc4&st=140834",
            "onclick": ""
          },
          {
            "text": "12:41 01/05/2026",
            "href": "http://192.168.2.26:2026/home.aspx?scope=sys&lang=vi&wpid=thuthuatnewdraw&thuthuatid=4215e7a5-0d4c-4535-a18c-b43b007043e3&usid=172.31.255.1_ieu5y4m0p5o1dfluo0cjloo0ebd56fc4&st=140834",
            "onclick": ""
          },
          {
            "text": "26049739",
            "href": "http://192.168.2.26:2026/home.aspx?scope=sys&lang=vi&wpid=thuthuatnewdraw&thuthuatid=4215e7a5-0d4c-4535-a18c-b43b007043e3&usid=172.31.255.1_ieu5y4m0p5o1dfluo0cjloo0ebd56fc4&st=140834",
            "onclick": ""
          },
          {
            "text": "LÊ TRÍ HIẾU",
            "href": "http://192.168.2.26:2026/home.aspx?scope=sys&lang=vi&wpid=thuthuatnewdraw&thuthuatid=4215e7a5-0d4c-4535-a18c-b43b007043e3&usid=172.31.255.1_ieu5y4m0p5o1dfluo0cjloo0ebd56fc4&st=140834",
            "onclick": ""
          },
          {
            "text": "Nam",
            "href": "http://192.168.2.26:2026/home.aspx?scope=sys&lang=vi&wpid=thuthuatnewdraw&thuthuatid=4215e7a5-0d4c-4535-a18c-b43b007043e3&usid=172.31.255.1_ieu5y4m0p5o1dfluo0cjloo0ebd56fc4&st=140834",
            "onclick": ""
          },
          {
            "text": "44 tuổi",
            "href": "http://192.168.2.26:2026/home.aspx?scope=sys&lang=vi&wpid=thuthuatnewdraw&thuthuatid=4215e7a5-0d4c-4535-a18c-b43b007043e3&usid=172.31.255.1_ieu5y4m0p5o1dfluo0cjloo0ebd56fc4&st=140834",
            "onclick": ""
          },
          {
            "text": "Viện phí",
            "href": "http://192.168.2.26:2026/home.aspx?scope=sys&lang=vi&wpid=thuthuatnewdraw&thuthuatid=4215e7a5-0d4c-4535-a18c-b43b007043e3&usid=172.31.255.1_ieu5y4m0p5o1dfluo0cjloo0ebd56fc4&st=140834",
            "onclick": ""
          },
          {
            "text": "Khoa Ngoại Chấn Thương Chỉnh Hình và Thần Kinh",
            "href": "http://192.168.2.26:2026/home.aspx?scope=sys&lang=vi&wpid=thuthuatnewdraw&thuthuatid=4215e7a5-0d4c-4535-a18c-b43b007043e3&usid=172.31.255.1_ieu5y4m0p5o1dfluo0cjloo0ebd56fc4&st=140834",
            "onclick": ""
          },
          {
            "text": "Thay băng, cắt chỉ vết mổ [chiều dài ≤ 15cm]",
            "href": "http://192.168.2.26:2026/home.aspx?scope=sys&lang=vi&wpid=thuthuatnewdraw&thuthuatid=4215e7a5-0d4c-4535-a18c-b43b007043e3&usid=172.31.255.1_ieu5y4m0p5o1dfluo0cjloo0ebd56fc4&st=140834",
            "onclick": ""
          },
          {
            "text": "0",
            "href": "http://192.168.2.26:2026/home.aspx?scope=sys&lang=vi&wpid=thuthuatnewdraw&thuthuatid=4215e7a5-0d4c-4535-a18c-b43b007043e3&usid=172.31.255.1_ieu5y4m0p5o1dfluo0cjloo0ebd56fc4&st=140834",
            "onclick": ""
          },
          {
            "text": "0",
            "href": "http://192.168.2.26:2026/home.aspx?scope=sys&lang=vi&wpid=thuthuatnewdraw&thuthuatid=4215e7a5-0d4c-4535-a18c-b43b007043e3&usid=172.31.255.1_ieu5y4m0p5o1dfluo0cjloo0ebd56fc4&st=140834",
            "onclick": ""
          },
          {
            "text": "Thường",
            "href": "http://192.168.2.26:2026/home.aspx?scope=sys&lang=vi&wpid=thuthuatnewdraw&thuthuatid=4215e7a5-0d4c-4535-a18c-b43b007043e3&usid=172.31.255.1_ieu5y4m0p5o1dfluo0cjloo0ebd56fc4&st=140834",
            "onclick": ""
          },
          {
            "text": "05:00 01/05/2026",
            "href": "http://192.168.2.26:2026/home.aspx?scope=sys&lang=vi&wpid=thuthuatnewdraw&thuthuatid=4215e7a5-0d4c-4535-a18c-b43b007043e3&usid=172.31.255.1_ieu5y4m0p5o1dfluo0cjloo0ebd56fc4&st=140834",
            "onclick": ""
          },
          {
            "text": "Hoàn tất",
            "href": "http://192.168.2.26:2026/home.aspx?scope=sys&lang=vi&wpid=thuthuatnewdraw&thuthuatid=4215e7a5-0d4c-4535-a18c-b43b007043e3&usid=172.31.255.1_ieu5y4m0p5o1dfluo0cjloo0ebd56fc4&st=140834",
            "onclick": ""
          }
        ]
      }
    },
    {
      "list_score": 38.75,
      "list_datetime": "2026-05-02 05:00:00",
      "list_time_source": "Thời gian chỉ định",
      "list_method": "Thay băng, cắt chỉ vết mổ [chiều dài ≤ 15cm]",
      "list_method_source": "Chỉ định thủ thuật",
      "method_score": 0.25,
      "detail_marker": "http://192.168.2.26:2026/home.aspx?scope=sys&lang=vi&wpid=thuthuatnewdraw&thuthuatid=b7a9fd38-109c-464c-bf76-b43b0070e83e&usid=172.31.255.1_ieu5y4m0p5o1dfluo0cjloo0ebd56fc4&st=140834",
      "row": {
        "access_id": "b7a9fd38-109c-464c-bf76-b43b0070e83e",
        "known_fields": {
          "stt": "6",
          "ngay_thu_thuat": "08:00 02/05/2026",
          "ma_bn": "26049739",
          "ho_ten": "LÊ TRÍ HIẾU",
          "gioi_tinh": "Nam",
          "tuoi": "44 tuổi",
          "doi_tuong": "Viện phí",
          "noi_chi_dinh": "Khoa Ngoại Chấn Thương Chỉnh Hình và Thần Kinh",
          "chi_dinh_thu_thuat": "Thay băng, cắt chỉ vết mổ [chiều dài ≤ 15cm]",
          "tam_ung": "0",
          "phai_thanh_toan": "0",
          "tinh_trang": "Thường",
          "thoi_gian_chi_dinh": "05:00 02/05/2026",
          "trang_thai": "Hoàn tất"
        },
        "raw_text": "6 08:00 02/05/2026 26049739 LÊ TRÍ HIẾU Nam 44 tuổi Viện phí Khoa Ngoại Chấn Thương Chỉnh Hình và Thần Kinh Thay băng, cắt chỉ vết mổ [chiều dài ≤ 15cm] 0 0 Thường 05:00 02/05/2026 Hoàn tất",
        "links": [
          {
            "text": "6",
            "href": "http://192.168.2.26:2026/home.aspx?scope=sys&lang=vi&wpid=thuthuatnewdraw&thuthuatid=b7a9fd38-109c-464c-bf76-b43b0070e83e&usid=172.31.255.1_ieu5y4m0p5o1dfluo0cjloo0ebd56fc4&st=140834",
            "onclick": ""
          },
          {
            "text": "08:00 02/05/2026",
            "href": "http://192.168.2.26:2026/home.aspx?scope=sys&lang=vi&wpid=thuthuatnewdraw&thuthuatid=b7a9fd38-109c-464c-bf76-b43b0070e83e&usid=172.31.255.1_ieu5y4m0p5o1dfluo0cjloo0ebd56fc4&st=140834",
            "onclick": ""
          },
          {
            "text": "26049739",
            "href": "http://192.168.2.26:2026/home.aspx?scope=sys&lang=vi&wpid=thuthuatnewdraw&thuthuatid=b7a9fd38-109c-464c-bf76-b43b0070e83e&usid=172.31.255.1_ieu5y4m0p5o1dfluo0cjloo0ebd56fc4&st=140834",
            "onclick": ""
          },
          {
            "text": "LÊ TRÍ HIẾU",
            "href": "http://192.168.2.26:2026/home.aspx?scope=sys&lang=vi&wpid=thuthuatnewdraw&thuthuatid=b7a9fd38-109c-464c-bf76-b43b0070e83e&usid=172.31.255.1_ieu5y4m0p5o1dfluo0cjloo0ebd56fc4&st=140834",
            "onclick": ""
          },
          {
            "text": "Nam",
            "href": "http://192.168.2.26:2026/home.aspx?scope=sys&lang=vi&wpid=thuthuatnewdraw&thuthuatid=b7a9fd38-109c-464c-bf76-b43b0070e83e&usid=172.31.255.1_ieu5y4m0p5o1dfluo0cjloo0ebd56fc4&st=140834",
            "onclick": ""
          },
          {
            "text": "44 tuổi",
            "href": "http://192.168.2.26:2026/home.aspx?scope=sys&lang=vi&wpid=thuthuatnewdraw&thuthuatid=b7a9fd38-109c-464c-bf76-b43b0070e83e&usid=172.31.255.1_ieu5y4m0p5o1dfluo0cjloo0ebd56fc4&st=140834",
            "onclick": ""
          },
          {
            "text": "Viện phí",
            "href": "http://192.168.2.26:2026/home.aspx?scope=sys&lang=vi&wpid=thuthuatnewdraw&thuthuatid=b7a9fd38-109c-464c-bf76-b43b0070e83e&usid=172.31.255.1_ieu5y4m0p5o1dfluo0cjloo0ebd56fc4&st=140834",
            "onclick": ""
          },
          {
            "text": "Khoa Ngoại Chấn Thương Chỉnh Hình và Thần Kinh",
            "href": "http://192.168.2.26:2026/home.aspx?scope=sys&lang=vi&wpid=thuthuatnewdraw&thuthuatid=b7a9fd38-109c-464c-bf76-b43b0070e83e&usid=172.31.255.1_ieu5y4m0p5o1dfluo0cjloo0ebd56fc4&st=140834",
            "onclick": ""
          },
          {
            "text": "Thay băng, cắt chỉ vết mổ [chiều dài ≤ 15cm]",
            "href": "http://192.168.2.26:2026/home.aspx?scope=sys&lang=vi&wpid=thuthuatnewdraw&thuthuatid=b7a9fd38-109c-464c-bf76-b43b0070e83e&usid=172.31.255.1_ieu5y4m0p5o1dfluo0cjloo0ebd56fc4&st=140834",
            "onclick": ""
          },
          {
            "text": "0",
            "href": "http://192.168.2.26:2026/home.aspx?scope=sys&lang=vi&wpid=thuthuatnewdraw&thuthuatid=b7a9fd38-109c-464c-bf76-b43b0070e83e&usid=172.31.255.1_ieu5y4m0p5o1dfluo0cjloo0ebd56fc4&st=140834",
            "onclick": ""
          },
          {
            "text": "0",
            "href": "http://192.168.2.26:2026/home.aspx?scope=sys&lang=vi&wpid=thuthuatnewdraw&thuthuatid=b7a9fd38-109c-464c-bf76-b43b0070e83e&usid=172.31.255.1_ieu5y4m0p5o1dfluo0cjloo0ebd56fc4&st=140834",
            "onclick": ""
          },
          {
            "text": "Thường",
            "href": "http://192.168.2.26:2026/home.aspx?scope=sys&lang=vi&wpid=thuthuatnewdraw&thuthuatid=b7a9fd38-109c-464c-bf76-b43b0070e83e&usid=172.31.255.1_ieu5y4m0p5o1dfluo0cjloo0ebd56fc4&st=140834",
            "onclick": ""
          },
          {
            "text": "05:00 02/05/2026",
            "href": "http://192.168.2.26:2026/home.aspx?scope=sys&lang=vi&wpid=thuthuatnewdraw&thuthuatid=b7a9fd38-109c-464c-bf76-b43b0070e83e&usid=172.31.255.1_ieu5y4m0p5o1dfluo0cjloo0ebd56fc4&st=140834",
            "onclick": ""
          },
          {
            "text": "Hoàn tất",
            "href": "http://192.168.2.26:2026/home.aspx?scope=sys&lang=vi&wpid=thuthuatnewdraw&thuthuatid=b7a9fd38-109c-464c-bf76-b43b0070e83e&usid=172.31.255.1_ieu5y4m0p5o1dfluo0cjloo0ebd56fc4&st=140834",
            "onclick": ""
          }
        ]
      }
    },
    {
      "list_score": 38.75,
      "list_datetime": "2026-05-03 05:00:00",
      "list_time_source": "Thời gian chỉ định",
      "list_method": "Thay băng, cắt chỉ vết mổ [chiều dài ≤ 15cm]",
      "list_method_source": "Chỉ định thủ thuật",
      "method_score": 0.25,
      "detail_marker": "http://192.168.2.26:2026/home.aspx?scope=sys&lang=vi&wpid=thuthuatnewdraw&thuthuatid=557272b3-62f9-494d-81a2-b43b00712b71&usid=172.31.255.1_ieu5y4m0p5o1dfluo0cjloo0ebd56fc4&st=140834",
      "row": {
        "access_id": "557272b3-62f9-494d-81a2-b43b00712b71",
        "known_fields": {
          "stt": "7",
          "ngay_thu_thuat": "08:00 03/05/2026",
          "ma_bn": "26049739",
          "ho_ten": "LÊ TRÍ HIẾU",
          "gioi_tinh": "Nam",
          "tuoi": "44 tuổi",
          "doi_tuong": "Viện phí",
          "noi_chi_dinh": "Khoa Ngoại Chấn Thương Chỉnh Hình và Thần Kinh",
          "chi_dinh_thu_thuat": "Thay băng, cắt chỉ vết mổ [chiều dài ≤ 15cm]",
          "tam_ung": "0",
          "phai_thanh_toan": "0",
          "tinh_trang": "Thường",
          "thoi_gian_chi_dinh": "05:00 03/05/2026",
          "trang_thai": "Hoàn tất"
        },
        "raw_text": "7 08:00 03/05/2026 26049739 LÊ TRÍ HIẾU Nam 44 tuổi Viện phí Khoa Ngoại Chấn Thương Chỉnh Hình và Thần Kinh Thay băng, cắt chỉ vết mổ [chiều dài ≤ 15cm] 0 0 Thường 05:00 03/05/2026 Hoàn tất",
        "links": [
          {
            "text": "7",
            "href": "http://192.168.2.26:2026/home.aspx?scope=sys&lang=vi&wpid=thuthuatnewdraw&thuthuatid=557272b3-62f9-494d-81a2-b43b00712b71&usid=172.31.255.1_ieu5y4m0p5o1dfluo0cjloo0ebd56fc4&st=140834",
            "onclick": ""
          },
          {
            "text": "08:00 03/05/2026",
            "href": "http://192.168.2.26:2026/home.aspx?scope=sys&lang=vi&wpid=thuthuatnewdraw&thuthuatid=557272b3-62f9-494d-81a2-b43b00712b71&usid=172.31.255.1_ieu5y4m0p5o1dfluo0cjloo0ebd56fc4&st=140834",
            "onclick": ""
          },
          {
            "text": "26049739",
            "href": "http://192.168.2.26:2026/home.aspx?scope=sys&lang=vi&wpid=thuthuatnewdraw&thuthuatid=557272b3-62f9-494d-81a2-b43b00712b71&usid=172.31.255.1_ieu5y4m0p5o1dfluo0cjloo0ebd56fc4&st=140834",
            "onclick": ""
          },
          {
            "text": "LÊ TRÍ HIẾU",
            "href": "http://192.168.2.26:2026/home.aspx?scope=sys&lang=vi&wpid=thuthuatnewdraw&thuthuatid=557272b3-62f9-494d-81a2-b43b00712b71&usid=172.31.255.1_ieu5y4m0p5o1dfluo0cjloo0ebd56fc4&st=140834",
            "onclick": ""
          },
          {
            "text": "Nam",
            "href": "http://192.168.2.26:2026/home.aspx?scope=sys&lang=vi&wpid=thuthuatnewdraw&thuthuatid=557272b3-62f9-494d-81a2-b43b00712b71&usid=172.31.255.1_ieu5y4m0p5o1dfluo0cjloo0ebd56fc4&st=140834",
            "onclick": ""
          },
          {
            "text": "44 tuổi",
            "href": "http://192.168.2.26:2026/home.aspx?scope=sys&lang=vi&wpid=thuthuatnewdraw&thuthuatid=557272b3-62f9-494d-81a2-b43b00712b71&usid=172.31.255.1_ieu5y4m0p5o1dfluo0cjloo0ebd56fc4&st=140834",
            "onclick": ""
          },
          {
            "text": "Viện phí",
            "href": "http://192.168.2.26:2026/home.aspx?scope=sys&lang=vi&wpid=thuthuatnewdraw&thuthuatid=557272b3-62f9-494d-81a2-b43b00712b71&usid=172.31.255.1_ieu5y4m0p5o1dfluo0cjloo0ebd56fc4&st=140834",
            "onclick": ""
          },
          {
            "text": "Khoa Ngoại Chấn Thương Chỉnh Hình và Thần Kinh",
            "href": "http://192.168.2.26:2026/home.aspx?scope=sys&lang=vi&wpid=thuthuatnewdraw&thuthuatid=557272b3-62f9-494d-81a2-b43b00712b71&usid=172.31.255.1_ieu5y4m0p5o1dfluo0cjloo0ebd56fc4&st=140834",
            "onclick": ""
          },
          {
            "text": "Thay băng, cắt chỉ vết mổ [chiều dài ≤ 15cm]",
            "href": "http://192.168.2.26:2026/home.aspx?scope=sys&lang=vi&wpid=thuthuatnewdraw&thuthuatid=557272b3-62f9-494d-81a2-b43b00712b71&usid=172.31.255.1_ieu5y4m0p5o1dfluo0cjloo0ebd56fc4&st=140834",
            "onclick": ""
          },
          {
            "text": "0",
            "href": "http://192.168.2.26:2026/home.aspx?scope=sys&lang=vi&wpid=thuthuatnewdraw&thuthuatid=557272b3-62f9-494d-81a2-b43b00712b71&usid=172.31.255.1_ieu5y4m0p5o1dfluo0cjloo0ebd56fc4&st=140834",
            "onclick": ""
          },
          {
            "text": "0",
            "href": "http://192.168.2.26:2026/home.aspx?scope=sys&lang=vi&wpid=thuthuatnewdraw&thuthuatid=557272b3-62f9-494d-81a2-b43b00712b71&usid=172.31.255.1_ieu5y4m0p5o1dfluo0cjloo0ebd56fc4&st=140834",
            "onclick": ""
          },
          {
            "text": "Thường",
            "href": "http://192.168.2.26:2026/home.aspx?scope=sys&lang=vi&wpid=thuthuatnewdraw&thuthuatid=557272b3-62f9-494d-81a2-b43b00712b71&usid=172.31.255.1_ieu5y4m0p5o1dfluo0cjloo0ebd56fc4&st=140834",
            "onclick": ""
          },
          {
            "text": "05:00 03/05/2026",
            "href": "http://192.168.2.26:2026/home.aspx?scope=sys&lang=vi&wpid=thuthuatnewdraw&thuthuatid=557272b3-62f9-494d-81a2-b43b00712b71&usid=172.31.255.1_ieu5y4m0p5o1dfluo0cjloo0ebd56fc4&st=140834",
            "onclick": ""
          },
          {
            "text": "Hoàn tất",
            "href": "http://192.168.2.26:2026/home.aspx?scope=sys&lang=vi&wpid=thuthuatnewdraw&thuthuatid=557272b3-62f9-494d-81a2-b43b00712b71&usid=172.31.255.1_ieu5y4m0p5o1dfluo0cjloo0ebd56fc4&st=140834",
            "onclick": ""
          }
        ]
      }
    },
    {
      "list_score": 38.75,
      "list_datetime": "2026-05-04 05:00:00",
      "list_time_source": "Thời gian chỉ định",
      "list_method": "Thay băng, cắt chỉ vết mổ [chiều dài ≤ 15cm]",
      "list_method_source": "Chỉ định thủ thuật",
      "method_score": 0.25,
      "detail_marker": "http://192.168.2.26:2026/home.aspx?scope=sys&lang=vi&wpid=thuthuatnewdraw&thuthuatid=7449d9f0-a8f9-4f12-b2c8-b43b00710cae&usid=172.31.255.1_ieu5y4m0p5o1dfluo0cjloo0ebd56fc4&st=140834",
      "row": {
        "access_id": "7449d9f0-a8f9-4f12-b2c8-b43b00710cae",
        "known_fields": {
          "stt": "8",
          "ngay_thu_thuat": "08:05 04/05/2026",
          "ma_bn": "26049739",
          "ho_ten": "LÊ TRÍ HIẾU",
          "gioi_tinh": "Nam",
          "tuoi": "44 tuổi",
          "doi_tuong": "Viện phí",
          "noi_chi_dinh": "Khoa Ngoại Chấn Thương Chỉnh Hình và Thần Kinh",
          "chi_dinh_thu_thuat": "Thay băng, cắt chỉ vết mổ [chiều dài ≤ 15cm]",
          "tam_ung": "0",
          "phai_thanh_toan": "0",
          "tinh_trang": "Thường",
          "thoi_gian_chi_dinh": "05:00 04/05/2026",
          "trang_thai": "Hoàn tất"
        },
        "raw_text": "8 08:05 04/05/2026 26049739 LÊ TRÍ HIẾU Nam 44 tuổi Viện phí Khoa Ngoại Chấn Thương Chỉnh Hình và Thần Kinh Thay băng, cắt chỉ vết mổ [chiều dài ≤ 15cm] 0 0 Thường 05:00 04/05/2026 Hoàn tất",
        "links": [
          {
            "text": "8",
            "href": "http://192.168.2.26:2026/home.aspx?scope=sys&lang=vi&wpid=thuthuatnewdraw&thuthuatid=7449d9f0-a8f9-4f12-b2c8-b43b00710cae&usid=172.31.255.1_ieu5y4m0p5o1dfluo0cjloo0ebd56fc4&st=140834",
            "onclick": ""
          },
          {
            "text": "08:05 04/05/2026",
            "href": "http://192.168.2.26:2026/home.aspx?scope=sys&lang=vi&wpid=thuthuatnewdraw&thuthuatid=7449d9f0-a8f9-4f12-b2c8-b43b00710cae&usid=172.31.255.1_ieu5y4m0p5o1dfluo0cjloo0ebd56fc4&st=140834",
            "onclick": ""
          },
          {
            "text": "26049739",
            "href": "http://192.168.2.26:2026/home.aspx?scope=sys&lang=vi&wpid=thuthuatnewdraw&thuthuatid=7449d9f0-a8f9-4f12-b2c8-b43b00710cae&usid=172.31.255.1_ieu5y4m0p5o1dfluo0cjloo0ebd56fc4&st=140834",
            "onclick": ""
          },
          {
            "text": "LÊ TRÍ HIẾU",
            "href": "http://192.168.2.26:2026/home.aspx?scope=sys&lang=vi&wpid=thuthuatnewdraw&thuthuatid=7449d9f0-a8f9-4f12-b2c8-b43b00710cae&usid=172.31.255.1_ieu5y4m0p5o1dfluo0cjloo0ebd56fc4&st=140834",
            "onclick": ""
          },
          {
            "text": "Nam",
            "href": "http://192.168.2.26:2026/home.aspx?scope=sys&lang=vi&wpid=thuthuatnewdraw&thuthuatid=7449d9f0-a8f9-4f12-b2c8-b43b00710cae&usid=172.31.255.1_ieu5y4m0p5o1dfluo0cjloo0ebd56fc4&st=140834",
            "onclick": ""
          },
          {
            "text": "44 tuổi",
            "href": "http://192.168.2.26:2026/home.aspx?scope=sys&lang=vi&wpid=thuthuatnewdraw&thuthuatid=7449d9f0-a8f9-4f12-b2c8-b43b00710cae&usid=172.31.255.1_ieu5y4m0p5o1dfluo0cjloo0ebd56fc4&st=140834",
            "onclick": ""
          },
          {
            "text": "Viện phí",
            "href": "http://192.168.2.26:2026/home.aspx?scope=sys&lang=vi&wpid=thuthuatnewdraw&thuthuatid=7449d9f0-a8f9-4f12-b2c8-b43b00710cae&usid=172.31.255.1_ieu5y4m0p5o1dfluo0cjloo0ebd56fc4&st=140834",
            "onclick": ""
          },
          {
            "text": "Khoa Ngoại Chấn Thương Chỉnh Hình và Thần Kinh",
            "href": "http://192.168.2.26:2026/home.aspx?scope=sys&lang=vi&wpid=thuthuatnewdraw&thuthuatid=7449d9f0-a8f9-4f12-b2c8-b43b00710cae&usid=172.31.255.1_ieu5y4m0p5o1dfluo0cjloo0ebd56fc4&st=140834",
            "onclick": ""
          },
          {
            "text": "Thay băng, cắt chỉ vết mổ [chiều dài ≤ 15cm]",
            "href": "http://192.168.2.26:2026/home.aspx?scope=sys&lang=vi&wpid=thuthuatnewdraw&thuthuatid=7449d9f0-a8f9-4f12-b2c8-b43b00710cae&usid=172.31.255.1_ieu5y4m0p5o1dfluo0cjloo0ebd56fc4&st=140834",
            "onclick": ""
          },
          {
            "text": "0",
            "href": "http://192.168.2.26:2026/home.aspx?scope=sys&lang=vi&wpid=thuthuatnewdraw&thuthuatid=7449d9f0-a8f9-4f12-b2c8-b43b00710cae&usid=172.31.255.1_ieu5y4m0p5o1dfluo0cjloo0ebd56fc4&st=140834",
            "onclick": ""
          },
          {
            "text": "0",
            "href": "http://192.168.2.26:2026/home.aspx?scope=sys&lang=vi&wpid=thuthuatnewdraw&thuthuatid=7449d9f0-a8f9-4f12-b2c8-b43b00710cae&usid=172.31.255.1_ieu5y4m0p5o1dfluo0cjloo0ebd56fc4&st=140834",
            "onclick": ""
          },
          {
            "text": "Thường",
            "href": "http://192.168.2.26:2026/home.aspx?scope=sys&lang=vi&wpid=thuthuatnewdraw&thuthuatid=7449d9f0-a8f9-4f12-b2c8-b43b00710cae&usid=172.31.255.1_ieu5y4m0p5o1dfluo0cjloo0ebd56fc4&st=140834",
            "onclick": ""
          },
          {
            "text": "05:00 04/05/2026",
            "href": "http://192.168.2.26:2026/home.aspx?scope=sys&lang=vi&wpid=thuthuatnewdraw&thuthuatid=7449d9f0-a8f9-4f12-b2c8-b43b00710cae&usid=172.31.255.1_ieu5y4m0p5o1dfluo0cjloo0ebd56fc4&st=140834",
            "onclick": ""
          },
          {
            "text": "Hoàn tất",
            "href": "http://192.168.2.26:2026/home.aspx?scope=sys&lang=vi&wpid=thuthuatnewdraw&thuthuatid=7449d9f0-a8f9-4f12-b2c8-b43b00710cae&usid=172.31.255.1_ieu5y4m0p5o1dfluo0cjloo0ebd56fc4&st=140834",
            "onclick": ""
          }
        ]
      }
    },
    {
      "list_score": 38.75,
      "list_datetime": "2026-05-05 05:00:00",
      "list_time_source": "Thời gian chỉ định",
      "list_method": "Thay băng, cắt chỉ vết mổ [chiều dài ≤ 15cm]",
      "list_method_source": "Chỉ định thủ thuật",
      "method_score": 0.25,
      "detail_marker": "http://192.168.2.26:2026/home.aspx?scope=sys&lang=vi&wpid=thuthuatnewdraw&thuthuatid=814f5e8d-27da-4826-a68f-b44000816bfb&usid=172.31.255.1_ieu5y4m0p5o1dfluo0cjloo0ebd56fc4&st=140834",
      "row": {
        "access_id": "814f5e8d-27da-4826-a68f-b44000816bfb",
        "known_fields": {
          "stt": "9",
          "ngay_thu_thuat": "08:01 05/05/2026",
          "ma_bn": "26049739",
          "ho_ten": "LÊ TRÍ HIẾU",
          "gioi_tinh": "Nam",
          "tuoi": "44 tuổi",
          "doi_tuong": "Viện phí",
          "noi_chi_dinh": "Khoa Ngoại Chấn Thương Chỉnh Hình và Thần Kinh",
          "chi_dinh_thu_thuat": "Thay băng, cắt chỉ vết mổ [chiều dài ≤ 15cm]",
          "tam_ung": "0",
          "phai_thanh_toan": "0",
          "tinh_trang": "Thường",
          "thoi_gian_chi_dinh": "05:00 05/05/2026",
          "trang_thai": "Hoàn tất"
        },
        "raw_text": "9 08:01 05/05/2026 26049739 LÊ TRÍ HIẾU Nam 44 tuổi Viện phí Khoa Ngoại Chấn Thương Chỉnh Hình và Thần Kinh Thay băng, cắt chỉ vết mổ [chiều dài ≤ 15cm] 0 0 Thường 05:00 05/05/2026 Hoàn tất",
        "links": [
          {
            "text": "9",
            "href": "http://192.168.2.26:2026/home.aspx?scope=sys&lang=vi&wpid=thuthuatnewdraw&thuthuatid=814f5e8d-27da-4826-a68f-b44000816bfb&usid=172.31.255.1_ieu5y4m0p5o1dfluo0cjloo0ebd56fc4&st=140834",
            "onclick": ""
          },
          {
            "text": "08:01 05/05/2026",
            "href": "http://192.168.2.26:2026/home.aspx?scope=sys&lang=vi&wpid=thuthuatnewdraw&thuthuatid=814f5e8d-27da-4826-a68f-b44000816bfb&usid=172.31.255.1_ieu5y4m0p5o1dfluo0cjloo0ebd56fc4&st=140834",
            "onclick": ""
          },
          {
            "text": "26049739",
            "href": "http://192.168.2.26:2026/home.aspx?scope=sys&lang=vi&wpid=thuthuatnewdraw&thuthuatid=814f5e8d-27da-4826-a68f-b44000816bfb&usid=172.31.255.1_ieu5y4m0p5o1dfluo0cjloo0ebd56fc4&st=140834",
            "onclick": ""
          },
          {
            "text": "LÊ TRÍ HIẾU",
            "href": "http://192.168.2.26:2026/home.aspx?scope=sys&lang=vi&wpid=thuthuatnewdraw&thuthuatid=814f5e8d-27da-4826-a68f-b44000816bfb&usid=172.31.255.1_ieu5y4m0p5o1dfluo0cjloo0ebd56fc4&st=140834",
            "onclick": ""
          },
          {
            "text": "Nam",
            "href": "http://192.168.2.26:2026/home.aspx?scope=sys&lang=vi&wpid=thuthuatnewdraw&thuthuatid=814f5e8d-27da-4826-a68f-b44000816bfb&usid=172.31.255.1_ieu5y4m0p5o1dfluo0cjloo0ebd56fc4&st=140834",
            "onclick": ""
          },
          {
            "text": "44 tuổi",
            "href": "http://192.168.2.26:2026/home.aspx?scope=sys&lang=vi&wpid=thuthuatnewdraw&thuthuatid=814f5e8d-27da-4826-a68f-b44000816bfb&usid=172.31.255.1_ieu5y4m0p5o1dfluo0cjloo0ebd56fc4&st=140834",
            "onclick": ""
          },
          {
            "text": "Viện phí",
            "href": "http://192.168.2.26:2026/home.aspx?scope=sys&lang=vi&wpid=thuthuatnewdraw&thuthuatid=814f5e8d-27da-4826-a68f-b44000816bfb&usid=172.31.255.1_ieu5y4m0p5o1dfluo0cjloo0ebd56fc4&st=140834",
            "onclick": ""
          },
          {
            "text": "Khoa Ngoại Chấn Thương Chỉnh Hình và Thần Kinh",
            "href": "http://192.168.2.26:2026/home.aspx?scope=sys&lang=vi&wpid=thuthuatnewdraw&thuthuatid=814f5e8d-27da-4826-a68f-b44000816bfb&usid=172.31.255.1_ieu5y4m0p5o1dfluo0cjloo0ebd56fc4&st=140834",
            "onclick": ""
          },
          {
            "text": "Thay băng, cắt chỉ vết mổ [chiều dài ≤ 15cm]",
            "href": "http://192.168.2.26:2026/home.aspx?scope=sys&lang=vi&wpid=thuthuatnewdraw&thuthuatid=814f5e8d-27da-4826-a68f-b44000816bfb&usid=172.31.255.1_ieu5y4m0p5o1dfluo0cjloo0ebd56fc4&st=140834",
            "onclick": ""
          },
          {
            "text": "0",
            "href": "http://192.168.2.26:2026/home.aspx?scope=sys&lang=vi&wpid=thuthuatnewdraw&thuthuatid=814f5e8d-27da-4826-a68f-b44000816bfb&usid=172.31.255.1_ieu5y4m0p5o1dfluo0cjloo0ebd56fc4&st=140834",
            "onclick": ""
          },
          {
            "text": "0",
            "href": "http://192.168.2.26:2026/home.aspx?scope=sys&lang=vi&wpid=thuthuatnewdraw&thuthuatid=814f5e8d-27da-4826-a68f-b44000816bfb&usid=172.31.255.1_ieu5y4m0p5o1dfluo0cjloo0ebd56fc4&st=140834",
            "onclick": ""
          },
          {
            "text": "Thường",
            "href": "http://192.168.2.26:2026/home.aspx?scope=sys&lang=vi&wpid=thuthuatnewdraw&thuthuatid=814f5e8d-27da-4826-a68f-b44000816bfb&usid=172.31.255.1_ieu5y4m0p5o1dfluo0cjloo0ebd56fc4&st=140834",
            "onclick": ""
          },
          {
            "text": "05:00 05/05/2026",
            "href": "http://192.168.2.26:2026/home.aspx?scope=sys&lang=vi&wpid=thuthuatnewdraw&thuthuatid=814f5e8d-27da-4826-a68f-b44000816bfb&usid=172.31.255.1_ieu5y4m0p5o1dfluo0cjloo0ebd56fc4&st=140834",
            "onclick": ""
          },
          {
            "text": "Hoàn tất",
            "href": "http://192.168.2.26:2026/home.aspx?scope=sys&lang=vi&wpid=thuthuatnewdraw&thuthuatid=814f5e8d-27da-4826-a68f-b44000816bfb&usid=172.31.255.1_ieu5y4m0p5o1dfluo0cjloo0ebd56fc4&st=140834",
            "onclick": ""
          }
        ]
      }
    },
    {
      "list_score": 38.75,
      "list_datetime": "2026-05-13 13:39:00",
      "list_time_source": "Thời gian chỉ định",
      "list_method": "Thay băng, cắt chỉ vết mổ [chiều dài ≤ 15cm]",
      "list_method_source": "Chỉ định thủ thuật",
      "method_score": 0.25,
      "detail_marker": "http://192.168.2.26:2026/home.aspx?scope=sys&lang=vi&wpid=thuthuatnewdraw&thuthuatid=5e4b8f45-648c-4116-8b2c-b44900fc3f01&usid=172.31.255.1_ieu5y4m0p5o1dfluo0cjloo0ebd56fc4&st=140834",
      "row": {
        "access_id": "5e4b8f45-648c-4116-8b2c-b44900fc3f01",
        "known_fields": {
          "stt": "10",
          "ngay_thu_thuat": "15:00 13/05/2026",
          "ma_bn": "26049739",
          "ho_ten": "LÊ TRÍ HIẾU",
          "gioi_tinh": "Nam",
          "tuoi": "44 tuổi",
          "doi_tuong": "Bảo hiểm",
          "noi_chi_dinh": "PHÒNG KHÁM CHẤN THƯƠNG CHỈNH HÌNH - 20B",
          "chi_dinh_thu_thuat": "Thay băng, cắt chỉ vết mổ [chiều dài ≤ 15cm]",
          "tam_ung": "0",
          "phai_thanh_toan": "0",
          "tinh_trang": "Thường",
          "thoi_gian_chi_dinh": "13:39 13/05/2026",
          "trang_thai": "Hoàn tất"
        },
        "raw_text": "10 15:00 13/05/2026 26049739 LÊ TRÍ HIẾU Nam 44 tuổi Bảo hiểm PHÒNG KHÁM CHẤN THƯƠNG CHỈNH HÌNH - 20B Thay băng, cắt chỉ vết mổ [chiều dài ≤ 15cm] 0 0 Thường 13:39 13/05/2026 Hoàn tất",
        "links": [
          {
            "text": "10",
            "href": "http://192.168.2.26:2026/home.aspx?scope=sys&lang=vi&wpid=thuthuatnewdraw&thuthuatid=5e4b8f45-648c-4116-8b2c-b44900fc3f01&usid=172.31.255.1_ieu5y4m0p5o1dfluo0cjloo0ebd56fc4&st=140834",
            "onclick": ""
          },
          {
            "text": "15:00 13/05/2026",
            "href": "http://192.168.2.26:2026/home.aspx?scope=sys&lang=vi&wpid=thuthuatnewdraw&thuthuatid=5e4b8f45-648c-4116-8b2c-b44900fc3f01&usid=172.31.255.1_ieu5y4m0p5o1dfluo0cjloo0ebd56fc4&st=140834",
            "onclick": ""
          },
          {
            "text": "26049739",
            "href": "http://192.168.2.26:2026/home.aspx?scope=sys&lang=vi&wpid=thuthuatnewdraw&thuthuatid=5e4b8f45-648c-4116-8b2c-b44900fc3f01&usid=172.31.255.1_ieu5y4m0p5o1dfluo0cjloo0ebd56fc4&st=140834",
            "onclick": ""
          },
          {
            "text": "LÊ TRÍ HIẾU",
            "href": "http://192.168.2.26:2026/home.aspx?scope=sys&lang=vi&wpid=thuthuatnewdraw&thuthuatid=5e4b8f45-648c-4116-8b2c-b44900fc3f01&usid=172.31.255.1_ieu5y4m0p5o1dfluo0cjloo0ebd56fc4&st=140834",
            "onclick": ""
          },
          {
            "text": "Nam",
            "href": "http://192.168.2.26:2026/home.aspx?scope=sys&lang=vi&wpid=thuthuatnewdraw&thuthuatid=5e4b8f45-648c-4116-8b2c-b44900fc3f01&usid=172.31.255.1_ieu5y4m0p5o1dfluo0cjloo0ebd56fc4&st=140834",
            "onclick": ""
          },
          {
            "text": "44 tuổi",
            "href": "http://192.168.2.26:2026/home.aspx?scope=sys&lang=vi&wpid=thuthuatnewdraw&thuthuatid=5e4b8f45-648c-4116-8b2c-b44900fc3f01&usid=172.31.255.1_ieu5y4m0p5o1dfluo0cjloo0ebd56fc4&st=140834",
            "onclick": ""
          },
          {
            "text": "Bảo hiểm",
            "href": "http://192.168.2.26:2026/home.aspx?scope=sys&lang=vi&wpid=thuthuatnewdraw&thuthuatid=5e4b8f45-648c-4116-8b2c-b44900fc3f01&usid=172.31.255.1_ieu5y4m0p5o1dfluo0cjloo0ebd56fc4&st=140834",
            "onclick": ""
          },
          {
            "text": "PHÒNG KHÁM CHẤN THƯƠNG CHỈNH HÌNH - 20B",
            "href": "http://192.168.2.26:2026/home.aspx?scope=sys&lang=vi&wpid=thuthuatnewdraw&thuthuatid=5e4b8f45-648c-4116-8b2c-b44900fc3f01&usid=172.31.255.1_ieu5y4m0p5o1dfluo0cjloo0ebd56fc4&st=140834",
            "onclick": ""
          },
          {
            "text": "Thay băng, cắt chỉ vết mổ [chiều dài ≤ 15cm]",
            "href": "http://192.168.2.26:2026/home.aspx?scope=sys&lang=vi&wpid=thuthuatnewdraw&thuthuatid=5e4b8f45-648c-4116-8b2c-b44900fc3f01&usid=172.31.255.1_ieu5y4m0p5o1dfluo0cjloo0ebd56fc4&st=140834",
            "onclick": ""
          },
          {
            "text": "0",
            "href": "http://192.168.2.26:2026/home.aspx?scope=sys&lang=vi&wpid=thuthuatnewdraw&thuthuatid=5e4b8f45-648c-4116-8b2c-b44900fc3f01&usid=172.31.255.1_ieu5y4m0p5o1dfluo0cjloo0ebd56fc4&st=140834",
            "onclick": ""
          },
          {
            "text": "0",
            "href": "http://192.168.2.26:2026/home.aspx?scope=sys&lang=vi&wpid=thuthuatnewdraw&thuthuatid=5e4b8f45-648c-4116-8b2c-b44900fc3f01&usid=172.31.255.1_ieu5y4m0p5o1dfluo0cjloo0ebd56fc4&st=140834",
            "onclick": ""
          },
          {
            "text": "Thường",
            "href": "http://192.168.2.26:2026/home.aspx?scope=sys&lang=vi&wpid=thuthuatnewdraw&thuthuatid=5e4b8f45-648c-4116-8b2c-b44900fc3f01&usid=172.31.255.1_ieu5y4m0p5o1dfluo0cjloo0ebd56fc4&st=140834",
            "onclick": ""
          },
          {
            "text": "13:39 13/05/2026",
            "href": "http://192.168.2.26:2026/home.aspx?scope=sys&lang=vi&wpid=thuthuatnewdraw&thuthuatid=5e4b8f45-648c-4116-8b2c-b44900fc3f01&usid=172.31.255.1_ieu5y4m0p5o1dfluo0cjloo0ebd56fc4&st=140834",
            "onclick": ""
          },
          {
            "text": "Hoàn tất",
            "href": "http://192.168.2.26:2026/home.aspx?scope=sys&lang=vi&wpid=thuthuatnewdraw&thuthuatid=5e4b8f45-648c-4116-8b2c-b44900fc3f01&usid=172.31.255.1_ieu5y4m0p5o1dfluo0cjloo0ebd56fc4&st=140834",
            "onclick": ""
          }
        ]
      }
    }
  ]
}
[2026-07-23 14:08:37.446] [DETAIL_BEGIN] D/s Thủ thuật: mở ứng viên 1
{
  "detail_marker": "http://192.168.2.26:2026/home.aspx?scope=sys&lang=vi&wpid=thuthuatnewdraw&thuthuatid=e118d1e1-556a-4002-b3d8-b472008aef9c&usid=172.31.255.1_ieu5y4m0p5o1dfluo0cjloo0ebd56fc4&st=140834",
  "list_datetime": "2026-06-23 08:14:00",
  "list_method": "Hút ổ viêm/áp xe phần mềm",
  "row": {
    "access_id": "e118d1e1-556a-4002-b3d8-b472008aef9c",
    "known_fields": {
      "stt": "11",
      "ngay_thu_thuat": "14:00 23/07/2026",
      "ma_bn": "26049739",
      "ho_ten": "LÊ TRÍ HIẾU",
      "gioi_tinh": "Nam",
      "tuoi": "44 tuổi",
      "doi_tuong": "Viện phí",
      "noi_chi_dinh": "PHÒNG KHÁM CHẤN THƯƠNG CHỈNH HÌNH - 20",
      "chi_dinh_thu_thuat": "Hút ổ viêm/áp xe phần mềm",
      "tam_ung": "0",
      "phai_thanh_toan": "808,000",
      "tinh_trang": "Thường",
      "thoi_gian_chi_dinh": "08:14 23/06/2026",
      "trang_thai": "Chờ thực hiện"
    },
    "raw_text": "11 14:00 23/07/2026 26049739 LÊ TRÍ HIẾU Nam 44 tuổi Viện phí PHÒNG KHÁM CHẤN THƯƠNG CHỈNH HÌNH - 20 Hút ổ viêm/áp xe phần mềm 0 808,000 Thường 08:14 23/06/2026 Chờ thực hiện",
    "links": [
      {
        "text": "11",
        "href": "http://192.168.2.26:2026/home.aspx?scope=sys&lang=vi&wpid=thuthuatnewdraw&thuthuatid=e118d1e1-556a-4002-b3d8-b472008aef9c&usid=172.31.255.1_ieu5y4m0p5o1dfluo0cjloo0ebd56fc4&st=140834",
        "onclick": ""
      },
      {
        "text": "14:00 23/07/2026",
        "href": "http://192.168.2.26:2026/home.aspx?scope=sys&lang=vi&wpid=thuthuatnewdraw&thuthuatid=e118d1e1-556a-4002-b3d8-b472008aef9c&usid=172.31.255.1_ieu5y4m0p5o1dfluo0cjloo0ebd56fc4&st=140834",
        "onclick": ""
      },
      {
        "text": "26049739",
        "href": "http://192.168.2.26:2026/home.aspx?scope=sys&lang=vi&wpid=thuthuatnewdraw&thuthuatid=e118d1e1-556a-4002-b3d8-b472008aef9c&usid=172.31.255.1_ieu5y4m0p5o1dfluo0cjloo0ebd56fc4&st=140834",
        "onclick": ""
      },
      {
        "text": "LÊ TRÍ HIẾU",
        "href": "http://192.168.2.26:2026/home.aspx?scope=sys&lang=vi&wpid=thuthuatnewdraw&thuthuatid=e118d1e1-556a-4002-b3d8-b472008aef9c&usid=172.31.255.1_ieu5y4m0p5o1dfluo0cjloo0ebd56fc4&st=140834",
        "onclick": ""
      },
      {
        "text": "Nam",
        "href": "http://192.168.2.26:2026/home.aspx?scope=sys&lang=vi&wpid=thuthuatnewdraw&thuthuatid=e118d1e1-556a-4002-b3d8-b472008aef9c&usid=172.31.255.1_ieu5y4m0p5o1dfluo0cjloo0ebd56fc4&st=140834",
        "onclick": ""
      },
      {
        "text": "44 tuổi",
        "href": "http://192.168.2.26:2026/home.aspx?scope=sys&lang=vi&wpid=thuthuatnewdraw&thuthuatid=e118d1e1-556a-4002-b3d8-b472008aef9c&usid=172.31.255.1_ieu5y4m0p5o1dfluo0cjloo0ebd56fc4&st=140834",
        "onclick": ""
      },
      {
        "text": "Viện phí",
        "href": "http://192.168.2.26:2026/home.aspx?scope=sys&lang=vi&wpid=thuthuatnewdraw&thuthuatid=e118d1e1-556a-4002-b3d8-b472008aef9c&usid=172.31.255.1_ieu5y4m0p5o1dfluo0cjloo0ebd56fc4&st=140834",
        "onclick": ""
      },
      {
        "text": "PHÒNG KHÁM CHẤN THƯƠNG CHỈNH HÌNH - 20",
        "href": "http://192.168.2.26:2026/home.aspx?scope=sys&lang=vi&wpid=thuthuatnewdraw&thuthuatid=e118d1e1-556a-4002-b3d8-b472008aef9c&usid=172.31.255.1_ieu5y4m0p5o1dfluo0cjloo0ebd56fc4&st=140834",
        "onclick": ""
      },
      {
        "text": "Hút ổ viêm/áp xe phần mềm",
        "href": "http://192.168.2.26:2026/home.aspx?scope=sys&lang=vi&wpid=thuthuatnewdraw&thuthuatid=e118d1e1-556a-4002-b3d8-b472008aef9c&usid=172.31.255.1_ieu5y4m0p5o1dfluo0cjloo0ebd56fc4&st=140834",
        "onclick": ""
      },
      {
        "text": "0",
        "href": "http://192.168.2.26:2026/home.aspx?scope=sys&lang=vi&wpid=thuthuatnewdraw&thuthuatid=e118d1e1-556a-4002-b3d8-b472008aef9c&usid=172.31.255.1_ieu5y4m0p5o1dfluo0cjloo0ebd56fc4&st=140834",
        "onclick": ""
      },
      {
        "text": "808,000",
        "href": "http://192.168.2.26:2026/home.aspx?scope=sys&lang=vi&wpid=thuthuatnewdraw&thuthuatid=e118d1e1-556a-4002-b3d8-b472008aef9c&usid=172.31.255.1_ieu5y4m0p5o1dfluo0cjloo0ebd56fc4&st=140834",
        "onclick": ""
      },
      {
        "text": "Thường",
        "href": "http://192.168.2.26:2026/home.aspx?scope=sys&lang=vi&wpid=thuthuatnewdraw&thuthuatid=e118d1e1-556a-4002-b3d8-b472008aef9c&usid=172.31.255.1_ieu5y4m0p5o1dfluo0cjloo0ebd56fc4&st=140834",
        "onclick": ""
      },
      {
        "text": "08:14 23/06/2026",
        "href": "http://192.168.2.26:2026/home.aspx?scope=sys&lang=vi&wpid=thuthuatnewdraw&thuthuatid=e118d1e1-556a-4002-b3d8-b472008aef9c&usid=172.31.255.1_ieu5y4m0p5o1dfluo0cjloo0ebd56fc4&st=140834",
        "onclick": ""
      },
      {
        "text": "Chờ thực hiện",
        "href": "http://192.168.2.26:2026/home.aspx?scope=sys&lang=vi&wpid=thuthuatnewdraw&thuthuatid=e118d1e1-556a-4002-b3d8-b472008aef9c&usid=172.31.255.1_ieu5y4m0p5o1dfluo0cjloo0ebd56fc4&st=140834",
        "onclick": ""
      }
    ]
  }
}
[2026-07-23 14:08:37.455] [BROWSER] [DETAIL] kind=procedure; access_id=e118d1e1-556a-4002-b3d8-b472008aef9c; direct_url=yes; onclick=no
[2026-07-23 14:08:37.456] [BROWSER] [DETAIL] Mở liên kết trực tiếp: http://192.168.2.26:2026/home.aspx?scope=sys&lang=vi&wpid=thuthuatnewdraw&thuthuatid=e118d1e1-556a-4002-b3d8-b472008aef9c&usid=172.31.255.1_ieu5y4m0p5o1dfluo0cjloo0ebd56fc4&st=140834
[2026-07-23 14:08:38.375] [BROWSER] [DETAIL] Dữ liệu đọc được: {"ajax_active": 0, "complete_info": "", "current_url": "http://192.168.2.26:2026/home.aspx?scope=sys&lang=vi&wpid=thuthuatnewdraw&thuthuatid=e118d1e1-556a-4002-b3d8-b472008aef9c&usid=172.31.255.1_ieu5y4m0p5o1dfluo0cjloo0ebd56fc4&st=140834", "doctor": "Phạm Việt Tân", "doctor_candidates": [{"id": "txtBacSyChiDinh", "value": "Phạm Việt Tân"}, {"id": "txtBacSiChiDinh", "value": ""}], "doctor_field": "txtBacSyChiDinh", "doctor_found": true, "method": "Hút ổ viêm/áp xe phần mềm", "method_candidates": [{"id": "txtChiDinh", "value": "Hút ổ viêm/áp xe phần mềm"}, {"id": "cbbPhuongPhapTT", "value": ""}], "method_field": "txtChiDinh", "patient_info": "(26049739 | LÊ TRÍ HIẾU, 01/01/1982, Nam, 44 tuổi | Viện phí)", "root_found": true, "start_candidates": [{"id": "txtThoiGianChiDinh", "value": "08:14 23/06/2026"}, {"id": "txtTgBatDau", "value": "14:08 23/07/2026"}], "start_time": "08:14 23/06/2026", "start_time_field": "txtThoiGianChiDinh"}
[2026-07-23 14:08:38.376] [BROWSER] [DETAIL] Nguồn bác sĩ: Bác sĩ chỉ định; field=txtBacSyChiDinh; value=Phạm Việt Tân
[2026-07-23 14:08:38.377] [DETAIL_OK] D/s Thủ thuật: đọc được hồ sơ chi tiết
{
  "doctor_from_emr": "Phạm Việt Tân",
  "mapped_alias": "V.TÂN",
  "mapped_name": "Phạm Việt Tân",
  "start_time": "08:14 23/06/2026",
  "start_time_field": "txtThoiGianChiDinh",
  "method": "Hút ổ viêm/áp xe phần mềm",
  "method_field": "txtChiDinh",
  "list_time_source": "Thời gian chỉ định",
  "list_method_source": "Chỉ định thủ thuật",
  "current_url": "http://192.168.2.26:2026/home.aspx?scope=sys&lang=vi&wpid=thuthuatnewdraw&thuthuatid=e118d1e1-556a-4002-b3d8-b472008aef9c&usid=172.31.255.1_ieu5y4m0p5o1dfluo0cjloo0ebd56fc4&st=140834",
  "total_score": 655.0,
  "method_score": 1.0
}
[2026-07-23 14:08:38.378] [EVALUATED] D/s Thủ thuật: đánh giá 1 hồ sơ
{
  "items": [
    {
      "doctor": "Phạm Việt Tân",
      "alias": "V.TÂN",
      "detail_datetime": "2026-06-23 08:14:00",
      "method_score": 1.0,
      "total_score": 655.0,
      "confidence_ok": true
    }
  ]
}
[2026-07-23 14:08:38.378] [SOURCE_MATCH] D/s Thủ thuật: đã chọn bác sĩ, không tìm nguồn còn lại
{
  "alias": "V.TÂN"
}
[2026-07-23 14:08:39.111] [AUTOSAVE_ROW] Dòng 87: đã điền V.TÂN và lưu ngay
{
  "patient": "LÊ TRÍ HIẾU",
  "source": "D/s Thủ thuật",
  "doctor_name": "Phạm Việt Tân",
  "emr_doctor": "Phạm Việt Tân",
  "matched_time": "08:14 23/06/2026",
  "matched_method": "Hút ổ viêm/áp xe phần mềm",
  "progress": "5/10",
  "output": "E:\\Thong_ke\\node_outputs\\PM khoa CTCH T6_NHAP_LIEU.xlsx"
}
[2026-07-23 14:08:39.112] [ROW_END] Kết thúc dòng 87
{
  "status": "updated",
  "new_value": "V.TÂN",
  "reason": null
}
[2026-07-23 14:08:39.114] [ROW_BEGIN] [6/10] Bắt đầu dòng 88: MAI THỊ ĐỰNG
{
  "raw_time": "2026/06/23 09:02",
  "parsed_time": "09:02 23/06/2026",
  "method": "Hút ổ viêm/áp xe phần mềm",
  "old_value": ""
}
[2026-07-23 14:08:39.116] [SEARCH_BEGIN] dòng 88: tìm MAI THỊ ĐỰNG tại D/s Thủ thuật
{
  "patient": "MAI THỊ ĐỰNG",
  "target_time": "2026-06-23 09:02:00",
  "target_method": "Hút ổ viêm/áp xe phần mềm",
  "source": "procedure"
}
[2026-07-23 14:08:39.467] [BROWSER] [NAV] D/s Thủ thuật: http://192.168.2.26:2026/home.aspx?scope=sys&lang=vi&wpid=danhsachthuthuatdraw&role=323&usid=172.31.255.1_ieu5y4m0p5o1dfluo0cjloo0ebd56fc4&st=140834
[2026-07-23 14:08:41.492] [BROWSER] [FILTER] 3 tháng
[2026-07-23 14:08:42.027] [BROWSER] [SEARCH] Nhập 'MAI THỊ ĐỰNG' vào #txtTimKiem
[2026-07-23 14:08:42.242] [BROWSER] [SEARCH] Đã bấm Tìm kiếm bằng #btnTimKiem
[2026-07-23 14:08:42.271] [BROWSER] [RESULT] D/s Thủ thuật: 1 dòng
[2026-07-23 14:08:42.281] [SEARCH_RESULT] D/s Thủ thuật: nhận 1 dòng
{
  "current_url": "http://192.168.2.26:2026/home.aspx?scope=sys&lang=vi&wpid=danhsachthuthuatdraw&role=323&usid=172.31.255.1_ieu5y4m0p5o1dfluo0cjloo0ebd56fc4&st=140834",
  "search_input_id": "txtTimKiem",
  "search_trigger": "#btnTimKiem",
  "headers": [
    "STT",
    "Ngày thủ thuật",
    "Mã BN",
    "Họ tên",
    "Giới tính",
    "Tuổi",
    "Đối tượng",
    "Nơi chỉ định",
    "Chỉ định thủ thuật",
    "Tạm ứng",
    "Phải thanh toán",
    "Tình trạng",
    "Thời gian chỉ định",
    "Trạng thái"
  ],
  "rows": [
    {
      "access_id": "b9b173e2-5651-4653-ab9b-b4720096b52d",
      "known_fields": {
        "stt": "1",
        "ngay_thu_thuat": "13:52 23/07/2026",
        "ma_bn": "26067272",
        "ho_ten": "MAI THỊ ĐỰNG",
        "gioi_tinh": "Nữ",
        "tuoi": "84 tuổi",
        "doi_tuong": "Viện phí",
        "noi_chi_dinh": "PHÒNG KHÁM CHẤN THƯƠNG CHỈNH HÌNH - 20",
        "chi_dinh_thu_thuat": "Hút ổ viêm/áp xe phần mềm",
        "tam_ung": "0",
        "phai_thanh_toan": "518,000",
        "tinh_trang": "Thường",
        "thoi_gian_chi_dinh": "09:02 23/06/2026",
        "trang_thai": "Chờ thực hiện"
      },
      "raw_text": "1 13:52 23/07/2026 26067272 MAI THỊ ĐỰNG Nữ 84 tuổi Viện phí PHÒNG KHÁM CHẤN THƯƠNG CHỈNH HÌNH - 20 Hút ổ viêm/áp xe phần mềm 0 518,000 Thường 09:02 23/06/2026 Chờ thực hiện",
      "links": [
        {
          "text": "1",
          "href": "http://192.168.2.26:2026/home.aspx?scope=sys&lang=vi&wpid=thuthuatnewdraw&thuthuatid=b9b173e2-5651-4653-ab9b-b4720096b52d&usid=172.31.255.1_ieu5y4m0p5o1dfluo0cjloo0ebd56fc4&st=140839",
          "onclick": ""
        },
        {
          "text": "13:52 23/07/2026",
          "href": "http://192.168.2.26:2026/home.aspx?scope=sys&lang=vi&wpid=thuthuatnewdraw&thuthuatid=b9b173e2-5651-4653-ab9b-b4720096b52d&usid=172.31.255.1_ieu5y4m0p5o1dfluo0cjloo0ebd56fc4&st=140839",
          "onclick": ""
        },
        {
          "text": "26067272",
          "href": "http://192.168.2.26:2026/home.aspx?scope=sys&lang=vi&wpid=thuthuatnewdraw&thuthuatid=b9b173e2-5651-4653-ab9b-b4720096b52d&usid=172.31.255.1_ieu5y4m0p5o1dfluo0cjloo0ebd56fc4&st=140839",
          "onclick": ""
        },
        {
          "text": "MAI THỊ ĐỰNG",
          "href": "http://192.168.2.26:2026/home.aspx?scope=sys&lang=vi&wpid=thuthuatnewdraw&thuthuatid=b9b173e2-5651-4653-ab9b-b4720096b52d&usid=172.31.255.1_ieu5y4m0p5o1dfluo0cjloo0ebd56fc4&st=140839",
          "onclick": ""
        },
        {
          "text": "Nữ",
          "href": "http://192.168.2.26:2026/home.aspx?scope=sys&lang=vi&wpid=thuthuatnewdraw&thuthuatid=b9b173e2-5651-4653-ab9b-b4720096b52d&usid=172.31.255.1_ieu5y4m0p5o1dfluo0cjloo0ebd56fc4&st=140839",
          "onclick": ""
        },
        {
          "text": "84 tuổi",
          "href": "http://192.168.2.26:2026/home.aspx?scope=sys&lang=vi&wpid=thuthuatnewdraw&thuthuatid=b9b173e2-5651-4653-ab9b-b4720096b52d&usid=172.31.255.1_ieu5y4m0p5o1dfluo0cjloo0ebd56fc4&st=140839",
          "onclick": ""
        },
        {
          "text": "Viện phí",
          "href": "http://192.168.2.26:2026/home.aspx?scope=sys&lang=vi&wpid=thuthuatnewdraw&thuthuatid=b9b173e2-5651-4653-ab9b-b4720096b52d&usid=172.31.255.1_ieu5y4m0p5o1dfluo0cjloo0ebd56fc4&st=140839",
          "onclick": ""
        },
        {
          "text": "PHÒNG KHÁM CHẤN THƯƠNG CHỈNH HÌNH - 20",
          "href": "http://192.168.2.26:2026/home.aspx?scope=sys&lang=vi&wpid=thuthuatnewdraw&thuthuatid=b9b173e2-5651-4653-ab9b-b4720096b52d&usid=172.31.255.1_ieu5y4m0p5o1dfluo0cjloo0ebd56fc4&st=140839",
          "onclick": ""
        },
        {
          "text": "Hút ổ viêm/áp xe phần mềm",
          "href": "http://192.168.2.26:2026/home.aspx?scope=sys&lang=vi&wpid=thuthuatnewdraw&thuthuatid=b9b173e2-5651-4653-ab9b-b4720096b52d&usid=172.31.255.1_ieu5y4m0p5o1dfluo0cjloo0ebd56fc4&st=140839",
          "onclick": ""
        },
        {
          "text": "0",
          "href": "http://192.168.2.26:2026/home.aspx?scope=sys&lang=vi&wpid=thuthuatnewdraw&thuthuatid=b9b173e2-5651-4653-ab9b-b4720096b52d&usid=172.31.255.1_ieu5y4m0p5o1dfluo0cjloo0ebd56fc4&st=140839",
          "onclick": ""
        },
        {
          "text": "518,000",
          "href": "http://192.168.2.26:2026/home.aspx?scope=sys&lang=vi&wpid=thuthuatnewdraw&thuthuatid=b9b173e2-5651-4653-ab9b-b4720096b52d&usid=172.31.255.1_ieu5y4m0p5o1dfluo0cjloo0ebd56fc4&st=140839",
          "onclick": ""
        },
        {
          "text": "Thường",
          "href": "http://192.168.2.26:2026/home.aspx?scope=sys&lang=vi&wpid=thuthuatnewdraw&thuthuatid=b9b173e2-5651-4653-ab9b-b4720096b52d&usid=172.31.255.1_ieu5y4m0p5o1dfluo0cjloo0ebd56fc4&st=140839",
          "onclick": ""
        },
        {
          "text": "09:02 23/06/2026",
          "href": "http://192.168.2.26:2026/home.aspx?scope=sys&lang=vi&wpid=thuthuatnewdraw&thuthuatid=b9b173e2-5651-4653-ab9b-b4720096b52d&usid=172.31.255.1_ieu5y4m0p5o1dfluo0cjloo0ebd56fc4&st=140839",
          "onclick": ""
        },
        {
          "text": "Chờ thực hiện",
          "href": "http://192.168.2.26:2026/home.aspx?scope=sys&lang=vi&wpid=thuthuatnewdraw&thuthuatid=b9b173e2-5651-4653-ab9b-b4720096b52d&usid=172.31.255.1_ieu5y4m0p5o1dfluo0cjloo0ebd56fc4&st=140839",
          "onclick": ""
        }
      ]
    }
  ]
}
[2026-07-23 14:08:42.282] [CANDIDATES] D/s Thủ thuật: có 1 ứng viên cùng người bệnh
{
  "candidates": [
    {
      "list_score": 205.0,
      "list_datetime": "2026-06-23 09:02:00",
      "list_time_source": "Thời gian chỉ định",
      "list_method": "Hút ổ viêm/áp xe phần mềm",
      "list_method_source": "Chỉ định thủ thuật",
      "method_score": 1.0,
      "detail_marker": "http://192.168.2.26:2026/home.aspx?scope=sys&lang=vi&wpid=thuthuatnewdraw&thuthuatid=b9b173e2-5651-4653-ab9b-b4720096b52d&usid=172.31.255.1_ieu5y4m0p5o1dfluo0cjloo0ebd56fc4&st=140839",
      "row": {
        "access_id": "b9b173e2-5651-4653-ab9b-b4720096b52d",
        "known_fields": {
          "stt": "1",
          "ngay_thu_thuat": "13:52 23/07/2026",
          "ma_bn": "26067272",
          "ho_ten": "MAI THỊ ĐỰNG",
          "gioi_tinh": "Nữ",
          "tuoi": "84 tuổi",
          "doi_tuong": "Viện phí",
          "noi_chi_dinh": "PHÒNG KHÁM CHẤN THƯƠNG CHỈNH HÌNH - 20",
          "chi_dinh_thu_thuat": "Hút ổ viêm/áp xe phần mềm",
          "tam_ung": "0",
          "phai_thanh_toan": "518,000",
          "tinh_trang": "Thường",
          "thoi_gian_chi_dinh": "09:02 23/06/2026",
          "trang_thai": "Chờ thực hiện"
        },
        "raw_text": "1 13:52 23/07/2026 26067272 MAI THỊ ĐỰNG Nữ 84 tuổi Viện phí PHÒNG KHÁM CHẤN THƯƠNG CHỈNH HÌNH - 20 Hút ổ viêm/áp xe phần mềm 0 518,000 Thường 09:02 23/06/2026 Chờ thực hiện",
        "links": [
          {
            "text": "1",
            "href": "http://192.168.2.26:2026/home.aspx?scope=sys&lang=vi&wpid=thuthuatnewdraw&thuthuatid=b9b173e2-5651-4653-ab9b-b4720096b52d&usid=172.31.255.1_ieu5y4m0p5o1dfluo0cjloo0ebd56fc4&st=140839",
            "onclick": ""
          },
          {
            "text": "13:52 23/07/2026",
            "href": "http://192.168.2.26:2026/home.aspx?scope=sys&lang=vi&wpid=thuthuatnewdraw&thuthuatid=b9b173e2-5651-4653-ab9b-b4720096b52d&usid=172.31.255.1_ieu5y4m0p5o1dfluo0cjloo0ebd56fc4&st=140839",
            "onclick": ""
          },
          {
            "text": "26067272",
            "href": "http://192.168.2.26:2026/home.aspx?scope=sys&lang=vi&wpid=thuthuatnewdraw&thuthuatid=b9b173e2-5651-4653-ab9b-b4720096b52d&usid=172.31.255.1_ieu5y4m0p5o1dfluo0cjloo0ebd56fc4&st=140839",
            "onclick": ""
          },
          {
            "text": "MAI THỊ ĐỰNG",
            "href": "http://192.168.2.26:2026/home.aspx?scope=sys&lang=vi&wpid=thuthuatnewdraw&thuthuatid=b9b173e2-5651-4653-ab9b-b4720096b52d&usid=172.31.255.1_ieu5y4m0p5o1dfluo0cjloo0ebd56fc4&st=140839",
            "onclick": ""
          },
          {
            "text": "Nữ",
            "href": "http://192.168.2.26:2026/home.aspx?scope=sys&lang=vi&wpid=thuthuatnewdraw&thuthuatid=b9b173e2-5651-4653-ab9b-b4720096b52d&usid=172.31.255.1_ieu5y4m0p5o1dfluo0cjloo0ebd56fc4&st=140839",
            "onclick": ""
          },
          {
            "text": "84 tuổi",
            "href": "http://192.168.2.26:2026/home.aspx?scope=sys&lang=vi&wpid=thuthuatnewdraw&thuthuatid=b9b173e2-5651-4653-ab9b-b4720096b52d&usid=172.31.255.1_ieu5y4m0p5o1dfluo0cjloo0ebd56fc4&st=140839",
            "onclick": ""
          },
          {
            "text": "Viện phí",
            "href": "http://192.168.2.26:2026/home.aspx?scope=sys&lang=vi&wpid=thuthuatnewdraw&thuthuatid=b9b173e2-5651-4653-ab9b-b4720096b52d&usid=172.31.255.1_ieu5y4m0p5o1dfluo0cjloo0ebd56fc4&st=140839",
            "onclick": ""
          },
          {
            "text": "PHÒNG KHÁM CHẤN THƯƠNG CHỈNH HÌNH - 20",
            "href": "http://192.168.2.26:2026/home.aspx?scope=sys&lang=vi&wpid=thuthuatnewdraw&thuthuatid=b9b173e2-5651-4653-ab9b-b4720096b52d&usid=172.31.255.1_ieu5y4m0p5o1dfluo0cjloo0ebd56fc4&st=140839",
            "onclick": ""
          },
          {
            "text": "Hút ổ viêm/áp xe phần mềm",
            "href": "http://192.168.2.26:2026/home.aspx?scope=sys&lang=vi&wpid=thuthuatnewdraw&thuthuatid=b9b173e2-5651-4653-ab9b-b4720096b52d&usid=172.31.255.1_ieu5y4m0p5o1dfluo0cjloo0ebd56fc4&st=140839",
            "onclick": ""
          },
          {
            "text": "0",
            "href": "http://192.168.2.26:2026/home.aspx?scope=sys&lang=vi&wpid=thuthuatnewdraw&thuthuatid=b9b173e2-5651-4653-ab9b-b4720096b52d&usid=172.31.255.1_ieu5y4m0p5o1dfluo0cjloo0ebd56fc4&st=140839",
            "onclick": ""
          },
          {
            "text": "518,000",
            "href": "http://192.168.2.26:2026/home.aspx?scope=sys&lang=vi&wpid=thuthuatnewdraw&thuthuatid=b9b173e2-5651-4653-ab9b-b4720096b52d&usid=172.31.255.1_ieu5y4m0p5o1dfluo0cjloo0ebd56fc4&st=140839",
            "onclick": ""
          },
          {
            "text": "Thường",
            "href": "http://192.168.2.26:2026/home.aspx?scope=sys&lang=vi&wpid=thuthuatnewdraw&thuthuatid=b9b173e2-5651-4653-ab9b-b4720096b52d&usid=172.31.255.1_ieu5y4m0p5o1dfluo0cjloo0ebd56fc4&st=140839",
            "onclick": ""
          },
          {
            "text": "09:02 23/06/2026",
            "href": "http://192.168.2.26:2026/home.aspx?scope=sys&lang=vi&wpid=thuthuatnewdraw&thuthuatid=b9b173e2-5651-4653-ab9b-b4720096b52d&usid=172.31.255.1_ieu5y4m0p5o1dfluo0cjloo0ebd56fc4&st=140839",
            "onclick": ""
          },
          {
            "text": "Chờ thực hiện",
            "href": "http://192.168.2.26:2026/home.aspx?scope=sys&lang=vi&wpid=thuthuatnewdraw&thuthuatid=b9b173e2-5651-4653-ab9b-b4720096b52d&usid=172.31.255.1_ieu5y4m0p5o1dfluo0cjloo0ebd56fc4&st=140839",
            "onclick": ""
          }
        ]
      }
    }
  ]
}
[2026-07-23 14:08:42.284] [DETAIL_BEGIN] D/s Thủ thuật: mở ứng viên 1
{
  "detail_marker": "http://192.168.2.26:2026/home.aspx?scope=sys&lang=vi&wpid=thuthuatnewdraw&thuthuatid=b9b173e2-5651-4653-ab9b-b4720096b52d&usid=172.31.255.1_ieu5y4m0p5o1dfluo0cjloo0ebd56fc4&st=140839",
  "list_datetime": "2026-06-23 09:02:00",
  "list_method": "Hút ổ viêm/áp xe phần mềm",
  "row": {
    "access_id": "b9b173e2-5651-4653-ab9b-b4720096b52d",
    "known_fields": {
      "stt": "1",
      "ngay_thu_thuat": "13:52 23/07/2026",
      "ma_bn": "26067272",
      "ho_ten": "MAI THỊ ĐỰNG",
      "gioi_tinh": "Nữ",
      "tuoi": "84 tuổi",
      "doi_tuong": "Viện phí",
      "noi_chi_dinh": "PHÒNG KHÁM CHẤN THƯƠNG CHỈNH HÌNH - 20",
      "chi_dinh_thu_thuat": "Hút ổ viêm/áp xe phần mềm",
      "tam_ung": "0",
      "phai_thanh_toan": "518,000",
      "tinh_trang": "Thường",
      "thoi_gian_chi_dinh": "09:02 23/06/2026",
      "trang_thai": "Chờ thực hiện"
    },
    "raw_text": "1 13:52 23/07/2026 26067272 MAI THỊ ĐỰNG Nữ 84 tuổi Viện phí PHÒNG KHÁM CHẤN THƯƠNG CHỈNH HÌNH - 20 Hút ổ viêm/áp xe phần mềm 0 518,000 Thường 09:02 23/06/2026 Chờ thực hiện",
    "links": [
      {
        "text": "1",
        "href": "http://192.168.2.26:2026/home.aspx?scope=sys&lang=vi&wpid=thuthuatnewdraw&thuthuatid=b9b173e2-5651-4653-ab9b-b4720096b52d&usid=172.31.255.1_ieu5y4m0p5o1dfluo0cjloo0ebd56fc4&st=140839",
        "onclick": ""
      },
      {
        "text": "13:52 23/07/2026",
        "href": "http://192.168.2.26:2026/home.aspx?scope=sys&lang=vi&wpid=thuthuatnewdraw&thuthuatid=b9b173e2-5651-4653-ab9b-b4720096b52d&usid=172.31.255.1_ieu5y4m0p5o1dfluo0cjloo0ebd56fc4&st=140839",
        "onclick": ""
      },
      {
        "text": "26067272",
        "href": "http://192.168.2.26:2026/home.aspx?scope=sys&lang=vi&wpid=thuthuatnewdraw&thuthuatid=b9b173e2-5651-4653-ab9b-b4720096b52d&usid=172.31.255.1_ieu5y4m0p5o1dfluo0cjloo0ebd56fc4&st=140839",
        "onclick": ""
      },
      {
        "text": "MAI THỊ ĐỰNG",
        "href": "http://192.168.2.26:2026/home.aspx?scope=sys&lang=vi&wpid=thuthuatnewdraw&thuthuatid=b9b173e2-5651-4653-ab9b-b4720096b52d&usid=172.31.255.1_ieu5y4m0p5o1dfluo0cjloo0ebd56fc4&st=140839",
        "onclick": ""
      },
      {
        "text": "Nữ",
        "href": "http://192.168.2.26:2026/home.aspx?scope=sys&lang=vi&wpid=thuthuatnewdraw&thuthuatid=b9b173e2-5651-4653-ab9b-b4720096b52d&usid=172.31.255.1_ieu5y4m0p5o1dfluo0cjloo0ebd56fc4&st=140839",
        "onclick": ""
      },
      {
        "text": "84 tuổi",
        "href": "http://192.168.2.26:2026/home.aspx?scope=sys&lang=vi&wpid=thuthuatnewdraw&thuthuatid=b9b173e2-5651-4653-ab9b-b4720096b52d&usid=172.31.255.1_ieu5y4m0p5o1dfluo0cjloo0ebd56fc4&st=140839",
        "onclick": ""
      },
      {
        "text": "Viện phí",
        "href": "http://192.168.2.26:2026/home.aspx?scope=sys&lang=vi&wpid=thuthuatnewdraw&thuthuatid=b9b173e2-5651-4653-ab9b-b4720096b52d&usid=172.31.255.1_ieu5y4m0p5o1dfluo0cjloo0ebd56fc4&st=140839",
        "onclick": ""
      },
      {
        "text": "PHÒNG KHÁM CHẤN THƯƠNG CHỈNH HÌNH - 20",
        "href": "http://192.168.2.26:2026/home.aspx?scope=sys&lang=vi&wpid=thuthuatnewdraw&thuthuatid=b9b173e2-5651-4653-ab9b-b4720096b52d&usid=172.31.255.1_ieu5y4m0p5o1dfluo0cjloo0ebd56fc4&st=140839",
        "onclick": ""
      },
      {
        "text": "Hút ổ viêm/áp xe phần mềm",
        "href": "http://192.168.2.26:2026/home.aspx?scope=sys&lang=vi&wpid=thuthuatnewdraw&thuthuatid=b9b173e2-5651-4653-ab9b-b4720096b52d&usid=172.31.255.1_ieu5y4m0p5o1dfluo0cjloo0ebd56fc4&st=140839",
        "onclick": ""
      },
      {
        "text": "0",
        "href": "http://192.168.2.26:2026/home.aspx?scope=sys&lang=vi&wpid=thuthuatnewdraw&thuthuatid=b9b173e2-5651-4653-ab9b-b4720096b52d&usid=172.31.255.1_ieu5y4m0p5o1dfluo0cjloo0ebd56fc4&st=140839",
        "onclick": ""
      },
      {
        "text": "518,000",
        "href": "http://192.168.2.26:2026/home.aspx?scope=sys&lang=vi&wpid=thuthuatnewdraw&thuthuatid=b9b173e2-5651-4653-ab9b-b4720096b52d&usid=172.31.255.1_ieu5y4m0p5o1dfluo0cjloo0ebd56fc4&st=140839",
        "onclick": ""
      },
      {
        "text": "Thường",
        "href": "http://192.168.2.26:2026/home.aspx?scope=sys&lang=vi&wpid=thuthuatnewdraw&thuthuatid=b9b173e2-5651-4653-ab9b-b4720096b52d&usid=172.31.255.1_ieu5y4m0p5o1dfluo0cjloo0ebd56fc4&st=140839",
        "onclick": ""
      },
      {
        "text": "09:02 23/06/2026",
        "href": "http://192.168.2.26:2026/home.aspx?scope=sys&lang=vi&wpid=thuthuatnewdraw&thuthuatid=b9b173e2-5651-4653-ab9b-b4720096b52d&usid=172.31.255.1_ieu5y4m0p5o1dfluo0cjloo0ebd56fc4&st=140839",
        "onclick": ""
      },
      {
        "text": "Chờ thực hiện",
        "href": "http://192.168.2.26:2026/home.aspx?scope=sys&lang=vi&wpid=thuthuatnewdraw&thuthuatid=b9b173e2-5651-4653-ab9b-b4720096b52d&usid=172.31.255.1_ieu5y4m0p5o1dfluo0cjloo0ebd56fc4&st=140839",
        "onclick": ""
      }
    ]
  }
}
[2026-07-23 14:08:42.295] [BROWSER] [DETAIL] kind=procedure; access_id=b9b173e2-5651-4653-ab9b-b4720096b52d; direct_url=yes; onclick=no
[2026-07-23 14:08:42.296] [BROWSER] [DETAIL] Mở liên kết trực tiếp: http://192.168.2.26:2026/home.aspx?scope=sys&lang=vi&wpid=thuthuatnewdraw&thuthuatid=b9b173e2-5651-4653-ab9b-b4720096b52d&usid=172.31.255.1_ieu5y4m0p5o1dfluo0cjloo0ebd56fc4&st=140839
[2026-07-23 14:08:43.336] [BROWSER] [DETAIL] Dữ liệu đọc được: {"ajax_active": 0, "complete_info": "", "current_url": "http://192.168.2.26:2026/home.aspx?scope=sys&lang=vi&wpid=thuthuatnewdraw&thuthuatid=b9b173e2-5651-4653-ab9b-b4720096b52d&usid=172.31.255.1_ieu5y4m0p5o1dfluo0cjloo0ebd56fc4&st=140839", "doctor": "Phạm Việt Tân", "doctor_candidates": [{"id": "txtBacSyChiDinh", "value": "Phạm Việt Tân"}, {"id": "txtBacSiChiDinh", "value": ""}], "doctor_field": "txtBacSyChiDinh", "doctor_found": true, "method": "Hút ổ viêm/áp xe phần mềm", "method_candidates": [{"id": "txtChiDinh", "value": "Hút ổ viêm/áp xe phần mềm"}, {"id": "cbbPhuongPhapTT", "value": ""}], "method_field": "txtChiDinh", "patient_info": "(26067272 | MAI THỊ ĐỰNG, 01/01/1942, Nữ, 84 tuổi | Viện phí)", "root_found": true, "start_candidates": [{"id": "txtThoiGianChiDinh", "value": "09:02 23/06/2026"}, {"id": "txtTgBatDau", "value": "14:08 23/07/2026"}], "start_time": "09:02 23/06/2026", "start_time_field": "txtThoiGianChiDinh"}
[2026-07-23 14:08:43.337] [BROWSER] [DETAIL] Nguồn bác sĩ: Bác sĩ chỉ định; field=txtBacSyChiDinh; value=Phạm Việt Tân
[2026-07-23 14:08:43.338] [DETAIL_OK] D/s Thủ thuật: đọc được hồ sơ chi tiết
{
  "doctor_from_emr": "Phạm Việt Tân",
  "mapped_alias": "V.TÂN",
  "mapped_name": "Phạm Việt Tân",
  "start_time": "09:02 23/06/2026",
  "start_time_field": "txtThoiGianChiDinh",
  "method": "Hút ổ viêm/áp xe phần mềm",
  "method_field": "txtChiDinh",
  "list_time_source": "Thời gian chỉ định",
  "list_method_source": "Chỉ định thủ thuật",
  "current_url": "http://192.168.2.26:2026/home.aspx?scope=sys&lang=vi&wpid=thuthuatnewdraw&thuthuatid=b9b173e2-5651-4653-ab9b-b4720096b52d&usid=172.31.255.1_ieu5y4m0p5o1dfluo0cjloo0ebd56fc4&st=140839",
  "total_score": 655.0,
  "method_score": 1.0
}
[2026-07-23 14:08:43.338] [EVALUATED] D/s Thủ thuật: đánh giá 1 hồ sơ
{
  "items": [
    {
      "doctor": "Phạm Việt Tân",
      "alias": "V.TÂN",
      "detail_datetime": "2026-06-23 09:02:00",
      "method_score": 1.0,
      "total_score": 655.0,
      "confidence_ok": true
    }
  ]
}
[2026-07-23 14:08:43.339] [SOURCE_MATCH] D/s Thủ thuật: đã chọn bác sĩ, không tìm nguồn còn lại
{
  "alias": "V.TÂN"
}
[2026-07-23 14:08:44.063] [AUTOSAVE_ROW] Dòng 88: đã điền V.TÂN và lưu ngay
{
  "patient": "MAI THỊ ĐỰNG",
  "source": "D/s Thủ thuật",
  "doctor_name": "Phạm Việt Tân",
  "emr_doctor": "Phạm Việt Tân",
  "matched_time": "09:02 23/06/2026",
  "matched_method": "Hút ổ viêm/áp xe phần mềm",
  "progress": "6/10",
  "output": "E:\\Thong_ke\\node_outputs\\PM khoa CTCH T6_NHAP_LIEU.xlsx"
}
[2026-07-23 14:08:44.064] [ROW_END] Kết thúc dòng 88
{
  "status": "updated",
  "new_value": "V.TÂN",
  "reason": null
}
[2026-07-23 14:08:44.064] [ROW_BEGIN] [7/10] Bắt đầu dòng 89: TRƯƠNG THỊ HIẾU
{
  "raw_time": "2026/06/23 09:28",
  "parsed_time": "09:28 23/06/2026",
  "method": "Hút ổ viêm/áp xe phần mềm",
  "old_value": ""
}
[2026-07-23 14:08:44.065] [SEARCH_BEGIN] dòng 89: tìm TRƯƠNG THỊ HIẾU tại D/s Thủ thuật
{
  "patient": "TRƯƠNG THỊ HIẾU",
  "target_time": "2026-06-23 09:28:00",
  "target_method": "Hút ổ viêm/áp xe phần mềm",
  "source": "procedure"
}
[2026-07-23 14:08:44.399] [BROWSER] [NAV] D/s Thủ thuật: http://192.168.2.26:2026/home.aspx?scope=sys&lang=vi&wpid=danhsachthuthuatdraw&role=323&usid=172.31.255.1_ieu5y4m0p5o1dfluo0cjloo0ebd56fc4&st=140839
[2026-07-23 14:08:46.291] [BROWSER] [FILTER] 3 tháng
[2026-07-23 14:08:46.899] [BROWSER] [SEARCH] Nhập 'TRƯƠNG THỊ HIẾU' vào #txtTimKiem
[2026-07-23 14:08:47.137] [BROWSER] [SEARCH] Đã bấm Tìm kiếm bằng #btnTimKiem
[2026-07-23 14:08:47.168] [BROWSER] [RESULT] D/s Thủ thuật: 2 dòng
[2026-07-23 14:08:47.179] [SEARCH_RESULT] D/s Thủ thuật: nhận 2 dòng
{
  "current_url": "http://192.168.2.26:2026/home.aspx?scope=sys&lang=vi&wpid=danhsachthuthuatdraw&role=323&usid=172.31.255.1_ieu5y4m0p5o1dfluo0cjloo0ebd56fc4&st=140839",
  "search_input_id": "txtTimKiem",
  "search_trigger": "#btnTimKiem",
  "headers": [
    "STT",
    "Ngày thủ thuật",
    "Mã BN",
    "Họ tên",
    "Giới tính",
    "Tuổi",
    "Đối tượng",
    "Nơi chỉ định",
    "Chỉ định thủ thuật",
    "Tạm ứng",
    "Phải thanh toán",
    "Tình trạng",
    "Thời gian chỉ định",
    "Trạng thái"
  ],
  "rows": [
    {
      "access_id": "3e21ea4f-9161-449f-9fce-b432012f81d2",
      "known_fields": {
        "stt": "1",
        "ngay_thu_thuat": "08:00 21/04/2026",
        "ma_bn": "26046050",
        "ho_ten": "TRƯƠNG THỊ HIẾU",
        "gioi_tinh": "Nữ",
        "tuoi": "60 tuổi",
        "doi_tuong": "Viện phí",
        "noi_chi_dinh": "Trung Tâm Tiết Niệu",
        "chi_dinh_thu_thuat": "Chăm sóc ống thông bàng quang",
        "tam_ung": "0",
        "phai_thanh_toan": "0",
        "tinh_trang": "Thường",
        "thoi_gian_chi_dinh": "07:30 21/04/2026",
        "trang_thai": "Hoàn tất"
      },
      "raw_text": "1 08:00 21/04/2026 26046050 TRƯƠNG THỊ HIẾU Nữ 60 tuổi Viện phí Trung Tâm Tiết Niệu Chăm sóc ống thông bàng quang 0 0 Thường 07:30 21/04/2026 Hoàn tất",
      "links": [
        {
          "text": "1",
          "href": "http://192.168.2.26:2026/home.aspx?scope=sys&lang=vi&wpid=thuthuatnewdraw&thuthuatid=3e21ea4f-9161-449f-9fce-b432012f81d2&usid=172.31.255.1_ieu5y4m0p5o1dfluo0cjloo0ebd56fc4&st=140844",
          "onclick": ""
        },
        {
          "text": "08:00 21/04/2026",
          "href": "http://192.168.2.26:2026/home.aspx?scope=sys&lang=vi&wpid=thuthuatnewdraw&thuthuatid=3e21ea4f-9161-449f-9fce-b432012f81d2&usid=172.31.255.1_ieu5y4m0p5o1dfluo0cjloo0ebd56fc4&st=140844",
          "onclick": ""
        },
        {
          "text": "26046050",
          "href": "http://192.168.2.26:2026/home.aspx?scope=sys&lang=vi&wpid=thuthuatnewdraw&thuthuatid=3e21ea4f-9161-449f-9fce-b432012f81d2&usid=172.31.255.1_ieu5y4m0p5o1dfluo0cjloo0ebd56fc4&st=140844",
          "onclick": ""
        },
        {
          "text": "TRƯƠNG THỊ HIẾU",
          "href": "http://192.168.2.26:2026/home.aspx?scope=sys&lang=vi&wpid=thuthuatnewdraw&thuthuatid=3e21ea4f-9161-449f-9fce-b432012f81d2&usid=172.31.255.1_ieu5y4m0p5o1dfluo0cjloo0ebd56fc4&st=140844",
          "onclick": ""
        },
        {
          "text": "Nữ",
          "href": "http://192.168.2.26:2026/home.aspx?scope=sys&lang=vi&wpid=thuthuatnewdraw&thuthuatid=3e21ea4f-9161-449f-9fce-b432012f81d2&usid=172.31.255.1_ieu5y4m0p5o1dfluo0cjloo0ebd56fc4&st=140844",
          "onclick": ""
        },
        {
          "text": "60 tuổi",
          "href": "http://192.168.2.26:2026/home.aspx?scope=sys&lang=vi&wpid=thuthuatnewdraw&thuthuatid=3e21ea4f-9161-449f-9fce-b432012f81d2&usid=172.31.255.1_ieu5y4m0p5o1dfluo0cjloo0ebd56fc4&st=140844",
          "onclick": ""
        },
        {
          "text": "Viện phí",
          "href": "http://192.168.2.26:2026/home.aspx?scope=sys&lang=vi&wpid=thuthuatnewdraw&thuthuatid=3e21ea4f-9161-449f-9fce-b432012f81d2&usid=172.31.255.1_ieu5y4m0p5o1dfluo0cjloo0ebd56fc4&st=140844",
          "onclick": ""
        },
        {
          "text": "Trung Tâm Tiết Niệu",
          "href": "http://192.168.2.26:2026/home.aspx?scope=sys&lang=vi&wpid=thuthuatnewdraw&thuthuatid=3e21ea4f-9161-449f-9fce-b432012f81d2&usid=172.31.255.1_ieu5y4m0p5o1dfluo0cjloo0ebd56fc4&st=140844",
          "onclick": ""
        },
        {
          "text": "Chăm sóc ống thông bàng quang",
          "href": "http://192.168.2.26:2026/home.aspx?scope=sys&lang=vi&wpid=thuthuatnewdraw&thuthuatid=3e21ea4f-9161-449f-9fce-b432012f81d2&usid=172.31.255.1_ieu5y4m0p5o1dfluo0cjloo0ebd56fc4&st=140844",
          "onclick": ""
        },
        {
          "text": "0",
          "href": "http://192.168.2.26:2026/home.aspx?scope=sys&lang=vi&wpid=thuthuatnewdraw&thuthuatid=3e21ea4f-9161-449f-9fce-b432012f81d2&usid=172.31.255.1_ieu5y4m0p5o1dfluo0cjloo0ebd56fc4&st=140844",
          "onclick": ""
        },
        {
          "text": "0",
          "href": "http://192.168.2.26:2026/home.aspx?scope=sys&lang=vi&wpid=thuthuatnewdraw&thuthuatid=3e21ea4f-9161-449f-9fce-b432012f81d2&usid=172.31.255.1_ieu5y4m0p5o1dfluo0cjloo0ebd56fc4&st=140844",
          "onclick": ""
        },
        {
          "text": "Thường",
          "href": "http://192.168.2.26:2026/home.aspx?scope=sys&lang=vi&wpid=thuthuatnewdraw&thuthuatid=3e21ea4f-9161-449f-9fce-b432012f81d2&usid=172.31.255.1_ieu5y4m0p5o1dfluo0cjloo0ebd56fc4&st=140844",
          "onclick": ""
        },
        {
          "text": "07:30 21/04/2026",
          "href": "http://192.168.2.26:2026/home.aspx?scope=sys&lang=vi&wpid=thuthuatnewdraw&thuthuatid=3e21ea4f-9161-449f-9fce-b432012f81d2&usid=172.31.255.1_ieu5y4m0p5o1dfluo0cjloo0ebd56fc4&st=140844",
          "onclick": ""
        },
        {
          "text": "Hoàn tất",
          "href": "http://192.168.2.26:2026/home.aspx?scope=sys&lang=vi&wpid=thuthuatnewdraw&thuthuatid=3e21ea4f-9161-449f-9fce-b432012f81d2&usid=172.31.255.1_ieu5y4m0p5o1dfluo0cjloo0ebd56fc4&st=140844",
          "onclick": ""
        }
      ]
    },
    {
      "access_id": "c4ae567e-24ab-48d1-8d33-b472009d8063",
      "known_fields": {
        "stt": "2",
        "ngay_thu_thuat": "13:52 23/07/2026",
        "ma_bn": "26066989",
        "ho_ten": "TRƯƠNG THỊ HIẾU",
        "gioi_tinh": "Nữ",
        "tuoi": "67 tuổi",
        "doi_tuong": "Viện phí",
        "noi_chi_dinh": "PHÒNG KHÁM CHẤN THƯƠNG CHỈNH HÌNH - 20",
        "chi_dinh_thu_thuat": "Hút ổ viêm/áp xe phần mềm",
        "tam_ung": "0",
        "phai_thanh_toan": "518,000",
        "tinh_trang": "Thường",
        "thoi_gian_chi_dinh": "09:28 23/06/2026",
        "trang_thai": "Chờ thực hiện"
      },
      "raw_text": "2 13:52 23/07/2026 26066989 TRƯƠNG THỊ HIẾU Nữ 67 tuổi Viện phí PHÒNG KHÁM CHẤN THƯƠNG CHỈNH HÌNH - 20 Hút ổ viêm/áp xe phần mềm 0 518,000 Thường 09:28 23/06/2026 Chờ thực hiện",
      "links": [
        {
          "text": "2",
          "href": "http://192.168.2.26:2026/home.aspx?scope=sys&lang=vi&wpid=thuthuatnewdraw&thuthuatid=c4ae567e-24ab-48d1-8d33-b472009d8063&usid=172.31.255.1_ieu5y4m0p5o1dfluo0cjloo0ebd56fc4&st=140844",
          "onclick": ""
        },
        {
          "text": "13:52 23/07/2026",
          "href": "http://192.168.2.26:2026/home.aspx?scope=sys&lang=vi&wpid=thuthuatnewdraw&thuthuatid=c4ae567e-24ab-48d1-8d33-b472009d8063&usid=172.31.255.1_ieu5y4m0p5o1dfluo0cjloo0ebd56fc4&st=140844",
          "onclick": ""
        },
        {
          "text": "26066989",
          "href": "http://192.168.2.26:2026/home.aspx?scope=sys&lang=vi&wpid=thuthuatnewdraw&thuthuatid=c4ae567e-24ab-48d1-8d33-b472009d8063&usid=172.31.255.1_ieu5y4m0p5o1dfluo0cjloo0ebd56fc4&st=140844",
          "onclick": ""
        },
        {
          "text": "TRƯƠNG THỊ HIẾU",
          "href": "http://192.168.2.26:2026/home.aspx?scope=sys&lang=vi&wpid=thuthuatnewdraw&thuthuatid=c4ae567e-24ab-48d1-8d33-b472009d8063&usid=172.31.255.1_ieu5y4m0p5o1dfluo0cjloo0ebd56fc4&st=140844",
          "onclick": ""
        },
        {
          "text": "Nữ",
          "href": "http://192.168.2.26:2026/home.aspx?scope=sys&lang=vi&wpid=thuthuatnewdraw&thuthuatid=c4ae567e-24ab-48d1-8d33-b472009d8063&usid=172.31.255.1_ieu5y4m0p5o1dfluo0cjloo0ebd56fc4&st=140844",
          "onclick": ""
        },
        {
          "text": "67 tuổi",
          "href": "http://192.168.2.26:2026/home.aspx?scope=sys&lang=vi&wpid=thuthuatnewdraw&thuthuatid=c4ae567e-24ab-48d1-8d33-b472009d8063&usid=172.31.255.1_ieu5y4m0p5o1dfluo0cjloo0ebd56fc4&st=140844",
          "onclick": ""
        },
        {
          "text": "Viện phí",
          "href": "http://192.168.2.26:2026/home.aspx?scope=sys&lang=vi&wpid=thuthuatnewdraw&thuthuatid=c4ae567e-24ab-48d1-8d33-b472009d8063&usid=172.31.255.1_ieu5y4m0p5o1dfluo0cjloo0ebd56fc4&st=140844",
          "onclick": ""
        },
        {
          "text": "PHÒNG KHÁM CHẤN THƯƠNG CHỈNH HÌNH - 20",
          "href": "http://192.168.2.26:2026/home.aspx?scope=sys&lang=vi&wpid=thuthuatnewdraw&thuthuatid=c4ae567e-24ab-48d1-8d33-b472009d8063&usid=172.31.255.1_ieu5y4m0p5o1dfluo0cjloo0ebd56fc4&st=140844",
          "onclick": ""
        },
        {
          "text": "Hút ổ viêm/áp xe phần mềm",
          "href": "http://192.168.2.26:2026/home.aspx?scope=sys&lang=vi&wpid=thuthuatnewdraw&thuthuatid=c4ae567e-24ab-48d1-8d33-b472009d8063&usid=172.31.255.1_ieu5y4m0p5o1dfluo0cjloo0ebd56fc4&st=140844",
          "onclick": ""
        },
        {
          "text": "0",
          "href": "http://192.168.2.26:2026/home.aspx?scope=sys&lang=vi&wpid=thuthuatnewdraw&thuthuatid=c4ae567e-24ab-48d1-8d33-b472009d8063&usid=172.31.255.1_ieu5y4m0p5o1dfluo0cjloo0ebd56fc4&st=140844",
          "onclick": ""
        },
        {
          "text": "518,000",
          "href": "http://192.168.2.26:2026/home.aspx?scope=sys&lang=vi&wpid=thuthuatnewdraw&thuthuatid=c4ae567e-24ab-48d1-8d33-b472009d8063&usid=172.31.255.1_ieu5y4m0p5o1dfluo0cjloo0ebd56fc4&st=140844",
          "onclick": ""
        },
        {
          "text": "Thường",
          "href": "http://192.168.2.26:2026/home.aspx?scope=sys&lang=vi&wpid=thuthuatnewdraw&thuthuatid=c4ae567e-24ab-48d1-8d33-b472009d8063&usid=172.31.255.1_ieu5y4m0p5o1dfluo0cjloo0ebd56fc4&st=140844",
          "onclick": ""
        },
        {
          "text": "09:28 23/06/2026",
          "href": "http://192.168.2.26:2026/home.aspx?scope=sys&lang=vi&wpid=thuthuatnewdraw&thuthuatid=c4ae567e-24ab-48d1-8d33-b472009d8063&usid=172.31.255.1_ieu5y4m0p5o1dfluo0cjloo0ebd56fc4&st=140844",
          "onclick": ""
        },
        {
          "text": "Chờ thực hiện",
          "href": "http://192.168.2.26:2026/home.aspx?scope=sys&lang=vi&wpid=thuthuatnewdraw&thuthuatid=c4ae567e-24ab-48d1-8d33-b472009d8063&usid=172.31.255.1_ieu5y4m0p5o1dfluo0cjloo0ebd56fc4&st=140844",
          "onclick": ""
        }
      ]
    }
  ]
}
[2026-07-23 14:08:47.183] [CANDIDATES] D/s Thủ thuật: có 2 ứng viên cùng người bệnh
{
  "candidates": [
    {
      "list_score": 205.0,
      "list_datetime": "2026-06-23 09:28:00",
      "list_time_source": "Thời gian chỉ định",
      "list_method": "Hút ổ viêm/áp xe phần mềm",
      "list_method_source": "Chỉ định thủ thuật",
      "method_score": 1.0,
      "detail_marker": "http://192.168.2.26:2026/home.aspx?scope=sys&lang=vi&wpid=thuthuatnewdraw&thuthuatid=c4ae567e-24ab-48d1-8d33-b472009d8063&usid=172.31.255.1_ieu5y4m0p5o1dfluo0cjloo0ebd56fc4&st=140844",
      "row": {
        "access_id": "c4ae567e-24ab-48d1-8d33-b472009d8063",
        "known_fields": {
          "stt": "2",
          "ngay_thu_thuat": "13:52 23/07/2026",
          "ma_bn": "26066989",
          "ho_ten": "TRƯƠNG THỊ HIẾU",
          "gioi_tinh": "Nữ",
          "tuoi": "67 tuổi",
          "doi_tuong": "Viện phí",
          "noi_chi_dinh": "PHÒNG KHÁM CHẤN THƯƠNG CHỈNH HÌNH - 20",
          "chi_dinh_thu_thuat": "Hút ổ viêm/áp xe phần mềm",
          "tam_ung": "0",
          "phai_thanh_toan": "518,000",
          "tinh_trang": "Thường",
          "thoi_gian_chi_dinh": "09:28 23/06/2026",
          "trang_thai": "Chờ thực hiện"
        },
        "raw_text": "2 13:52 23/07/2026 26066989 TRƯƠNG THỊ HIẾU Nữ 67 tuổi Viện phí PHÒNG KHÁM CHẤN THƯƠNG CHỈNH HÌNH - 20 Hút ổ viêm/áp xe phần mềm 0 518,000 Thường 09:28 23/06/2026 Chờ thực hiện",
        "links": [
          {
            "text": "2",
            "href": "http://192.168.2.26:2026/home.aspx?scope=sys&lang=vi&wpid=thuthuatnewdraw&thuthuatid=c4ae567e-24ab-48d1-8d33-b472009d8063&usid=172.31.255.1_ieu5y4m0p5o1dfluo0cjloo0ebd56fc4&st=140844",
            "onclick": ""
          },
          {
            "text": "13:52 23/07/2026",
            "href": "http://192.168.2.26:2026/home.aspx?scope=sys&lang=vi&wpid=thuthuatnewdraw&thuthuatid=c4ae567e-24ab-48d1-8d33-b472009d8063&usid=172.31.255.1_ieu5y4m0p5o1dfluo0cjloo0ebd56fc4&st=140844",
            "onclick": ""
          },
          {
            "text": "26066989",
            "href": "http://192.168.2.26:2026/home.aspx?scope=sys&lang=vi&wpid=thuthuatnewdraw&thuthuatid=c4ae567e-24ab-48d1-8d33-b472009d8063&usid=172.31.255.1_ieu5y4m0p5o1dfluo0cjloo0ebd56fc4&st=140844",
            "onclick": ""
          },
          {
            "text": "TRƯƠNG THỊ HIẾU",
            "href": "http://192.168.2.26:2026/home.aspx?scope=sys&lang=vi&wpid=thuthuatnewdraw&thuthuatid=c4ae567e-24ab-48d1-8d33-b472009d8063&usid=172.31.255.1_ieu5y4m0p5o1dfluo0cjloo0ebd56fc4&st=140844",
            "onclick": ""
          },
          {
            "text": "Nữ",
            "href": "http://192.168.2.26:2026/home.aspx?scope=sys&lang=vi&wpid=thuthuatnewdraw&thuthuatid=c4ae567e-24ab-48d1-8d33-b472009d8063&usid=172.31.255.1_ieu5y4m0p5o1dfluo0cjloo0ebd56fc4&st=140844",
            "onclick": ""
          },
          {
            "text": "67 tuổi",
            "href": "http://192.168.2.26:2026/home.aspx?scope=sys&lang=vi&wpid=thuthuatnewdraw&thuthuatid=c4ae567e-24ab-48d1-8d33-b472009d8063&usid=172.31.255.1_ieu5y4m0p5o1dfluo0cjloo0ebd56fc4&st=140844",
            "onclick": ""
          },
          {
            "text": "Viện phí",
            "href": "http://192.168.2.26:2026/home.aspx?scope=sys&lang=vi&wpid=thuthuatnewdraw&thuthuatid=c4ae567e-24ab-48d1-8d33-b472009d8063&usid=172.31.255.1_ieu5y4m0p5o1dfluo0cjloo0ebd56fc4&st=140844",
            "onclick": ""
          },
          {
            "text": "PHÒNG KHÁM CHẤN THƯƠNG CHỈNH HÌNH - 20",
            "href": "http://192.168.2.26:2026/home.aspx?scope=sys&lang=vi&wpid=thuthuatnewdraw&thuthuatid=c4ae567e-24ab-48d1-8d33-b472009d8063&usid=172.31.255.1_ieu5y4m0p5o1dfluo0cjloo0ebd56fc4&st=140844",
            "onclick": ""
          },
          {
            "text": "Hút ổ viêm/áp xe phần mềm",
            "href": "http://192.168.2.26:2026/home.aspx?scope=sys&lang=vi&wpid=thuthuatnewdraw&thuthuatid=c4ae567e-24ab-48d1-8d33-b472009d8063&usid=172.31.255.1_ieu5y4m0p5o1dfluo0cjloo0ebd56fc4&st=140844",
            "onclick": ""
          },
          {
            "text": "0",
            "href": "http://192.168.2.26:2026/home.aspx?scope=sys&lang=vi&wpid=thuthuatnewdraw&thuthuatid=c4ae567e-24ab-48d1-8d33-b472009d8063&usid=172.31.255.1_ieu5y4m0p5o1dfluo0cjloo0ebd56fc4&st=140844",
            "onclick": ""
          },
          {
            "text": "518,000",
            "href": "http://192.168.2.26:2026/home.aspx?scope=sys&lang=vi&wpid=thuthuatnewdraw&thuthuatid=c4ae567e-24ab-48d1-8d33-b472009d8063&usid=172.31.255.1_ieu5y4m0p5o1dfluo0cjloo0ebd56fc4&st=140844",
            "onclick": ""
          },
          {
            "text": "Thường",
            "href": "http://192.168.2.26:2026/home.aspx?scope=sys&lang=vi&wpid=thuthuatnewdraw&thuthuatid=c4ae567e-24ab-48d1-8d33-b472009d8063&usid=172.31.255.1_ieu5y4m0p5o1dfluo0cjloo0ebd56fc4&st=140844",
            "onclick": ""
          },
          {
            "text": "09:28 23/06/2026",
            "href": "http://192.168.2.26:2026/home.aspx?scope=sys&lang=vi&wpid=thuthuatnewdraw&thuthuatid=c4ae567e-24ab-48d1-8d33-b472009d8063&usid=172.31.255.1_ieu5y4m0p5o1dfluo0cjloo0ebd56fc4&st=140844",
            "onclick": ""
          },
          {
            "text": "Chờ thực hiện",
            "href": "http://192.168.2.26:2026/home.aspx?scope=sys&lang=vi&wpid=thuthuatnewdraw&thuthuatid=c4ae567e-24ab-48d1-8d33-b472009d8063&usid=172.31.255.1_ieu5y4m0p5o1dfluo0cjloo0ebd56fc4&st=140844",
            "onclick": ""
          }
        ]
      }
    },
    {
      "list_score": 41.29629629629629,
      "list_datetime": "2026-04-21 07:30:00",
      "list_time_source": "Thời gian chỉ định",
      "list_method": "Chăm sóc ống thông bàng quang",
      "list_method_source": "Chỉ định thủ thuật",
      "method_score": 0.2962962962962963,
      "detail_marker": "http://192.168.2.26:2026/home.aspx?scope=sys&lang=vi&wpid=thuthuatnewdraw&thuthuatid=3e21ea4f-9161-449f-9fce-b432012f81d2&usid=172.31.255.1_ieu5y4m0p5o1dfluo0cjloo0ebd56fc4&st=140844",
      "row": {
        "access_id": "3e21ea4f-9161-449f-9fce-b432012f81d2",
        "known_fields": {
          "stt": "1",
          "ngay_thu_thuat": "08:00 21/04/2026",
          "ma_bn": "26046050",
          "ho_ten": "TRƯƠNG THỊ HIẾU",
          "gioi_tinh": "Nữ",
          "tuoi": "60 tuổi",
          "doi_tuong": "Viện phí",
          "noi_chi_dinh": "Trung Tâm Tiết Niệu",
          "chi_dinh_thu_thuat": "Chăm sóc ống thông bàng quang",
          "tam_ung": "0",
          "phai_thanh_toan": "0",
          "tinh_trang": "Thường",
          "thoi_gian_chi_dinh": "07:30 21/04/2026",
          "trang_thai": "Hoàn tất"
        },
        "raw_text": "1 08:00 21/04/2026 26046050 TRƯƠNG THỊ HIẾU Nữ 60 tuổi Viện phí Trung Tâm Tiết Niệu Chăm sóc ống thông bàng quang 0 0 Thường 07:30 21/04/2026 Hoàn tất",
        "links": [
          {
            "text": "1",
            "href": "http://192.168.2.26:2026/home.aspx?scope=sys&lang=vi&wpid=thuthuatnewdraw&thuthuatid=3e21ea4f-9161-449f-9fce-b432012f81d2&usid=172.31.255.1_ieu5y4m0p5o1dfluo0cjloo0ebd56fc4&st=140844",
            "onclick": ""
          },
          {
            "text": "08:00 21/04/2026",
            "href": "http://192.168.2.26:2026/home.aspx?scope=sys&lang=vi&wpid=thuthuatnewdraw&thuthuatid=3e21ea4f-9161-449f-9fce-b432012f81d2&usid=172.31.255.1_ieu5y4m0p5o1dfluo0cjloo0ebd56fc4&st=140844",
            "onclick": ""
          },
          {
            "text": "26046050",
            "href": "http://192.168.2.26:2026/home.aspx?scope=sys&lang=vi&wpid=thuthuatnewdraw&thuthuatid=3e21ea4f-9161-449f-9fce-b432012f81d2&usid=172.31.255.1_ieu5y4m0p5o1dfluo0cjloo0ebd56fc4&st=140844",
            "onclick": ""
          },
          {
            "text": "TRƯƠNG THỊ HIẾU",
            "href": "http://192.168.2.26:2026/home.aspx?scope=sys&lang=vi&wpid=thuthuatnewdraw&thuthuatid=3e21ea4f-9161-449f-9fce-b432012f81d2&usid=172.31.255.1_ieu5y4m0p5o1dfluo0cjloo0ebd56fc4&st=140844",
            "onclick": ""
          },
          {
            "text": "Nữ",
            "href": "http://192.168.2.26:2026/home.aspx?scope=sys&lang=vi&wpid=thuthuatnewdraw&thuthuatid=3e21ea4f-9161-449f-9fce-b432012f81d2&usid=172.31.255.1_ieu5y4m0p5o1dfluo0cjloo0ebd56fc4&st=140844",
            "onclick": ""
          },
          {
            "text": "60 tuổi",
            "href": "http://192.168.2.26:2026/home.aspx?scope=sys&lang=vi&wpid=thuthuatnewdraw&thuthuatid=3e21ea4f-9161-449f-9fce-b432012f81d2&usid=172.31.255.1_ieu5y4m0p5o1dfluo0cjloo0ebd56fc4&st=140844",
            "onclick": ""
          },
          {
            "text": "Viện phí",
            "href": "http://192.168.2.26:2026/home.aspx?scope=sys&lang=vi&wpid=thuthuatnewdraw&thuthuatid=3e21ea4f-9161-449f-9fce-b432012f81d2&usid=172.31.255.1_ieu5y4m0p5o1dfluo0cjloo0ebd56fc4&st=140844",
            "onclick": ""
          },
          {
            "text": "Trung Tâm Tiết Niệu",
            "href": "http://192.168.2.26:2026/home.aspx?scope=sys&lang=vi&wpid=thuthuatnewdraw&thuthuatid=3e21ea4f-9161-449f-9fce-b432012f81d2&usid=172.31.255.1_ieu5y4m0p5o1dfluo0cjloo0ebd56fc4&st=140844",
            "onclick": ""
          },
          {
            "text": "Chăm sóc ống thông bàng quang",
            "href": "http://192.168.2.26:2026/home.aspx?scope=sys&lang=vi&wpid=thuthuatnewdraw&thuthuatid=3e21ea4f-9161-449f-9fce-b432012f81d2&usid=172.31.255.1_ieu5y4m0p5o1dfluo0cjloo0ebd56fc4&st=140844",
            "onclick": ""
          },
          {
            "text": "0",
            "href": "http://192.168.2.26:2026/home.aspx?scope=sys&lang=vi&wpid=thuthuatnewdraw&thuthuatid=3e21ea4f-9161-449f-9fce-b432012f81d2&usid=172.31.255.1_ieu5y4m0p5o1dfluo0cjloo0ebd56fc4&st=140844",
            "onclick": ""
          },
          {
            "text": "0",
            "href": "http://192.168.2.26:2026/home.aspx?scope=sys&lang=vi&wpid=thuthuatnewdraw&thuthuatid=3e21ea4f-9161-449f-9fce-b432012f81d2&usid=172.31.255.1_ieu5y4m0p5o1dfluo0cjloo0ebd56fc4&st=140844",
            "onclick": ""
          },
          {
            "text": "Thường",
            "href": "http://192.168.2.26:2026/home.aspx?scope=sys&lang=vi&wpid=thuthuatnewdraw&thuthuatid=3e21ea4f-9161-449f-9fce-b432012f81d2&usid=172.31.255.1_ieu5y4m0p5o1dfluo0cjloo0ebd56fc4&st=140844",
            "onclick": ""
          },
          {
            "text": "07:30 21/04/2026",
            "href": "http://192.168.2.26:2026/home.aspx?scope=sys&lang=vi&wpid=thuthuatnewdraw&thuthuatid=3e21ea4f-9161-449f-9fce-b432012f81d2&usid=172.31.255.1_ieu5y4m0p5o1dfluo0cjloo0ebd56fc4&st=140844",
            "onclick": ""
          },
          {
            "text": "Hoàn tất",
            "href": "http://192.168.2.26:2026/home.aspx?scope=sys&lang=vi&wpid=thuthuatnewdraw&thuthuatid=3e21ea4f-9161-449f-9fce-b432012f81d2&usid=172.31.255.1_ieu5y4m0p5o1dfluo0cjloo0ebd56fc4&st=140844",
            "onclick": ""
          }
        ]
      }
    }
  ]
}
[2026-07-23 14:08:47.185] [DETAIL_BEGIN] D/s Thủ thuật: mở ứng viên 1
{
  "detail_marker": "http://192.168.2.26:2026/home.aspx?scope=sys&lang=vi&wpid=thuthuatnewdraw&thuthuatid=c4ae567e-24ab-48d1-8d33-b472009d8063&usid=172.31.255.1_ieu5y4m0p5o1dfluo0cjloo0ebd56fc4&st=140844",
  "list_datetime": "2026-06-23 09:28:00",
  "list_method": "Hút ổ viêm/áp xe phần mềm",
  "row": {
    "access_id": "c4ae567e-24ab-48d1-8d33-b472009d8063",
    "known_fields": {
      "stt": "2",
      "ngay_thu_thuat": "13:52 23/07/2026",
      "ma_bn": "26066989",
      "ho_ten": "TRƯƠNG THỊ HIẾU",
      "gioi_tinh": "Nữ",
      "tuoi": "67 tuổi",
      "doi_tuong": "Viện phí",
      "noi_chi_dinh": "PHÒNG KHÁM CHẤN THƯƠNG CHỈNH HÌNH - 20",
      "chi_dinh_thu_thuat": "Hút ổ viêm/áp xe phần mềm",
      "tam_ung": "0",
      "phai_thanh_toan": "518,000",
      "tinh_trang": "Thường",
      "thoi_gian_chi_dinh": "09:28 23/06/2026",
      "trang_thai": "Chờ thực hiện"
    },
    "raw_text": "2 13:52 23/07/2026 26066989 TRƯƠNG THỊ HIẾU Nữ 67 tuổi Viện phí PHÒNG KHÁM CHẤN THƯƠNG CHỈNH HÌNH - 20 Hút ổ viêm/áp xe phần mềm 0 518,000 Thường 09:28 23/06/2026 Chờ thực hiện",
    "links": [
      {
        "text": "2",
        "href": "http://192.168.2.26:2026/home.aspx?scope=sys&lang=vi&wpid=thuthuatnewdraw&thuthuatid=c4ae567e-24ab-48d1-8d33-b472009d8063&usid=172.31.255.1_ieu5y4m0p5o1dfluo0cjloo0ebd56fc4&st=140844",
        "onclick": ""
      },
      {
        "text": "13:52 23/07/2026",
        "href": "http://192.168.2.26:2026/home.aspx?scope=sys&lang=vi&wpid=thuthuatnewdraw&thuthuatid=c4ae567e-24ab-48d1-8d33-b472009d8063&usid=172.31.255.1_ieu5y4m0p5o1dfluo0cjloo0ebd56fc4&st=140844",
        "onclick": ""
      },
      {
        "text": "26066989",
        "href": "http://192.168.2.26:2026/home.aspx?scope=sys&lang=vi&wpid=thuthuatnewdraw&thuthuatid=c4ae567e-24ab-48d1-8d33-b472009d8063&usid=172.31.255.1_ieu5y4m0p5o1dfluo0cjloo0ebd56fc4&st=140844",
        "onclick": ""
      },
      {
        "text": "TRƯƠNG THỊ HIẾU",
        "href": "http://192.168.2.26:2026/home.aspx?scope=sys&lang=vi&wpid=thuthuatnewdraw&thuthuatid=c4ae567e-24ab-48d1-8d33-b472009d8063&usid=172.31.255.1_ieu5y4m0p5o1dfluo0cjloo0ebd56fc4&st=140844",
        "onclick": ""
      },
      {
        "text": "Nữ",
        "href": "http://192.168.2.26:2026/home.aspx?scope=sys&lang=vi&wpid=thuthuatnewdraw&thuthuatid=c4ae567e-24ab-48d1-8d33-b472009d8063&usid=172.31.255.1_ieu5y4m0p5o1dfluo0cjloo0ebd56fc4&st=140844",
        "onclick": ""
      },
      {
        "text": "67 tuổi",
        "href": "http://192.168.2.26:2026/home.aspx?scope=sys&lang=vi&wpid=thuthuatnewdraw&thuthuatid=c4ae567e-24ab-48d1-8d33-b472009d8063&usid=172.31.255.1_ieu5y4m0p5o1dfluo0cjloo0ebd56fc4&st=140844",
        "onclick": ""
      },
      {
        "text": "Viện phí",
        "href": "http://192.168.2.26:2026/home.aspx?scope=sys&lang=vi&wpid=thuthuatnewdraw&thuthuatid=c4ae567e-24ab-48d1-8d33-b472009d8063&usid=172.31.255.1_ieu5y4m0p5o1dfluo0cjloo0ebd56fc4&st=140844",
        "onclick": ""
      },
      {
        "text": "PHÒNG KHÁM CHẤN THƯƠNG CHỈNH HÌNH - 20",
        "href": "http://192.168.2.26:2026/home.aspx?scope=sys&lang=vi&wpid=thuthuatnewdraw&thuthuatid=c4ae567e-24ab-48d1-8d33-b472009d8063&usid=172.31.255.1_ieu5y4m0p5o1dfluo0cjloo0ebd56fc4&st=140844",
        "onclick": ""
      },
      {
        "text": "Hút ổ viêm/áp xe phần mềm",
        "href": "http://192.168.2.26:2026/home.aspx?scope=sys&lang=vi&wpid=thuthuatnewdraw&thuthuatid=c4ae567e-24ab-48d1-8d33-b472009d8063&usid=172.31.255.1_ieu5y4m0p5o1dfluo0cjloo0ebd56fc4&st=140844",
        "onclick": ""
      },
      {
        "text": "0",
        "href": "http://192.168.2.26:2026/home.aspx?scope=sys&lang=vi&wpid=thuthuatnewdraw&thuthuatid=c4ae567e-24ab-48d1-8d33-b472009d8063&usid=172.31.255.1_ieu5y4m0p5o1dfluo0cjloo0ebd56fc4&st=140844",
        "onclick": ""
      },
      {
        "text": "518,000",
        "href": "http://192.168.2.26:2026/home.aspx?scope=sys&lang=vi&wpid=thuthuatnewdraw&thuthuatid=c4ae567e-24ab-48d1-8d33-b472009d8063&usid=172.31.255.1_ieu5y4m0p5o1dfluo0cjloo0ebd56fc4&st=140844",
        "onclick": ""
      },
      {
        "text": "Thường",
        "href": "http://192.168.2.26:2026/home.aspx?scope=sys&lang=vi&wpid=thuthuatnewdraw&thuthuatid=c4ae567e-24ab-48d1-8d33-b472009d8063&usid=172.31.255.1_ieu5y4m0p5o1dfluo0cjloo0ebd56fc4&st=140844",
        "onclick": ""
      },
      {
        "text": "09:28 23/06/2026",
        "href": "http://192.168.2.26:2026/home.aspx?scope=sys&lang=vi&wpid=thuthuatnewdraw&thuthuatid=c4ae567e-24ab-48d1-8d33-b472009d8063&usid=172.31.255.1_ieu5y4m0p5o1dfluo0cjloo0ebd56fc4&st=140844",
        "onclick": ""
      },
      {
        "text": "Chờ thực hiện",
        "href": "http://192.168.2.26:2026/home.aspx?scope=sys&lang=vi&wpid=thuthuatnewdraw&thuthuatid=c4ae567e-24ab-48d1-8d33-b472009d8063&usid=172.31.255.1_ieu5y4m0p5o1dfluo0cjloo0ebd56fc4&st=140844",
        "onclick": ""
      }
    ]
  }
}
[2026-07-23 14:08:47.198] [BROWSER] [DETAIL] kind=procedure; access_id=c4ae567e-24ab-48d1-8d33-b472009d8063; direct_url=yes; onclick=no
[2026-07-23 14:08:47.199] [BROWSER] [DETAIL] Mở liên kết trực tiếp: http://192.168.2.26:2026/home.aspx?scope=sys&lang=vi&wpid=thuthuatnewdraw&thuthuatid=c4ae567e-24ab-48d1-8d33-b472009d8063&usid=172.31.255.1_ieu5y4m0p5o1dfluo0cjloo0ebd56fc4&st=140844
[2026-07-23 14:08:48.184] [BROWSER] [DETAIL] Dữ liệu đọc được: {"ajax_active": 0, "complete_info": "", "current_url": "http://192.168.2.26:2026/home.aspx?scope=sys&lang=vi&wpid=thuthuatnewdraw&thuthuatid=c4ae567e-24ab-48d1-8d33-b472009d8063&usid=172.31.255.1_ieu5y4m0p5o1dfluo0cjloo0ebd56fc4&st=140844", "doctor": "Phạm Việt Tân", "doctor_candidates": [{"id": "txtBacSyChiDinh", "value": "Phạm Việt Tân"}, {"id": "txtBacSiChiDinh", "value": ""}], "doctor_field": "txtBacSyChiDinh", "doctor_found": true, "method": "Hút ổ viêm/áp xe phần mềm", "method_candidates": [{"id": "txtChiDinh", "value": "Hút ổ viêm/áp xe phần mềm"}, {"id": "cbbPhuongPhapTT", "value": ""}], "method_field": "txtChiDinh", "patient_info": "(26066989 | TRƯƠNG THỊ HIẾU, 01/01/1959, Nữ, 67 tuổi | Viện phí)", "root_found": true, "start_candidates": [{"id": "txtThoiGianChiDinh", "value": "09:28 23/06/2026"}, {"id": "txtTgBatDau", "value": "14:08 23/07/2026"}], "start_time": "09:28 23/06/2026", "start_time_field": "txtThoiGianChiDinh"}
[2026-07-23 14:08:48.186] [BROWSER] [DETAIL] Nguồn bác sĩ: Bác sĩ chỉ định; field=txtBacSyChiDinh; value=Phạm Việt Tân
[2026-07-23 14:08:48.186] [DETAIL_OK] D/s Thủ thuật: đọc được hồ sơ chi tiết
{
  "doctor_from_emr": "Phạm Việt Tân",
  "mapped_alias": "V.TÂN",
  "mapped_name": "Phạm Việt Tân",
  "start_time": "09:28 23/06/2026",
  "start_time_field": "txtThoiGianChiDinh",
  "method": "Hút ổ viêm/áp xe phần mềm",
  "method_field": "txtChiDinh",
  "list_time_source": "Thời gian chỉ định",
  "list_method_source": "Chỉ định thủ thuật",
  "current_url": "http://192.168.2.26:2026/home.aspx?scope=sys&lang=vi&wpid=thuthuatnewdraw&thuthuatid=c4ae567e-24ab-48d1-8d33-b472009d8063&usid=172.31.255.1_ieu5y4m0p5o1dfluo0cjloo0ebd56fc4&st=140844",
  "total_score": 655.0,
  "method_score": 1.0
}
[2026-07-23 14:08:48.187] [EVALUATED] D/s Thủ thuật: đánh giá 1 hồ sơ
{
  "items": [
    {
      "doctor": "Phạm Việt Tân",
      "alias": "V.TÂN",
      "detail_datetime": "2026-06-23 09:28:00",
      "method_score": 1.0,
      "total_score": 655.0,
      "confidence_ok": true
    }
  ]
}
[2026-07-23 14:08:48.188] [SOURCE_MATCH] D/s Thủ thuật: đã chọn bác sĩ, không tìm nguồn còn lại
{
  "alias": "V.TÂN"
}
[2026-07-23 14:08:48.929] [AUTOSAVE_ROW] Dòng 89: đã điền V.TÂN và lưu ngay
{
  "patient": "TRƯƠNG THỊ HIẾU",
  "source": "D/s Thủ thuật",
  "doctor_name": "Phạm Việt Tân",
  "emr_doctor": "Phạm Việt Tân",
  "matched_time": "09:28 23/06/2026",
  "matched_method": "Hút ổ viêm/áp xe phần mềm",
  "progress": "7/10",
  "output": "E:\\Thong_ke\\node_outputs\\PM khoa CTCH T6_NHAP_LIEU.xlsx"
}
[2026-07-23 14:08:48.930] [ROW_END] Kết thúc dòng 89
{
  "status": "updated",
  "new_value": "V.TÂN",
  "reason": null
}
[2026-07-23 14:08:48.931] [ROW_BEGIN] [8/10] Bắt đầu dòng 90: NGUYỄN THỊ BÍCH HIỀN
{
  "raw_time": "2026/06/23 14:38",
  "parsed_time": "14:38 23/06/2026",
  "method": "Mắt cá 1-2 thương tổn",
  "old_value": ""
}
[2026-07-23 14:08:48.931] [SEARCH_BEGIN] dòng 90: tìm NGUYỄN THỊ BÍCH HIỀN tại D/s Thủ thuật
{
  "patient": "NGUYỄN THỊ BÍCH HIỀN",
  "target_time": "2026-06-23 14:38:00",
  "target_method": "Mắt cá 1-2 thương tổn",
  "source": "procedure"
}
[2026-07-23 14:08:49.253] [BROWSER] [NAV] D/s Thủ thuật: http://192.168.2.26:2026/home.aspx?scope=sys&lang=vi&wpid=danhsachthuthuatdraw&role=323&usid=172.31.255.1_ieu5y4m0p5o1dfluo0cjloo0ebd56fc4&st=140844
[2026-07-23 14:08:51.318] [BROWSER] [FILTER] 3 tháng
[2026-07-23 14:08:51.925] [BROWSER] [SEARCH] Nhập 'NGUYỄN THỊ BÍCH HIỀN' vào #txtTimKiem
[2026-07-23 14:08:52.147] [BROWSER] [SEARCH] Đã bấm Tìm kiếm bằng #btnTimKiem
[2026-07-23 14:08:52.176] [BROWSER] [RESULT] D/s Thủ thuật: 2 dòng
[2026-07-23 14:08:52.185] [SEARCH_RESULT] D/s Thủ thuật: nhận 2 dòng
{
  "current_url": "http://192.168.2.26:2026/home.aspx?scope=sys&lang=vi&wpid=danhsachthuthuatdraw&role=323&usid=172.31.255.1_ieu5y4m0p5o1dfluo0cjloo0ebd56fc4&st=140844",
  "search_input_id": "txtTimKiem",
  "search_trigger": "#btnTimKiem",
  "headers": [
    "STT",
    "Ngày thủ thuật",
    "Mã BN",
    "Họ tên",
    "Giới tính",
    "Tuổi",
    "Đối tượng",
    "Nơi chỉ định",
    "Chỉ định thủ thuật",
    "Tạm ứng",
    "Phải thanh toán",
    "Tình trạng",
    "Thời gian chỉ định",
    "Trạng thái"
  ],
  "rows": [
    {
      "access_id": "c163a446-979d-42f0-93f3-b47200f7e98f",
      "known_fields": {
        "stt": "1",
        "ngay_thu_thuat": "13:52 23/07/2026",
        "ma_bn": "26067260",
        "ho_ten": "NGUYỄN THỊ BÍCH HIỀN",
        "gioi_tinh": "Nữ",
        "tuoi": "29 tuổi",
        "doi_tuong": "Viện phí",
        "noi_chi_dinh": "Khoa Khám Bệnh",
        "chi_dinh_thu_thuat": "Mắt cá 1-2 thương tổn",
        "tam_ung": "0",
        "phai_thanh_toan": "1,220,000",
        "tinh_trang": "Thường",
        "thoi_gian_chi_dinh": "14:38 23/06/2026",
        "trang_thai": "Chờ thực hiện"
      },
      "raw_text": "1 13:52 23/07/2026 26067260 NGUYỄN THỊ BÍCH HIỀN Nữ 29 tuổi Viện phí Khoa Khám Bệnh Mắt cá 1-2 thương tổn 0 1,220,000 Thường 14:38 23/06/2026 Chờ thực hiện",
      "links": [
        {
          "text": "1",
          "href": "http://192.168.2.26:2026/home.aspx?scope=sys&lang=vi&wpid=thuthuatnewdraw&thuthuatid=c163a446-979d-42f0-93f3-b47200f7e98f&usid=172.31.255.1_ieu5y4m0p5o1dfluo0cjloo0ebd56fc4&st=140849",
          "onclick": ""
        },
        {
          "text": "13:52 23/07/2026",
          "href": "http://192.168.2.26:2026/home.aspx?scope=sys&lang=vi&wpid=thuthuatnewdraw&thuthuatid=c163a446-979d-42f0-93f3-b47200f7e98f&usid=172.31.255.1_ieu5y4m0p5o1dfluo0cjloo0ebd56fc4&st=140849",
          "onclick": ""
        },
        {
          "text": "26067260",
          "href": "http://192.168.2.26:2026/home.aspx?scope=sys&lang=vi&wpid=thuthuatnewdraw&thuthuatid=c163a446-979d-42f0-93f3-b47200f7e98f&usid=172.31.255.1_ieu5y4m0p5o1dfluo0cjloo0ebd56fc4&st=140849",
          "onclick": ""
        },
        {
          "text": "NGUYỄN THỊ BÍCH HIỀN",
          "href": "http://192.168.2.26:2026/home.aspx?scope=sys&lang=vi&wpid=thuthuatnewdraw&thuthuatid=c163a446-979d-42f0-93f3-b47200f7e98f&usid=172.31.255.1_ieu5y4m0p5o1dfluo0cjloo0ebd56fc4&st=140849",
          "onclick": ""
        },
        {
          "text": "Nữ",
          "href": "http://192.168.2.26:2026/home.aspx?scope=sys&lang=vi&wpid=thuthuatnewdraw&thuthuatid=c163a446-979d-42f0-93f3-b47200f7e98f&usid=172.31.255.1_ieu5y4m0p5o1dfluo0cjloo0ebd56fc4&st=140849",
          "onclick": ""
        },
        {
          "text": "29 tuổi",
          "href": "http://192.168.2.26:2026/home.aspx?scope=sys&lang=vi&wpid=thuthuatnewdraw&thuthuatid=c163a446-979d-42f0-93f3-b47200f7e98f&usid=172.31.255.1_ieu5y4m0p5o1dfluo0cjloo0ebd56fc4&st=140849",
          "onclick": ""
        },
        {
          "text": "Viện phí",
          "href": "http://192.168.2.26:2026/home.aspx?scope=sys&lang=vi&wpid=thuthuatnewdraw&thuthuatid=c163a446-979d-42f0-93f3-b47200f7e98f&usid=172.31.255.1_ieu5y4m0p5o1dfluo0cjloo0ebd56fc4&st=140849",
          "onclick": ""
        },
        {
          "text": "Khoa Khám Bệnh",
          "href": "http://192.168.2.26:2026/home.aspx?scope=sys&lang=vi&wpid=thuthuatnewdraw&thuthuatid=c163a446-979d-42f0-93f3-b47200f7e98f&usid=172.31.255.1_ieu5y4m0p5o1dfluo0cjloo0ebd56fc4&st=140849",
          "onclick": ""
        },
        {
          "text": "Mắt cá 1-2 thương tổn",
          "href": "http://192.168.2.26:2026/home.aspx?scope=sys&lang=vi&wpid=thuthuatnewdraw&thuthuatid=c163a446-979d-42f0-93f3-b47200f7e98f&usid=172.31.255.1_ieu5y4m0p5o1dfluo0cjloo0ebd56fc4&st=140849",
          "onclick": ""
        },
        {
          "text": "0",
          "href": "http://192.168.2.26:2026/home.aspx?scope=sys&lang=vi&wpid=thuthuatnewdraw&thuthuatid=c163a446-979d-42f0-93f3-b47200f7e98f&usid=172.31.255.1_ieu5y4m0p5o1dfluo0cjloo0ebd56fc4&st=140849",
          "onclick": ""
        },
        {
          "text": "1,220,000",
          "href": "http://192.168.2.26:2026/home.aspx?scope=sys&lang=vi&wpid=thuthuatnewdraw&thuthuatid=c163a446-979d-42f0-93f3-b47200f7e98f&usid=172.31.255.1_ieu5y4m0p5o1dfluo0cjloo0ebd56fc4&st=140849",
          "onclick": ""
        },
        {
          "text": "Thường",
          "href": "http://192.168.2.26:2026/home.aspx?scope=sys&lang=vi&wpid=thuthuatnewdraw&thuthuatid=c163a446-979d-42f0-93f3-b47200f7e98f&usid=172.31.255.1_ieu5y4m0p5o1dfluo0cjloo0ebd56fc4&st=140849",
          "onclick": ""
        },
        {
          "text": "14:38 23/06/2026",
          "href": "http://192.168.2.26:2026/home.aspx?scope=sys&lang=vi&wpid=thuthuatnewdraw&thuthuatid=c163a446-979d-42f0-93f3-b47200f7e98f&usid=172.31.255.1_ieu5y4m0p5o1dfluo0cjloo0ebd56fc4&st=140849",
          "onclick": ""
        },
        {
          "text": "Chờ thực hiện",
          "href": "http://192.168.2.26:2026/home.aspx?scope=sys&lang=vi&wpid=thuthuatnewdraw&thuthuatid=c163a446-979d-42f0-93f3-b47200f7e98f&usid=172.31.255.1_ieu5y4m0p5o1dfluo0cjloo0ebd56fc4&st=140849",
          "onclick": ""
        }
      ]
    },
    {
      "access_id": "af605801-a7d9-4d15-9b15-b47a00970171",
      "known_fields": {
        "stt": "2",
        "ngay_thu_thuat": "13:53 23/07/2026",
        "ma_bn": "26067260",
        "ho_ten": "NGUYỄN THỊ BÍCH HIỀN",
        "gioi_tinh": "Nữ",
        "tuoi": "29 tuổi",
        "doi_tuong": "Viện phí",
        "noi_chi_dinh": "Khoa Khám Bệnh",
        "chi_dinh_thu_thuat": "Thay băng, cắt chỉ vết mổ",
        "tam_ung": "0",
        "phai_thanh_toan": "100,000",
        "tinh_trang": "Thường",
        "thoi_gian_chi_dinh": "09:07 01/07/2026",
        "trang_thai": "Chờ thực hiện"
      },
      "raw_text": "2 13:53 23/07/2026 26067260 NGUYỄN THỊ BÍCH HIỀN Nữ 29 tuổi Viện phí Khoa Khám Bệnh Thay băng, cắt chỉ vết mổ 0 100,000 Thường 09:07 01/07/2026 Chờ thực hiện",
      "links": [
        {
          "text": "2",
          "href": "http://192.168.2.26:2026/home.aspx?scope=sys&lang=vi&wpid=thuthuatnewdraw&thuthuatid=af605801-a7d9-4d15-9b15-b47a00970171&usid=172.31.255.1_ieu5y4m0p5o1dfluo0cjloo0ebd56fc4&st=140849",
          "onclick": ""
        },
        {
          "text": "13:53 23/07/2026",
          "href": "http://192.168.2.26:2026/home.aspx?scope=sys&lang=vi&wpid=thuthuatnewdraw&thuthuatid=af605801-a7d9-4d15-9b15-b47a00970171&usid=172.31.255.1_ieu5y4m0p5o1dfluo0cjloo0ebd56fc4&st=140849",
          "onclick": ""
        },
        {
          "text": "26067260",
          "href": "http://192.168.2.26:2026/home.aspx?scope=sys&lang=vi&wpid=thuthuatnewdraw&thuthuatid=af605801-a7d9-4d15-9b15-b47a00970171&usid=172.31.255.1_ieu5y4m0p5o1dfluo0cjloo0ebd56fc4&st=140849",
          "onclick": ""
        },
        {
          "text": "NGUYỄN THỊ BÍCH HIỀN",
          "href": "http://192.168.2.26:2026/home.aspx?scope=sys&lang=vi&wpid=thuthuatnewdraw&thuthuatid=af605801-a7d9-4d15-9b15-b47a00970171&usid=172.31.255.1_ieu5y4m0p5o1dfluo0cjloo0ebd56fc4&st=140849",
          "onclick": ""
        },
        {
          "text": "Nữ",
          "href": "http://192.168.2.26:2026/home.aspx?scope=sys&lang=vi&wpid=thuthuatnewdraw&thuthuatid=af605801-a7d9-4d15-9b15-b47a00970171&usid=172.31.255.1_ieu5y4m0p5o1dfluo0cjloo0ebd56fc4&st=140849",
          "onclick": ""
        },
        {
          "text": "29 tuổi",
          "href": "http://192.168.2.26:2026/home.aspx?scope=sys&lang=vi&wpid=thuthuatnewdraw&thuthuatid=af605801-a7d9-4d15-9b15-b47a00970171&usid=172.31.255.1_ieu5y4m0p5o1dfluo0cjloo0ebd56fc4&st=140849",
          "onclick": ""
        },
        {
          "text": "Viện phí",
          "href": "http://192.168.2.26:2026/home.aspx?scope=sys&lang=vi&wpid=thuthuatnewdraw&thuthuatid=af605801-a7d9-4d15-9b15-b47a00970171&usid=172.31.255.1_ieu5y4m0p5o1dfluo0cjloo0ebd56fc4&st=140849",
          "onclick": ""
        },
        {
          "text": "Khoa Khám Bệnh",
          "href": "http://192.168.2.26:2026/home.aspx?scope=sys&lang=vi&wpid=thuthuatnewdraw&thuthuatid=af605801-a7d9-4d15-9b15-b47a00970171&usid=172.31.255.1_ieu5y4m0p5o1dfluo0cjloo0ebd56fc4&st=140849",
          "onclick": ""
        },
        {
          "text": "Thay băng, cắt chỉ vết mổ",
          "href": "http://192.168.2.26:2026/home.aspx?scope=sys&lang=vi&wpid=thuthuatnewdraw&thuthuatid=af605801-a7d9-4d15-9b15-b47a00970171&usid=172.31.255.1_ieu5y4m0p5o1dfluo0cjloo0ebd56fc4&st=140849",
          "onclick": ""
        },
        {
          "text": "0",
          "href": "http://192.168.2.26:2026/home.aspx?scope=sys&lang=vi&wpid=thuthuatnewdraw&thuthuatid=af605801-a7d9-4d15-9b15-b47a00970171&usid=172.31.255.1_ieu5y4m0p5o1dfluo0cjloo0ebd56fc4&st=140849",
          "onclick": ""
        },
        {
          "text": "100,000",
          "href": "http://192.168.2.26:2026/home.aspx?scope=sys&lang=vi&wpid=thuthuatnewdraw&thuthuatid=af605801-a7d9-4d15-9b15-b47a00970171&usid=172.31.255.1_ieu5y4m0p5o1dfluo0cjloo0ebd56fc4&st=140849",
          "onclick": ""
        },
        {
          "text": "Thường",
          "href": "http://192.168.2.26:2026/home.aspx?scope=sys&lang=vi&wpid=thuthuatnewdraw&thuthuatid=af605801-a7d9-4d15-9b15-b47a00970171&usid=172.31.255.1_ieu5y4m0p5o1dfluo0cjloo0ebd56fc4&st=140849",
          "onclick": ""
        },
        {
          "text": "09:07 01/07/2026",
          "href": "http://192.168.2.26:2026/home.aspx?scope=sys&lang=vi&wpid=thuthuatnewdraw&thuthuatid=af605801-a7d9-4d15-9b15-b47a00970171&usid=172.31.255.1_ieu5y4m0p5o1dfluo0cjloo0ebd56fc4&st=140849",
          "onclick": ""
        },
        {
          "text": "Chờ thực hiện",
          "href": "http://192.168.2.26:2026/home.aspx?scope=sys&lang=vi&wpid=thuthuatnewdraw&thuthuatid=af605801-a7d9-4d15-9b15-b47a00970171&usid=172.31.255.1_ieu5y4m0p5o1dfluo0cjloo0ebd56fc4&st=140849",
          "onclick": ""
        }
      ]
    }
  ]
}
[2026-07-23 14:08:52.187] [CANDIDATES] D/s Thủ thuật: có 2 ứng viên cùng người bệnh
{
  "candidates": [
    {
      "list_score": 205.0,
      "list_datetime": "2026-06-23 14:38:00",
      "list_time_source": "Thời gian chỉ định",
      "list_method": "Mắt cá 1-2 thương tổn",
      "list_method_source": "Chỉ định thủ thuật",
      "method_score": 1.0,
      "detail_marker": "http://192.168.2.26:2026/home.aspx?scope=sys&lang=vi&wpid=thuthuatnewdraw&thuthuatid=c163a446-979d-42f0-93f3-b47200f7e98f&usid=172.31.255.1_ieu5y4m0p5o1dfluo0cjloo0ebd56fc4&st=140849",
      "row": {
        "access_id": "c163a446-979d-42f0-93f3-b47200f7e98f",
        "known_fields": {
          "stt": "1",
          "ngay_thu_thuat": "13:52 23/07/2026",
          "ma_bn": "26067260",
          "ho_ten": "NGUYỄN THỊ BÍCH HIỀN",
          "gioi_tinh": "Nữ",
          "tuoi": "29 tuổi",
          "doi_tuong": "Viện phí",
          "noi_chi_dinh": "Khoa Khám Bệnh",
          "chi_dinh_thu_thuat": "Mắt cá 1-2 thương tổn",
          "tam_ung": "0",
          "phai_thanh_toan": "1,220,000",
          "tinh_trang": "Thường",
          "thoi_gian_chi_dinh": "14:38 23/06/2026",
          "trang_thai": "Chờ thực hiện"
        },
        "raw_text": "1 13:52 23/07/2026 26067260 NGUYỄN THỊ BÍCH HIỀN Nữ 29 tuổi Viện phí Khoa Khám Bệnh Mắt cá 1-2 thương tổn 0 1,220,000 Thường 14:38 23/06/2026 Chờ thực hiện",
        "links": [
          {
            "text": "1",
            "href": "http://192.168.2.26:2026/home.aspx?scope=sys&lang=vi&wpid=thuthuatnewdraw&thuthuatid=c163a446-979d-42f0-93f3-b47200f7e98f&usid=172.31.255.1_ieu5y4m0p5o1dfluo0cjloo0ebd56fc4&st=140849",
            "onclick": ""
          },
          {
            "text": "13:52 23/07/2026",
            "href": "http://192.168.2.26:2026/home.aspx?scope=sys&lang=vi&wpid=thuthuatnewdraw&thuthuatid=c163a446-979d-42f0-93f3-b47200f7e98f&usid=172.31.255.1_ieu5y4m0p5o1dfluo0cjloo0ebd56fc4&st=140849",
            "onclick": ""
          },
          {
            "text": "26067260",
            "href": "http://192.168.2.26:2026/home.aspx?scope=sys&lang=vi&wpid=thuthuatnewdraw&thuthuatid=c163a446-979d-42f0-93f3-b47200f7e98f&usid=172.31.255.1_ieu5y4m0p5o1dfluo0cjloo0ebd56fc4&st=140849",
            "onclick": ""
          },
          {
            "text": "NGUYỄN THỊ BÍCH HIỀN",
            "href": "http://192.168.2.26:2026/home.aspx?scope=sys&lang=vi&wpid=thuthuatnewdraw&thuthuatid=c163a446-979d-42f0-93f3-b47200f7e98f&usid=172.31.255.1_ieu5y4m0p5o1dfluo0cjloo0ebd56fc4&st=140849",
            "onclick": ""
          },
          {
            "text": "Nữ",
            "href": "http://192.168.2.26:2026/home.aspx?scope=sys&lang=vi&wpid=thuthuatnewdraw&thuthuatid=c163a446-979d-42f0-93f3-b47200f7e98f&usid=172.31.255.1_ieu5y4m0p5o1dfluo0cjloo0ebd56fc4&st=140849",
            "onclick": ""
          },
          {
            "text": "29 tuổi",
            "href": "http://192.168.2.26:2026/home.aspx?scope=sys&lang=vi&wpid=thuthuatnewdraw&thuthuatid=c163a446-979d-42f0-93f3-b47200f7e98f&usid=172.31.255.1_ieu5y4m0p5o1dfluo0cjloo0ebd56fc4&st=140849",
            "onclick": ""
          },
          {
            "text": "Viện phí",
            "href": "http://192.168.2.26:2026/home.aspx?scope=sys&lang=vi&wpid=thuthuatnewdraw&thuthuatid=c163a446-979d-42f0-93f3-b47200f7e98f&usid=172.31.255.1_ieu5y4m0p5o1dfluo0cjloo0ebd56fc4&st=140849",
            "onclick": ""
          },
          {
            "text": "Khoa Khám Bệnh",
            "href": "http://192.168.2.26:2026/home.aspx?scope=sys&lang=vi&wpid=thuthuatnewdraw&thuthuatid=c163a446-979d-42f0-93f3-b47200f7e98f&usid=172.31.255.1_ieu5y4m0p5o1dfluo0cjloo0ebd56fc4&st=140849",
            "onclick": ""
          },
          {
            "text": "Mắt cá 1-2 thương tổn",
            "href": "http://192.168.2.26:2026/home.aspx?scope=sys&lang=vi&wpid=thuthuatnewdraw&thuthuatid=c163a446-979d-42f0-93f3-b47200f7e98f&usid=172.31.255.1_ieu5y4m0p5o1dfluo0cjloo0ebd56fc4&st=140849",
            "onclick": ""
          },
          {
            "text": "0",
            "href": "http://192.168.2.26:2026/home.aspx?scope=sys&lang=vi&wpid=thuthuatnewdraw&thuthuatid=c163a446-979d-42f0-93f3-b47200f7e98f&usid=172.31.255.1_ieu5y4m0p5o1dfluo0cjloo0ebd56fc4&st=140849",
            "onclick": ""
          },
          {
            "text": "1,220,000",
            "href": "http://192.168.2.26:2026/home.aspx?scope=sys&lang=vi&wpid=thuthuatnewdraw&thuthuatid=c163a446-979d-42f0-93f3-b47200f7e98f&usid=172.31.255.1_ieu5y4m0p5o1dfluo0cjloo0ebd56fc4&st=140849",
            "onclick": ""
          },
          {
            "text": "Thường",
            "href": "http://192.168.2.26:2026/home.aspx?scope=sys&lang=vi&wpid=thuthuatnewdraw&thuthuatid=c163a446-979d-42f0-93f3-b47200f7e98f&usid=172.31.255.1_ieu5y4m0p5o1dfluo0cjloo0ebd56fc4&st=140849",
            "onclick": ""
          },
          {
            "text": "14:38 23/06/2026",
            "href": "http://192.168.2.26:2026/home.aspx?scope=sys&lang=vi&wpid=thuthuatnewdraw&thuthuatid=c163a446-979d-42f0-93f3-b47200f7e98f&usid=172.31.255.1_ieu5y4m0p5o1dfluo0cjloo0ebd56fc4&st=140849",
            "onclick": ""
          },
          {
            "text": "Chờ thực hiện",
            "href": "http://192.168.2.26:2026/home.aspx?scope=sys&lang=vi&wpid=thuthuatnewdraw&thuthuatid=c163a446-979d-42f0-93f3-b47200f7e98f&usid=172.31.255.1_ieu5y4m0p5o1dfluo0cjloo0ebd56fc4&st=140849",
            "onclick": ""
          }
        ]
      }
    },
    {
      "list_score": 37.111111111111114,
      "list_datetime": "2026-07-01 09:07:00",
      "list_time_source": "Thời gian chỉ định",
      "list_method": "Thay băng, cắt chỉ vết mổ",
      "list_method_source": "Chỉ định thủ thuật",
      "method_score": 0.3111111111111111,
      "detail_marker": "http://192.168.2.26:2026/home.aspx?scope=sys&lang=vi&wpid=thuthuatnewdraw&thuthuatid=af605801-a7d9-4d15-9b15-b47a00970171&usid=172.31.255.1_ieu5y4m0p5o1dfluo0cjloo0ebd56fc4&st=140849",
      "row": {
        "access_id": "af605801-a7d9-4d15-9b15-b47a00970171",
        "known_fields": {
          "stt": "2",
          "ngay_thu_thuat": "13:53 23/07/2026",
          "ma_bn": "26067260",
          "ho_ten": "NGUYỄN THỊ BÍCH HIỀN",
          "gioi_tinh": "Nữ",
          "tuoi": "29 tuổi",
          "doi_tuong": "Viện phí",
          "noi_chi_dinh": "Khoa Khám Bệnh",
          "chi_dinh_thu_thuat": "Thay băng, cắt chỉ vết mổ",
          "tam_ung": "0",
          "phai_thanh_toan": "100,000",
          "tinh_trang": "Thường",
          "thoi_gian_chi_dinh": "09:07 01/07/2026",
          "trang_thai": "Chờ thực hiện"
        },
        "raw_text": "2 13:53 23/07/2026 26067260 NGUYỄN THỊ BÍCH HIỀN Nữ 29 tuổi Viện phí Khoa Khám Bệnh Thay băng, cắt chỉ vết mổ 0 100,000 Thường 09:07 01/07/2026 Chờ thực hiện",
        "links": [
          {
            "text": "2",
            "href": "http://192.168.2.26:2026/home.aspx?scope=sys&lang=vi&wpid=thuthuatnewdraw&thuthuatid=af605801-a7d9-4d15-9b15-b47a00970171&usid=172.31.255.1_ieu5y4m0p5o1dfluo0cjloo0ebd56fc4&st=140849",
            "onclick": ""
          },
          {
            "text": "13:53 23/07/2026",
            "href": "http://192.168.2.26:2026/home.aspx?scope=sys&lang=vi&wpid=thuthuatnewdraw&thuthuatid=af605801-a7d9-4d15-9b15-b47a00970171&usid=172.31.255.1_ieu5y4m0p5o1dfluo0cjloo0ebd56fc4&st=140849",
            "onclick": ""
          },
          {
            "text": "26067260",
            "href": "http://192.168.2.26:2026/home.aspx?scope=sys&lang=vi&wpid=thuthuatnewdraw&thuthuatid=af605801-a7d9-4d15-9b15-b47a00970171&usid=172.31.255.1_ieu5y4m0p5o1dfluo0cjloo0ebd56fc4&st=140849",
            "onclick": ""
          },
          {
            "text": "NGUYỄN THỊ BÍCH HIỀN",
            "href": "http://192.168.2.26:2026/home.aspx?scope=sys&lang=vi&wpid=thuthuatnewdraw&thuthuatid=af605801-a7d9-4d15-9b15-b47a00970171&usid=172.31.255.1_ieu5y4m0p5o1dfluo0cjloo0ebd56fc4&st=140849",
            "onclick": ""
          },
          {
            "text": "Nữ",
            "href": "http://192.168.2.26:2026/home.aspx?scope=sys&lang=vi&wpid=thuthuatnewdraw&thuthuatid=af605801-a7d9-4d15-9b15-b47a00970171&usid=172.31.255.1_ieu5y4m0p5o1dfluo0cjloo0ebd56fc4&st=140849",
            "onclick": ""
          },
          {
            "text": "29 tuổi",
            "href": "http://192.168.2.26:2026/home.aspx?scope=sys&lang=vi&wpid=thuthuatnewdraw&thuthuatid=af605801-a7d9-4d15-9b15-b47a00970171&usid=172.31.255.1_ieu5y4m0p5o1dfluo0cjloo0ebd56fc4&st=140849",
            "onclick": ""
          },
          {
            "text": "Viện phí",
            "href": "http://192.168.2.26:2026/home.aspx?scope=sys&lang=vi&wpid=thuthuatnewdraw&thuthuatid=af605801-a7d9-4d15-9b15-b47a00970171&usid=172.31.255.1_ieu5y4m0p5o1dfluo0cjloo0ebd56fc4&st=140849",
            "onclick": ""
          },
          {
            "text": "Khoa Khám Bệnh",
            "href": "http://192.168.2.26:2026/home.aspx?scope=sys&lang=vi&wpid=thuthuatnewdraw&thuthuatid=af605801-a7d9-4d15-9b15-b47a00970171&usid=172.31.255.1_ieu5y4m0p5o1dfluo0cjloo0ebd56fc4&st=140849",
            "onclick": ""
          },
          {
            "text": "Thay băng, cắt chỉ vết mổ",
            "href": "http://192.168.2.26:2026/home.aspx?scope=sys&lang=vi&wpid=thuthuatnewdraw&thuthuatid=af605801-a7d9-4d15-9b15-b47a00970171&usid=172.31.255.1_ieu5y4m0p5o1dfluo0cjloo0ebd56fc4&st=140849",
            "onclick": ""
          },
          {
            "text": "0",
            "href": "http://192.168.2.26:2026/home.aspx?scope=sys&lang=vi&wpid=thuthuatnewdraw&thuthuatid=af605801-a7d9-4d15-9b15-b47a00970171&usid=172.31.255.1_ieu5y4m0p5o1dfluo0cjloo0ebd56fc4&st=140849",
            "onclick": ""
          },
          {
            "text": "100,000",
            "href": "http://192.168.2.26:2026/home.aspx?scope=sys&lang=vi&wpid=thuthuatnewdraw&thuthuatid=af605801-a7d9-4d15-9b15-b47a00970171&usid=172.31.255.1_ieu5y4m0p5o1dfluo0cjloo0ebd56fc4&st=140849",
            "onclick": ""
          },
          {
            "text": "Thường",
            "href": "http://192.168.2.26:2026/home.aspx?scope=sys&lang=vi&wpid=thuthuatnewdraw&thuthuatid=af605801-a7d9-4d15-9b15-b47a00970171&usid=172.31.255.1_ieu5y4m0p5o1dfluo0cjloo0ebd56fc4&st=140849",
            "onclick": ""
          },
          {
            "text": "09:07 01/07/2026",
            "href": "http://192.168.2.26:2026/home.aspx?scope=sys&lang=vi&wpid=thuthuatnewdraw&thuthuatid=af605801-a7d9-4d15-9b15-b47a00970171&usid=172.31.255.1_ieu5y4m0p5o1dfluo0cjloo0ebd56fc4&st=140849",
            "onclick": ""
          },
          {
            "text": "Chờ thực hiện",
            "href": "http://192.168.2.26:2026/home.aspx?scope=sys&lang=vi&wpid=thuthuatnewdraw&thuthuatid=af605801-a7d9-4d15-9b15-b47a00970171&usid=172.31.255.1_ieu5y4m0p5o1dfluo0cjloo0ebd56fc4&st=140849",
            "onclick": ""
          }
        ]
      }
    }
  ]
}
[2026-07-23 14:08:52.188] [DETAIL_BEGIN] D/s Thủ thuật: mở ứng viên 1
{
  "detail_marker": "http://192.168.2.26:2026/home.aspx?scope=sys&lang=vi&wpid=thuthuatnewdraw&thuthuatid=c163a446-979d-42f0-93f3-b47200f7e98f&usid=172.31.255.1_ieu5y4m0p5o1dfluo0cjloo0ebd56fc4&st=140849",
  "list_datetime": "2026-06-23 14:38:00",
  "list_method": "Mắt cá 1-2 thương tổn",
  "row": {
    "access_id": "c163a446-979d-42f0-93f3-b47200f7e98f",
    "known_fields": {
      "stt": "1",
      "ngay_thu_thuat": "13:52 23/07/2026",
      "ma_bn": "26067260",
      "ho_ten": "NGUYỄN THỊ BÍCH HIỀN",
      "gioi_tinh": "Nữ",
      "tuoi": "29 tuổi",
      "doi_tuong": "Viện phí",
      "noi_chi_dinh": "Khoa Khám Bệnh",
      "chi_dinh_thu_thuat": "Mắt cá 1-2 thương tổn",
      "tam_ung": "0",
      "phai_thanh_toan": "1,220,000",
      "tinh_trang": "Thường",
      "thoi_gian_chi_dinh": "14:38 23/06/2026",
      "trang_thai": "Chờ thực hiện"
    },
    "raw_text": "1 13:52 23/07/2026 26067260 NGUYỄN THỊ BÍCH HIỀN Nữ 29 tuổi Viện phí Khoa Khám Bệnh Mắt cá 1-2 thương tổn 0 1,220,000 Thường 14:38 23/06/2026 Chờ thực hiện",
    "links": [
      {
        "text": "1",
        "href": "http://192.168.2.26:2026/home.aspx?scope=sys&lang=vi&wpid=thuthuatnewdraw&thuthuatid=c163a446-979d-42f0-93f3-b47200f7e98f&usid=172.31.255.1_ieu5y4m0p5o1dfluo0cjloo0ebd56fc4&st=140849",
        "onclick": ""
      },
      {
        "text": "13:52 23/07/2026",
        "href": "http://192.168.2.26:2026/home.aspx?scope=sys&lang=vi&wpid=thuthuatnewdraw&thuthuatid=c163a446-979d-42f0-93f3-b47200f7e98f&usid=172.31.255.1_ieu5y4m0p5o1dfluo0cjloo0ebd56fc4&st=140849",
        "onclick": ""
      },
      {
        "text": "26067260",
        "href": "http://192.168.2.26:2026/home.aspx?scope=sys&lang=vi&wpid=thuthuatnewdraw&thuthuatid=c163a446-979d-42f0-93f3-b47200f7e98f&usid=172.31.255.1_ieu5y4m0p5o1dfluo0cjloo0ebd56fc4&st=140849",
        "onclick": ""
      },
      {
        "text": "NGUYỄN THỊ BÍCH HIỀN",
        "href": "http://192.168.2.26:2026/home.aspx?scope=sys&lang=vi&wpid=thuthuatnewdraw&thuthuatid=c163a446-979d-42f0-93f3-b47200f7e98f&usid=172.31.255.1_ieu5y4m0p5o1dfluo0cjloo0ebd56fc4&st=140849",
        "onclick": ""
      },
      {
        "text": "Nữ",
        "href": "http://192.168.2.26:2026/home.aspx?scope=sys&lang=vi&wpid=thuthuatnewdraw&thuthuatid=c163a446-979d-42f0-93f3-b47200f7e98f&usid=172.31.255.1_ieu5y4m0p5o1dfluo0cjloo0ebd56fc4&st=140849",
        "onclick": ""
      },
      {
        "text": "29 tuổi",
        "href": "http://192.168.2.26:2026/home.aspx?scope=sys&lang=vi&wpid=thuthuatnewdraw&thuthuatid=c163a446-979d-42f0-93f3-b47200f7e98f&usid=172.31.255.1_ieu5y4m0p5o1dfluo0cjloo0ebd56fc4&st=140849",
        "onclick": ""
      },
      {
        "text": "Viện phí",
        "href": "http://192.168.2.26:2026/home.aspx?scope=sys&lang=vi&wpid=thuthuatnewdraw&thuthuatid=c163a446-979d-42f0-93f3-b47200f7e98f&usid=172.31.255.1_ieu5y4m0p5o1dfluo0cjloo0ebd56fc4&st=140849",
        "onclick": ""
      },
      {
        "text": "Khoa Khám Bệnh",
        "href": "http://192.168.2.26:2026/home.aspx?scope=sys&lang=vi&wpid=thuthuatnewdraw&thuthuatid=c163a446-979d-42f0-93f3-b47200f7e98f&usid=172.31.255.1_ieu5y4m0p5o1dfluo0cjloo0ebd56fc4&st=140849",
        "onclick": ""
      },
      {
        "text": "Mắt cá 1-2 thương tổn",
        "href": "http://192.168.2.26:2026/home.aspx?scope=sys&lang=vi&wpid=thuthuatnewdraw&thuthuatid=c163a446-979d-42f0-93f3-b47200f7e98f&usid=172.31.255.1_ieu5y4m0p5o1dfluo0cjloo0ebd56fc4&st=140849",
        "onclick": ""
      },
      {
        "text": "0",
        "href": "http://192.168.2.26:2026/home.aspx?scope=sys&lang=vi&wpid=thuthuatnewdraw&thuthuatid=c163a446-979d-42f0-93f3-b47200f7e98f&usid=172.31.255.1_ieu5y4m0p5o1dfluo0cjloo0ebd56fc4&st=140849",
        "onclick": ""
      },
      {
        "text": "1,220,000",
        "href": "http://192.168.2.26:2026/home.aspx?scope=sys&lang=vi&wpid=thuthuatnewdraw&thuthuatid=c163a446-979d-42f0-93f3-b47200f7e98f&usid=172.31.255.1_ieu5y4m0p5o1dfluo0cjloo0ebd56fc4&st=140849",
        "onclick": ""
      },
      {
        "text": "Thường",
        "href": "http://192.168.2.26:2026/home.aspx?scope=sys&lang=vi&wpid=thuthuatnewdraw&thuthuatid=c163a446-979d-42f0-93f3-b47200f7e98f&usid=172.31.255.1_ieu5y4m0p5o1dfluo0cjloo0ebd56fc4&st=140849",
        "onclick": ""
      },
      {
        "text": "14:38 23/06/2026",
        "href": "http://192.168.2.26:2026/home.aspx?scope=sys&lang=vi&wpid=thuthuatnewdraw&thuthuatid=c163a446-979d-42f0-93f3-b47200f7e98f&usid=172.31.255.1_ieu5y4m0p5o1dfluo0cjloo0ebd56fc4&st=140849",
        "onclick": ""
      },
      {
        "text": "Chờ thực hiện",
        "href": "http://192.168.2.26:2026/home.aspx?scope=sys&lang=vi&wpid=thuthuatnewdraw&thuthuatid=c163a446-979d-42f0-93f3-b47200f7e98f&usid=172.31.255.1_ieu5y4m0p5o1dfluo0cjloo0ebd56fc4&st=140849",
        "onclick": ""
      }
    ]
  }
}
[2026-07-23 14:08:52.200] [BROWSER] [DETAIL] kind=procedure; access_id=c163a446-979d-42f0-93f3-b47200f7e98f; direct_url=yes; onclick=no
[2026-07-23 14:08:52.201] [BROWSER] [DETAIL] Mở liên kết trực tiếp: http://192.168.2.26:2026/home.aspx?scope=sys&lang=vi&wpid=thuthuatnewdraw&thuthuatid=c163a446-979d-42f0-93f3-b47200f7e98f&usid=172.31.255.1_ieu5y4m0p5o1dfluo0cjloo0ebd56fc4&st=140849
[2026-07-23 14:08:53.252] [BROWSER] [DETAIL] Dữ liệu đọc được: {"ajax_active": 0, "complete_info": "", "current_url": "http://192.168.2.26:2026/home.aspx?scope=sys&lang=vi&wpid=thuthuatnewdraw&thuthuatid=c163a446-979d-42f0-93f3-b47200f7e98f&usid=172.31.255.1_ieu5y4m0p5o1dfluo0cjloo0ebd56fc4&st=140849", "doctor": "Trần Quốc Toản", "doctor_candidates": [{"id": "txtBacSyChiDinh", "value": "Trần Quốc Toản"}, {"id": "txtBacSiChiDinh", "value": ""}], "doctor_field": "txtBacSyChiDinh", "doctor_found": true, "method": "Mắt cá 1-2 thương tổn", "method_candidates": [{"id": "txtChiDinh", "value": "Mắt cá 1-2 thương tổn"}, {"id": "cbbPhuongPhapTT", "value": ""}], "method_field": "txtChiDinh", "patient_info": "(26067260 | NGUYỄN THỊ BÍCH HIỀN, 19/10/1997, Nữ, 29 tuổi | Viện phí)", "root_found": true, "start_candidates": [{"id": "txtThoiGianChiDinh", "value": "14:38 23/06/2026"}, {"id": "txtTgBatDau", "value": "14:08 23/07/2026"}], "start_time": "14:38 23/06/2026", "start_time_field": "txtThoiGianChiDinh"}
[2026-07-23 14:08:53.254] [BROWSER] [DETAIL] Nguồn bác sĩ: Bác sĩ chỉ định; field=txtBacSyChiDinh; value=Trần Quốc Toản
[2026-07-23 14:08:53.255] [DETAIL_OK] D/s Thủ thuật: đọc được hồ sơ chi tiết
{
  "doctor_from_emr": "Trần Quốc Toản",
  "mapped_alias": "TOẢN",
  "mapped_name": "Trần Quốc Toản",
  "start_time": "14:38 23/06/2026",
  "start_time_field": "txtThoiGianChiDinh",
  "method": "Mắt cá 1-2 thương tổn",
  "method_field": "txtChiDinh",
  "list_time_source": "Thời gian chỉ định",
  "list_method_source": "Chỉ định thủ thuật",
  "current_url": "http://192.168.2.26:2026/home.aspx?scope=sys&lang=vi&wpid=thuthuatnewdraw&thuthuatid=c163a446-979d-42f0-93f3-b47200f7e98f&usid=172.31.255.1_ieu5y4m0p5o1dfluo0cjloo0ebd56fc4&st=140849",
  "total_score": 655.0,
  "method_score": 1.0
}
[2026-07-23 14:08:53.256] [EVALUATED] D/s Thủ thuật: đánh giá 1 hồ sơ
{
  "items": [
    {
      "doctor": "Trần Quốc Toản",
      "alias": "TOẢN",
      "detail_datetime": "2026-06-23 14:38:00",
      "method_score": 1.0,
      "total_score": 655.0,
      "confidence_ok": true
    }
  ]
}
[2026-07-23 14:08:53.257] [SOURCE_MATCH] D/s Thủ thuật: đã chọn bác sĩ, không tìm nguồn còn lại
{
  "alias": "TOẢN"
}
[2026-07-23 14:08:54.017] [AUTOSAVE_ROW] Dòng 90: đã điền TOẢN và lưu ngay
{
  "patient": "NGUYỄN THỊ BÍCH HIỀN",
  "source": "D/s Thủ thuật",
  "doctor_name": "Trần Quốc Toản",
  "emr_doctor": "Trần Quốc Toản",
  "matched_time": "14:38 23/06/2026",
  "matched_method": "Mắt cá 1-2 thương tổn",
  "progress": "8/10",
  "output": "E:\\Thong_ke\\node_outputs\\PM khoa CTCH T6_NHAP_LIEU.xlsx"
}
[2026-07-23 14:08:54.018] [ROW_END] Kết thúc dòng 90
{
  "status": "updated",
  "new_value": "TOẢN",
  "reason": null
}
[2026-07-23 14:08:54.018] [ROW_BEGIN] [9/10] Bắt đầu dòng 91: PHẠM ĐĂNG KHOA
{
  "raw_time": "2026/06/23 15:02",
  "parsed_time": "15:02 23/06/2026",
  "method": "Mắt cá 1-2 thương tổn",
  "old_value": ""
}
[2026-07-23 14:08:54.019] [SEARCH_BEGIN] dòng 91: tìm PHẠM ĐĂNG KHOA tại D/s Thủ thuật
{
  "patient": "PHẠM ĐĂNG KHOA",
  "target_time": "2026-06-23 15:02:00",
  "target_method": "Mắt cá 1-2 thương tổn",
  "source": "procedure"
}
[2026-07-23 14:08:54.332] [BROWSER] [NAV] D/s Thủ thuật: http://192.168.2.26:2026/home.aspx?scope=sys&lang=vi&wpid=danhsachthuthuatdraw&role=323&usid=172.31.255.1_ieu5y4m0p5o1dfluo0cjloo0ebd56fc4&st=140849
[2026-07-23 14:08:56.359] [BROWSER] [FILTER] 3 tháng
[2026-07-23 14:08:56.906] [BROWSER] [SEARCH] Nhập 'PHẠM ĐĂNG KHOA' vào #txtTimKiem
[2026-07-23 14:08:57.122] [BROWSER] [SEARCH] Đã bấm Tìm kiếm bằng #btnTimKiem
[2026-07-23 14:08:57.156] [BROWSER] [RESULT] D/s Thủ thuật: 1 dòng
[2026-07-23 14:08:57.170] [SEARCH_RESULT] D/s Thủ thuật: nhận 1 dòng
{
  "current_url": "http://192.168.2.26:2026/home.aspx?scope=sys&lang=vi&wpid=danhsachthuthuatdraw&role=323&usid=172.31.255.1_ieu5y4m0p5o1dfluo0cjloo0ebd56fc4&st=140849",
  "search_input_id": "txtTimKiem",
  "search_trigger": "#btnTimKiem",
  "headers": [
    "STT",
    "Ngày thủ thuật",
    "Mã BN",
    "Họ tên",
    "Giới tính",
    "Tuổi",
    "Đối tượng",
    "Nơi chỉ định",
    "Chỉ định thủ thuật",
    "Tạm ứng",
    "Phải thanh toán",
    "Tình trạng",
    "Thời gian chỉ định",
    "Trạng thái"
  ],
  "rows": [
    {
      "access_id": "6e187e8c-a265-4cfd-a07f-b47200fb070b",
      "known_fields": {
        "stt": "1",
        "ngay_thu_thuat": "13:53 23/07/2026",
        "ma_bn": "26067192",
        "ho_ten": "PHẠM ĐĂNG KHOA",
        "gioi_tinh": "Nam",
        "tuoi": "16 tuổi",
        "doi_tuong": "Viện phí",
        "noi_chi_dinh": "Khoa Khám Bệnh",
        "chi_dinh_thu_thuat": "Mắt cá 1-2 thương tổn",
        "tam_ung": "0",
        "phai_thanh_toan": "1,220,000",
        "tinh_trang": "Thường",
        "thoi_gian_chi_dinh": "15:02 23/06/2026",
        "trang_thai": "Chờ thực hiện"
      },
      "raw_text": "1 13:53 23/07/2026 26067192 PHẠM ĐĂNG KHOA Nam 16 tuổi Viện phí Khoa Khám Bệnh Mắt cá 1-2 thương tổn 0 1,220,000 Thường 15:02 23/06/2026 Chờ thực hiện",
      "links": [
        {
          "text": "1",
          "href": "http://192.168.2.26:2026/home.aspx?scope=sys&lang=vi&wpid=thuthuatnewdraw&thuthuatid=6e187e8c-a265-4cfd-a07f-b47200fb070b&usid=172.31.255.1_ieu5y4m0p5o1dfluo0cjloo0ebd56fc4&st=140854",
          "onclick": ""
        },
        {
          "text": "13:53 23/07/2026",
          "href": "http://192.168.2.26:2026/home.aspx?scope=sys&lang=vi&wpid=thuthuatnewdraw&thuthuatid=6e187e8c-a265-4cfd-a07f-b47200fb070b&usid=172.31.255.1_ieu5y4m0p5o1dfluo0cjloo0ebd56fc4&st=140854",
          "onclick": ""
        },
        {
          "text": "26067192",
          "href": "http://192.168.2.26:2026/home.aspx?scope=sys&lang=vi&wpid=thuthuatnewdraw&thuthuatid=6e187e8c-a265-4cfd-a07f-b47200fb070b&usid=172.31.255.1_ieu5y4m0p5o1dfluo0cjloo0ebd56fc4&st=140854",
          "onclick": ""
        },
        {
          "text": "PHẠM ĐĂNG KHOA",
          "href": "http://192.168.2.26:2026/home.aspx?scope=sys&lang=vi&wpid=thuthuatnewdraw&thuthuatid=6e187e8c-a265-4cfd-a07f-b47200fb070b&usid=172.31.255.1_ieu5y4m0p5o1dfluo0cjloo0ebd56fc4&st=140854",
          "onclick": ""
        },
        {
          "text": "Nam",
          "href": "http://192.168.2.26:2026/home.aspx?scope=sys&lang=vi&wpid=thuthuatnewdraw&thuthuatid=6e187e8c-a265-4cfd-a07f-b47200fb070b&usid=172.31.255.1_ieu5y4m0p5o1dfluo0cjloo0ebd56fc4&st=140854",
          "onclick": ""
        },
        {
          "text": "16 tuổi",
          "href": "http://192.168.2.26:2026/home.aspx?scope=sys&lang=vi&wpid=thuthuatnewdraw&thuthuatid=6e187e8c-a265-4cfd-a07f-b47200fb070b&usid=172.31.255.1_ieu5y4m0p5o1dfluo0cjloo0ebd56fc4&st=140854",
          "onclick": ""
        },
        {
          "text": "Viện phí",
          "href": "http://192.168.2.26:2026/home.aspx?scope=sys&lang=vi&wpid=thuthuatnewdraw&thuthuatid=6e187e8c-a265-4cfd-a07f-b47200fb070b&usid=172.31.255.1_ieu5y4m0p5o1dfluo0cjloo0ebd56fc4&st=140854",
          "onclick": ""
        },
        {
          "text": "Khoa Khám Bệnh",
          "href": "http://192.168.2.26:2026/home.aspx?scope=sys&lang=vi&wpid=thuthuatnewdraw&thuthuatid=6e187e8c-a265-4cfd-a07f-b47200fb070b&usid=172.31.255.1_ieu5y4m0p5o1dfluo0cjloo0ebd56fc4&st=140854",
          "onclick": ""
        },
        {
          "text": "Mắt cá 1-2 thương tổn",
          "href": "http://192.168.2.26:2026/home.aspx?scope=sys&lang=vi&wpid=thuthuatnewdraw&thuthuatid=6e187e8c-a265-4cfd-a07f-b47200fb070b&usid=172.31.255.1_ieu5y4m0p5o1dfluo0cjloo0ebd56fc4&st=140854",
          "onclick": ""
        },
        {
          "text": "0",
          "href": "http://192.168.2.26:2026/home.aspx?scope=sys&lang=vi&wpid=thuthuatnewdraw&thuthuatid=6e187e8c-a265-4cfd-a07f-b47200fb070b&usid=172.31.255.1_ieu5y4m0p5o1dfluo0cjloo0ebd56fc4&st=140854",
          "onclick": ""
        },
        {
          "text": "1,220,000",
          "href": "http://192.168.2.26:2026/home.aspx?scope=sys&lang=vi&wpid=thuthuatnewdraw&thuthuatid=6e187e8c-a265-4cfd-a07f-b47200fb070b&usid=172.31.255.1_ieu5y4m0p5o1dfluo0cjloo0ebd56fc4&st=140854",
          "onclick": ""
        },
        {
          "text": "Thường",
          "href": "http://192.168.2.26:2026/home.aspx?scope=sys&lang=vi&wpid=thuthuatnewdraw&thuthuatid=6e187e8c-a265-4cfd-a07f-b47200fb070b&usid=172.31.255.1_ieu5y4m0p5o1dfluo0cjloo0ebd56fc4&st=140854",
          "onclick": ""
        },
        {
          "text": "15:02 23/06/2026",
          "href": "http://192.168.2.26:2026/home.aspx?scope=sys&lang=vi&wpid=thuthuatnewdraw&thuthuatid=6e187e8c-a265-4cfd-a07f-b47200fb070b&usid=172.31.255.1_ieu5y4m0p5o1dfluo0cjloo0ebd56fc4&st=140854",
          "onclick": ""
        },
        {
          "text": "Chờ thực hiện",
          "href": "http://192.168.2.26:2026/home.aspx?scope=sys&lang=vi&wpid=thuthuatnewdraw&thuthuatid=6e187e8c-a265-4cfd-a07f-b47200fb070b&usid=172.31.255.1_ieu5y4m0p5o1dfluo0cjloo0ebd56fc4&st=140854",
          "onclick": ""
        }
      ]
    }
  ]
}
[2026-07-23 14:08:57.171] [CANDIDATES] D/s Thủ thuật: có 1 ứng viên cùng người bệnh
{
  "candidates": [
    {
      "list_score": 205.0,
      "list_datetime": "2026-06-23 15:02:00",
      "list_time_source": "Thời gian chỉ định",
      "list_method": "Mắt cá 1-2 thương tổn",
      "list_method_source": "Chỉ định thủ thuật",
      "method_score": 1.0,
      "detail_marker": "http://192.168.2.26:2026/home.aspx?scope=sys&lang=vi&wpid=thuthuatnewdraw&thuthuatid=6e187e8c-a265-4cfd-a07f-b47200fb070b&usid=172.31.255.1_ieu5y4m0p5o1dfluo0cjloo0ebd56fc4&st=140854",
      "row": {
        "access_id": "6e187e8c-a265-4cfd-a07f-b47200fb070b",
        "known_fields": {
          "stt": "1",
          "ngay_thu_thuat": "13:53 23/07/2026",
          "ma_bn": "26067192",
          "ho_ten": "PHẠM ĐĂNG KHOA",
          "gioi_tinh": "Nam",
          "tuoi": "16 tuổi",
          "doi_tuong": "Viện phí",
          "noi_chi_dinh": "Khoa Khám Bệnh",
          "chi_dinh_thu_thuat": "Mắt cá 1-2 thương tổn",
          "tam_ung": "0",
          "phai_thanh_toan": "1,220,000",
          "tinh_trang": "Thường",
          "thoi_gian_chi_dinh": "15:02 23/06/2026",
          "trang_thai": "Chờ thực hiện"
        },
        "raw_text": "1 13:53 23/07/2026 26067192 PHẠM ĐĂNG KHOA Nam 16 tuổi Viện phí Khoa Khám Bệnh Mắt cá 1-2 thương tổn 0 1,220,000 Thường 15:02 23/06/2026 Chờ thực hiện",
        "links": [
          {
            "text": "1",
            "href": "http://192.168.2.26:2026/home.aspx?scope=sys&lang=vi&wpid=thuthuatnewdraw&thuthuatid=6e187e8c-a265-4cfd-a07f-b47200fb070b&usid=172.31.255.1_ieu5y4m0p5o1dfluo0cjloo0ebd56fc4&st=140854",
            "onclick": ""
          },
          {
            "text": "13:53 23/07/2026",
            "href": "http://192.168.2.26:2026/home.aspx?scope=sys&lang=vi&wpid=thuthuatnewdraw&thuthuatid=6e187e8c-a265-4cfd-a07f-b47200fb070b&usid=172.31.255.1_ieu5y4m0p5o1dfluo0cjloo0ebd56fc4&st=140854",
            "onclick": ""
          },
          {
            "text": "26067192",
            "href": "http://192.168.2.26:2026/home.aspx?scope=sys&lang=vi&wpid=thuthuatnewdraw&thuthuatid=6e187e8c-a265-4cfd-a07f-b47200fb070b&usid=172.31.255.1_ieu5y4m0p5o1dfluo0cjloo0ebd56fc4&st=140854",
            "onclick": ""
          },
          {
            "text": "PHẠM ĐĂNG KHOA",
            "href": "http://192.168.2.26:2026/home.aspx?scope=sys&lang=vi&wpid=thuthuatnewdraw&thuthuatid=6e187e8c-a265-4cfd-a07f-b47200fb070b&usid=172.31.255.1_ieu5y4m0p5o1dfluo0cjloo0ebd56fc4&st=140854",
            "onclick": ""
          },
          {
            "text": "Nam",
            "href": "http://192.168.2.26:2026/home.aspx?scope=sys&lang=vi&wpid=thuthuatnewdraw&thuthuatid=6e187e8c-a265-4cfd-a07f-b47200fb070b&usid=172.31.255.1_ieu5y4m0p5o1dfluo0cjloo0ebd56fc4&st=140854",
            "onclick": ""
          },
          {
            "text": "16 tuổi",
            "href": "http://192.168.2.26:2026/home.aspx?scope=sys&lang=vi&wpid=thuthuatnewdraw&thuthuatid=6e187e8c-a265-4cfd-a07f-b47200fb070b&usid=172.31.255.1_ieu5y4m0p5o1dfluo0cjloo0ebd56fc4&st=140854",
            "onclick": ""
          },
          {
            "text": "Viện phí",
            "href": "http://192.168.2.26:2026/home.aspx?scope=sys&lang=vi&wpid=thuthuatnewdraw&thuthuatid=6e187e8c-a265-4cfd-a07f-b47200fb070b&usid=172.31.255.1_ieu5y4m0p5o1dfluo0cjloo0ebd56fc4&st=140854",
            "onclick": ""
          },
          {
            "text": "Khoa Khám Bệnh",
            "href": "http://192.168.2.26:2026/home.aspx?scope=sys&lang=vi&wpid=thuthuatnewdraw&thuthuatid=6e187e8c-a265-4cfd-a07f-b47200fb070b&usid=172.31.255.1_ieu5y4m0p5o1dfluo0cjloo0ebd56fc4&st=140854",
            "onclick": ""
          },
          {
            "text": "Mắt cá 1-2 thương tổn",
            "href": "http://192.168.2.26:2026/home.aspx?scope=sys&lang=vi&wpid=thuthuatnewdraw&thuthuatid=6e187e8c-a265-4cfd-a07f-b47200fb070b&usid=172.31.255.1_ieu5y4m0p5o1dfluo0cjloo0ebd56fc4&st=140854",
            "onclick": ""
          },
          {
            "text": "0",
            "href": "http://192.168.2.26:2026/home.aspx?scope=sys&lang=vi&wpid=thuthuatnewdraw&thuthuatid=6e187e8c-a265-4cfd-a07f-b47200fb070b&usid=172.31.255.1_ieu5y4m0p5o1dfluo0cjloo0ebd56fc4&st=140854",
            "onclick": ""
          },
          {
            "text": "1,220,000",
            "href": "http://192.168.2.26:2026/home.aspx?scope=sys&lang=vi&wpid=thuthuatnewdraw&thuthuatid=6e187e8c-a265-4cfd-a07f-b47200fb070b&usid=172.31.255.1_ieu5y4m0p5o1dfluo0cjloo0ebd56fc4&st=140854",
            "onclick": ""
          },
          {
            "text": "Thường",
            "href": "http://192.168.2.26:2026/home.aspx?scope=sys&lang=vi&wpid=thuthuatnewdraw&thuthuatid=6e187e8c-a265-4cfd-a07f-b47200fb070b&usid=172.31.255.1_ieu5y4m0p5o1dfluo0cjloo0ebd56fc4&st=140854",
            "onclick": ""
          },
          {
            "text": "15:02 23/06/2026",
            "href": "http://192.168.2.26:2026/home.aspx?scope=sys&lang=vi&wpid=thuthuatnewdraw&thuthuatid=6e187e8c-a265-4cfd-a07f-b47200fb070b&usid=172.31.255.1_ieu5y4m0p5o1dfluo0cjloo0ebd56fc4&st=140854",
            "onclick": ""
          },
          {
            "text": "Chờ thực hiện",
            "href": "http://192.168.2.26:2026/home.aspx?scope=sys&lang=vi&wpid=thuthuatnewdraw&thuthuatid=6e187e8c-a265-4cfd-a07f-b47200fb070b&usid=172.31.255.1_ieu5y4m0p5o1dfluo0cjloo0ebd56fc4&st=140854",
            "onclick": ""
          }
        ]
      }
    }
  ]
}
[2026-07-23 14:08:57.174] [DETAIL_BEGIN] D/s Thủ thuật: mở ứng viên 1
{
  "detail_marker": "http://192.168.2.26:2026/home.aspx?scope=sys&lang=vi&wpid=thuthuatnewdraw&thuthuatid=6e187e8c-a265-4cfd-a07f-b47200fb070b&usid=172.31.255.1_ieu5y4m0p5o1dfluo0cjloo0ebd56fc4&st=140854",
  "list_datetime": "2026-06-23 15:02:00",
  "list_method": "Mắt cá 1-2 thương tổn",
  "row": {
    "access_id": "6e187e8c-a265-4cfd-a07f-b47200fb070b",
    "known_fields": {
      "stt": "1",
      "ngay_thu_thuat": "13:53 23/07/2026",
      "ma_bn": "26067192",
      "ho_ten": "PHẠM ĐĂNG KHOA",
      "gioi_tinh": "Nam",
      "tuoi": "16 tuổi",
      "doi_tuong": "Viện phí",
      "noi_chi_dinh": "Khoa Khám Bệnh",
      "chi_dinh_thu_thuat": "Mắt cá 1-2 thương tổn",
      "tam_ung": "0",
      "phai_thanh_toan": "1,220,000",
      "tinh_trang": "Thường",
      "thoi_gian_chi_dinh": "15:02 23/06/2026",
      "trang_thai": "Chờ thực hiện"
    },
    "raw_text": "1 13:53 23/07/2026 26067192 PHẠM ĐĂNG KHOA Nam 16 tuổi Viện phí Khoa Khám Bệnh Mắt cá 1-2 thương tổn 0 1,220,000 Thường 15:02 23/06/2026 Chờ thực hiện",
    "links": [
      {
        "text": "1",
        "href": "http://192.168.2.26:2026/home.aspx?scope=sys&lang=vi&wpid=thuthuatnewdraw&thuthuatid=6e187e8c-a265-4cfd-a07f-b47200fb070b&usid=172.31.255.1_ieu5y4m0p5o1dfluo0cjloo0ebd56fc4&st=140854",
        "onclick": ""
      },
      {
        "text": "13:53 23/07/2026",
        "href": "http://192.168.2.26:2026/home.aspx?scope=sys&lang=vi&wpid=thuthuatnewdraw&thuthuatid=6e187e8c-a265-4cfd-a07f-b47200fb070b&usid=172.31.255.1_ieu5y4m0p5o1dfluo0cjloo0ebd56fc4&st=140854",
        "onclick": ""
      },
      {
        "text": "26067192",
        "href": "http://192.168.2.26:2026/home.aspx?scope=sys&lang=vi&wpid=thuthuatnewdraw&thuthuatid=6e187e8c-a265-4cfd-a07f-b47200fb070b&usid=172.31.255.1_ieu5y4m0p5o1dfluo0cjloo0ebd56fc4&st=140854",
        "onclick": ""
      },
      {
        "text": "PHẠM ĐĂNG KHOA",
        "href": "http://192.168.2.26:2026/home.aspx?scope=sys&lang=vi&wpid=thuthuatnewdraw&thuthuatid=6e187e8c-a265-4cfd-a07f-b47200fb070b&usid=172.31.255.1_ieu5y4m0p5o1dfluo0cjloo0ebd56fc4&st=140854",
        "onclick": ""
      },
      {
        "text": "Nam",
        "href": "http://192.168.2.26:2026/home.aspx?scope=sys&lang=vi&wpid=thuthuatnewdraw&thuthuatid=6e187e8c-a265-4cfd-a07f-b47200fb070b&usid=172.31.255.1_ieu5y4m0p5o1dfluo0cjloo0ebd56fc4&st=140854",
        "onclick": ""
      },
      {
        "text": "16 tuổi",
        "href": "http://192.168.2.26:2026/home.aspx?scope=sys&lang=vi&wpid=thuthuatnewdraw&thuthuatid=6e187e8c-a265-4cfd-a07f-b47200fb070b&usid=172.31.255.1_ieu5y4m0p5o1dfluo0cjloo0ebd56fc4&st=140854",
        "onclick": ""
      },
      {
        "text": "Viện phí",
        "href": "http://192.168.2.26:2026/home.aspx?scope=sys&lang=vi&wpid=thuthuatnewdraw&thuthuatid=6e187e8c-a265-4cfd-a07f-b47200fb070b&usid=172.31.255.1_ieu5y4m0p5o1dfluo0cjloo0ebd56fc4&st=140854",
        "onclick": ""
      },
      {
        "text": "Khoa Khám Bệnh",
        "href": "http://192.168.2.26:2026/home.aspx?scope=sys&lang=vi&wpid=thuthuatnewdraw&thuthuatid=6e187e8c-a265-4cfd-a07f-b47200fb070b&usid=172.31.255.1_ieu5y4m0p5o1dfluo0cjloo0ebd56fc4&st=140854",
        "onclick": ""
      },
      {
        "text": "Mắt cá 1-2 thương tổn",
        "href": "http://192.168.2.26:2026/home.aspx?scope=sys&lang=vi&wpid=thuthuatnewdraw&thuthuatid=6e187e8c-a265-4cfd-a07f-b47200fb070b&usid=172.31.255.1_ieu5y4m0p5o1dfluo0cjloo0ebd56fc4&st=140854",
        "onclick": ""
      },
      {
        "text": "0",
        "href": "http://192.168.2.26:2026/home.aspx?scope=sys&lang=vi&wpid=thuthuatnewdraw&thuthuatid=6e187e8c-a265-4cfd-a07f-b47200fb070b&usid=172.31.255.1_ieu5y4m0p5o1dfluo0cjloo0ebd56fc4&st=140854",
        "onclick": ""
      },
      {
        "text": "1,220,000",
        "href": "http://192.168.2.26:2026/home.aspx?scope=sys&lang=vi&wpid=thuthuatnewdraw&thuthuatid=6e187e8c-a265-4cfd-a07f-b47200fb070b&usid=172.31.255.1_ieu5y4m0p5o1dfluo0cjloo0ebd56fc4&st=140854",
        "onclick": ""
      },
      {
        "text": "Thường",
        "href": "http://192.168.2.26:2026/home.aspx?scope=sys&lang=vi&wpid=thuthuatnewdraw&thuthuatid=6e187e8c-a265-4cfd-a07f-b47200fb070b&usid=172.31.255.1_ieu5y4m0p5o1dfluo0cjloo0ebd56fc4&st=140854",
        "onclick": ""
      },
      {
        "text": "15:02 23/06/2026",
        "href": "http://192.168.2.26:2026/home.aspx?scope=sys&lang=vi&wpid=thuthuatnewdraw&thuthuatid=6e187e8c-a265-4cfd-a07f-b47200fb070b&usid=172.31.255.1_ieu5y4m0p5o1dfluo0cjloo0ebd56fc4&st=140854",
        "onclick": ""
      },
      {
        "text": "Chờ thực hiện",
        "href": "http://192.168.2.26:2026/home.aspx?scope=sys&lang=vi&wpid=thuthuatnewdraw&thuthuatid=6e187e8c-a265-4cfd-a07f-b47200fb070b&usid=172.31.255.1_ieu5y4m0p5o1dfluo0cjloo0ebd56fc4&st=140854",
        "onclick": ""
      }
    ]
  }
}
[2026-07-23 14:08:57.182] [BROWSER] [DETAIL] kind=procedure; access_id=6e187e8c-a265-4cfd-a07f-b47200fb070b; direct_url=yes; onclick=no
[2026-07-23 14:08:57.183] [BROWSER] [DETAIL] Mở liên kết trực tiếp: http://192.168.2.26:2026/home.aspx?scope=sys&lang=vi&wpid=thuthuatnewdraw&thuthuatid=6e187e8c-a265-4cfd-a07f-b47200fb070b&usid=172.31.255.1_ieu5y4m0p5o1dfluo0cjloo0ebd56fc4&st=140854
[2026-07-23 14:08:58.128] [BROWSER] [DETAIL] Dữ liệu đọc được: {"ajax_active": 0, "complete_info": "", "current_url": "http://192.168.2.26:2026/home.aspx?scope=sys&lang=vi&wpid=thuthuatnewdraw&thuthuatid=6e187e8c-a265-4cfd-a07f-b47200fb070b&usid=172.31.255.1_ieu5y4m0p5o1dfluo0cjloo0ebd56fc4&st=140854", "doctor": "Trần Quốc Toản", "doctor_candidates": [{"id": "txtBacSyChiDinh", "value": "Trần Quốc Toản"}, {"id": "txtBacSiChiDinh", "value": ""}], "doctor_field": "txtBacSyChiDinh", "doctor_found": true, "method": "Mắt cá 1-2 thương tổn", "method_candidates": [{"id": "txtChiDinh", "value": "Mắt cá 1-2 thương tổn"}, {"id": "cbbPhuongPhapTT", "value": ""}], "method_field": "txtChiDinh", "patient_info": "(26067192 | PHẠM ĐĂNG KHOA, 01/01/2010, Nam, 16 tuổi | Viện phí)", "root_found": true, "start_candidates": [{"id": "txtThoiGianChiDinh", "value": "15:02 23/06/2026"}, {"id": "txtTgBatDau", "value": "14:08 23/07/2026"}], "start_time": "15:02 23/06/2026", "start_time_field": "txtThoiGianChiDinh"}
[2026-07-23 14:08:58.131] [BROWSER] [DETAIL] Nguồn bác sĩ: Bác sĩ chỉ định; field=txtBacSyChiDinh; value=Trần Quốc Toản
[2026-07-23 14:08:58.133] [DETAIL_OK] D/s Thủ thuật: đọc được hồ sơ chi tiết
{
  "doctor_from_emr": "Trần Quốc Toản",
  "mapped_alias": "TOẢN",
  "mapped_name": "Trần Quốc Toản",
  "start_time": "15:02 23/06/2026",
  "start_time_field": "txtThoiGianChiDinh",
  "method": "Mắt cá 1-2 thương tổn",
  "method_field": "txtChiDinh",
  "list_time_source": "Thời gian chỉ định",
  "list_method_source": "Chỉ định thủ thuật",
  "current_url": "http://192.168.2.26:2026/home.aspx?scope=sys&lang=vi&wpid=thuthuatnewdraw&thuthuatid=6e187e8c-a265-4cfd-a07f-b47200fb070b&usid=172.31.255.1_ieu5y4m0p5o1dfluo0cjloo0ebd56fc4&st=140854",
  "total_score": 655.0,
  "method_score": 1.0
}
[2026-07-23 14:08:58.135] [EVALUATED] D/s Thủ thuật: đánh giá 1 hồ sơ
{
  "items": [
    {
      "doctor": "Trần Quốc Toản",
      "alias": "TOẢN",
      "detail_datetime": "2026-06-23 15:02:00",
      "method_score": 1.0,
      "total_score": 655.0,
      "confidence_ok": true
    }
  ]
}
[2026-07-23 14:08:58.136] [SOURCE_MATCH] D/s Thủ thuật: đã chọn bác sĩ, không tìm nguồn còn lại
{
  "alias": "TOẢN"
}
[2026-07-23 14:08:58.884] [AUTOSAVE_ROW] Dòng 91: đã điền TOẢN và lưu ngay
{
  "patient": "PHẠM ĐĂNG KHOA",
  "source": "D/s Thủ thuật",
  "doctor_name": "Trần Quốc Toản",
  "emr_doctor": "Trần Quốc Toản",
  "matched_time": "15:02 23/06/2026",
  "matched_method": "Mắt cá 1-2 thương tổn",
  "progress": "9/10",
  "output": "E:\\Thong_ke\\node_outputs\\PM khoa CTCH T6_NHAP_LIEU.xlsx"
}
[2026-07-23 14:08:58.889] [ROW_END] Kết thúc dòng 91
{
  "status": "updated",
  "new_value": "TOẢN",
  "reason": null
}
[2026-07-23 14:08:58.891] [ROW_BEGIN] [10/10] Bắt đầu dòng 93: NGUYỄN PHI ĐỨC
{
  "raw_time": "2026/06/23 15:37",
  "parsed_time": "15:37 23/06/2026",
  "method": "Hút ổ viêm/áp xe phần mềm",
  "old_value": ""
}
[2026-07-23 14:08:58.891] [SEARCH_BEGIN] dòng 93: tìm NGUYỄN PHI ĐỨC tại D/s Thủ thuật
{
  "patient": "NGUYỄN PHI ĐỨC",
  "target_time": "2026-06-23 15:37:00",
  "target_method": "Hút ổ viêm/áp xe phần mềm",
  "source": "procedure"
}
[2026-07-23 14:08:59.284] [BROWSER] [NAV] D/s Thủ thuật: http://192.168.2.26:2026/home.aspx?scope=sys&lang=vi&wpid=danhsachthuthuatdraw&role=323&usid=172.31.255.1_ieu5y4m0p5o1dfluo0cjloo0ebd56fc4&st=140854
[2026-07-23 14:09:01.236] [BROWSER] [FILTER] 3 tháng
[2026-07-23 14:09:01.819] [BROWSER] [SEARCH] Nhập 'NGUYỄN PHI ĐỨC' vào #txtTimKiem
[2026-07-23 14:09:02.020] [BROWSER] [SEARCH] Đã bấm Tìm kiếm bằng #btnTimKiem
[2026-07-23 14:09:02.050] [BROWSER] [RESULT] D/s Thủ thuật: 1 dòng
[2026-07-23 14:09:02.060] [SEARCH_RESULT] D/s Thủ thuật: nhận 1 dòng
{
  "current_url": "http://192.168.2.26:2026/home.aspx?scope=sys&lang=vi&wpid=danhsachthuthuatdraw&role=323&usid=172.31.255.1_ieu5y4m0p5o1dfluo0cjloo0ebd56fc4&st=140854",
  "search_input_id": "txtTimKiem",
  "search_trigger": "#btnTimKiem",
  "headers": [
    "STT",
    "Ngày thủ thuật",
    "Mã BN",
    "Họ tên",
    "Giới tính",
    "Tuổi",
    "Đối tượng",
    "Nơi chỉ định",
    "Chỉ định thủ thuật",
    "Tạm ứng",
    "Phải thanh toán",
    "Tình trạng",
    "Thời gian chỉ định",
    "Trạng thái"
  ],
  "rows": [
    {
      "access_id": "dfb2f4c8-3081-4f6d-b6f8-b47201027c37",
      "known_fields": {
        "stt": "1",
        "ngay_thu_thuat": "13:53 23/07/2026",
        "ma_bn": "26067481",
        "ho_ten": "NGUYỄN PHI ĐỨC",
        "gioi_tinh": "Nam",
        "tuoi": "28 tuổi",
        "doi_tuong": "Viện phí",
        "noi_chi_dinh": "PHÒNG KHÁM CHẤN THƯƠNG CHỈNH HÌNH - 20B",
        "chi_dinh_thu_thuat": "Hút ổ viêm/áp xe phần mềm",
        "tam_ung": "0",
        "phai_thanh_toan": "518,000",
        "tinh_trang": "Thường",
        "thoi_gian_chi_dinh": "15:37 23/06/2026",
        "trang_thai": "Chờ thực hiện"
      },
      "raw_text": "1 13:53 23/07/2026 26067481 NGUYỄN PHI ĐỨC Nam 28 tuổi Viện phí PHÒNG KHÁM CHẤN THƯƠNG CHỈNH HÌNH - 20B Hút ổ viêm/áp xe phần mềm 0 518,000 Thường 15:37 23/06/2026 Chờ thực hiện",
      "links": [
        {
          "text": "1",
          "href": "http://192.168.2.26:2026/home.aspx?scope=sys&lang=vi&wpid=thuthuatnewdraw&thuthuatid=dfb2f4c8-3081-4f6d-b6f8-b47201027c37&usid=172.31.255.1_ieu5y4m0p5o1dfluo0cjloo0ebd56fc4&st=140859",
          "onclick": ""
        },
        {
          "text": "13:53 23/07/2026",
          "href": "http://192.168.2.26:2026/home.aspx?scope=sys&lang=vi&wpid=thuthuatnewdraw&thuthuatid=dfb2f4c8-3081-4f6d-b6f8-b47201027c37&usid=172.31.255.1_ieu5y4m0p5o1dfluo0cjloo0ebd56fc4&st=140859",
          "onclick": ""
        },
        {
          "text": "26067481",
          "href": "http://192.168.2.26:2026/home.aspx?scope=sys&lang=vi&wpid=thuthuatnewdraw&thuthuatid=dfb2f4c8-3081-4f6d-b6f8-b47201027c37&usid=172.31.255.1_ieu5y4m0p5o1dfluo0cjloo0ebd56fc4&st=140859",
          "onclick": ""
        },
        {
          "text": "NGUYỄN PHI ĐỨC",
          "href": "http://192.168.2.26:2026/home.aspx?scope=sys&lang=vi&wpid=thuthuatnewdraw&thuthuatid=dfb2f4c8-3081-4f6d-b6f8-b47201027c37&usid=172.31.255.1_ieu5y4m0p5o1dfluo0cjloo0ebd56fc4&st=140859",
          "onclick": ""
        },
        {
          "text": "Nam",
          "href": "http://192.168.2.26:2026/home.aspx?scope=sys&lang=vi&wpid=thuthuatnewdraw&thuthuatid=dfb2f4c8-3081-4f6d-b6f8-b47201027c37&usid=172.31.255.1_ieu5y4m0p5o1dfluo0cjloo0ebd56fc4&st=140859",
          "onclick": ""
        },
        {
          "text": "28 tuổi",
          "href": "http://192.168.2.26:2026/home.aspx?scope=sys&lang=vi&wpid=thuthuatnewdraw&thuthuatid=dfb2f4c8-3081-4f6d-b6f8-b47201027c37&usid=172.31.255.1_ieu5y4m0p5o1dfluo0cjloo0ebd56fc4&st=140859",
          "onclick": ""
        },
        {
          "text": "Viện phí",
          "href": "http://192.168.2.26:2026/home.aspx?scope=sys&lang=vi&wpid=thuthuatnewdraw&thuthuatid=dfb2f4c8-3081-4f6d-b6f8-b47201027c37&usid=172.31.255.1_ieu5y4m0p5o1dfluo0cjloo0ebd56fc4&st=140859",
          "onclick": ""
        },
        {
          "text": "PHÒNG KHÁM CHẤN THƯƠNG CHỈNH HÌNH - 20B",
          "href": "http://192.168.2.26:2026/home.aspx?scope=sys&lang=vi&wpid=thuthuatnewdraw&thuthuatid=dfb2f4c8-3081-4f6d-b6f8-b47201027c37&usid=172.31.255.1_ieu5y4m0p5o1dfluo0cjloo0ebd56fc4&st=140859",
          "onclick": ""
        },
        {
          "text": "Hút ổ viêm/áp xe phần mềm",
          "href": "http://192.168.2.26:2026/home.aspx?scope=sys&lang=vi&wpid=thuthuatnewdraw&thuthuatid=dfb2f4c8-3081-4f6d-b6f8-b47201027c37&usid=172.31.255.1_ieu5y4m0p5o1dfluo0cjloo0ebd56fc4&st=140859",
          "onclick": ""
        },
        {
          "text": "0",
          "href": "http://192.168.2.26:2026/home.aspx?scope=sys&lang=vi&wpid=thuthuatnewdraw&thuthuatid=dfb2f4c8-3081-4f6d-b6f8-b47201027c37&usid=172.31.255.1_ieu5y4m0p5o1dfluo0cjloo0ebd56fc4&st=140859",
          "onclick": ""
        },
        {
          "text": "518,000",
          "href": "http://192.168.2.26:2026/home.aspx?scope=sys&lang=vi&wpid=thuthuatnewdraw&thuthuatid=dfb2f4c8-3081-4f6d-b6f8-b47201027c37&usid=172.31.255.1_ieu5y4m0p5o1dfluo0cjloo0ebd56fc4&st=140859",
          "onclick": ""
        },
        {
          "text": "Thường",
          "href": "http://192.168.2.26:2026/home.aspx?scope=sys&lang=vi&wpid=thuthuatnewdraw&thuthuatid=dfb2f4c8-3081-4f6d-b6f8-b47201027c37&usid=172.31.255.1_ieu5y4m0p5o1dfluo0cjloo0ebd56fc4&st=140859",
          "onclick": ""
        },
        {
          "text": "15:37 23/06/2026",
          "href": "http://192.168.2.26:2026/home.aspx?scope=sys&lang=vi&wpid=thuthuatnewdraw&thuthuatid=dfb2f4c8-3081-4f6d-b6f8-b47201027c37&usid=172.31.255.1_ieu5y4m0p5o1dfluo0cjloo0ebd56fc4&st=140859",
          "onclick": ""
        },
        {
          "text": "Chờ thực hiện",
          "href": "http://192.168.2.26:2026/home.aspx?scope=sys&lang=vi&wpid=thuthuatnewdraw&thuthuatid=dfb2f4c8-3081-4f6d-b6f8-b47201027c37&usid=172.31.255.1_ieu5y4m0p5o1dfluo0cjloo0ebd56fc4&st=140859",
          "onclick": ""
        }
      ]
    }
  ]
}
[2026-07-23 14:09:02.063] [CANDIDATES] D/s Thủ thuật: có 1 ứng viên cùng người bệnh
{
  "candidates": [
    {
      "list_score": 205.0,
      "list_datetime": "2026-06-23 15:37:00",
      "list_time_source": "Thời gian chỉ định",
      "list_method": "Hút ổ viêm/áp xe phần mềm",
      "list_method_source": "Chỉ định thủ thuật",
      "method_score": 1.0,
      "detail_marker": "http://192.168.2.26:2026/home.aspx?scope=sys&lang=vi&wpid=thuthuatnewdraw&thuthuatid=dfb2f4c8-3081-4f6d-b6f8-b47201027c37&usid=172.31.255.1_ieu5y4m0p5o1dfluo0cjloo0ebd56fc4&st=140859",
      "row": {
        "access_id": "dfb2f4c8-3081-4f6d-b6f8-b47201027c37",
        "known_fields": {
          "stt": "1",
          "ngay_thu_thuat": "13:53 23/07/2026",
          "ma_bn": "26067481",
          "ho_ten": "NGUYỄN PHI ĐỨC",
          "gioi_tinh": "Nam",
          "tuoi": "28 tuổi",
          "doi_tuong": "Viện phí",
          "noi_chi_dinh": "PHÒNG KHÁM CHẤN THƯƠNG CHỈNH HÌNH - 20B",
          "chi_dinh_thu_thuat": "Hút ổ viêm/áp xe phần mềm",
          "tam_ung": "0",
          "phai_thanh_toan": "518,000",
          "tinh_trang": "Thường",
          "thoi_gian_chi_dinh": "15:37 23/06/2026",
          "trang_thai": "Chờ thực hiện"
        },
        "raw_text": "1 13:53 23/07/2026 26067481 NGUYỄN PHI ĐỨC Nam 28 tuổi Viện phí PHÒNG KHÁM CHẤN THƯƠNG CHỈNH HÌNH - 20B Hút ổ viêm/áp xe phần mềm 0 518,000 Thường 15:37 23/06/2026 Chờ thực hiện",
        "links": [
          {
            "text": "1",
            "href": "http://192.168.2.26:2026/home.aspx?scope=sys&lang=vi&wpid=thuthuatnewdraw&thuthuatid=dfb2f4c8-3081-4f6d-b6f8-b47201027c37&usid=172.31.255.1_ieu5y4m0p5o1dfluo0cjloo0ebd56fc4&st=140859",
            "onclick": ""
          },
          {
            "text": "13:53 23/07/2026",
            "href": "http://192.168.2.26:2026/home.aspx?scope=sys&lang=vi&wpid=thuthuatnewdraw&thuthuatid=dfb2f4c8-3081-4f6d-b6f8-b47201027c37&usid=172.31.255.1_ieu5y4m0p5o1dfluo0cjloo0ebd56fc4&st=140859",
            "onclick": ""
          },
          {
            "text": "26067481",
            "href": "http://192.168.2.26:2026/home.aspx?scope=sys&lang=vi&wpid=thuthuatnewdraw&thuthuatid=dfb2f4c8-3081-4f6d-b6f8-b47201027c37&usid=172.31.255.1_ieu5y4m0p5o1dfluo0cjloo0ebd56fc4&st=140859",
            "onclick": ""
          },
          {
            "text": "NGUYỄN PHI ĐỨC",
            "href": "http://192.168.2.26:2026/home.aspx?scope=sys&lang=vi&wpid=thuthuatnewdraw&thuthuatid=dfb2f4c8-3081-4f6d-b6f8-b47201027c37&usid=172.31.255.1_ieu5y4m0p5o1dfluo0cjloo0ebd56fc4&st=140859",
            "onclick": ""
          },
          {
            "text": "Nam",
            "href": "http://192.168.2.26:2026/home.aspx?scope=sys&lang=vi&wpid=thuthuatnewdraw&thuthuatid=dfb2f4c8-3081-4f6d-b6f8-b47201027c37&usid=172.31.255.1_ieu5y4m0p5o1dfluo0cjloo0ebd56fc4&st=140859",
            "onclick": ""
          },
          {
            "text": "28 tuổi",
            "href": "http://192.168.2.26:2026/home.aspx?scope=sys&lang=vi&wpid=thuthuatnewdraw&thuthuatid=dfb2f4c8-3081-4f6d-b6f8-b47201027c37&usid=172.31.255.1_ieu5y4m0p5o1dfluo0cjloo0ebd56fc4&st=140859",
            "onclick": ""
          },
          {
            "text": "Viện phí",
            "href": "http://192.168.2.26:2026/home.aspx?scope=sys&lang=vi&wpid=thuthuatnewdraw&thuthuatid=dfb2f4c8-3081-4f6d-b6f8-b47201027c37&usid=172.31.255.1_ieu5y4m0p5o1dfluo0cjloo0ebd56fc4&st=140859",
            "onclick": ""
          },
          {
            "text": "PHÒNG KHÁM CHẤN THƯƠNG CHỈNH HÌNH - 20B",
            "href": "http://192.168.2.26:2026/home.aspx?scope=sys&lang=vi&wpid=thuthuatnewdraw&thuthuatid=dfb2f4c8-3081-4f6d-b6f8-b47201027c37&usid=172.31.255.1_ieu5y4m0p5o1dfluo0cjloo0ebd56fc4&st=140859",
            "onclick": ""
          },
          {
            "text": "Hút ổ viêm/áp xe phần mềm",
            "href": "http://192.168.2.26:2026/home.aspx?scope=sys&lang=vi&wpid=thuthuatnewdraw&thuthuatid=dfb2f4c8-3081-4f6d-b6f8-b47201027c37&usid=172.31.255.1_ieu5y4m0p5o1dfluo0cjloo0ebd56fc4&st=140859",
            "onclick": ""
          },
          {
            "text": "0",
            "href": "http://192.168.2.26:2026/home.aspx?scope=sys&lang=vi&wpid=thuthuatnewdraw&thuthuatid=dfb2f4c8-3081-4f6d-b6f8-b47201027c37&usid=172.31.255.1_ieu5y4m0p5o1dfluo0cjloo0ebd56fc4&st=140859",
            "onclick": ""
          },
          {
            "text": "518,000",
            "href": "http://192.168.2.26:2026/home.aspx?scope=sys&lang=vi&wpid=thuthuatnewdraw&thuthuatid=dfb2f4c8-3081-4f6d-b6f8-b47201027c37&usid=172.31.255.1_ieu5y4m0p5o1dfluo0cjloo0ebd56fc4&st=140859",
            "onclick": ""
          },
          {
            "text": "Thường",
            "href": "http://192.168.2.26:2026/home.aspx?scope=sys&lang=vi&wpid=thuthuatnewdraw&thuthuatid=dfb2f4c8-3081-4f6d-b6f8-b47201027c37&usid=172.31.255.1_ieu5y4m0p5o1dfluo0cjloo0ebd56fc4&st=140859",
            "onclick": ""
          },
          {
            "text": "15:37 23/06/2026",
            "href": "http://192.168.2.26:2026/home.aspx?scope=sys&lang=vi&wpid=thuthuatnewdraw&thuthuatid=dfb2f4c8-3081-4f6d-b6f8-b47201027c37&usid=172.31.255.1_ieu5y4m0p5o1dfluo0cjloo0ebd56fc4&st=140859",
            "onclick": ""
          },
          {
            "text": "Chờ thực hiện",
            "href": "http://192.168.2.26:2026/home.aspx?scope=sys&lang=vi&wpid=thuthuatnewdraw&thuthuatid=dfb2f4c8-3081-4f6d-b6f8-b47201027c37&usid=172.31.255.1_ieu5y4m0p5o1dfluo0cjloo0ebd56fc4&st=140859",
            "onclick": ""
          }
        ]
      }
    }
  ]
}
[2026-07-23 14:09:02.065] [DETAIL_BEGIN] D/s Thủ thuật: mở ứng viên 1
{
  "detail_marker": "http://192.168.2.26:2026/home.aspx?scope=sys&lang=vi&wpid=thuthuatnewdraw&thuthuatid=dfb2f4c8-3081-4f6d-b6f8-b47201027c37&usid=172.31.255.1_ieu5y4m0p5o1dfluo0cjloo0ebd56fc4&st=140859",
  "list_datetime": "2026-06-23 15:37:00",
  "list_method": "Hút ổ viêm/áp xe phần mềm",
  "row": {
    "access_id": "dfb2f4c8-3081-4f6d-b6f8-b47201027c37",
    "known_fields": {
      "stt": "1",
      "ngay_thu_thuat": "13:53 23/07/2026",
      "ma_bn": "26067481",
      "ho_ten": "NGUYỄN PHI ĐỨC",
      "gioi_tinh": "Nam",
      "tuoi": "28 tuổi",
      "doi_tuong": "Viện phí",
      "noi_chi_dinh": "PHÒNG KHÁM CHẤN THƯƠNG CHỈNH HÌNH - 20B",
      "chi_dinh_thu_thuat": "Hút ổ viêm/áp xe phần mềm",
      "tam_ung": "0",
      "phai_thanh_toan": "518,000",
      "tinh_trang": "Thường",
      "thoi_gian_chi_dinh": "15:37 23/06/2026",
      "trang_thai": "Chờ thực hiện"
    },
    "raw_text": "1 13:53 23/07/2026 26067481 NGUYỄN PHI ĐỨC Nam 28 tuổi Viện phí PHÒNG KHÁM CHẤN THƯƠNG CHỈNH HÌNH - 20B Hút ổ viêm/áp xe phần mềm 0 518,000 Thường 15:37 23/06/2026 Chờ thực hiện",
    "links": [
      {
        "text": "1",
        "href": "http://192.168.2.26:2026/home.aspx?scope=sys&lang=vi&wpid=thuthuatnewdraw&thuthuatid=dfb2f4c8-3081-4f6d-b6f8-b47201027c37&usid=172.31.255.1_ieu5y4m0p5o1dfluo0cjloo0ebd56fc4&st=140859",
        "onclick": ""
      },
      {
        "text": "13:53 23/07/2026",
        "href": "http://192.168.2.26:2026/home.aspx?scope=sys&lang=vi&wpid=thuthuatnewdraw&thuthuatid=dfb2f4c8-3081-4f6d-b6f8-b47201027c37&usid=172.31.255.1_ieu5y4m0p5o1dfluo0cjloo0ebd56fc4&st=140859",
        "onclick": ""
      },
      {
        "text": "26067481",
        "href": "http://192.168.2.26:2026/home.aspx?scope=sys&lang=vi&wpid=thuthuatnewdraw&thuthuatid=dfb2f4c8-3081-4f6d-b6f8-b47201027c37&usid=172.31.255.1_ieu5y4m0p5o1dfluo0cjloo0ebd56fc4&st=140859",
        "onclick": ""
      },
      {
        "text": "NGUYỄN PHI ĐỨC",
        "href": "http://192.168.2.26:2026/home.aspx?scope=sys&lang=vi&wpid=thuthuatnewdraw&thuthuatid=dfb2f4c8-3081-4f6d-b6f8-b47201027c37&usid=172.31.255.1_ieu5y4m0p5o1dfluo0cjloo0ebd56fc4&st=140859",
        "onclick": ""
      },
      {
        "text": "Nam",
        "href": "http://192.168.2.26:2026/home.aspx?scope=sys&lang=vi&wpid=thuthuatnewdraw&thuthuatid=dfb2f4c8-3081-4f6d-b6f8-b47201027c37&usid=172.31.255.1_ieu5y4m0p5o1dfluo0cjloo0ebd56fc4&st=140859",
        "onclick": ""
      },
      {
        "text": "28 tuổi",
        "href": "http://192.168.2.26:2026/home.aspx?scope=sys&lang=vi&wpid=thuthuatnewdraw&thuthuatid=dfb2f4c8-3081-4f6d-b6f8-b47201027c37&usid=172.31.255.1_ieu5y4m0p5o1dfluo0cjloo0ebd56fc4&st=140859",
        "onclick": ""
      },
      {
        "text": "Viện phí",
        "href": "http://192.168.2.26:2026/home.aspx?scope=sys&lang=vi&wpid=thuthuatnewdraw&thuthuatid=dfb2f4c8-3081-4f6d-b6f8-b47201027c37&usid=172.31.255.1_ieu5y4m0p5o1dfluo0cjloo0ebd56fc4&st=140859",
        "onclick": ""
      },
      {
        "text": "PHÒNG KHÁM CHẤN THƯƠNG CHỈNH HÌNH - 20B",
        "href": "http://192.168.2.26:2026/home.aspx?scope=sys&lang=vi&wpid=thuthuatnewdraw&thuthuatid=dfb2f4c8-3081-4f6d-b6f8-b47201027c37&usid=172.31.255.1_ieu5y4m0p5o1dfluo0cjloo0ebd56fc4&st=140859",
        "onclick": ""
      },
      {
        "text": "Hút ổ viêm/áp xe phần mềm",
        "href": "http://192.168.2.26:2026/home.aspx?scope=sys&lang=vi&wpid=thuthuatnewdraw&thuthuatid=dfb2f4c8-3081-4f6d-b6f8-b47201027c37&usid=172.31.255.1_ieu5y4m0p5o1dfluo0cjloo0ebd56fc4&st=140859",
        "onclick": ""
      },
      {
        "text": "0",
        "href": "http://192.168.2.26:2026/home.aspx?scope=sys&lang=vi&wpid=thuthuatnewdraw&thuthuatid=dfb2f4c8-3081-4f6d-b6f8-b47201027c37&usid=172.31.255.1_ieu5y4m0p5o1dfluo0cjloo0ebd56fc4&st=140859",
        "onclick": ""
      },
      {
        "text": "518,000",
        "href": "http://192.168.2.26:2026/home.aspx?scope=sys&lang=vi&wpid=thuthuatnewdraw&thuthuatid=dfb2f4c8-3081-4f6d-b6f8-b47201027c37&usid=172.31.255.1_ieu5y4m0p5o1dfluo0cjloo0ebd56fc4&st=140859",
        "onclick": ""
      },
      {
        "text": "Thường",
        "href": "http://192.168.2.26:2026/home.aspx?scope=sys&lang=vi&wpid=thuthuatnewdraw&thuthuatid=dfb2f4c8-3081-4f6d-b6f8-b47201027c37&usid=172.31.255.1_ieu5y4m0p5o1dfluo0cjloo0ebd56fc4&st=140859",
        "onclick": ""
      },
      {
        "text": "15:37 23/06/2026",
        "href": "http://192.168.2.26:2026/home.aspx?scope=sys&lang=vi&wpid=thuthuatnewdraw&thuthuatid=dfb2f4c8-3081-4f6d-b6f8-b47201027c37&usid=172.31.255.1_ieu5y4m0p5o1dfluo0cjloo0ebd56fc4&st=140859",
        "onclick": ""
      },
      {
        "text": "Chờ thực hiện",
        "href": "http://192.168.2.26:2026/home.aspx?scope=sys&lang=vi&wpid=thuthuatnewdraw&thuthuatid=dfb2f4c8-3081-4f6d-b6f8-b47201027c37&usid=172.31.255.1_ieu5y4m0p5o1dfluo0cjloo0ebd56fc4&st=140859",
        "onclick": ""
      }
    ]
  }
}
[2026-07-23 14:09:02.074] [BROWSER] [DETAIL] kind=procedure; access_id=dfb2f4c8-3081-4f6d-b6f8-b47201027c37; direct_url=yes; onclick=no
[2026-07-23 14:09:02.075] [BROWSER] [DETAIL] Mở liên kết trực tiếp: http://192.168.2.26:2026/home.aspx?scope=sys&lang=vi&wpid=thuthuatnewdraw&thuthuatid=dfb2f4c8-3081-4f6d-b6f8-b47201027c37&usid=172.31.255.1_ieu5y4m0p5o1dfluo0cjloo0ebd56fc4&st=140859
[2026-07-23 14:09:02.980] [BROWSER] [DETAIL] Dữ liệu đọc được: {"ajax_active": 0, "complete_info": "", "current_url": "http://192.168.2.26:2026/home.aspx?scope=sys&lang=vi&wpid=thuthuatnewdraw&thuthuatid=dfb2f4c8-3081-4f6d-b6f8-b47201027c37&usid=172.31.255.1_ieu5y4m0p5o1dfluo0cjloo0ebd56fc4&st=140859", "doctor": "Trần Quốc Toản", "doctor_candidates": [{"id": "txtBacSyChiDinh", "value": "Trần Quốc Toản"}, {"id": "txtBacSiChiDinh", "value": ""}], "doctor_field": "txtBacSyChiDinh", "doctor_found": true, "method": "Hút ổ viêm/áp xe phần mềm", "method_candidates": [{"id": "txtChiDinh", "value": "Hút ổ viêm/áp xe phần mềm"}, {"id": "cbbPhuongPhapTT", "value": ""}], "method_field": "txtChiDinh", "patient_info": "(26067481 | NGUYỄN PHI ĐỨC, 08/11/1998, Nam, 28 tuổi | Viện phí)", "root_found": true, "start_candidates": [{"id": "txtThoiGianChiDinh", "value": "15:37 23/06/2026"}, {"id": "txtTgBatDau", "value": "14:08 23/07/2026"}], "start_time": "15:37 23/06/2026", "start_time_field": "txtThoiGianChiDinh"}
[2026-07-23 14:09:02.983] [BROWSER] [DETAIL] Nguồn bác sĩ: Bác sĩ chỉ định; field=txtBacSyChiDinh; value=Trần Quốc Toản
[2026-07-23 14:09:02.985] [DETAIL_OK] D/s Thủ thuật: đọc được hồ sơ chi tiết
{
  "doctor_from_emr": "Trần Quốc Toản",
  "mapped_alias": "TOẢN",
  "mapped_name": "Trần Quốc Toản",
  "start_time": "15:37 23/06/2026",
  "start_time_field": "txtThoiGianChiDinh",
  "method": "Hút ổ viêm/áp xe phần mềm",
  "method_field": "txtChiDinh",
  "list_time_source": "Thời gian chỉ định",
  "list_method_source": "Chỉ định thủ thuật",
  "current_url": "http://192.168.2.26:2026/home.aspx?scope=sys&lang=vi&wpid=thuthuatnewdraw&thuthuatid=dfb2f4c8-3081-4f6d-b6f8-b47201027c37&usid=172.31.255.1_ieu5y4m0p5o1dfluo0cjloo0ebd56fc4&st=140859",
  "total_score": 655.0,
  "method_score": 1.0
}
[2026-07-23 14:09:02.987] [EVALUATED] D/s Thủ thuật: đánh giá 1 hồ sơ
{
  "items": [
    {
      "doctor": "Trần Quốc Toản",
      "alias": "TOẢN",
      "detail_datetime": "2026-06-23 15:37:00",
      "method_score": 1.0,
      "total_score": 655.0,
      "confidence_ok": true
    }
  ]
}
[2026-07-23 14:09:02.988] [SOURCE_MATCH] D/s Thủ thuật: đã chọn bác sĩ, không tìm nguồn còn lại
{
  "alias": "TOẢN"
}
[2026-07-23 14:09:03.707] [AUTOSAVE_ROW] Dòng 93: đã điền TOẢN và lưu ngay
{
  "patient": "NGUYỄN PHI ĐỨC",
  "source": "D/s Thủ thuật",
  "doctor_name": "Trần Quốc Toản",
  "emr_doctor": "Trần Quốc Toản",
  "matched_time": "15:37 23/06/2026",
  "matched_method": "Hút ổ viêm/áp xe phần mềm",
  "progress": "10/10",
  "output": "E:\\Thong_ke\\node_outputs\\PM khoa CTCH T6_NHAP_LIEU.xlsx"
}
[2026-07-23 14:09:03.708] [ROW_END] Kết thúc dòng 93
{
  "status": "updated",
  "new_value": "TOẢN",
  "reason": null
}
[2026-07-23 14:09:06.067] [BROWSER_CLOSE] Đã đóng trình duyệt EMR
[2026-07-23 14:09:06.615] [FINISH] Kết thúc phiên đối chiếu EMR
{
  "updatedRows": 10,
  "unmatchedRows": 0
}
