[2026-07-23 18:29:21.855] [START] Bắt đầu phiên đối chiếu EMR
{
  "folder": "E:\\Thong_ke\\emr_debug\\20260723_182921_852"
}
[2026-07-23 18:29:21.857] [CONFIG] Thông tin phiên chạy
{
  "input_file": "E:\\Thong_ke\\node_outputs\\PM khoa CTCH T6_NHAP_LIEU.xlsx",
  "output_file": "E:\\Thong_ke\\node_outputs\\PM khoa CTCH T6_NHAP_LIEU.xlsx",
  "config_file": "E:\\Thong_ke\\emr_config.json",
  "only_row": null,
  "headless_arg": false
}
[2026-07-23 18:29:22.794] [WORKBOOK] Đã đọc sheet tieuphau
{
  "sheet": "tieuphau",
  "header_row": 6,
  "total_row": 115,
  "columns": {
    "stt": 1,
    "ngay": 2,
    "hovaten": 3,
    "tuoi": 4,
    "tencls": 5,
    "soluong": 6,
    "thanhtien": 7,
    "bacsi": 8,
    "sotien": 9,
    "dieuduong": 10,
    "thuclanh": 12
  },
  "headers": {
    "1": "STT",
    "2": "Ngày",
    "3": "Họ và tên",
    "4": "Tuổi",
    "5": "Tên CLS",
    "6": "Số Lượng",
    "7": "Thành tiền",
    "8": "Bác Sĩ",
    "9": "Số Tiền",
    "10": "Điều Dưỡng",
    "11": "Số Tiền",
    "12": "Thực Lãnh"
  },
  "doctor_count": 29
}
[2026-07-23 18:29:22.798] [SKIP_VALID] Dòng 7: đã là bác sĩ hợp lệ
{
  "value": "HOAN"
}
[2026-07-23 18:29:22.799] [SKIP_VALID] Dòng 8: đã là bác sĩ hợp lệ
{
  "value": "BẢO"
}
[2026-07-23 18:29:22.799] [SKIP_VALID] Dòng 9: đã là bác sĩ hợp lệ
{
  "value": "V.TÂN"
}
[2026-07-23 18:29:22.800] [SKIP_VALID] Dòng 10: đã là bác sĩ hợp lệ
{
  "value": "TOẢN"
}
[2026-07-23 18:29:22.801] [SKIP_VALID] Dòng 11: đã là bác sĩ hợp lệ
{
  "value": "TÚ"
}
[2026-07-23 18:29:22.803] [SKIP_VALID] Dòng 12: đã là bác sĩ hợp lệ
{
  "value": "TÚ"
}
[2026-07-23 18:29:22.804] [SKIP_VALID] Dòng 13: đã là bác sĩ hợp lệ
{
  "value": "G.TỬ"
}
[2026-07-23 18:29:22.805] [SKIP_VALID] Dòng 14: đã là bác sĩ hợp lệ
{
  "value": "HOAN"
}
[2026-07-23 18:29:22.806] [SKIP_VALID] Dòng 15: đã là bác sĩ hợp lệ
{
  "value": "SƠN"
}
[2026-07-23 18:29:22.807] [SKIP_VALID] Dòng 16: đã là bác sĩ hợp lệ
{
  "value": "V.TÂN"
}
[2026-07-23 18:29:22.808] [SKIP_VALID] Dòng 17: đã là bác sĩ hợp lệ
{
  "value": "TÚ"
}
[2026-07-23 18:29:22.809] [SKIP_VALID] Dòng 18: đã là bác sĩ hợp lệ
{
  "value": "TÚ"
}
[2026-07-23 18:29:22.810] [SKIP_VALID] Dòng 19: đã là bác sĩ hợp lệ
{
  "value": "DUY"
}
[2026-07-23 18:29:22.811] [SKIP_VALID] Dòng 20: đã là bác sĩ hợp lệ
{
  "value": "HOAN"
}
[2026-07-23 18:29:22.812] [SKIP_VALID] Dòng 21: đã là bác sĩ hợp lệ
{
  "value": "HOAN"
}
[2026-07-23 18:29:22.813] [SKIP_VALID] Dòng 22: đã là bác sĩ hợp lệ
{
  "value": "SƠN"
}
[2026-07-23 18:29:22.814] [SKIP_VALID] Dòng 23: đã là bác sĩ hợp lệ
{
  "value": "V.TÂN"
}
[2026-07-23 18:29:22.814] [SKIP_VALID] Dòng 24: đã là bác sĩ hợp lệ
{
  "value": "V.TÂN"
}
[2026-07-23 18:29:22.815] [SKIP_VALID] Dòng 25: đã là bác sĩ hợp lệ
{
  "value": "TOẢN"
}
[2026-07-23 18:29:22.816] [SKIP_VALID] Dòng 26: đã là bác sĩ hợp lệ
{
  "value": "TOẢN"
}
[2026-07-23 18:29:22.817] [SKIP_VALID] Dòng 27: đã là bác sĩ hợp lệ
{
  "value": "BẢO"
}
[2026-07-23 18:29:22.818] [SKIP_VALID] Dòng 28: đã là bác sĩ hợp lệ
{
  "value": "HOAN"
}
[2026-07-23 18:29:22.819] [SKIP_VALID] Dòng 29: đã là bác sĩ hợp lệ
{
  "value": "SƠN"
}
[2026-07-23 18:29:22.820] [SKIP_VALID] Dòng 30: đã là bác sĩ hợp lệ
{
  "value": "SƠN"
}
[2026-07-23 18:29:22.820] [SKIP_VALID] Dòng 31: đã là bác sĩ hợp lệ
{
  "value": "SƠN"
}
[2026-07-23 18:29:22.821] [SKIP_VALID] Dòng 32: đã là bác sĩ hợp lệ
{
  "value": "SƠN"
}
[2026-07-23 18:29:22.822] [SKIP_VALID] Dòng 33: đã là bác sĩ hợp lệ
{
  "value": "BẢO"
}
[2026-07-23 18:29:22.823] [SKIP_VALID] Dòng 34: đã là bác sĩ hợp lệ
{
  "value": "V.TÂN"
}
[2026-07-23 18:29:22.824] [SKIP_VALID] Dòng 35: đã là bác sĩ hợp lệ
{
  "value": "V.TÂN"
}
[2026-07-23 18:29:22.824] [SKIP_VALID] Dòng 36: đã là bác sĩ hợp lệ
{
  "value": "TÚ"
}
[2026-07-23 18:29:22.825] [SKIP_VALID] Dòng 37: đã là bác sĩ hợp lệ
{
  "value": "TÚ"
}
[2026-07-23 18:29:22.826] [SKIP_VALID] Dòng 38: đã là bác sĩ hợp lệ
{
  "value": "TÚ"
}
[2026-07-23 18:29:22.827] [SKIP_VALID] Dòng 39: đã là bác sĩ hợp lệ
{
  "value": "G.TỬ"
}
[2026-07-23 18:29:22.827] [SKIP_VALID] Dòng 40: đã là bác sĩ hợp lệ
{
  "value": "ĐIỀN"
}
[2026-07-23 18:29:22.828] [SKIP_VALID] Dòng 41: đã là bác sĩ hợp lệ
{
  "value": "G.TỬ"
}
[2026-07-23 18:29:22.829] [SKIP_VALID] Dòng 42: đã là bác sĩ hợp lệ
{
  "value": "HOAN"
}
[2026-07-23 18:29:22.830] [SKIP_VALID] Dòng 43: đã là bác sĩ hợp lệ
{
  "value": "V.TÂN"
}
[2026-07-23 18:29:22.830] [SKIP_VALID] Dòng 44: đã là bác sĩ hợp lệ
{
  "value": "SƠN"
}
[2026-07-23 18:29:22.831] [SKIP_VALID] Dòng 45: đã là bác sĩ hợp lệ
{
  "value": "V.TÂN"
}
[2026-07-23 18:29:22.832] [SKIP_VALID] Dòng 46: đã là bác sĩ hợp lệ
{
  "value": "HOAN"
}
[2026-07-23 18:29:22.833] [SKIP_VALID] Dòng 47: đã là bác sĩ hợp lệ
{
  "value": "SƠN"
}
[2026-07-23 18:29:22.834] [SKIP_VALID] Dòng 48: đã là bác sĩ hợp lệ
{
  "value": "V.TÂN"
}
[2026-07-23 18:29:22.835] [SKIP_VALID] Dòng 49: đã là bác sĩ hợp lệ
{
  "value": "V.TÂN"
}
[2026-07-23 18:29:22.835] [SKIP_VALID] Dòng 50: đã là bác sĩ hợp lệ
{
  "value": "TOẢN"
}
[2026-07-23 18:29:22.836] [SKIP_VALID] Dòng 51: đã là bác sĩ hợp lệ
{
  "value": "TOẢN"
}
[2026-07-23 18:29:22.837] [SKIP_VALID] Dòng 52: đã là bác sĩ hợp lệ
{
  "value": "TÚ"
}
[2026-07-23 18:29:22.838] [SKIP_VALID] Dòng 53: đã là bác sĩ hợp lệ
{
  "value": "TÚ"
}
[2026-07-23 18:29:22.839] [SKIP_VALID] Dòng 54: đã là bác sĩ hợp lệ
{
  "value": "DUY"
}
[2026-07-23 18:29:22.839] [SKIP_VALID] Dòng 55: đã là bác sĩ hợp lệ
{
  "value": "DUY"
}
[2026-07-23 18:29:22.840] [SKIP_VALID] Dòng 56: đã là bác sĩ hợp lệ
{
  "value": "HOAN"
}
[2026-07-23 18:29:22.841] [SKIP_VALID] Dòng 57: đã là bác sĩ hợp lệ
{
  "value": "V.TÂN"
}
[2026-07-23 18:29:22.842] [SKIP_VALID] Dòng 58: đã là bác sĩ hợp lệ
{
  "value": "V.TÂN"
}
[2026-07-23 18:29:22.842] [SKIP_VALID] Dòng 59: đã là bác sĩ hợp lệ
{
  "value": "V.TÂN"
}
[2026-07-23 18:29:22.843] [SKIP_VALID] Dòng 60: đã là bác sĩ hợp lệ
{
  "value": "SƠN"
}
[2026-07-23 18:29:22.844] [SKIP_VALID] Dòng 61: đã là bác sĩ hợp lệ
{
  "value": "SƠN"
}
[2026-07-23 18:29:22.845] [SKIP_VALID] Dòng 62: đã là bác sĩ hợp lệ
{
  "value": "BẢO"
}
[2026-07-23 18:29:22.845] [SKIP_VALID] Dòng 63: đã là bác sĩ hợp lệ
{
  "value": "BẢO"
}
[2026-07-23 18:29:22.846] [SKIP_VALID] Dòng 64: đã là bác sĩ hợp lệ
{
  "value": "V.TÂN"
}
[2026-07-23 18:29:22.847] [SKIP_VALID] Dòng 65: đã là bác sĩ hợp lệ
{
  "value": "V.TÂN"
}
[2026-07-23 18:29:22.848] [SKIP_VALID] Dòng 66: đã là bác sĩ hợp lệ
{
  "value": "V.TÂN"
}
[2026-07-23 18:29:22.849] [SKIP_VALID] Dòng 67: đã là bác sĩ hợp lệ
{
  "value": "TOẢN"
}
[2026-07-23 18:29:22.850] [SKIP_VALID] Dòng 68: đã là bác sĩ hợp lệ
{
  "value": "ĐIỀN"
}
[2026-07-23 18:29:22.851] [SKIP_VALID] Dòng 69: đã là bác sĩ hợp lệ
{
  "value": "V.TÂN"
}
[2026-07-23 18:29:22.851] [SKIP_VALID] Dòng 70: đã là bác sĩ hợp lệ
{
  "value": "V.TÂN"
}
[2026-07-23 18:29:22.852] [SKIP_VALID] Dòng 71: đã là bác sĩ hợp lệ
{
  "value": "SƠN"
}
[2026-07-23 18:29:22.853] [SKIP_VALID] Dòng 72: đã là bác sĩ hợp lệ
{
  "value": "V.TÂN"
}
[2026-07-23 18:29:22.853] [SKIP_VALID] Dòng 73: đã là bác sĩ hợp lệ
{
  "value": "V.TÂN"
}
[2026-07-23 18:29:22.855] [SKIP_VALID] Dòng 74: đã là bác sĩ hợp lệ
{
  "value": "V.TÂN"
}
[2026-07-23 18:29:22.856] [SKIP_VALID] Dòng 75: đã là bác sĩ hợp lệ
{
  "value": "HOAN"
}
[2026-07-23 18:29:22.857] [SKIP_VALID] Dòng 76: đã là bác sĩ hợp lệ
{
  "value": "HOAN"
}
[2026-07-23 18:29:22.857] [SKIP_VALID] Dòng 77: đã là bác sĩ hợp lệ
{
  "value": "HOAN"
}
[2026-07-23 18:29:22.858] [SKIP_VALID] Dòng 78: đã là bác sĩ hợp lệ
{
  "value": "TÚ"
}
[2026-07-23 18:29:22.859] [SKIP_VALID] Dòng 79: đã là bác sĩ hợp lệ
{
  "value": "DUY"
}
[2026-07-23 18:29:22.860] [SKIP_VALID] Dòng 80: đã là bác sĩ hợp lệ
{
  "value": "DUY"
}
[2026-07-23 18:29:22.860] [SKIP_VALID] Dòng 81: đã là bác sĩ hợp lệ
{
  "value": "HOAN"
}
[2026-07-23 18:29:22.861] [SKIP_VALID] Dòng 82: đã là bác sĩ hợp lệ
{
  "value": "V.TÂN"
}
[2026-07-23 18:29:22.862] [SKIP_VALID] Dòng 83: đã là bác sĩ hợp lệ
{
  "value": "BẢO"
}
[2026-07-23 18:29:22.863] [SKIP_VALID] Dòng 84: đã là bác sĩ hợp lệ
{
  "value": "BẢO"
}
[2026-07-23 18:29:22.864] [SKIP_VALID] Dòng 85: đã là bác sĩ hợp lệ
{
  "value": "BẢO"
}
[2026-07-23 18:29:22.865] [SKIP_VALID] Dòng 86: đã là bác sĩ hợp lệ
{
  "value": "BẢO"
}
[2026-07-23 18:29:22.866] [SKIP_VALID] Dòng 87: đã là bác sĩ hợp lệ
{
  "value": "V.TÂN"
}
[2026-07-23 18:29:22.867] [SKIP_VALID] Dòng 88: đã là bác sĩ hợp lệ
{
  "value": "V.TÂN"
}
[2026-07-23 18:29:22.867] [SKIP_VALID] Dòng 89: đã là bác sĩ hợp lệ
{
  "value": "V.TÂN"
}
[2026-07-23 18:29:22.868] [SKIP_VALID] Dòng 90: đã là bác sĩ hợp lệ
{
  "value": "TOẢN"
}
[2026-07-23 18:29:22.869] [SKIP_VALID] Dòng 91: đã là bác sĩ hợp lệ
{
  "value": "TOẢN"
}
[2026-07-23 18:29:22.870] [SKIP_VALID] Dòng 92: đã là bác sĩ hợp lệ
{
  "value": "TOẢN"
}
[2026-07-23 18:29:22.870] [SKIP_VALID] Dòng 93: đã là bác sĩ hợp lệ
{
  "value": "TOẢN"
}
[2026-07-23 18:29:22.871] [SKIP_VALID] Dòng 94: đã là bác sĩ hợp lệ
{
  "value": "HOAN"
}
[2026-07-23 18:29:22.872] [SKIP_VALID] Dòng 95: đã là bác sĩ hợp lệ
{
  "value": "G.TỬ"
}
[2026-07-23 18:29:22.872] [SKIP_VALID] Dòng 96: đã là bác sĩ hợp lệ
{
  "value": "DUY"
}
[2026-07-23 18:29:22.873] [SKIP_VALID] Dòng 97: đã là bác sĩ hợp lệ
{
  "value": "V.TÂN"
}
[2026-07-23 18:29:22.874] [SKIP_VALID] Dòng 98: đã là bác sĩ hợp lệ
{
  "value": "V.TÂN"
}
[2026-07-23 18:29:22.875] [SKIP_VALID] Dòng 99: đã là bác sĩ hợp lệ
{
  "value": "V.TÂN"
}
[2026-07-23 18:29:22.875] [SKIP_VALID] Dòng 100: đã là bác sĩ hợp lệ
{
  "value": "V.TÂN"
}
[2026-07-23 18:29:22.876] [SKIP_VALID] Dòng 101: đã là bác sĩ hợp lệ
{
  "value": "BẢO"
}
[2026-07-23 18:29:22.877] [SKIP_VALID] Dòng 102: đã là bác sĩ hợp lệ
{
  "value": "SƠN"
}
[2026-07-23 18:29:22.877] [SKIP_VALID] Dòng 103: đã là bác sĩ hợp lệ
{
  "value": "V.TÂN"
}
[2026-07-23 18:29:22.878] [SKIP_VALID] Dòng 104: đã là bác sĩ hợp lệ
{
  "value": "V.TÂN"
}
[2026-07-23 18:29:22.880] [SKIP_VALID] Dòng 105: đã là bác sĩ hợp lệ
{
  "value": "V.TÂN"
}
[2026-07-23 18:29:22.882] [SKIP_VALID] Dòng 106: đã là bác sĩ hợp lệ
{
  "value": "TOẢN"
}
[2026-07-23 18:29:22.883] [TARGET_ROWS] Có 8 dòng cần kiểm tra EMR
{
  "rows": [
    107,
    108,
    109,
    110,
    111,
    112,
    113,
    114
  ],
  "skipped_valid": 100
}
[2026-07-23 18:29:24.080] [AUTOSAVE_INIT] Đã tạo/cập nhật file làm việc trước khi tìm EMR
{
  "output": "E:\\Thong_ke\\node_outputs\\PM khoa CTCH T6_NHAP_LIEU.xlsx"
}
[2026-07-23 18:29:24.081] [BROWSER_START] Khởi động trình duyệt EMR
{
  "headless": false
}
[2026-07-23 18:29:26.319] [BROWSER_READY] Trình duyệt EMR đã sẵn sàng
[2026-07-23 18:29:26.325] [ROW_BEGIN] [1/8] Bắt đầu dòng 107: NGUYỄN THỊ THANH THỦY
{
  "raw_time": "2026/06/01 09:31",
  "parsed_time": "09:31 01/06/2026",
  "method": "Điều trị thoái hóa khớp bằng huyết tương giàu tiểu cầu",
  "old_value": ""
}
[2026-07-23 18:29:26.327] [SEARCH_BEGIN] dòng 107: tìm NGUYỄN THỊ THANH THỦY tại D/s Thủ thuật
{
  "patient": "NGUYỄN THỊ THANH THỦY",
  "target_time": "2026-06-01 09:31:00",
  "target_method": "Điều trị thoái hóa khớp bằng huyết tương giàu tiểu cầu",
  "source": "procedure"
}
[2026-07-23 18:29:26.346] [BROWSER] [LOGIN] http://192.168.2.26:2026/login.aspx
[2026-07-23 18:29:28.394] [BROWSER] [LOGIN] Thành công: http://192.168.2.26:2026/home.aspx?scope=sys&lang=vi&role=323&usid=172.31.255.1_yxkdzoxvmcid1iu25j02tndge5d32f9b&st=182924
[2026-07-23 18:29:28.636] [BROWSER] [NAV] D/s Thủ thuật: http://192.168.2.26:2026/home.aspx?scope=sys&lang=vi&wpid=danhsachthuthuatdraw&role=323&usid=172.31.255.1_yxkdzoxvmcid1iu25j02tndge5d32f9b&st=182924
[2026-07-23 18:29:30.955] [BROWSER] [FILTER] 3 tháng
[2026-07-23 18:29:31.541] [BROWSER] [SEARCH] Nhập 'NGUYỄN THỊ THANH THỦY' vào #txtTimKiem
[2026-07-23 18:29:31.816] [BROWSER] [SEARCH] Đã bấm Tìm kiếm bằng #btnTimKiem
[2026-07-23 18:29:31.848] [BROWSER] [RESULT] D/s Thủ thuật: 1 dòng
[2026-07-23 18:29:31.858] [SEARCH_RESULT] D/s Thủ thuật: nhận 1 dòng
{
  "current_url": "http://192.168.2.26:2026/home.aspx?scope=sys&lang=vi&wpid=danhsachthuthuatdraw&role=323&usid=172.31.255.1_yxkdzoxvmcid1iu25j02tndge5d32f9b&st=182924",
  "search_input_id": "txtTimKiem",
  "search_trigger": "#btnTimKiem",
  "headers": [
    "STT",
    "Ngày thủ thuật",
    "Mã BN",
    "Họ tên",
    "Giới tính",
    "Tuổi",
    "Đối tượng",
    "Nơi chỉ định",
    "Chỉ định thủ thuật",
    "Tạm ứng",
    "Phải thanh toán",
    "Tình trạng",
    "Thời gian chỉ định",
    "Trạng thái"
  ],
  "rows": [
    {
      "access_id": "accb0973-ef20-40e9-94c3-b45c009ee37b",
      "known_fields": {
        "stt": "1",
        "ngay_thu_thuat": "09:31 01/06/2026",
        "ma_bn": "26016747",
        "ho_ten": "NGUYỄN THỊ THANH THỦY",
        "gioi_tinh": "Nữ",
        "tuoi": "67 tuổi",
        "doi_tuong": "Bảo hiểm",
        "noi_chi_dinh": "PHÒNG KHÁM CHẤN THƯƠNG CHỈNH HÌNH - 20",
        "chi_dinh_thu_thuat": "Điều trị thoái hóa khớp bằng huyết tương giàu tiểu cầu",
        "tam_ung": "0",
        "phai_thanh_toan": "0",
        "tinh_trang": "Thường",
        "thoi_gian_chi_dinh": "09:31 01/06/2026",
        "trang_thai": "Hoàn tất"
      },
      "raw_text": "1 09:31 01/06/2026 26016747 NGUYỄN THỊ THANH THỦY Nữ 67 tuổi Bảo hiểm PHÒNG KHÁM CHẤN THƯƠNG CHỈNH HÌNH - 20 Điều trị thoái hóa khớp bằng huyết tương giàu tiểu cầu 0 0 Thường 09:31 01/06/2026 Hoàn tất",
      "links": [
        {
          "text": "1",
          "href": "http://192.168.2.26:2026/home.aspx?scope=sys&lang=vi&wpid=thuthuatnewdraw&thuthuatid=accb0973-ef20-40e9-94c3-b45c009ee37b&usid=172.31.255.1_yxkdzoxvmcid1iu25j02tndge5d32f9b&st=182928",
          "onclick": ""
        },
        {
          "text": "09:31 01/06/2026",
          "href": "http://192.168.2.26:2026/home.aspx?scope=sys&lang=vi&wpid=thuthuatnewdraw&thuthuatid=accb0973-ef20-40e9-94c3-b45c009ee37b&usid=172.31.255.1_yxkdzoxvmcid1iu25j02tndge5d32f9b&st=182928",
          "onclick": ""
        },
        {
          "text": "26016747",
          "href": "http://192.168.2.26:2026/home.aspx?scope=sys&lang=vi&wpid=thuthuatnewdraw&thuthuatid=accb0973-ef20-40e9-94c3-b45c009ee37b&usid=172.31.255.1_yxkdzoxvmcid1iu25j02tndge5d32f9b&st=182928",
          "onclick": ""
        },
        {
          "text": "NGUYỄN THỊ THANH THỦY",
          "href": "http://192.168.2.26:2026/home.aspx?scope=sys&lang=vi&wpid=thuthuatnewdraw&thuthuatid=accb0973-ef20-40e9-94c3-b45c009ee37b&usid=172.31.255.1_yxkdzoxvmcid1iu25j02tndge5d32f9b&st=182928",
          "onclick": ""
        },
        {
          "text": "Nữ",
          "href": "http://192.168.2.26:2026/home.aspx?scope=sys&lang=vi&wpid=thuthuatnewdraw&thuthuatid=accb0973-ef20-40e9-94c3-b45c009ee37b&usid=172.31.255.1_yxkdzoxvmcid1iu25j02tndge5d32f9b&st=182928",
          "onclick": ""
        },
        {
          "text": "67 tuổi",
          "href": "http://192.168.2.26:2026/home.aspx?scope=sys&lang=vi&wpid=thuthuatnewdraw&thuthuatid=accb0973-ef20-40e9-94c3-b45c009ee37b&usid=172.31.255.1_yxkdzoxvmcid1iu25j02tndge5d32f9b&st=182928",
          "onclick": ""
        },
        {
          "text": "Bảo hiểm",
          "href": "http://192.168.2.26:2026/home.aspx?scope=sys&lang=vi&wpid=thuthuatnewdraw&thuthuatid=accb0973-ef20-40e9-94c3-b45c009ee37b&usid=172.31.255.1_yxkdzoxvmcid1iu25j02tndge5d32f9b&st=182928",
          "onclick": ""
        },
        {
          "text": "PHÒNG KHÁM CHẤN THƯƠNG CHỈNH HÌNH - 20",
          "href": "http://192.168.2.26:2026/home.aspx?scope=sys&lang=vi&wpid=thuthuatnewdraw&thuthuatid=accb0973-ef20-40e9-94c3-b45c009ee37b&usid=172.31.255.1_yxkdzoxvmcid1iu25j02tndge5d32f9b&st=182928",
          "onclick": ""
        },
        {
          "text": "Điều trị thoái hóa khớp bằng huyết tương giàu tiểu cầu",
          "href": "http://192.168.2.26:2026/home.aspx?scope=sys&lang=vi&wpid=thuthuatnewdraw&thuthuatid=accb0973-ef20-40e9-94c3-b45c009ee37b&usid=172.31.255.1_yxkdzoxvmcid1iu25j02tndge5d32f9b&st=182928",
          "onclick": ""
        },
        {
          "text": "0",
          "href": "http://192.168.2.26:2026/home.aspx?scope=sys&lang=vi&wpid=thuthuatnewdraw&thuthuatid=accb0973-ef20-40e9-94c3-b45c009ee37b&usid=172.31.255.1_yxkdzoxvmcid1iu25j02tndge5d32f9b&st=182928",
          "onclick": ""
        },
        {
          "text": "0",
          "href": "http://192.168.2.26:2026/home.aspx?scope=sys&lang=vi&wpid=thuthuatnewdraw&thuthuatid=accb0973-ef20-40e9-94c3-b45c009ee37b&usid=172.31.255.1_yxkdzoxvmcid1iu25j02tndge5d32f9b&st=182928",
          "onclick": ""
        },
        {
          "text": "Thường",
          "href": "http://192.168.2.26:2026/home.aspx?scope=sys&lang=vi&wpid=thuthuatnewdraw&thuthuatid=accb0973-ef20-40e9-94c3-b45c009ee37b&usid=172.31.255.1_yxkdzoxvmcid1iu25j02tndge5d32f9b&st=182928",
          "onclick": ""
        },
        {
          "text": "09:31 01/06/2026",
          "href": "http://192.168.2.26:2026/home.aspx?scope=sys&lang=vi&wpid=thuthuatnewdraw&thuthuatid=accb0973-ef20-40e9-94c3-b45c009ee37b&usid=172.31.255.1_yxkdzoxvmcid1iu25j02tndge5d32f9b&st=182928",
          "onclick": ""
        },
        {
          "text": "Hoàn tất",
          "href": "http://192.168.2.26:2026/home.aspx?scope=sys&lang=vi&wpid=thuthuatnewdraw&thuthuatid=accb0973-ef20-40e9-94c3-b45c009ee37b&usid=172.31.255.1_yxkdzoxvmcid1iu25j02tndge5d32f9b&st=182928",
          "onclick": ""
        }
      ]
    }
  ]
}
[2026-07-23 18:29:31.863] [CANDIDATES] D/s Thủ thuật: có 1 ứng viên cùng người bệnh
{
  "candidates": [
    {
      "list_score": 210.0,
      "list_datetime": "2026-06-01 09:31:00",
      "list_time_source": "Thời gian chỉ định",
      "list_method": "Điều trị thoái hóa khớp bằng huyết tương giàu tiểu cầu",
      "list_method_source": "Chỉ định thủ thuật",
      "method_score": 1.0,
      "detail_marker": "http://192.168.2.26:2026/home.aspx?scope=sys&lang=vi&wpid=thuthuatnewdraw&thuthuatid=accb0973-ef20-40e9-94c3-b45c009ee37b&usid=172.31.255.1_yxkdzoxvmcid1iu25j02tndge5d32f9b&st=182928",
      "row": {
        "access_id": "accb0973-ef20-40e9-94c3-b45c009ee37b",
        "known_fields": {
          "stt": "1",
          "ngay_thu_thuat": "09:31 01/06/2026",
          "ma_bn": "26016747",
          "ho_ten": "NGUYỄN THỊ THANH THỦY",
          "gioi_tinh": "Nữ",
          "tuoi": "67 tuổi",
          "doi_tuong": "Bảo hiểm",
          "noi_chi_dinh": "PHÒNG KHÁM CHẤN THƯƠNG CHỈNH HÌNH - 20",
          "chi_dinh_thu_thuat": "Điều trị thoái hóa khớp bằng huyết tương giàu tiểu cầu",
          "tam_ung": "0",
          "phai_thanh_toan": "0",
          "tinh_trang": "Thường",
          "thoi_gian_chi_dinh": "09:31 01/06/2026",
          "trang_thai": "Hoàn tất"
        },
        "raw_text": "1 09:31 01/06/2026 26016747 NGUYỄN THỊ THANH THỦY Nữ 67 tuổi Bảo hiểm PHÒNG KHÁM CHẤN THƯƠNG CHỈNH HÌNH - 20 Điều trị thoái hóa khớp bằng huyết tương giàu tiểu cầu 0 0 Thường 09:31 01/06/2026 Hoàn tất",
        "links": [
          {
            "text": "1",
            "href": "http://192.168.2.26:2026/home.aspx?scope=sys&lang=vi&wpid=thuthuatnewdraw&thuthuatid=accb0973-ef20-40e9-94c3-b45c009ee37b&usid=172.31.255.1_yxkdzoxvmcid1iu25j02tndge5d32f9b&st=182928",
            "onclick": ""
          },
          {
            "text": "09:31 01/06/2026",
            "href": "http://192.168.2.26:2026/home.aspx?scope=sys&lang=vi&wpid=thuthuatnewdraw&thuthuatid=accb0973-ef20-40e9-94c3-b45c009ee37b&usid=172.31.255.1_yxkdzoxvmcid1iu25j02tndge5d32f9b&st=182928",
            "onclick": ""
          },
          {
            "text": "26016747",
            "href": "http://192.168.2.26:2026/home.aspx?scope=sys&lang=vi&wpid=thuthuatnewdraw&thuthuatid=accb0973-ef20-40e9-94c3-b45c009ee37b&usid=172.31.255.1_yxkdzoxvmcid1iu25j02tndge5d32f9b&st=182928",
            "onclick": ""
          },
          {
            "text": "NGUYỄN THỊ THANH THỦY",
            "href": "http://192.168.2.26:2026/home.aspx?scope=sys&lang=vi&wpid=thuthuatnewdraw&thuthuatid=accb0973-ef20-40e9-94c3-b45c009ee37b&usid=172.31.255.1_yxkdzoxvmcid1iu25j02tndge5d32f9b&st=182928",
            "onclick": ""
          },
          {
            "text": "Nữ",
            "href": "http://192.168.2.26:2026/home.aspx?scope=sys&lang=vi&wpid=thuthuatnewdraw&thuthuatid=accb0973-ef20-40e9-94c3-b45c009ee37b&usid=172.31.255.1_yxkdzoxvmcid1iu25j02tndge5d32f9b&st=182928",
            "onclick": ""
          },
          {
            "text": "67 tuổi",
            "href": "http://192.168.2.26:2026/home.aspx?scope=sys&lang=vi&wpid=thuthuatnewdraw&thuthuatid=accb0973-ef20-40e9-94c3-b45c009ee37b&usid=172.31.255.1_yxkdzoxvmcid1iu25j02tndge5d32f9b&st=182928",
            "onclick": ""
          },
          {
            "text": "Bảo hiểm",
            "href": "http://192.168.2.26:2026/home.aspx?scope=sys&lang=vi&wpid=thuthuatnewdraw&thuthuatid=accb0973-ef20-40e9-94c3-b45c009ee37b&usid=172.31.255.1_yxkdzoxvmcid1iu25j02tndge5d32f9b&st=182928",
            "onclick": ""
          },
          {
            "text": "PHÒNG KHÁM CHẤN THƯƠNG CHỈNH HÌNH - 20",
            "href": "http://192.168.2.26:2026/home.aspx?scope=sys&lang=vi&wpid=thuthuatnewdraw&thuthuatid=accb0973-ef20-40e9-94c3-b45c009ee37b&usid=172.31.255.1_yxkdzoxvmcid1iu25j02tndge5d32f9b&st=182928",
            "onclick": ""
          },
          {
            "text": "Điều trị thoái hóa khớp bằng huyết tương giàu tiểu cầu",
            "href": "http://192.168.2.26:2026/home.aspx?scope=sys&lang=vi&wpid=thuthuatnewdraw&thuthuatid=accb0973-ef20-40e9-94c3-b45c009ee37b&usid=172.31.255.1_yxkdzoxvmcid1iu25j02tndge5d32f9b&st=182928",
            "onclick": ""
          },
          {
            "text": "0",
            "href": "http://192.168.2.26:2026/home.aspx?scope=sys&lang=vi&wpid=thuthuatnewdraw&thuthuatid=accb0973-ef20-40e9-94c3-b45c009ee37b&usid=172.31.255.1_yxkdzoxvmcid1iu25j02tndge5d32f9b&st=182928",
            "onclick": ""
          },
          {
            "text": "0",
            "href": "http://192.168.2.26:2026/home.aspx?scope=sys&lang=vi&wpid=thuthuatnewdraw&thuthuatid=accb0973-ef20-40e9-94c3-b45c009ee37b&usid=172.31.255.1_yxkdzoxvmcid1iu25j02tndge5d32f9b&st=182928",
            "onclick": ""
          },
          {
            "text": "Thường",
            "href": "http://192.168.2.26:2026/home.aspx?scope=sys&lang=vi&wpid=thuthuatnewdraw&thuthuatid=accb0973-ef20-40e9-94c3-b45c009ee37b&usid=172.31.255.1_yxkdzoxvmcid1iu25j02tndge5d32f9b&st=182928",
            "onclick": ""
          },
          {
            "text": "09:31 01/06/2026",
            "href": "http://192.168.2.26:2026/home.aspx?scope=sys&lang=vi&wpid=thuthuatnewdraw&thuthuatid=accb0973-ef20-40e9-94c3-b45c009ee37b&usid=172.31.255.1_yxkdzoxvmcid1iu25j02tndge5d32f9b&st=182928",
            "onclick": ""
          },
          {
            "text": "Hoàn tất",
            "href": "http://192.168.2.26:2026/home.aspx?scope=sys&lang=vi&wpid=thuthuatnewdraw&thuthuatid=accb0973-ef20-40e9-94c3-b45c009ee37b&usid=172.31.255.1_yxkdzoxvmcid1iu25j02tndge5d32f9b&st=182928",
            "onclick": ""
          }
        ]
      }
    }
  ]
}
[2026-07-23 18:29:31.864] [DETAIL_BEGIN] D/s Thủ thuật: mở ứng viên 1
{
  "detail_marker": "http://192.168.2.26:2026/home.aspx?scope=sys&lang=vi&wpid=thuthuatnewdraw&thuthuatid=accb0973-ef20-40e9-94c3-b45c009ee37b&usid=172.31.255.1_yxkdzoxvmcid1iu25j02tndge5d32f9b&st=182928",
  "list_datetime": "2026-06-01 09:31:00",
  "list_method": "Điều trị thoái hóa khớp bằng huyết tương giàu tiểu cầu",
  "row": {
    "access_id": "accb0973-ef20-40e9-94c3-b45c009ee37b",
    "known_fields": {
      "stt": "1",
      "ngay_thu_thuat": "09:31 01/06/2026",
      "ma_bn": "26016747",
      "ho_ten": "NGUYỄN THỊ THANH THỦY",
      "gioi_tinh": "Nữ",
      "tuoi": "67 tuổi",
      "doi_tuong": "Bảo hiểm",
      "noi_chi_dinh": "PHÒNG KHÁM CHẤN THƯƠNG CHỈNH HÌNH - 20",
      "chi_dinh_thu_thuat": "Điều trị thoái hóa khớp bằng huyết tương giàu tiểu cầu",
      "tam_ung": "0",
      "phai_thanh_toan": "0",
      "tinh_trang": "Thường",
      "thoi_gian_chi_dinh": "09:31 01/06/2026",
      "trang_thai": "Hoàn tất"
    },
    "raw_text": "1 09:31 01/06/2026 26016747 NGUYỄN THỊ THANH THỦY Nữ 67 tuổi Bảo hiểm PHÒNG KHÁM CHẤN THƯƠNG CHỈNH HÌNH - 20 Điều trị thoái hóa khớp bằng huyết tương giàu tiểu cầu 0 0 Thường 09:31 01/06/2026 Hoàn tất",
    "links": [
      {
        "text": "1",
        "href": "http://192.168.2.26:2026/home.aspx?scope=sys&lang=vi&wpid=thuthuatnewdraw&thuthuatid=accb0973-ef20-40e9-94c3-b45c009ee37b&usid=172.31.255.1_yxkdzoxvmcid1iu25j02tndge5d32f9b&st=182928",
        "onclick": ""
      },
      {
        "text": "09:31 01/06/2026",
        "href": "http://192.168.2.26:2026/home.aspx?scope=sys&lang=vi&wpid=thuthuatnewdraw&thuthuatid=accb0973-ef20-40e9-94c3-b45c009ee37b&usid=172.31.255.1_yxkdzoxvmcid1iu25j02tndge5d32f9b&st=182928",
        "onclick": ""
      },
      {
        "text": "26016747",
        "href": "http://192.168.2.26:2026/home.aspx?scope=sys&lang=vi&wpid=thuthuatnewdraw&thuthuatid=accb0973-ef20-40e9-94c3-b45c009ee37b&usid=172.31.255.1_yxkdzoxvmcid1iu25j02tndge5d32f9b&st=182928",
        "onclick": ""
      },
      {
        "text": "NGUYỄN THỊ THANH THỦY",
        "href": "http://192.168.2.26:2026/home.aspx?scope=sys&lang=vi&wpid=thuthuatnewdraw&thuthuatid=accb0973-ef20-40e9-94c3-b45c009ee37b&usid=172.31.255.1_yxkdzoxvmcid1iu25j02tndge5d32f9b&st=182928",
        "onclick": ""
      },
      {
        "text": "Nữ",
        "href": "http://192.168.2.26:2026/home.aspx?scope=sys&lang=vi&wpid=thuthuatnewdraw&thuthuatid=accb0973-ef20-40e9-94c3-b45c009ee37b&usid=172.31.255.1_yxkdzoxvmcid1iu25j02tndge5d32f9b&st=182928",
        "onclick": ""
      },
      {
        "text": "67 tuổi",
        "href": "http://192.168.2.26:2026/home.aspx?scope=sys&lang=vi&wpid=thuthuatnewdraw&thuthuatid=accb0973-ef20-40e9-94c3-b45c009ee37b&usid=172.31.255.1_yxkdzoxvmcid1iu25j02tndge5d32f9b&st=182928",
        "onclick": ""
      },
      {
        "text": "Bảo hiểm",
        "href": "http://192.168.2.26:2026/home.aspx?scope=sys&lang=vi&wpid=thuthuatnewdraw&thuthuatid=accb0973-ef20-40e9-94c3-b45c009ee37b&usid=172.31.255.1_yxkdzoxvmcid1iu25j02tndge5d32f9b&st=182928",
        "onclick": ""
      },
      {
        "text": "PHÒNG KHÁM CHẤN THƯƠNG CHỈNH HÌNH - 20",
        "href": "http://192.168.2.26:2026/home.aspx?scope=sys&lang=vi&wpid=thuthuatnewdraw&thuthuatid=accb0973-ef20-40e9-94c3-b45c009ee37b&usid=172.31.255.1_yxkdzoxvmcid1iu25j02tndge5d32f9b&st=182928",
        "onclick": ""
      },
      {
        "text": "Điều trị thoái hóa khớp bằng huyết tương giàu tiểu cầu",
        "href": "http://192.168.2.26:2026/home.aspx?scope=sys&lang=vi&wpid=thuthuatnewdraw&thuthuatid=accb0973-ef20-40e9-94c3-b45c009ee37b&usid=172.31.255.1_yxkdzoxvmcid1iu25j02tndge5d32f9b&st=182928",
        "onclick": ""
      },
      {
        "text": "0",
        "href": "http://192.168.2.26:2026/home.aspx?scope=sys&lang=vi&wpid=thuthuatnewdraw&thuthuatid=accb0973-ef20-40e9-94c3-b45c009ee37b&usid=172.31.255.1_yxkdzoxvmcid1iu25j02tndge5d32f9b&st=182928",
        "onclick": ""
      },
      {
        "text": "0",
        "href": "http://192.168.2.26:2026/home.aspx?scope=sys&lang=vi&wpid=thuthuatnewdraw&thuthuatid=accb0973-ef20-40e9-94c3-b45c009ee37b&usid=172.31.255.1_yxkdzoxvmcid1iu25j02tndge5d32f9b&st=182928",
        "onclick": ""
      },
      {
        "text": "Thường",
        "href": "http://192.168.2.26:2026/home.aspx?scope=sys&lang=vi&wpid=thuthuatnewdraw&thuthuatid=accb0973-ef20-40e9-94c3-b45c009ee37b&usid=172.31.255.1_yxkdzoxvmcid1iu25j02tndge5d32f9b&st=182928",
        "onclick": ""
      },
      {
        "text": "09:31 01/06/2026",
        "href": "http://192.168.2.26:2026/home.aspx?scope=sys&lang=vi&wpid=thuthuatnewdraw&thuthuatid=accb0973-ef20-40e9-94c3-b45c009ee37b&usid=172.31.255.1_yxkdzoxvmcid1iu25j02tndge5d32f9b&st=182928",
        "onclick": ""
      },
      {
        "text": "Hoàn tất",
        "href": "http://192.168.2.26:2026/home.aspx?scope=sys&lang=vi&wpid=thuthuatnewdraw&thuthuatid=accb0973-ef20-40e9-94c3-b45c009ee37b&usid=172.31.255.1_yxkdzoxvmcid1iu25j02tndge5d32f9b&st=182928",
        "onclick": ""
      }
    ]
  }
}
[2026-07-23 18:29:31.873] [BROWSER] [DETAIL] kind=procedure; access_id=accb0973-ef20-40e9-94c3-b45c009ee37b; direct_url=yes; onclick=no
[2026-07-23 18:29:31.876] [BROWSER] [DETAIL] Mở liên kết trực tiếp: http://192.168.2.26:2026/home.aspx?scope=sys&lang=vi&wpid=thuthuatnewdraw&thuthuatid=accb0973-ef20-40e9-94c3-b45c009ee37b&usid=172.31.255.1_yxkdzoxvmcid1iu25j02tndge5d32f9b&st=182928
[2026-07-23 18:29:33.143] [BROWSER] [DETAIL] Dữ liệu đọc được: {"ajax_active": 0, "complete_info": "Người hoàn tất: Trần Quang Sơn (tqson) | TG nhấn hoàn tất: 10:33 01/06/2026", "current_url": "http://192.168.2.26:2026/home.aspx?scope=sys&lang=vi&wpid=thuthuatnewdraw&thuthuatid=accb0973-ef20-40e9-94c3-b45c009ee37b&usid=172.31.255.1_yxkdzoxvmcid1iu25j02tndge5d32f9b&st=182928", "doctor": "Trần Quang Sơn", "doctor_candidates": [{"id": "txtBacSyChiDinh", "value": "Trần Quang Sơn"}, {"id": "txtBacSiChiDinh", "value": ""}], "doctor_field": "txtBacSyChiDinh", "doctor_found": true, "method": "Điều trị thoái hóa khớp bằng huyết tương giàu tiểu cầu", "method_candidates": [{"id": "txtChiDinh", "value": "Điều trị thoái hóa khớp bằng huyết tương giàu tiểu cầu"}, {"id": "cbbPhuongPhapTT", "value": "Điều trị thoái hóa khớp bằng huyết tương giàu tiểu cầu"}], "method_field": "txtChiDinh", "patient_info": "(26016747 | NGUYỄN THỊ THANH THỦY, 27/04/1959, Nữ, 67 tuổi | Bảo hiểm)", "root_found": true, "start_candidates": [{"id": "txtThoiGianChiDinh", "value": "09:31 01/06/2026"}, {"id": "txtTgBatDau", "value": "09:31 01/06/2026"}], "start_time": "09:31 01/06/2026", "start_time_field": "txtThoiGianChiDinh"}
[2026-07-23 18:29:33.145] [BROWSER] [DETAIL] Nguồn bác sĩ: Bác sĩ chỉ định; field=txtBacSyChiDinh; value=Trần Quang Sơn
[2026-07-23 18:29:33.148] [DETAIL_OK] D/s Thủ thuật: đọc được hồ sơ chi tiết
{
  "doctor_from_emr": "Trần Quang Sơn",
  "mapped_alias": "SƠN",
  "mapped_name": "Trần Quang Sơn",
  "start_time": "09:31 01/06/2026",
  "start_time_field": "txtThoiGianChiDinh",
  "method": "Điều trị thoái hóa khớp bằng huyết tương giàu tiểu cầu",
  "method_field": "txtChiDinh",
  "list_time_source": "Thời gian chỉ định",
  "list_method_source": "Chỉ định thủ thuật",
  "current_url": "http://192.168.2.26:2026/home.aspx?scope=sys&lang=vi&wpid=thuthuatnewdraw&thuthuatid=accb0973-ef20-40e9-94c3-b45c009ee37b&usid=172.31.255.1_yxkdzoxvmcid1iu25j02tndge5d32f9b&st=182928",
  "total_score": 660.0,
  "method_score": 1.0
}
[2026-07-23 18:29:33.150] [EVALUATED] D/s Thủ thuật: đánh giá 1 hồ sơ
{
  "items": [
    {
      "doctor": "Trần Quang Sơn",
      "alias": "SƠN",
      "detail_datetime": "2026-06-01 09:31:00",
      "method_score": 1.0,
      "total_score": 660.0,
      "confidence_ok": true
    }
  ]
}
[2026-07-23 18:29:33.151] [SOURCE_MATCH] D/s Thủ thuật: đã chọn bác sĩ, không tìm nguồn còn lại
{
  "alias": "SƠN"
}
[2026-07-23 18:29:34.418] [AUTOSAVE_ROW] Dòng 107: đã điền SƠN và lưu ngay
{
  "patient": "NGUYỄN THỊ THANH THỦY",
  "source": "D/s Thủ thuật",
  "doctor_name": "Trần Quang Sơn",
  "emr_doctor": "Trần Quang Sơn",
  "matched_time": "09:31 01/06/2026",
  "matched_method": "Điều trị thoái hóa khớp bằng huyết tương giàu tiểu cầu",
  "progress": "1/8",
  "output": "E:\\Thong_ke\\node_outputs\\PM khoa CTCH T6_NHAP_LIEU.xlsx"
}
[2026-07-23 18:29:34.419] [ROW_END] Kết thúc dòng 107
{
  "status": "updated",
  "new_value": "SƠN",
  "reason": null
}
[2026-07-23 18:29:34.420] [ROW_BEGIN] [2/8] Bắt đầu dòng 108: TRẦN THỊ THU VÂN
{
  "raw_time": "2026/06/03 07:18",
  "parsed_time": "07:18 03/06/2026",
  "method": "Khâu vết thương phần mềm sâu dài < 5cm",
  "old_value": ""
}
[2026-07-23 18:29:34.421] [SEARCH_BEGIN] dòng 108: tìm TRẦN THỊ THU VÂN tại D/s Thủ thuật
{
  "patient": "TRẦN THỊ THU VÂN",
  "target_time": "2026-06-03 07:18:00",
  "target_method": "Khâu vết thương phần mềm sâu dài < 5cm",
  "source": "procedure"
}
[2026-07-23 18:29:34.764] [BROWSER] [NAV] D/s Thủ thuật: http://192.168.2.26:2026/home.aspx?scope=sys&lang=vi&wpid=danhsachthuthuatdraw&role=323&usid=172.31.255.1_yxkdzoxvmcid1iu25j02tndge5d32f9b&st=182928
[2026-07-23 18:29:36.838] [BROWSER] [FILTER] 3 tháng
[2026-07-23 18:29:37.402] [BROWSER] [SEARCH] Nhập 'TRẦN THỊ THU VÂN' vào #txtTimKiem
[2026-07-23 18:29:37.647] [BROWSER] [SEARCH] Đã bấm Tìm kiếm bằng #btnTimKiem
[2026-07-23 18:29:37.676] [BROWSER] [RESULT] D/s Thủ thuật: 2 dòng
[2026-07-23 18:29:37.687] [SEARCH_RESULT] D/s Thủ thuật: nhận 2 dòng
{
  "current_url": "http://192.168.2.26:2026/home.aspx?scope=sys&lang=vi&wpid=danhsachthuthuatdraw&role=323&usid=172.31.255.1_yxkdzoxvmcid1iu25j02tndge5d32f9b&st=182928",
  "search_input_id": "txtTimKiem",
  "search_trigger": "#btnTimKiem",
  "headers": [
    "STT",
    "Ngày thủ thuật",
    "Mã BN",
    "Họ tên",
    "Giới tính",
    "Tuổi",
    "Đối tượng",
    "Nơi chỉ định",
    "Chỉ định thủ thuật",
    "Tạm ứng",
    "Phải thanh toán",
    "Tình trạng",
    "Thời gian chỉ định",
    "Trạng thái"
  ],
  "rows": [
    {
      "access_id": "ebb2f2e9-1b7b-485f-a742-b45e007a34df",
      "known_fields": {
        "stt": "1",
        "ngay_thu_thuat": "07:20 03/06/2026",
        "ma_bn": "26059013",
        "ho_ten": "TRẦN THỊ THU VÂN",
        "gioi_tinh": "Nữ",
        "tuoi": "57 tuổi",
        "doi_tuong": "Viện phí",
        "noi_chi_dinh": "PHÒNG KHÁM CHẤN THƯƠNG CHỈNH HÌNH - 20",
        "chi_dinh_thu_thuat": "Khâu vết thương phần mềm sâu dài < 5cm",
        "tam_ung": "0",
        "phai_thanh_toan": "0",
        "tinh_trang": "Thường",
        "thoi_gian_chi_dinh": "07:18 03/06/2026",
        "trang_thai": "Hoàn tất"
      },
      "raw_text": "1 07:20 03/06/2026 26059013 TRẦN THỊ THU VÂN Nữ 57 tuổi Viện phí PHÒNG KHÁM CHẤN THƯƠNG CHỈNH HÌNH - 20 Khâu vết thương phần mềm sâu dài < 5cm 0 0 Thường 07:18 03/06/2026 Hoàn tất",
      "links": [
        {
          "text": "1",
          "href": "http://192.168.2.26:2026/home.aspx?scope=sys&lang=vi&wpid=thuthuatnewdraw&thuthuatid=ebb2f2e9-1b7b-485f-a742-b45e007a34df&usid=172.31.255.1_yxkdzoxvmcid1iu25j02tndge5d32f9b&st=182934",
          "onclick": ""
        },
        {
          "text": "07:20 03/06/2026",
          "href": "http://192.168.2.26:2026/home.aspx?scope=sys&lang=vi&wpid=thuthuatnewdraw&thuthuatid=ebb2f2e9-1b7b-485f-a742-b45e007a34df&usid=172.31.255.1_yxkdzoxvmcid1iu25j02tndge5d32f9b&st=182934",
          "onclick": ""
        },
        {
          "text": "26059013",
          "href": "http://192.168.2.26:2026/home.aspx?scope=sys&lang=vi&wpid=thuthuatnewdraw&thuthuatid=ebb2f2e9-1b7b-485f-a742-b45e007a34df&usid=172.31.255.1_yxkdzoxvmcid1iu25j02tndge5d32f9b&st=182934",
          "onclick": ""
        },
        {
          "text": "TRẦN THỊ THU VÂN",
          "href": "http://192.168.2.26:2026/home.aspx?scope=sys&lang=vi&wpid=thuthuatnewdraw&thuthuatid=ebb2f2e9-1b7b-485f-a742-b45e007a34df&usid=172.31.255.1_yxkdzoxvmcid1iu25j02tndge5d32f9b&st=182934",
          "onclick": ""
        },
        {
          "text": "Nữ",
          "href": "http://192.168.2.26:2026/home.aspx?scope=sys&lang=vi&wpid=thuthuatnewdraw&thuthuatid=ebb2f2e9-1b7b-485f-a742-b45e007a34df&usid=172.31.255.1_yxkdzoxvmcid1iu25j02tndge5d32f9b&st=182934",
          "onclick": ""
        },
        {
          "text": "57 tuổi",
          "href": "http://192.168.2.26:2026/home.aspx?scope=sys&lang=vi&wpid=thuthuatnewdraw&thuthuatid=ebb2f2e9-1b7b-485f-a742-b45e007a34df&usid=172.31.255.1_yxkdzoxvmcid1iu25j02tndge5d32f9b&st=182934",
          "onclick": ""
        },
        {
          "text": "Viện phí",
          "href": "http://192.168.2.26:2026/home.aspx?scope=sys&lang=vi&wpid=thuthuatnewdraw&thuthuatid=ebb2f2e9-1b7b-485f-a742-b45e007a34df&usid=172.31.255.1_yxkdzoxvmcid1iu25j02tndge5d32f9b&st=182934",
          "onclick": ""
        },
        {
          "text": "PHÒNG KHÁM CHẤN THƯƠNG CHỈNH HÌNH - 20",
          "href": "http://192.168.2.26:2026/home.aspx?scope=sys&lang=vi&wpid=thuthuatnewdraw&thuthuatid=ebb2f2e9-1b7b-485f-a742-b45e007a34df&usid=172.31.255.1_yxkdzoxvmcid1iu25j02tndge5d32f9b&st=182934",
          "onclick": ""
        },
        {
          "text": "Khâu vết thương phần mềm sâu dài < 5cm",
          "href": "http://192.168.2.26:2026/home.aspx?scope=sys&lang=vi&wpid=thuthuatnewdraw&thuthuatid=ebb2f2e9-1b7b-485f-a742-b45e007a34df&usid=172.31.255.1_yxkdzoxvmcid1iu25j02tndge5d32f9b&st=182934",
          "onclick": ""
        },
        {
          "text": "0",
          "href": "http://192.168.2.26:2026/home.aspx?scope=sys&lang=vi&wpid=thuthuatnewdraw&thuthuatid=ebb2f2e9-1b7b-485f-a742-b45e007a34df&usid=172.31.255.1_yxkdzoxvmcid1iu25j02tndge5d32f9b&st=182934",
          "onclick": ""
        },
        {
          "text": "0",
          "href": "http://192.168.2.26:2026/home.aspx?scope=sys&lang=vi&wpid=thuthuatnewdraw&thuthuatid=ebb2f2e9-1b7b-485f-a742-b45e007a34df&usid=172.31.255.1_yxkdzoxvmcid1iu25j02tndge5d32f9b&st=182934",
          "onclick": ""
        },
        {
          "text": "Thường",
          "href": "http://192.168.2.26:2026/home.aspx?scope=sys&lang=vi&wpid=thuthuatnewdraw&thuthuatid=ebb2f2e9-1b7b-485f-a742-b45e007a34df&usid=172.31.255.1_yxkdzoxvmcid1iu25j02tndge5d32f9b&st=182934",
          "onclick": ""
        },
        {
          "text": "07:18 03/06/2026",
          "href": "http://192.168.2.26:2026/home.aspx?scope=sys&lang=vi&wpid=thuthuatnewdraw&thuthuatid=ebb2f2e9-1b7b-485f-a742-b45e007a34df&usid=172.31.255.1_yxkdzoxvmcid1iu25j02tndge5d32f9b&st=182934",
          "onclick": ""
        },
        {
          "text": "Hoàn tất",
          "href": "http://192.168.2.26:2026/home.aspx?scope=sys&lang=vi&wpid=thuthuatnewdraw&thuthuatid=ebb2f2e9-1b7b-485f-a742-b45e007a34df&usid=172.31.255.1_yxkdzoxvmcid1iu25j02tndge5d32f9b&st=182934",
          "onclick": ""
        }
      ]
    },
    {
      "access_id": "2d3595b3-6db6-42ea-b22f-b45e007a34c7",
      "known_fields": {
        "stt": "2",
        "ngay_thu_thuat": "07:30 03/06/2026",
        "ma_bn": "26059013",
        "ho_ten": "TRẦN THỊ THU VÂN",
        "gioi_tinh": "Nữ",
        "tuoi": "57 tuổi",
        "doi_tuong": "Viện phí",
        "noi_chi_dinh": "PHÒNG KHÁM CHẤN THƯƠNG CHỈNH HÌNH - 20",
        "chi_dinh_thu_thuat": "Cắt chỉ sau phẫu thuật",
        "tam_ung": "0",
        "phai_thanh_toan": "0",
        "tinh_trang": "Thường",
        "thoi_gian_chi_dinh": "07:14 03/06/2026",
        "trang_thai": "Hoàn tất"
      },
      "raw_text": "2 07:30 03/06/2026 26059013 TRẦN THỊ THU VÂN Nữ 57 tuổi Viện phí PHÒNG KHÁM CHẤN THƯƠNG CHỈNH HÌNH - 20 Cắt chỉ sau phẫu thuật 0 0 Thường 07:14 03/06/2026 Hoàn tất",
      "links": [
        {
          "text": "2",
          "href": "http://192.168.2.26:2026/home.aspx?scope=sys&lang=vi&wpid=thuthuatnewdraw&thuthuatid=2d3595b3-6db6-42ea-b22f-b45e007a34c7&usid=172.31.255.1_yxkdzoxvmcid1iu25j02tndge5d32f9b&st=182934",
          "onclick": ""
        },
        {
          "text": "07:30 03/06/2026",
          "href": "http://192.168.2.26:2026/home.aspx?scope=sys&lang=vi&wpid=thuthuatnewdraw&thuthuatid=2d3595b3-6db6-42ea-b22f-b45e007a34c7&usid=172.31.255.1_yxkdzoxvmcid1iu25j02tndge5d32f9b&st=182934",
          "onclick": ""
        },
        {
          "text": "26059013",
          "href": "http://192.168.2.26:2026/home.aspx?scope=sys&lang=vi&wpid=thuthuatnewdraw&thuthuatid=2d3595b3-6db6-42ea-b22f-b45e007a34c7&usid=172.31.255.1_yxkdzoxvmcid1iu25j02tndge5d32f9b&st=182934",
          "onclick": ""
        },
        {
          "text": "TRẦN THỊ THU VÂN",
          "href": "http://192.168.2.26:2026/home.aspx?scope=sys&lang=vi&wpid=thuthuatnewdraw&thuthuatid=2d3595b3-6db6-42ea-b22f-b45e007a34c7&usid=172.31.255.1_yxkdzoxvmcid1iu25j02tndge5d32f9b&st=182934",
          "onclick": ""
        },
        {
          "text": "Nữ",
          "href": "http://192.168.2.26:2026/home.aspx?scope=sys&lang=vi&wpid=thuthuatnewdraw&thuthuatid=2d3595b3-6db6-42ea-b22f-b45e007a34c7&usid=172.31.255.1_yxkdzoxvmcid1iu25j02tndge5d32f9b&st=182934",
          "onclick": ""
        },
        {
          "text": "57 tuổi",
          "href": "http://192.168.2.26:2026/home.aspx?scope=sys&lang=vi&wpid=thuthuatnewdraw&thuthuatid=2d3595b3-6db6-42ea-b22f-b45e007a34c7&usid=172.31.255.1_yxkdzoxvmcid1iu25j02tndge5d32f9b&st=182934",
          "onclick": ""
        },
        {
          "text": "Viện phí",
          "href": "http://192.168.2.26:2026/home.aspx?scope=sys&lang=vi&wpid=thuthuatnewdraw&thuthuatid=2d3595b3-6db6-42ea-b22f-b45e007a34c7&usid=172.31.255.1_yxkdzoxvmcid1iu25j02tndge5d32f9b&st=182934",
          "onclick": ""
        },
        {
          "text": "PHÒNG KHÁM CHẤN THƯƠNG CHỈNH HÌNH - 20",
          "href": "http://192.168.2.26:2026/home.aspx?scope=sys&lang=vi&wpid=thuthuatnewdraw&thuthuatid=2d3595b3-6db6-42ea-b22f-b45e007a34c7&usid=172.31.255.1_yxkdzoxvmcid1iu25j02tndge5d32f9b&st=182934",
          "onclick": ""
        },
        {
          "text": "Cắt chỉ sau phẫu thuật",
          "href": "http://192.168.2.26:2026/home.aspx?scope=sys&lang=vi&wpid=thuthuatnewdraw&thuthuatid=2d3595b3-6db6-42ea-b22f-b45e007a34c7&usid=172.31.255.1_yxkdzoxvmcid1iu25j02tndge5d32f9b&st=182934",
          "onclick": ""
        },
        {
          "text": "0",
          "href": "http://192.168.2.26:2026/home.aspx?scope=sys&lang=vi&wpid=thuthuatnewdraw&thuthuatid=2d3595b3-6db6-42ea-b22f-b45e007a34c7&usid=172.31.255.1_yxkdzoxvmcid1iu25j02tndge5d32f9b&st=182934",
          "onclick": ""
        },
        {
          "text": "0",
          "href": "http://192.168.2.26:2026/home.aspx?scope=sys&lang=vi&wpid=thuthuatnewdraw&thuthuatid=2d3595b3-6db6-42ea-b22f-b45e007a34c7&usid=172.31.255.1_yxkdzoxvmcid1iu25j02tndge5d32f9b&st=182934",
          "onclick": ""
        },
        {
          "text": "Thường",
          "href": "http://192.168.2.26:2026/home.aspx?scope=sys&lang=vi&wpid=thuthuatnewdraw&thuthuatid=2d3595b3-6db6-42ea-b22f-b45e007a34c7&usid=172.31.255.1_yxkdzoxvmcid1iu25j02tndge5d32f9b&st=182934",
          "onclick": ""
        },
        {
          "text": "07:14 03/06/2026",
          "href": "http://192.168.2.26:2026/home.aspx?scope=sys&lang=vi&wpid=thuthuatnewdraw&thuthuatid=2d3595b3-6db6-42ea-b22f-b45e007a34c7&usid=172.31.255.1_yxkdzoxvmcid1iu25j02tndge5d32f9b&st=182934",
          "onclick": ""
        },
        {
          "text": "Hoàn tất",
          "href": "http://192.168.2.26:2026/home.aspx?scope=sys&lang=vi&wpid=thuthuatnewdraw&thuthuatid=2d3595b3-6db6-42ea-b22f-b45e007a34c7&usid=172.31.255.1_yxkdzoxvmcid1iu25j02tndge5d32f9b&st=182934",
          "onclick": ""
        }
      ]
    }
  ]
}
[2026-07-23 18:29:37.690] [CANDIDATES] D/s Thủ thuật: có 2 ứng viên cùng người bệnh
{
  "candidates": [
    {
      "list_score": 210.0,
      "list_datetime": "2026-06-03 07:18:00",
      "list_time_source": "Thời gian chỉ định",
      "list_method": "Khâu vết thương phần mềm sâu dài < 5cm",
      "list_method_source": "Chỉ định thủ thuật",
      "method_score": 1.0,
      "detail_marker": "http://192.168.2.26:2026/home.aspx?scope=sys&lang=vi&wpid=thuthuatnewdraw&thuthuatid=ebb2f2e9-1b7b-485f-a742-b45e007a34df&usid=172.31.255.1_yxkdzoxvmcid1iu25j02tndge5d32f9b&st=182934",
      "row": {
        "access_id": "ebb2f2e9-1b7b-485f-a742-b45e007a34df",
        "known_fields": {
          "stt": "1",
          "ngay_thu_thuat": "07:20 03/06/2026",
          "ma_bn": "26059013",
          "ho_ten": "TRẦN THỊ THU VÂN",
          "gioi_tinh": "Nữ",
          "tuoi": "57 tuổi",
          "doi_tuong": "Viện phí",
          "noi_chi_dinh": "PHÒNG KHÁM CHẤN THƯƠNG CHỈNH HÌNH - 20",
          "chi_dinh_thu_thuat": "Khâu vết thương phần mềm sâu dài < 5cm",
          "tam_ung": "0",
          "phai_thanh_toan": "0",
          "tinh_trang": "Thường",
          "thoi_gian_chi_dinh": "07:18 03/06/2026",
          "trang_thai": "Hoàn tất"
        },
        "raw_text": "1 07:20 03/06/2026 26059013 TRẦN THỊ THU VÂN Nữ 57 tuổi Viện phí PHÒNG KHÁM CHẤN THƯƠNG CHỈNH HÌNH - 20 Khâu vết thương phần mềm sâu dài < 5cm 0 0 Thường 07:18 03/06/2026 Hoàn tất",
        "links": [
          {
            "text": "1",
            "href": "http://192.168.2.26:2026/home.aspx?scope=sys&lang=vi&wpid=thuthuatnewdraw&thuthuatid=ebb2f2e9-1b7b-485f-a742-b45e007a34df&usid=172.31.255.1_yxkdzoxvmcid1iu25j02tndge5d32f9b&st=182934",
            "onclick": ""
          },
          {
            "text": "07:20 03/06/2026",
            "href": "http://192.168.2.26:2026/home.aspx?scope=sys&lang=vi&wpid=thuthuatnewdraw&thuthuatid=ebb2f2e9-1b7b-485f-a742-b45e007a34df&usid=172.31.255.1_yxkdzoxvmcid1iu25j02tndge5d32f9b&st=182934",
            "onclick": ""
          },
          {
            "text": "26059013",
            "href": "http://192.168.2.26:2026/home.aspx?scope=sys&lang=vi&wpid=thuthuatnewdraw&thuthuatid=ebb2f2e9-1b7b-485f-a742-b45e007a34df&usid=172.31.255.1_yxkdzoxvmcid1iu25j02tndge5d32f9b&st=182934",
            "onclick": ""
          },
          {
            "text": "TRẦN THỊ THU VÂN",
            "href": "http://192.168.2.26:2026/home.aspx?scope=sys&lang=vi&wpid=thuthuatnewdraw&thuthuatid=ebb2f2e9-1b7b-485f-a742-b45e007a34df&usid=172.31.255.1_yxkdzoxvmcid1iu25j02tndge5d32f9b&st=182934",
            "onclick": ""
          },
          {
            "text": "Nữ",
            "href": "http://192.168.2.26:2026/home.aspx?scope=sys&lang=vi&wpid=thuthuatnewdraw&thuthuatid=ebb2f2e9-1b7b-485f-a742-b45e007a34df&usid=172.31.255.1_yxkdzoxvmcid1iu25j02tndge5d32f9b&st=182934",
            "onclick": ""
          },
          {
            "text": "57 tuổi",
            "href": "http://192.168.2.26:2026/home.aspx?scope=sys&lang=vi&wpid=thuthuatnewdraw&thuthuatid=ebb2f2e9-1b7b-485f-a742-b45e007a34df&usid=172.31.255.1_yxkdzoxvmcid1iu25j02tndge5d32f9b&st=182934",
            "onclick": ""
          },
          {
            "text": "Viện phí",
            "href": "http://192.168.2.26:2026/home.aspx?scope=sys&lang=vi&wpid=thuthuatnewdraw&thuthuatid=ebb2f2e9-1b7b-485f-a742-b45e007a34df&usid=172.31.255.1_yxkdzoxvmcid1iu25j02tndge5d32f9b&st=182934",
            "onclick": ""
          },
          {
            "text": "PHÒNG KHÁM CHẤN THƯƠNG CHỈNH HÌNH - 20",
            "href": "http://192.168.2.26:2026/home.aspx?scope=sys&lang=vi&wpid=thuthuatnewdraw&thuthuatid=ebb2f2e9-1b7b-485f-a742-b45e007a34df&usid=172.31.255.1_yxkdzoxvmcid1iu25j02tndge5d32f9b&st=182934",
            "onclick": ""
          },
          {
            "text": "Khâu vết thương phần mềm sâu dài < 5cm",
            "href": "http://192.168.2.26:2026/home.aspx?scope=sys&lang=vi&wpid=thuthuatnewdraw&thuthuatid=ebb2f2e9-1b7b-485f-a742-b45e007a34df&usid=172.31.255.1_yxkdzoxvmcid1iu25j02tndge5d32f9b&st=182934",
            "onclick": ""
          },
          {
            "text": "0",
            "href": "http://192.168.2.26:2026/home.aspx?scope=sys&lang=vi&wpid=thuthuatnewdraw&thuthuatid=ebb2f2e9-1b7b-485f-a742-b45e007a34df&usid=172.31.255.1_yxkdzoxvmcid1iu25j02tndge5d32f9b&st=182934",
            "onclick": ""
          },
          {
            "text": "0",
            "href": "http://192.168.2.26:2026/home.aspx?scope=sys&lang=vi&wpid=thuthuatnewdraw&thuthuatid=ebb2f2e9-1b7b-485f-a742-b45e007a34df&usid=172.31.255.1_yxkdzoxvmcid1iu25j02tndge5d32f9b&st=182934",
            "onclick": ""
          },
          {
            "text": "Thường",
            "href": "http://192.168.2.26:2026/home.aspx?scope=sys&lang=vi&wpid=thuthuatnewdraw&thuthuatid=ebb2f2e9-1b7b-485f-a742-b45e007a34df&usid=172.31.255.1_yxkdzoxvmcid1iu25j02tndge5d32f9b&st=182934",
            "onclick": ""
          },
          {
            "text": "07:18 03/06/2026",
            "href": "http://192.168.2.26:2026/home.aspx?scope=sys&lang=vi&wpid=thuthuatnewdraw&thuthuatid=ebb2f2e9-1b7b-485f-a742-b45e007a34df&usid=172.31.255.1_yxkdzoxvmcid1iu25j02tndge5d32f9b&st=182934",
            "onclick": ""
          },
          {
            "text": "Hoàn tất",
            "href": "http://192.168.2.26:2026/home.aspx?scope=sys&lang=vi&wpid=thuthuatnewdraw&thuthuatid=ebb2f2e9-1b7b-485f-a742-b45e007a34df&usid=172.31.255.1_yxkdzoxvmcid1iu25j02tndge5d32f9b&st=182934",
            "onclick": ""
          }
        ]
      }
    },
    {
      "list_score": 155.86206896551724,
      "list_datetime": "2026-06-03 07:14:00",
      "list_time_source": "Thời gian chỉ định",
      "list_method": "Cắt chỉ sau phẫu thuật",
      "list_method_source": "Chỉ định thủ thuật",
      "method_score": 0.3793103448275862,
      "detail_marker": "http://192.168.2.26:2026/home.aspx?scope=sys&lang=vi&wpid=thuthuatnewdraw&thuthuatid=2d3595b3-6db6-42ea-b22f-b45e007a34c7&usid=172.31.255.1_yxkdzoxvmcid1iu25j02tndge5d32f9b&st=182934",
      "row": {
        "access_id": "2d3595b3-6db6-42ea-b22f-b45e007a34c7",
        "known_fields": {
          "stt": "2",
          "ngay_thu_thuat": "07:30 03/06/2026",
          "ma_bn": "26059013",
          "ho_ten": "TRẦN THỊ THU VÂN",
          "gioi_tinh": "Nữ",
          "tuoi": "57 tuổi",
          "doi_tuong": "Viện phí",
          "noi_chi_dinh": "PHÒNG KHÁM CHẤN THƯƠNG CHỈNH HÌNH - 20",
          "chi_dinh_thu_thuat": "Cắt chỉ sau phẫu thuật",
          "tam_ung": "0",
          "phai_thanh_toan": "0",
          "tinh_trang": "Thường",
          "thoi_gian_chi_dinh": "07:14 03/06/2026",
          "trang_thai": "Hoàn tất"
        },
        "raw_text": "2 07:30 03/06/2026 26059013 TRẦN THỊ THU VÂN Nữ 57 tuổi Viện phí PHÒNG KHÁM CHẤN THƯƠNG CHỈNH HÌNH - 20 Cắt chỉ sau phẫu thuật 0 0 Thường 07:14 03/06/2026 Hoàn tất",
        "links": [
          {
            "text": "2",
            "href": "http://192.168.2.26:2026/home.aspx?scope=sys&lang=vi&wpid=thuthuatnewdraw&thuthuatid=2d3595b3-6db6-42ea-b22f-b45e007a34c7&usid=172.31.255.1_yxkdzoxvmcid1iu25j02tndge5d32f9b&st=182934",
            "onclick": ""
          },
          {
            "text": "07:30 03/06/2026",
            "href": "http://192.168.2.26:2026/home.aspx?scope=sys&lang=vi&wpid=thuthuatnewdraw&thuthuatid=2d3595b3-6db6-42ea-b22f-b45e007a34c7&usid=172.31.255.1_yxkdzoxvmcid1iu25j02tndge5d32f9b&st=182934",
            "onclick": ""
          },
          {
            "text": "26059013",
            "href": "http://192.168.2.26:2026/home.aspx?scope=sys&lang=vi&wpid=thuthuatnewdraw&thuthuatid=2d3595b3-6db6-42ea-b22f-b45e007a34c7&usid=172.31.255.1_yxkdzoxvmcid1iu25j02tndge5d32f9b&st=182934",
            "onclick": ""
          },
          {
            "text": "TRẦN THỊ THU VÂN",
            "href": "http://192.168.2.26:2026/home.aspx?scope=sys&lang=vi&wpid=thuthuatnewdraw&thuthuatid=2d3595b3-6db6-42ea-b22f-b45e007a34c7&usid=172.31.255.1_yxkdzoxvmcid1iu25j02tndge5d32f9b&st=182934",
            "onclick": ""
          },
          {
            "text": "Nữ",
            "href": "http://192.168.2.26:2026/home.aspx?scope=sys&lang=vi&wpid=thuthuatnewdraw&thuthuatid=2d3595b3-6db6-42ea-b22f-b45e007a34c7&usid=172.31.255.1_yxkdzoxvmcid1iu25j02tndge5d32f9b&st=182934",
            "onclick": ""
          },
          {
            "text": "57 tuổi",
            "href": "http://192.168.2.26:2026/home.aspx?scope=sys&lang=vi&wpid=thuthuatnewdraw&thuthuatid=2d3595b3-6db6-42ea-b22f-b45e007a34c7&usid=172.31.255.1_yxkdzoxvmcid1iu25j02tndge5d32f9b&st=182934",
            "onclick": ""
          },
          {
            "text": "Viện phí",
            "href": "http://192.168.2.26:2026/home.aspx?scope=sys&lang=vi&wpid=thuthuatnewdraw&thuthuatid=2d3595b3-6db6-42ea-b22f-b45e007a34c7&usid=172.31.255.1_yxkdzoxvmcid1iu25j02tndge5d32f9b&st=182934",
            "onclick": ""
          },
          {
            "text": "PHÒNG KHÁM CHẤN THƯƠNG CHỈNH HÌNH - 20",
            "href": "http://192.168.2.26:2026/home.aspx?scope=sys&lang=vi&wpid=thuthuatnewdraw&thuthuatid=2d3595b3-6db6-42ea-b22f-b45e007a34c7&usid=172.31.255.1_yxkdzoxvmcid1iu25j02tndge5d32f9b&st=182934",
            "onclick": ""
          },
          {
            "text": "Cắt chỉ sau phẫu thuật",
            "href": "http://192.168.2.26:2026/home.aspx?scope=sys&lang=vi&wpid=thuthuatnewdraw&thuthuatid=2d3595b3-6db6-42ea-b22f-b45e007a34c7&usid=172.31.255.1_yxkdzoxvmcid1iu25j02tndge5d32f9b&st=182934",
            "onclick": ""
          },
          {
            "text": "0",
            "href": "http://192.168.2.26:2026/home.aspx?scope=sys&lang=vi&wpid=thuthuatnewdraw&thuthuatid=2d3595b3-6db6-42ea-b22f-b45e007a34c7&usid=172.31.255.1_yxkdzoxvmcid1iu25j02tndge5d32f9b&st=182934",
            "onclick": ""
          },
          {
            "text": "0",
            "href": "http://192.168.2.26:2026/home.aspx?scope=sys&lang=vi&wpid=thuthuatnewdraw&thuthuatid=2d3595b3-6db6-42ea-b22f-b45e007a34c7&usid=172.31.255.1_yxkdzoxvmcid1iu25j02tndge5d32f9b&st=182934",
            "onclick": ""
          },
          {
            "text": "Thường",
            "href": "http://192.168.2.26:2026/home.aspx?scope=sys&lang=vi&wpid=thuthuatnewdraw&thuthuatid=2d3595b3-6db6-42ea-b22f-b45e007a34c7&usid=172.31.255.1_yxkdzoxvmcid1iu25j02tndge5d32f9b&st=182934",
            "onclick": ""
          },
          {
            "text": "07:14 03/06/2026",
            "href": "http://192.168.2.26:2026/home.aspx?scope=sys&lang=vi&wpid=thuthuatnewdraw&thuthuatid=2d3595b3-6db6-42ea-b22f-b45e007a34c7&usid=172.31.255.1_yxkdzoxvmcid1iu25j02tndge5d32f9b&st=182934",
            "onclick": ""
          },
          {
            "text": "Hoàn tất",
            "href": "http://192.168.2.26:2026/home.aspx?scope=sys&lang=vi&wpid=thuthuatnewdraw&thuthuatid=2d3595b3-6db6-42ea-b22f-b45e007a34c7&usid=172.31.255.1_yxkdzoxvmcid1iu25j02tndge5d32f9b&st=182934",
            "onclick": ""
          }
        ]
      }
    }
  ]
}
[2026-07-23 18:29:37.691] [DETAIL_BEGIN] D/s Thủ thuật: mở ứng viên 1
{
  "detail_marker": "http://192.168.2.26:2026/home.aspx?scope=sys&lang=vi&wpid=thuthuatnewdraw&thuthuatid=ebb2f2e9-1b7b-485f-a742-b45e007a34df&usid=172.31.255.1_yxkdzoxvmcid1iu25j02tndge5d32f9b&st=182934",
  "list_datetime": "2026-06-03 07:18:00",
  "list_method": "Khâu vết thương phần mềm sâu dài < 5cm",
  "row": {
    "access_id": "ebb2f2e9-1b7b-485f-a742-b45e007a34df",
    "known_fields": {
      "stt": "1",
      "ngay_thu_thuat": "07:20 03/06/2026",
      "ma_bn": "26059013",
      "ho_ten": "TRẦN THỊ THU VÂN",
      "gioi_tinh": "Nữ",
      "tuoi": "57 tuổi",
      "doi_tuong": "Viện phí",
      "noi_chi_dinh": "PHÒNG KHÁM CHẤN THƯƠNG CHỈNH HÌNH - 20",
      "chi_dinh_thu_thuat": "Khâu vết thương phần mềm sâu dài < 5cm",
      "tam_ung": "0",
      "phai_thanh_toan": "0",
      "tinh_trang": "Thường",
      "thoi_gian_chi_dinh": "07:18 03/06/2026",
      "trang_thai": "Hoàn tất"
    },
    "raw_text": "1 07:20 03/06/2026 26059013 TRẦN THỊ THU VÂN Nữ 57 tuổi Viện phí PHÒNG KHÁM CHẤN THƯƠNG CHỈNH HÌNH - 20 Khâu vết thương phần mềm sâu dài < 5cm 0 0 Thường 07:18 03/06/2026 Hoàn tất",
    "links": [
      {
        "text": "1",
        "href": "http://192.168.2.26:2026/home.aspx?scope=sys&lang=vi&wpid=thuthuatnewdraw&thuthuatid=ebb2f2e9-1b7b-485f-a742-b45e007a34df&usid=172.31.255.1_yxkdzoxvmcid1iu25j02tndge5d32f9b&st=182934",
        "onclick": ""
      },
      {
        "text": "07:20 03/06/2026",
        "href": "http://192.168.2.26:2026/home.aspx?scope=sys&lang=vi&wpid=thuthuatnewdraw&thuthuatid=ebb2f2e9-1b7b-485f-a742-b45e007a34df&usid=172.31.255.1_yxkdzoxvmcid1iu25j02tndge5d32f9b&st=182934",
        "onclick": ""
      },
      {
        "text": "26059013",
        "href": "http://192.168.2.26:2026/home.aspx?scope=sys&lang=vi&wpid=thuthuatnewdraw&thuthuatid=ebb2f2e9-1b7b-485f-a742-b45e007a34df&usid=172.31.255.1_yxkdzoxvmcid1iu25j02tndge5d32f9b&st=182934",
        "onclick": ""
      },
      {
        "text": "TRẦN THỊ THU VÂN",
        "href": "http://192.168.2.26:2026/home.aspx?scope=sys&lang=vi&wpid=thuthuatnewdraw&thuthuatid=ebb2f2e9-1b7b-485f-a742-b45e007a34df&usid=172.31.255.1_yxkdzoxvmcid1iu25j02tndge5d32f9b&st=182934",
        "onclick": ""
      },
      {
        "text": "Nữ",
        "href": "http://192.168.2.26:2026/home.aspx?scope=sys&lang=vi&wpid=thuthuatnewdraw&thuthuatid=ebb2f2e9-1b7b-485f-a742-b45e007a34df&usid=172.31.255.1_yxkdzoxvmcid1iu25j02tndge5d32f9b&st=182934",
        "onclick": ""
      },
      {
        "text": "57 tuổi",
        "href": "http://192.168.2.26:2026/home.aspx?scope=sys&lang=vi&wpid=thuthuatnewdraw&thuthuatid=ebb2f2e9-1b7b-485f-a742-b45e007a34df&usid=172.31.255.1_yxkdzoxvmcid1iu25j02tndge5d32f9b&st=182934",
        "onclick": ""
      },
      {
        "text": "Viện phí",
        "href": "http://192.168.2.26:2026/home.aspx?scope=sys&lang=vi&wpid=thuthuatnewdraw&thuthuatid=ebb2f2e9-1b7b-485f-a742-b45e007a34df&usid=172.31.255.1_yxkdzoxvmcid1iu25j02tndge5d32f9b&st=182934",
        "onclick": ""
      },
      {
        "text": "PHÒNG KHÁM CHẤN THƯƠNG CHỈNH HÌNH - 20",
        "href": "http://192.168.2.26:2026/home.aspx?scope=sys&lang=vi&wpid=thuthuatnewdraw&thuthuatid=ebb2f2e9-1b7b-485f-a742-b45e007a34df&usid=172.31.255.1_yxkdzoxvmcid1iu25j02tndge5d32f9b&st=182934",
        "onclick": ""
      },
      {
        "text": "Khâu vết thương phần mềm sâu dài < 5cm",
        "href": "http://192.168.2.26:2026/home.aspx?scope=sys&lang=vi&wpid=thuthuatnewdraw&thuthuatid=ebb2f2e9-1b7b-485f-a742-b45e007a34df&usid=172.31.255.1_yxkdzoxvmcid1iu25j02tndge5d32f9b&st=182934",
        "onclick": ""
      },
      {
        "text": "0",
        "href": "http://192.168.2.26:2026/home.aspx?scope=sys&lang=vi&wpid=thuthuatnewdraw&thuthuatid=ebb2f2e9-1b7b-485f-a742-b45e007a34df&usid=172.31.255.1_yxkdzoxvmcid1iu25j02tndge5d32f9b&st=182934",
        "onclick": ""
      },
      {
        "text": "0",
        "href": "http://192.168.2.26:2026/home.aspx?scope=sys&lang=vi&wpid=thuthuatnewdraw&thuthuatid=ebb2f2e9-1b7b-485f-a742-b45e007a34df&usid=172.31.255.1_yxkdzoxvmcid1iu25j02tndge5d32f9b&st=182934",
        "onclick": ""
      },
      {
        "text": "Thường",
        "href": "http://192.168.2.26:2026/home.aspx?scope=sys&lang=vi&wpid=thuthuatnewdraw&thuthuatid=ebb2f2e9-1b7b-485f-a742-b45e007a34df&usid=172.31.255.1_yxkdzoxvmcid1iu25j02tndge5d32f9b&st=182934",
        "onclick": ""
      },
      {
        "text": "07:18 03/06/2026",
        "href": "http://192.168.2.26:2026/home.aspx?scope=sys&lang=vi&wpid=thuthuatnewdraw&thuthuatid=ebb2f2e9-1b7b-485f-a742-b45e007a34df&usid=172.31.255.1_yxkdzoxvmcid1iu25j02tndge5d32f9b&st=182934",
        "onclick": ""
      },
      {
        "text": "Hoàn tất",
        "href": "http://192.168.2.26:2026/home.aspx?scope=sys&lang=vi&wpid=thuthuatnewdraw&thuthuatid=ebb2f2e9-1b7b-485f-a742-b45e007a34df&usid=172.31.255.1_yxkdzoxvmcid1iu25j02tndge5d32f9b&st=182934",
        "onclick": ""
      }
    ]
  }
}
[2026-07-23 18:29:37.701] [BROWSER] [DETAIL] kind=procedure; access_id=ebb2f2e9-1b7b-485f-a742-b45e007a34df; direct_url=yes; onclick=no
[2026-07-23 18:29:37.702] [BROWSER] [DETAIL] Mở liên kết trực tiếp: http://192.168.2.26:2026/home.aspx?scope=sys&lang=vi&wpid=thuthuatnewdraw&thuthuatid=ebb2f2e9-1b7b-485f-a742-b45e007a34df&usid=172.31.255.1_yxkdzoxvmcid1iu25j02tndge5d32f9b&st=182934
[2026-07-23 18:29:38.863] [BROWSER] [DETAIL] Dữ liệu đọc được: {"ajax_active": 0, "complete_info": "Người hoàn tất: Hoàng Minh Tú (hmtu) | TG nhấn hoàn tất: 07:38 03/06/2026", "current_url": "http://192.168.2.26:2026/home.aspx?scope=sys&lang=vi&wpid=thuthuatnewdraw&thuthuatid=ebb2f2e9-1b7b-485f-a742-b45e007a34df&usid=172.31.255.1_yxkdzoxvmcid1iu25j02tndge5d32f9b&st=182934", "doctor": "Hoàng Minh Tú", "doctor_candidates": [{"id": "txtBacSyChiDinh", "value": "Hoàng Minh Tú"}, {"id": "txtBacSiChiDinh", "value": ""}], "doctor_field": "txtBacSyChiDinh", "doctor_found": true, "method": "Khâu vết thương phần mềm sâu dài < 5cm", "method_candidates": [{"id": "txtChiDinh", "value": "Khâu vết thương phần mềm sâu dài < 5cm"}, {"id": "cbbPhuongPhapTT", "value": "Khâu vết thương phần mềm sâu dài < 5cm"}], "method_field": "txtChiDinh", "patient_info": "(26059013 | TRẦN THỊ THU VÂN, 23/11/1969, Nữ, 57 tuổi | Viện phí)", "root_found": true, "start_candidates": [{"id": "txtThoiGianChiDinh", "value": "07:18 03/06/2026"}, {"id": "txtTgBatDau", "value": "07:20 03/06/2026"}], "start_time": "07:18 03/06/2026", "start_time_field": "txtThoiGianChiDinh"}
[2026-07-23 18:29:38.866] [BROWSER] [DETAIL] Nguồn bác sĩ: Bác sĩ chỉ định; field=txtBacSyChiDinh; value=Hoàng Minh Tú
[2026-07-23 18:29:38.868] [DETAIL_OK] D/s Thủ thuật: đọc được hồ sơ chi tiết
{
  "doctor_from_emr": "Hoàng Minh Tú",
  "mapped_alias": "TÚ",
  "mapped_name": "Hoàng Minh Tú",
  "start_time": "07:18 03/06/2026",
  "start_time_field": "txtThoiGianChiDinh",
  "method": "Khâu vết thương phần mềm sâu dài < 5cm",
  "method_field": "txtChiDinh",
  "list_time_source": "Thời gian chỉ định",
  "list_method_source": "Chỉ định thủ thuật",
  "current_url": "http://192.168.2.26:2026/home.aspx?scope=sys&lang=vi&wpid=thuthuatnewdraw&thuthuatid=ebb2f2e9-1b7b-485f-a742-b45e007a34df&usid=172.31.255.1_yxkdzoxvmcid1iu25j02tndge5d32f9b&st=182934",
  "total_score": 660.0,
  "method_score": 1.0
}
[2026-07-23 18:29:38.871] [DETAIL_BEGIN] D/s Thủ thuật: mở ứng viên 2
{
  "detail_marker": "http://192.168.2.26:2026/home.aspx?scope=sys&lang=vi&wpid=thuthuatnewdraw&thuthuatid=2d3595b3-6db6-42ea-b22f-b45e007a34c7&usid=172.31.255.1_yxkdzoxvmcid1iu25j02tndge5d32f9b&st=182934",
  "list_datetime": "2026-06-03 07:14:00",
  "list_method": "Cắt chỉ sau phẫu thuật",
  "row": {
    "access_id": "2d3595b3-6db6-42ea-b22f-b45e007a34c7",
    "known_fields": {
      "stt": "2",
      "ngay_thu_thuat": "07:30 03/06/2026",
      "ma_bn": "26059013",
      "ho_ten": "TRẦN THỊ THU VÂN",
      "gioi_tinh": "Nữ",
      "tuoi": "57 tuổi",
      "doi_tuong": "Viện phí",
      "noi_chi_dinh": "PHÒNG KHÁM CHẤN THƯƠNG CHỈNH HÌNH - 20",
      "chi_dinh_thu_thuat": "Cắt chỉ sau phẫu thuật",
      "tam_ung": "0",
      "phai_thanh_toan": "0",
      "tinh_trang": "Thường",
      "thoi_gian_chi_dinh": "07:14 03/06/2026",
      "trang_thai": "Hoàn tất"
    },
    "raw_text": "2 07:30 03/06/2026 26059013 TRẦN THỊ THU VÂN Nữ 57 tuổi Viện phí PHÒNG KHÁM CHẤN THƯƠNG CHỈNH HÌNH - 20 Cắt chỉ sau phẫu thuật 0 0 Thường 07:14 03/06/2026 Hoàn tất",
    "links": [
      {
        "text": "2",
        "href": "http://192.168.2.26:2026/home.aspx?scope=sys&lang=vi&wpid=thuthuatnewdraw&thuthuatid=2d3595b3-6db6-42ea-b22f-b45e007a34c7&usid=172.31.255.1_yxkdzoxvmcid1iu25j02tndge5d32f9b&st=182934",
        "onclick": ""
      },
      {
        "text": "07:30 03/06/2026",
        "href": "http://192.168.2.26:2026/home.aspx?scope=sys&lang=vi&wpid=thuthuatnewdraw&thuthuatid=2d3595b3-6db6-42ea-b22f-b45e007a34c7&usid=172.31.255.1_yxkdzoxvmcid1iu25j02tndge5d32f9b&st=182934",
        "onclick": ""
      },
      {
        "text": "26059013",
        "href": "http://192.168.2.26:2026/home.aspx?scope=sys&lang=vi&wpid=thuthuatnewdraw&thuthuatid=2d3595b3-6db6-42ea-b22f-b45e007a34c7&usid=172.31.255.1_yxkdzoxvmcid1iu25j02tndge5d32f9b&st=182934",
        "onclick": ""
      },
      {
        "text": "TRẦN THỊ THU VÂN",
        "href": "http://192.168.2.26:2026/home.aspx?scope=sys&lang=vi&wpid=thuthuatnewdraw&thuthuatid=2d3595b3-6db6-42ea-b22f-b45e007a34c7&usid=172.31.255.1_yxkdzoxvmcid1iu25j02tndge5d32f9b&st=182934",
        "onclick": ""
      },
      {
        "text": "Nữ",
        "href": "http://192.168.2.26:2026/home.aspx?scope=sys&lang=vi&wpid=thuthuatnewdraw&thuthuatid=2d3595b3-6db6-42ea-b22f-b45e007a34c7&usid=172.31.255.1_yxkdzoxvmcid1iu25j02tndge5d32f9b&st=182934",
        "onclick": ""
      },
      {
        "text": "57 tuổi",
        "href": "http://192.168.2.26:2026/home.aspx?scope=sys&lang=vi&wpid=thuthuatnewdraw&thuthuatid=2d3595b3-6db6-42ea-b22f-b45e007a34c7&usid=172.31.255.1_yxkdzoxvmcid1iu25j02tndge5d32f9b&st=182934",
        "onclick": ""
      },
      {
        "text": "Viện phí",
        "href": "http://192.168.2.26:2026/home.aspx?scope=sys&lang=vi&wpid=thuthuatnewdraw&thuthuatid=2d3595b3-6db6-42ea-b22f-b45e007a34c7&usid=172.31.255.1_yxkdzoxvmcid1iu25j02tndge5d32f9b&st=182934",
        "onclick": ""
      },
      {
        "text": "PHÒNG KHÁM CHẤN THƯƠNG CHỈNH HÌNH - 20",
        "href": "http://192.168.2.26:2026/home.aspx?scope=sys&lang=vi&wpid=thuthuatnewdraw&thuthuatid=2d3595b3-6db6-42ea-b22f-b45e007a34c7&usid=172.31.255.1_yxkdzoxvmcid1iu25j02tndge5d32f9b&st=182934",
        "onclick": ""
      },
      {
        "text": "Cắt chỉ sau phẫu thuật",
        "href": "http://192.168.2.26:2026/home.aspx?scope=sys&lang=vi&wpid=thuthuatnewdraw&thuthuatid=2d3595b3-6db6-42ea-b22f-b45e007a34c7&usid=172.31.255.1_yxkdzoxvmcid1iu25j02tndge5d32f9b&st=182934",
        "onclick": ""
      },
      {
        "text": "0",
        "href": "http://192.168.2.26:2026/home.aspx?scope=sys&lang=vi&wpid=thuthuatnewdraw&thuthuatid=2d3595b3-6db6-42ea-b22f-b45e007a34c7&usid=172.31.255.1_yxkdzoxvmcid1iu25j02tndge5d32f9b&st=182934",
        "onclick": ""
      },
      {
        "text": "0",
        "href": "http://192.168.2.26:2026/home.aspx?scope=sys&lang=vi&wpid=thuthuatnewdraw&thuthuatid=2d3595b3-6db6-42ea-b22f-b45e007a34c7&usid=172.31.255.1_yxkdzoxvmcid1iu25j02tndge5d32f9b&st=182934",
        "onclick": ""
      },
      {
        "text": "Thường",
        "href": "http://192.168.2.26:2026/home.aspx?scope=sys&lang=vi&wpid=thuthuatnewdraw&thuthuatid=2d3595b3-6db6-42ea-b22f-b45e007a34c7&usid=172.31.255.1_yxkdzoxvmcid1iu25j02tndge5d32f9b&st=182934",
        "onclick": ""
      },
      {
        "text": "07:14 03/06/2026",
        "href": "http://192.168.2.26:2026/home.aspx?scope=sys&lang=vi&wpid=thuthuatnewdraw&thuthuatid=2d3595b3-6db6-42ea-b22f-b45e007a34c7&usid=172.31.255.1_yxkdzoxvmcid1iu25j02tndge5d32f9b&st=182934",
        "onclick": ""
      },
      {
        "text": "Hoàn tất",
        "href": "http://192.168.2.26:2026/home.aspx?scope=sys&lang=vi&wpid=thuthuatnewdraw&thuthuatid=2d3595b3-6db6-42ea-b22f-b45e007a34c7&usid=172.31.255.1_yxkdzoxvmcid1iu25j02tndge5d32f9b&st=182934",
        "onclick": ""
      }
    ]
  }
}
[2026-07-23 18:29:38.889] [BROWSER] [DETAIL] kind=procedure; access_id=2d3595b3-6db6-42ea-b22f-b45e007a34c7; direct_url=yes; onclick=no
[2026-07-23 18:29:38.890] [BROWSER] [DETAIL] Mở liên kết trực tiếp: http://192.168.2.26:2026/home.aspx?scope=sys&lang=vi&wpid=thuthuatnewdraw&thuthuatid=2d3595b3-6db6-42ea-b22f-b45e007a34c7&usid=172.31.255.1_yxkdzoxvmcid1iu25j02tndge5d32f9b&st=182934
[2026-07-23 18:29:40.023] [BROWSER] [DETAIL] Dữ liệu đọc được: {"ajax_active": 0, "complete_info": "Người hoàn tất: Hoàng Minh Tú (hmtu) | TG nhấn hoàn tất: 07:36 03/06/2026", "current_url": "http://192.168.2.26:2026/home.aspx?scope=sys&lang=vi&wpid=thuthuatnewdraw&thuthuatid=2d3595b3-6db6-42ea-b22f-b45e007a34c7&usid=172.31.255.1_yxkdzoxvmcid1iu25j02tndge5d32f9b&st=182934", "doctor": "Hoàng Minh Tú", "doctor_candidates": [{"id": "txtBacSyChiDinh", "value": "Hoàng Minh Tú"}, {"id": "txtBacSiChiDinh", "value": ""}], "doctor_field": "txtBacSyChiDinh", "doctor_found": true, "method": "Cắt chỉ sau phẫu thuật", "method_candidates": [{"id": "txtChiDinh", "value": "Cắt chỉ sau phẫu thuật"}, {"id": "cbbPhuongPhapTT", "value": "Cắt chỉ sau phẫu thuật"}], "method_field": "txtChiDinh", "patient_info": "(26059013 | TRẦN THỊ THU VÂN, 23/11/1969, Nữ, 57 tuổi | Viện phí)", "root_found": true, "start_candidates": [{"id": "txtThoiGianChiDinh", "value": "07:14 03/06/2026"}, {"id": "txtTgBatDau", "value": "07:30 03/06/2026"}], "start_time": "07:14 03/06/2026", "start_time_field": "txtThoiGianChiDinh"}
[2026-07-23 18:29:40.025] [BROWSER] [DETAIL] Nguồn bác sĩ: Bác sĩ chỉ định; field=txtBacSyChiDinh; value=Hoàng Minh Tú
[2026-07-23 18:29:40.026] [DETAIL_OK] D/s Thủ thuật: đọc được hồ sơ chi tiết
{
  "doctor_from_emr": "Hoàng Minh Tú",
  "mapped_alias": "TÚ",
  "mapped_name": "Hoàng Minh Tú",
  "start_time": "07:14 03/06/2026",
  "start_time_field": "txtThoiGianChiDinh",
  "method": "Cắt chỉ sau phẫu thuật",
  "method_field": "txtChiDinh",
  "list_time_source": "Thời gian chỉ định",
  "list_method_source": "Chỉ định thủ thuật",
  "current_url": "http://192.168.2.26:2026/home.aspx?scope=sys&lang=vi&wpid=thuthuatnewdraw&thuthuatid=2d3595b3-6db6-42ea-b22f-b45e007a34c7&usid=172.31.255.1_yxkdzoxvmcid1iu25j02tndge5d32f9b&st=182934",
  "total_score": 497.5862068965517,
  "method_score": 0.3793103448275862
}
[2026-07-23 18:29:40.028] [EVALUATED] D/s Thủ thuật: đánh giá 2 hồ sơ
{
  "items": [
    {
      "doctor": "Hoàng Minh Tú",
      "alias": "TÚ",
      "detail_datetime": "2026-06-03 07:18:00",
      "method_score": 1.0,
      "total_score": 660.0,
      "confidence_ok": true
    },
    {
      "doctor": "Hoàng Minh Tú",
      "alias": "TÚ",
      "detail_datetime": "2026-06-03 07:14:00",
      "method_score": 0.3793103448275862,
      "total_score": 497.5862068965517,
      "confidence_ok": true
    }
  ]
}
[2026-07-23 18:29:41.319] [AUTOSAVE_ROW] Dòng 108: đã điền TÚ và lưu ngay
{
  "patient": "TRẦN THỊ THU VÂN",
  "source": "D/s Thủ thuật",
  "doctor_name": "Hoàng Minh Tú",
  "emr_doctor": "Hoàng Minh Tú",
  "matched_time": "07:18 03/06/2026",
  "matched_method": "Khâu vết thương phần mềm sâu dài < 5cm",
  "progress": "2/8",
  "output": "E:\\Thong_ke\\node_outputs\\PM khoa CTCH T6_NHAP_LIEU.xlsx"
}
[2026-07-23 18:29:41.321] [ROW_END] Kết thúc dòng 108
{
  "status": "updated",
  "new_value": "TÚ",
  "reason": null
}
[2026-07-23 18:29:41.322] [ROW_BEGIN] [3/8] Bắt đầu dòng 109: PHAN KIM RÔ
{
  "raw_time": "2026/06/05 08:59",
  "parsed_time": "08:59 05/06/2026",
  "method": "Tiêm khớp vai",
  "old_value": ""
}
[2026-07-23 18:29:41.323] [SEARCH_BEGIN] dòng 109: tìm PHAN KIM RÔ tại D/s Thủ thuật
{
  "patient": "PHAN KIM RÔ",
  "target_time": "2026-06-05 08:59:00",
  "target_method": "Tiêm khớp vai",
  "source": "procedure"
}
[2026-07-23 18:29:41.686] [BROWSER] [NAV] D/s Thủ thuật: http://192.168.2.26:2026/home.aspx?scope=sys&lang=vi&wpid=danhsachthuthuatdraw&role=323&usid=172.31.255.1_yxkdzoxvmcid1iu25j02tndge5d32f9b&st=182935
[2026-07-23 18:29:43.798] [BROWSER] [FILTER] 3 tháng
[2026-07-23 18:29:44.397] [BROWSER] [SEARCH] Nhập 'PHAN KIM RÔ' vào #txtTimKiem
[2026-07-23 18:29:44.607] [BROWSER] [SEARCH] Đã bấm Tìm kiếm bằng #btnTimKiem
[2026-07-23 18:29:44.635] [BROWSER] [RESULT] D/s Thủ thuật: 1 dòng
[2026-07-23 18:29:44.644] [SEARCH_RESULT] D/s Thủ thuật: nhận 1 dòng
{
  "current_url": "http://192.168.2.26:2026/home.aspx?scope=sys&lang=vi&wpid=danhsachthuthuatdraw&role=323&usid=172.31.255.1_yxkdzoxvmcid1iu25j02tndge5d32f9b&st=182935",
  "search_input_id": "txtTimKiem",
  "search_trigger": "#btnTimKiem",
  "headers": [
    "STT",
    "Ngày thủ thuật",
    "Mã BN",
    "Họ tên",
    "Giới tính",
    "Tuổi",
    "Đối tượng",
    "Nơi chỉ định",
    "Chỉ định thủ thuật",
    "Tạm ứng",
    "Phải thanh toán",
    "Tình trạng",
    "Thời gian chỉ định",
    "Trạng thái"
  ],
  "rows": [
    {
      "access_id": "688f8425-81e5-4426-ba1d-b46000942569",
      "known_fields": {
        "stt": "1",
        "ngay_thu_thuat": "09:02 05/06/2026",
        "ma_bn": "26020531",
        "ho_ten": "PHAN KIM RÔ",
        "gioi_tinh": "Nữ",
        "tuoi": "63 tuổi",
        "doi_tuong": "Bảo hiểm",
        "noi_chi_dinh": "PHÒNG KHÁM CHẤN THƯƠNG CHỈNH HÌNH - 20",
        "chi_dinh_thu_thuat": "Tiêm khớp vai",
        "tam_ung": "0",
        "phai_thanh_toan": "0",
        "tinh_trang": "Thường",
        "thoi_gian_chi_dinh": "08:59 05/06/2026",
        "trang_thai": "Hoàn tất"
      },
      "raw_text": "1 09:02 05/06/2026 26020531 PHAN KIM RÔ Nữ 63 tuổi Bảo hiểm PHÒNG KHÁM CHẤN THƯƠNG CHỈNH HÌNH - 20 Tiêm khớp vai 0 0 Thường 08:59 05/06/2026 Hoàn tất",
      "links": [
        {
          "text": "1",
          "href": "http://192.168.2.26:2026/home.aspx?scope=sys&lang=vi&wpid=thuthuatnewdraw&thuthuatid=688f8425-81e5-4426-ba1d-b46000942569&usid=172.31.255.1_yxkdzoxvmcid1iu25j02tndge5d32f9b&st=182941",
          "onclick": ""
        },
        {
          "text": "09:02 05/06/2026",
          "href": "http://192.168.2.26:2026/home.aspx?scope=sys&lang=vi&wpid=thuthuatnewdraw&thuthuatid=688f8425-81e5-4426-ba1d-b46000942569&usid=172.31.255.1_yxkdzoxvmcid1iu25j02tndge5d32f9b&st=182941",
          "onclick": ""
        },
        {
          "text": "26020531",
          "href": "http://192.168.2.26:2026/home.aspx?scope=sys&lang=vi&wpid=thuthuatnewdraw&thuthuatid=688f8425-81e5-4426-ba1d-b46000942569&usid=172.31.255.1_yxkdzoxvmcid1iu25j02tndge5d32f9b&st=182941",
          "onclick": ""
        },
        {
          "text": "PHAN KIM RÔ",
          "href": "http://192.168.2.26:2026/home.aspx?scope=sys&lang=vi&wpid=thuthuatnewdraw&thuthuatid=688f8425-81e5-4426-ba1d-b46000942569&usid=172.31.255.1_yxkdzoxvmcid1iu25j02tndge5d32f9b&st=182941",
          "onclick": ""
        },
        {
          "text": "Nữ",
          "href": "http://192.168.2.26:2026/home.aspx?scope=sys&lang=vi&wpid=thuthuatnewdraw&thuthuatid=688f8425-81e5-4426-ba1d-b46000942569&usid=172.31.255.1_yxkdzoxvmcid1iu25j02tndge5d32f9b&st=182941",
          "onclick": ""
        },
        {
          "text": "63 tuổi",
          "href": "http://192.168.2.26:2026/home.aspx?scope=sys&lang=vi&wpid=thuthuatnewdraw&thuthuatid=688f8425-81e5-4426-ba1d-b46000942569&usid=172.31.255.1_yxkdzoxvmcid1iu25j02tndge5d32f9b&st=182941",
          "onclick": ""
        },
        {
          "text": "Bảo hiểm",
          "href": "http://192.168.2.26:2026/home.aspx?scope=sys&lang=vi&wpid=thuthuatnewdraw&thuthuatid=688f8425-81e5-4426-ba1d-b46000942569&usid=172.31.255.1_yxkdzoxvmcid1iu25j02tndge5d32f9b&st=182941",
          "onclick": ""
        },
        {
          "text": "PHÒNG KHÁM CHẤN THƯƠNG CHỈNH HÌNH - 20",
          "href": "http://192.168.2.26:2026/home.aspx?scope=sys&lang=vi&wpid=thuthuatnewdraw&thuthuatid=688f8425-81e5-4426-ba1d-b46000942569&usid=172.31.255.1_yxkdzoxvmcid1iu25j02tndge5d32f9b&st=182941",
          "onclick": ""
        },
        {
          "text": "Tiêm khớp vai",
          "href": "http://192.168.2.26:2026/home.aspx?scope=sys&lang=vi&wpid=thuthuatnewdraw&thuthuatid=688f8425-81e5-4426-ba1d-b46000942569&usid=172.31.255.1_yxkdzoxvmcid1iu25j02tndge5d32f9b&st=182941",
          "onclick": ""
        },
        {
          "text": "0",
          "href": "http://192.168.2.26:2026/home.aspx?scope=sys&lang=vi&wpid=thuthuatnewdraw&thuthuatid=688f8425-81e5-4426-ba1d-b46000942569&usid=172.31.255.1_yxkdzoxvmcid1iu25j02tndge5d32f9b&st=182941",
          "onclick": ""
        },
        {
          "text": "0",
          "href": "http://192.168.2.26:2026/home.aspx?scope=sys&lang=vi&wpid=thuthuatnewdraw&thuthuatid=688f8425-81e5-4426-ba1d-b46000942569&usid=172.31.255.1_yxkdzoxvmcid1iu25j02tndge5d32f9b&st=182941",
          "onclick": ""
        },
        {
          "text": "Thường",
          "href": "http://192.168.2.26:2026/home.aspx?scope=sys&lang=vi&wpid=thuthuatnewdraw&thuthuatid=688f8425-81e5-4426-ba1d-b46000942569&usid=172.31.255.1_yxkdzoxvmcid1iu25j02tndge5d32f9b&st=182941",
          "onclick": ""
        },
        {
          "text": "08:59 05/06/2026",
          "href": "http://192.168.2.26:2026/home.aspx?scope=sys&lang=vi&wpid=thuthuatnewdraw&thuthuatid=688f8425-81e5-4426-ba1d-b46000942569&usid=172.31.255.1_yxkdzoxvmcid1iu25j02tndge5d32f9b&st=182941",
          "onclick": ""
        },
        {
          "text": "Hoàn tất",
          "href": "http://192.168.2.26:2026/home.aspx?scope=sys&lang=vi&wpid=thuthuatnewdraw&thuthuatid=688f8425-81e5-4426-ba1d-b46000942569&usid=172.31.255.1_yxkdzoxvmcid1iu25j02tndge5d32f9b&st=182941",
          "onclick": ""
        }
      ]
    }
  ]
}
[2026-07-23 18:29:44.646] [CANDIDATES] D/s Thủ thuật: có 1 ứng viên cùng người bệnh
{
  "candidates": [
    {
      "list_score": 210.0,
      "list_datetime": "2026-06-05 08:59:00",
      "list_time_source": "Thời gian chỉ định",
      "list_method": "Tiêm khớp vai",
      "list_method_source": "Chỉ định thủ thuật",
      "method_score": 1.0,
      "detail_marker": "http://192.168.2.26:2026/home.aspx?scope=sys&lang=vi&wpid=thuthuatnewdraw&thuthuatid=688f8425-81e5-4426-ba1d-b46000942569&usid=172.31.255.1_yxkdzoxvmcid1iu25j02tndge5d32f9b&st=182941",
      "row": {
        "access_id": "688f8425-81e5-4426-ba1d-b46000942569",
        "known_fields": {
          "stt": "1",
          "ngay_thu_thuat": "09:02 05/06/2026",
          "ma_bn": "26020531",
          "ho_ten": "PHAN KIM RÔ",
          "gioi_tinh": "Nữ",
          "tuoi": "63 tuổi",
          "doi_tuong": "Bảo hiểm",
          "noi_chi_dinh": "PHÒNG KHÁM CHẤN THƯƠNG CHỈNH HÌNH - 20",
          "chi_dinh_thu_thuat": "Tiêm khớp vai",
          "tam_ung": "0",
          "phai_thanh_toan": "0",
          "tinh_trang": "Thường",
          "thoi_gian_chi_dinh": "08:59 05/06/2026",
          "trang_thai": "Hoàn tất"
        },
        "raw_text": "1 09:02 05/06/2026 26020531 PHAN KIM RÔ Nữ 63 tuổi Bảo hiểm PHÒNG KHÁM CHẤN THƯƠNG CHỈNH HÌNH - 20 Tiêm khớp vai 0 0 Thường 08:59 05/06/2026 Hoàn tất",
        "links": [
          {
            "text": "1",
            "href": "http://192.168.2.26:2026/home.aspx?scope=sys&lang=vi&wpid=thuthuatnewdraw&thuthuatid=688f8425-81e5-4426-ba1d-b46000942569&usid=172.31.255.1_yxkdzoxvmcid1iu25j02tndge5d32f9b&st=182941",
            "onclick": ""
          },
          {
            "text": "09:02 05/06/2026",
            "href": "http://192.168.2.26:2026/home.aspx?scope=sys&lang=vi&wpid=thuthuatnewdraw&thuthuatid=688f8425-81e5-4426-ba1d-b46000942569&usid=172.31.255.1_yxkdzoxvmcid1iu25j02tndge5d32f9b&st=182941",
            "onclick": ""
          },
          {
            "text": "26020531",
            "href": "http://192.168.2.26:2026/home.aspx?scope=sys&lang=vi&wpid=thuthuatnewdraw&thuthuatid=688f8425-81e5-4426-ba1d-b46000942569&usid=172.31.255.1_yxkdzoxvmcid1iu25j02tndge5d32f9b&st=182941",
            "onclick": ""
          },
          {
            "text": "PHAN KIM RÔ",
            "href": "http://192.168.2.26:2026/home.aspx?scope=sys&lang=vi&wpid=thuthuatnewdraw&thuthuatid=688f8425-81e5-4426-ba1d-b46000942569&usid=172.31.255.1_yxkdzoxvmcid1iu25j02tndge5d32f9b&st=182941",
            "onclick": ""
          },
          {
            "text": "Nữ",
            "href": "http://192.168.2.26:2026/home.aspx?scope=sys&lang=vi&wpid=thuthuatnewdraw&thuthuatid=688f8425-81e5-4426-ba1d-b46000942569&usid=172.31.255.1_yxkdzoxvmcid1iu25j02tndge5d32f9b&st=182941",
            "onclick": ""
          },
          {
            "text": "63 tuổi",
            "href": "http://192.168.2.26:2026/home.aspx?scope=sys&lang=vi&wpid=thuthuatnewdraw&thuthuatid=688f8425-81e5-4426-ba1d-b46000942569&usid=172.31.255.1_yxkdzoxvmcid1iu25j02tndge5d32f9b&st=182941",
            "onclick": ""
          },
          {
            "text": "Bảo hiểm",
            "href": "http://192.168.2.26:2026/home.aspx?scope=sys&lang=vi&wpid=thuthuatnewdraw&thuthuatid=688f8425-81e5-4426-ba1d-b46000942569&usid=172.31.255.1_yxkdzoxvmcid1iu25j02tndge5d32f9b&st=182941",
            "onclick": ""
          },
          {
            "text": "PHÒNG KHÁM CHẤN THƯƠNG CHỈNH HÌNH - 20",
            "href": "http://192.168.2.26:2026/home.aspx?scope=sys&lang=vi&wpid=thuthuatnewdraw&thuthuatid=688f8425-81e5-4426-ba1d-b46000942569&usid=172.31.255.1_yxkdzoxvmcid1iu25j02tndge5d32f9b&st=182941",
            "onclick": ""
          },
          {
            "text": "Tiêm khớp vai",
            "href": "http://192.168.2.26:2026/home.aspx?scope=sys&lang=vi&wpid=thuthuatnewdraw&thuthuatid=688f8425-81e5-4426-ba1d-b46000942569&usid=172.31.255.1_yxkdzoxvmcid1iu25j02tndge5d32f9b&st=182941",
            "onclick": ""
          },
          {
            "text": "0",
            "href": "http://192.168.2.26:2026/home.aspx?scope=sys&lang=vi&wpid=thuthuatnewdraw&thuthuatid=688f8425-81e5-4426-ba1d-b46000942569&usid=172.31.255.1_yxkdzoxvmcid1iu25j02tndge5d32f9b&st=182941",
            "onclick": ""
          },
          {
            "text": "0",
            "href": "http://192.168.2.26:2026/home.aspx?scope=sys&lang=vi&wpid=thuthuatnewdraw&thuthuatid=688f8425-81e5-4426-ba1d-b46000942569&usid=172.31.255.1_yxkdzoxvmcid1iu25j02tndge5d32f9b&st=182941",
            "onclick": ""
          },
          {
            "text": "Thường",
            "href": "http://192.168.2.26:2026/home.aspx?scope=sys&lang=vi&wpid=thuthuatnewdraw&thuthuatid=688f8425-81e5-4426-ba1d-b46000942569&usid=172.31.255.1_yxkdzoxvmcid1iu25j02tndge5d32f9b&st=182941",
            "onclick": ""
          },
          {
            "text": "08:59 05/06/2026",
            "href": "http://192.168.2.26:2026/home.aspx?scope=sys&lang=vi&wpid=thuthuatnewdraw&thuthuatid=688f8425-81e5-4426-ba1d-b46000942569&usid=172.31.255.1_yxkdzoxvmcid1iu25j02tndge5d32f9b&st=182941",
            "onclick": ""
          },
          {
            "text": "Hoàn tất",
            "href": "http://192.168.2.26:2026/home.aspx?scope=sys&lang=vi&wpid=thuthuatnewdraw&thuthuatid=688f8425-81e5-4426-ba1d-b46000942569&usid=172.31.255.1_yxkdzoxvmcid1iu25j02tndge5d32f9b&st=182941",
            "onclick": ""
          }
        ]
      }
    }
  ]
}
[2026-07-23 18:29:44.648] [DETAIL_BEGIN] D/s Thủ thuật: mở ứng viên 1
{
  "detail_marker": "http://192.168.2.26:2026/home.aspx?scope=sys&lang=vi&wpid=thuthuatnewdraw&thuthuatid=688f8425-81e5-4426-ba1d-b46000942569&usid=172.31.255.1_yxkdzoxvmcid1iu25j02tndge5d32f9b&st=182941",
  "list_datetime": "2026-06-05 08:59:00",
  "list_method": "Tiêm khớp vai",
  "row": {
    "access_id": "688f8425-81e5-4426-ba1d-b46000942569",
    "known_fields": {
      "stt": "1",
      "ngay_thu_thuat": "09:02 05/06/2026",
      "ma_bn": "26020531",
      "ho_ten": "PHAN KIM RÔ",
      "gioi_tinh": "Nữ",
      "tuoi": "63 tuổi",
      "doi_tuong": "Bảo hiểm",
      "noi_chi_dinh": "PHÒNG KHÁM CHẤN THƯƠNG CHỈNH HÌNH - 20",
      "chi_dinh_thu_thuat": "Tiêm khớp vai",
      "tam_ung": "0",
      "phai_thanh_toan": "0",
      "tinh_trang": "Thường",
      "thoi_gian_chi_dinh": "08:59 05/06/2026",
      "trang_thai": "Hoàn tất"
    },
    "raw_text": "1 09:02 05/06/2026 26020531 PHAN KIM RÔ Nữ 63 tuổi Bảo hiểm PHÒNG KHÁM CHẤN THƯƠNG CHỈNH HÌNH - 20 Tiêm khớp vai 0 0 Thường 08:59 05/06/2026 Hoàn tất",
    "links": [
      {
        "text": "1",
        "href": "http://192.168.2.26:2026/home.aspx?scope=sys&lang=vi&wpid=thuthuatnewdraw&thuthuatid=688f8425-81e5-4426-ba1d-b46000942569&usid=172.31.255.1_yxkdzoxvmcid1iu25j02tndge5d32f9b&st=182941",
        "onclick": ""
      },
      {
        "text": "09:02 05/06/2026",
        "href": "http://192.168.2.26:2026/home.aspx?scope=sys&lang=vi&wpid=thuthuatnewdraw&thuthuatid=688f8425-81e5-4426-ba1d-b46000942569&usid=172.31.255.1_yxkdzoxvmcid1iu25j02tndge5d32f9b&st=182941",
        "onclick": ""
      },
      {
        "text": "26020531",
        "href": "http://192.168.2.26:2026/home.aspx?scope=sys&lang=vi&wpid=thuthuatnewdraw&thuthuatid=688f8425-81e5-4426-ba1d-b46000942569&usid=172.31.255.1_yxkdzoxvmcid1iu25j02tndge5d32f9b&st=182941",
        "onclick": ""
      },
      {
        "text": "PHAN KIM RÔ",
        "href": "http://192.168.2.26:2026/home.aspx?scope=sys&lang=vi&wpid=thuthuatnewdraw&thuthuatid=688f8425-81e5-4426-ba1d-b46000942569&usid=172.31.255.1_yxkdzoxvmcid1iu25j02tndge5d32f9b&st=182941",
        "onclick": ""
      },
      {
        "text": "Nữ",
        "href": "http://192.168.2.26:2026/home.aspx?scope=sys&lang=vi&wpid=thuthuatnewdraw&thuthuatid=688f8425-81e5-4426-ba1d-b46000942569&usid=172.31.255.1_yxkdzoxvmcid1iu25j02tndge5d32f9b&st=182941",
        "onclick": ""
      },
      {
        "text": "63 tuổi",
        "href": "http://192.168.2.26:2026/home.aspx?scope=sys&lang=vi&wpid=thuthuatnewdraw&thuthuatid=688f8425-81e5-4426-ba1d-b46000942569&usid=172.31.255.1_yxkdzoxvmcid1iu25j02tndge5d32f9b&st=182941",
        "onclick": ""
      },
      {
        "text": "Bảo hiểm",
        "href": "http://192.168.2.26:2026/home.aspx?scope=sys&lang=vi&wpid=thuthuatnewdraw&thuthuatid=688f8425-81e5-4426-ba1d-b46000942569&usid=172.31.255.1_yxkdzoxvmcid1iu25j02tndge5d32f9b&st=182941",
        "onclick": ""
      },
      {
        "text": "PHÒNG KHÁM CHẤN THƯƠNG CHỈNH HÌNH - 20",
        "href": "http://192.168.2.26:2026/home.aspx?scope=sys&lang=vi&wpid=thuthuatnewdraw&thuthuatid=688f8425-81e5-4426-ba1d-b46000942569&usid=172.31.255.1_yxkdzoxvmcid1iu25j02tndge5d32f9b&st=182941",
        "onclick": ""
      },
      {
        "text": "Tiêm khớp vai",
        "href": "http://192.168.2.26:2026/home.aspx?scope=sys&lang=vi&wpid=thuthuatnewdraw&thuthuatid=688f8425-81e5-4426-ba1d-b46000942569&usid=172.31.255.1_yxkdzoxvmcid1iu25j02tndge5d32f9b&st=182941",
        "onclick": ""
      },
      {
        "text": "0",
        "href": "http://192.168.2.26:2026/home.aspx?scope=sys&lang=vi&wpid=thuthuatnewdraw&thuthuatid=688f8425-81e5-4426-ba1d-b46000942569&usid=172.31.255.1_yxkdzoxvmcid1iu25j02tndge5d32f9b&st=182941",
        "onclick": ""
      },
      {
        "text": "0",
        "href": "http://192.168.2.26:2026/home.aspx?scope=sys&lang=vi&wpid=thuthuatnewdraw&thuthuatid=688f8425-81e5-4426-ba1d-b46000942569&usid=172.31.255.1_yxkdzoxvmcid1iu25j02tndge5d32f9b&st=182941",
        "onclick": ""
      },
      {
        "text": "Thường",
        "href": "http://192.168.2.26:2026/home.aspx?scope=sys&lang=vi&wpid=thuthuatnewdraw&thuthuatid=688f8425-81e5-4426-ba1d-b46000942569&usid=172.31.255.1_yxkdzoxvmcid1iu25j02tndge5d32f9b&st=182941",
        "onclick": ""
      },
      {
        "text": "08:59 05/06/2026",
        "href": "http://192.168.2.26:2026/home.aspx?scope=sys&lang=vi&wpid=thuthuatnewdraw&thuthuatid=688f8425-81e5-4426-ba1d-b46000942569&usid=172.31.255.1_yxkdzoxvmcid1iu25j02tndge5d32f9b&st=182941",
        "onclick": ""
      },
      {
        "text": "Hoàn tất",
        "href": "http://192.168.2.26:2026/home.aspx?scope=sys&lang=vi&wpid=thuthuatnewdraw&thuthuatid=688f8425-81e5-4426-ba1d-b46000942569&usid=172.31.255.1_yxkdzoxvmcid1iu25j02tndge5d32f9b&st=182941",
        "onclick": ""
      }
    ]
  }
}
[2026-07-23 18:29:44.657] [BROWSER] [DETAIL] kind=procedure; access_id=688f8425-81e5-4426-ba1d-b46000942569; direct_url=yes; onclick=no
[2026-07-23 18:29:44.658] [BROWSER] [DETAIL] Mở liên kết trực tiếp: http://192.168.2.26:2026/home.aspx?scope=sys&lang=vi&wpid=thuthuatnewdraw&thuthuatid=688f8425-81e5-4426-ba1d-b46000942569&usid=172.31.255.1_yxkdzoxvmcid1iu25j02tndge5d32f9b&st=182941
[2026-07-23 18:29:45.738] [BROWSER] [DETAIL] Dữ liệu đọc được: {"ajax_active": 0, "complete_info": "Người hoàn tất: Phạm Việt Tân (pvtan) | TG nhấn hoàn tất: 09:05 05/06/2026", "current_url": "http://192.168.2.26:2026/home.aspx?scope=sys&lang=vi&wpid=thuthuatnewdraw&thuthuatid=688f8425-81e5-4426-ba1d-b46000942569&usid=172.31.255.1_yxkdzoxvmcid1iu25j02tndge5d32f9b&st=182941", "doctor": "Phạm Việt Tân", "doctor_candidates": [{"id": "txtBacSyChiDinh", "value": "Phạm Việt Tân"}, {"id": "txtBacSiChiDinh", "value": ""}], "doctor_field": "txtBacSyChiDinh", "doctor_found": true, "method": "Tiêm khớp vai", "method_candidates": [{"id": "txtChiDinh", "value": "Tiêm khớp vai"}, {"id": "cbbPhuongPhapTT", "value": "Tiêm khớp vai"}], "method_field": "txtChiDinh", "patient_info": "(26020531 | PHAN KIM RÔ, 10/03/1963, Nữ, 63 tuổi | Bảo hiểm)", "root_found": true, "start_candidates": [{"id": "txtThoiGianChiDinh", "value": "08:59 05/06/2026"}, {"id": "txtTgBatDau", "value": "09:02 05/06/2026"}], "start_time": "08:59 05/06/2026", "start_time_field": "txtThoiGianChiDinh"}
[2026-07-23 18:29:45.739] [BROWSER] [DETAIL] Nguồn bác sĩ: Bác sĩ chỉ định; field=txtBacSyChiDinh; value=Phạm Việt Tân
[2026-07-23 18:29:45.740] [DETAIL_OK] D/s Thủ thuật: đọc được hồ sơ chi tiết
{
  "doctor_from_emr": "Phạm Việt Tân",
  "mapped_alias": "V.TÂN",
  "mapped_name": "Phạm Việt Tân",
  "start_time": "08:59 05/06/2026",
  "start_time_field": "txtThoiGianChiDinh",
  "method": "Tiêm khớp vai",
  "method_field": "txtChiDinh",
  "list_time_source": "Thời gian chỉ định",
  "list_method_source": "Chỉ định thủ thuật",
  "current_url": "http://192.168.2.26:2026/home.aspx?scope=sys&lang=vi&wpid=thuthuatnewdraw&thuthuatid=688f8425-81e5-4426-ba1d-b46000942569&usid=172.31.255.1_yxkdzoxvmcid1iu25j02tndge5d32f9b&st=182941",
  "total_score": 660.0,
  "method_score": 1.0
}
[2026-07-23 18:29:45.741] [EVALUATED] D/s Thủ thuật: đánh giá 1 hồ sơ
{
  "items": [
    {
      "doctor": "Phạm Việt Tân",
      "alias": "V.TÂN",
      "detail_datetime": "2026-06-05 08:59:00",
      "method_score": 1.0,
      "total_score": 660.0,
      "confidence_ok": true
    }
  ]
}
[2026-07-23 18:29:45.743] [SOURCE_MATCH] D/s Thủ thuật: đã chọn bác sĩ, không tìm nguồn còn lại
{
  "alias": "V.TÂN"
}
[2026-07-23 18:29:47.049] [AUTOSAVE_ROW] Dòng 109: đã điền V.TÂN và lưu ngay
{
  "patient": "PHAN KIM RÔ",
  "source": "D/s Thủ thuật",
  "doctor_name": "Phạm Việt Tân",
  "emr_doctor": "Phạm Việt Tân",
  "matched_time": "08:59 05/06/2026",
  "matched_method": "Tiêm khớp vai",
  "progress": "3/8",
  "output": "E:\\Thong_ke\\node_outputs\\PM khoa CTCH T6_NHAP_LIEU.xlsx"
}
[2026-07-23 18:29:47.050] [ROW_END] Kết thúc dòng 109
{
  "status": "updated",
  "new_value": "V.TÂN",
  "reason": null
}
[2026-07-23 18:29:47.051] [ROW_BEGIN] [4/8] Bắt đầu dòng 110: LÊ THỊ NGHĨA
{
  "raw_time": "2026/06/10 13:53",
  "parsed_time": "13:53 10/06/2026",
  "method": "Tiêm khớp vai",
  "old_value": ""
}
[2026-07-23 18:29:47.052] [SEARCH_BEGIN] dòng 110: tìm LÊ THỊ NGHĨA tại D/s Thủ thuật
{
  "patient": "LÊ THỊ NGHĨA",
  "target_time": "2026-06-10 13:53:00",
  "target_method": "Tiêm khớp vai",
  "source": "procedure"
}
[2026-07-23 18:29:47.424] [BROWSER] [NAV] D/s Thủ thuật: http://192.168.2.26:2026/home.aspx?scope=sys&lang=vi&wpid=danhsachthuthuatdraw&role=323&usid=172.31.255.1_yxkdzoxvmcid1iu25j02tndge5d32f9b&st=182941
[2026-07-23 18:29:49.396] [BROWSER] [FILTER] 3 tháng
[2026-07-23 18:29:49.963] [BROWSER] [SEARCH] Nhập 'LÊ THỊ NGHĨA' vào #txtTimKiem
[2026-07-23 18:29:50.169] [BROWSER] [SEARCH] Đã bấm Tìm kiếm bằng #btnTimKiem
[2026-07-23 18:29:50.196] [BROWSER] [RESULT] D/s Thủ thuật: 1 dòng
[2026-07-23 18:29:50.205] [SEARCH_RESULT] D/s Thủ thuật: nhận 1 dòng
{
  "current_url": "http://192.168.2.26:2026/home.aspx?scope=sys&lang=vi&wpid=danhsachthuthuatdraw&role=323&usid=172.31.255.1_yxkdzoxvmcid1iu25j02tndge5d32f9b&st=182941",
  "search_input_id": "txtTimKiem",
  "search_trigger": "#btnTimKiem",
  "headers": [
    "STT",
    "Ngày thủ thuật",
    "Mã BN",
    "Họ tên",
    "Giới tính",
    "Tuổi",
    "Đối tượng",
    "Nơi chỉ định",
    "Chỉ định thủ thuật",
    "Tạm ứng",
    "Phải thanh toán",
    "Tình trạng",
    "Thời gian chỉ định",
    "Trạng thái"
  ],
  "rows": [
    {
      "access_id": "66cf4cb7-9722-4971-8ae6-b46500e758b0",
      "known_fields": {
        "stt": "1",
        "ngay_thu_thuat": "13:53 10/06/2026",
        "ma_bn": "26059190",
        "ho_ten": "LÊ THỊ NGHĨA",
        "gioi_tinh": "Nữ",
        "tuoi": "57 tuổi",
        "doi_tuong": "Bảo hiểm",
        "noi_chi_dinh": "PHÒNG KHÁM CHẤN THƯƠNG CHỈNH HÌNH - 20",
        "chi_dinh_thu_thuat": "Tiêm khớp vai",
        "tam_ung": "0",
        "phai_thanh_toan": "0",
        "tinh_trang": "Thường",
        "thoi_gian_chi_dinh": "13:53 10/06/2026",
        "trang_thai": "Hoàn tất"
      },
      "raw_text": "1 13:53 10/06/2026 26059190 LÊ THỊ NGHĨA Nữ 57 tuổi Bảo hiểm PHÒNG KHÁM CHẤN THƯƠNG CHỈNH HÌNH - 20 Tiêm khớp vai 0 0 Thường 13:53 10/06/2026 Hoàn tất",
      "links": [
        {
          "text": "1",
          "href": "http://192.168.2.26:2026/home.aspx?scope=sys&lang=vi&wpid=thuthuatnewdraw&thuthuatid=66cf4cb7-9722-4971-8ae6-b46500e758b0&usid=172.31.255.1_yxkdzoxvmcid1iu25j02tndge5d32f9b&st=182947",
          "onclick": ""
        },
        {
          "text": "13:53 10/06/2026",
          "href": "http://192.168.2.26:2026/home.aspx?scope=sys&lang=vi&wpid=thuthuatnewdraw&thuthuatid=66cf4cb7-9722-4971-8ae6-b46500e758b0&usid=172.31.255.1_yxkdzoxvmcid1iu25j02tndge5d32f9b&st=182947",
          "onclick": ""
        },
        {
          "text": "26059190",
          "href": "http://192.168.2.26:2026/home.aspx?scope=sys&lang=vi&wpid=thuthuatnewdraw&thuthuatid=66cf4cb7-9722-4971-8ae6-b46500e758b0&usid=172.31.255.1_yxkdzoxvmcid1iu25j02tndge5d32f9b&st=182947",
          "onclick": ""
        },
        {
          "text": "LÊ THỊ NGHĨA",
          "href": "http://192.168.2.26:2026/home.aspx?scope=sys&lang=vi&wpid=thuthuatnewdraw&thuthuatid=66cf4cb7-9722-4971-8ae6-b46500e758b0&usid=172.31.255.1_yxkdzoxvmcid1iu25j02tndge5d32f9b&st=182947",
          "onclick": ""
        },
        {
          "text": "Nữ",
          "href": "http://192.168.2.26:2026/home.aspx?scope=sys&lang=vi&wpid=thuthuatnewdraw&thuthuatid=66cf4cb7-9722-4971-8ae6-b46500e758b0&usid=172.31.255.1_yxkdzoxvmcid1iu25j02tndge5d32f9b&st=182947",
          "onclick": ""
        },
        {
          "text": "57 tuổi",
          "href": "http://192.168.2.26:2026/home.aspx?scope=sys&lang=vi&wpid=thuthuatnewdraw&thuthuatid=66cf4cb7-9722-4971-8ae6-b46500e758b0&usid=172.31.255.1_yxkdzoxvmcid1iu25j02tndge5d32f9b&st=182947",
          "onclick": ""
        },
        {
          "text": "Bảo hiểm",
          "href": "http://192.168.2.26:2026/home.aspx?scope=sys&lang=vi&wpid=thuthuatnewdraw&thuthuatid=66cf4cb7-9722-4971-8ae6-b46500e758b0&usid=172.31.255.1_yxkdzoxvmcid1iu25j02tndge5d32f9b&st=182947",
          "onclick": ""
        },
        {
          "text": "PHÒNG KHÁM CHẤN THƯƠNG CHỈNH HÌNH - 20",
          "href": "http://192.168.2.26:2026/home.aspx?scope=sys&lang=vi&wpid=thuthuatnewdraw&thuthuatid=66cf4cb7-9722-4971-8ae6-b46500e758b0&usid=172.31.255.1_yxkdzoxvmcid1iu25j02tndge5d32f9b&st=182947",
          "onclick": ""
        },
        {
          "text": "Tiêm khớp vai",
          "href": "http://192.168.2.26:2026/home.aspx?scope=sys&lang=vi&wpid=thuthuatnewdraw&thuthuatid=66cf4cb7-9722-4971-8ae6-b46500e758b0&usid=172.31.255.1_yxkdzoxvmcid1iu25j02tndge5d32f9b&st=182947",
          "onclick": ""
        },
        {
          "text": "0",
          "href": "http://192.168.2.26:2026/home.aspx?scope=sys&lang=vi&wpid=thuthuatnewdraw&thuthuatid=66cf4cb7-9722-4971-8ae6-b46500e758b0&usid=172.31.255.1_yxkdzoxvmcid1iu25j02tndge5d32f9b&st=182947",
          "onclick": ""
        },
        {
          "text": "0",
          "href": "http://192.168.2.26:2026/home.aspx?scope=sys&lang=vi&wpid=thuthuatnewdraw&thuthuatid=66cf4cb7-9722-4971-8ae6-b46500e758b0&usid=172.31.255.1_yxkdzoxvmcid1iu25j02tndge5d32f9b&st=182947",
          "onclick": ""
        },
        {
          "text": "Thường",
          "href": "http://192.168.2.26:2026/home.aspx?scope=sys&lang=vi&wpid=thuthuatnewdraw&thuthuatid=66cf4cb7-9722-4971-8ae6-b46500e758b0&usid=172.31.255.1_yxkdzoxvmcid1iu25j02tndge5d32f9b&st=182947",
          "onclick": ""
        },
        {
          "text": "13:53 10/06/2026",
          "href": "http://192.168.2.26:2026/home.aspx?scope=sys&lang=vi&wpid=thuthuatnewdraw&thuthuatid=66cf4cb7-9722-4971-8ae6-b46500e758b0&usid=172.31.255.1_yxkdzoxvmcid1iu25j02tndge5d32f9b&st=182947",
          "onclick": ""
        },
        {
          "text": "Hoàn tất",
          "href": "http://192.168.2.26:2026/home.aspx?scope=sys&lang=vi&wpid=thuthuatnewdraw&thuthuatid=66cf4cb7-9722-4971-8ae6-b46500e758b0&usid=172.31.255.1_yxkdzoxvmcid1iu25j02tndge5d32f9b&st=182947",
          "onclick": ""
        }
      ]
    }
  ]
}
[2026-07-23 18:29:50.207] [CANDIDATES] D/s Thủ thuật: có 1 ứng viên cùng người bệnh
{
  "candidates": [
    {
      "list_score": 210.0,
      "list_datetime": "2026-06-10 13:53:00",
      "list_time_source": "Thời gian chỉ định",
      "list_method": "Tiêm khớp vai",
      "list_method_source": "Chỉ định thủ thuật",
      "method_score": 1.0,
      "detail_marker": "http://192.168.2.26:2026/home.aspx?scope=sys&lang=vi&wpid=thuthuatnewdraw&thuthuatid=66cf4cb7-9722-4971-8ae6-b46500e758b0&usid=172.31.255.1_yxkdzoxvmcid1iu25j02tndge5d32f9b&st=182947",
      "row": {
        "access_id": "66cf4cb7-9722-4971-8ae6-b46500e758b0",
        "known_fields": {
          "stt": "1",
          "ngay_thu_thuat": "13:53 10/06/2026",
          "ma_bn": "26059190",
          "ho_ten": "LÊ THỊ NGHĨA",
          "gioi_tinh": "Nữ",
          "tuoi": "57 tuổi",
          "doi_tuong": "Bảo hiểm",
          "noi_chi_dinh": "PHÒNG KHÁM CHẤN THƯƠNG CHỈNH HÌNH - 20",
          "chi_dinh_thu_thuat": "Tiêm khớp vai",
          "tam_ung": "0",
          "phai_thanh_toan": "0",
          "tinh_trang": "Thường",
          "thoi_gian_chi_dinh": "13:53 10/06/2026",
          "trang_thai": "Hoàn tất"
        },
        "raw_text": "1 13:53 10/06/2026 26059190 LÊ THỊ NGHĨA Nữ 57 tuổi Bảo hiểm PHÒNG KHÁM CHẤN THƯƠNG CHỈNH HÌNH - 20 Tiêm khớp vai 0 0 Thường 13:53 10/06/2026 Hoàn tất",
        "links": [
          {
            "text": "1",
            "href": "http://192.168.2.26:2026/home.aspx?scope=sys&lang=vi&wpid=thuthuatnewdraw&thuthuatid=66cf4cb7-9722-4971-8ae6-b46500e758b0&usid=172.31.255.1_yxkdzoxvmcid1iu25j02tndge5d32f9b&st=182947",
            "onclick": ""
          },
          {
            "text": "13:53 10/06/2026",
            "href": "http://192.168.2.26:2026/home.aspx?scope=sys&lang=vi&wpid=thuthuatnewdraw&thuthuatid=66cf4cb7-9722-4971-8ae6-b46500e758b0&usid=172.31.255.1_yxkdzoxvmcid1iu25j02tndge5d32f9b&st=182947",
            "onclick": ""
          },
          {
            "text": "26059190",
            "href": "http://192.168.2.26:2026/home.aspx?scope=sys&lang=vi&wpid=thuthuatnewdraw&thuthuatid=66cf4cb7-9722-4971-8ae6-b46500e758b0&usid=172.31.255.1_yxkdzoxvmcid1iu25j02tndge5d32f9b&st=182947",
            "onclick": ""
          },
          {
            "text": "LÊ THỊ NGHĨA",
            "href": "http://192.168.2.26:2026/home.aspx?scope=sys&lang=vi&wpid=thuthuatnewdraw&thuthuatid=66cf4cb7-9722-4971-8ae6-b46500e758b0&usid=172.31.255.1_yxkdzoxvmcid1iu25j02tndge5d32f9b&st=182947",
            "onclick": ""
          },
          {
            "text": "Nữ",
            "href": "http://192.168.2.26:2026/home.aspx?scope=sys&lang=vi&wpid=thuthuatnewdraw&thuthuatid=66cf4cb7-9722-4971-8ae6-b46500e758b0&usid=172.31.255.1_yxkdzoxvmcid1iu25j02tndge5d32f9b&st=182947",
            "onclick": ""
          },
          {
            "text": "57 tuổi",
            "href": "http://192.168.2.26:2026/home.aspx?scope=sys&lang=vi&wpid=thuthuatnewdraw&thuthuatid=66cf4cb7-9722-4971-8ae6-b46500e758b0&usid=172.31.255.1_yxkdzoxvmcid1iu25j02tndge5d32f9b&st=182947",
            "onclick": ""
          },
          {
            "text": "Bảo hiểm",
            "href": "http://192.168.2.26:2026/home.aspx?scope=sys&lang=vi&wpid=thuthuatnewdraw&thuthuatid=66cf4cb7-9722-4971-8ae6-b46500e758b0&usid=172.31.255.1_yxkdzoxvmcid1iu25j02tndge5d32f9b&st=182947",
            "onclick": ""
          },
          {
            "text": "PHÒNG KHÁM CHẤN THƯƠNG CHỈNH HÌNH - 20",
            "href": "http://192.168.2.26:2026/home.aspx?scope=sys&lang=vi&wpid=thuthuatnewdraw&thuthuatid=66cf4cb7-9722-4971-8ae6-b46500e758b0&usid=172.31.255.1_yxkdzoxvmcid1iu25j02tndge5d32f9b&st=182947",
            "onclick": ""
          },
          {
            "text": "Tiêm khớp vai",
            "href": "http://192.168.2.26:2026/home.aspx?scope=sys&lang=vi&wpid=thuthuatnewdraw&thuthuatid=66cf4cb7-9722-4971-8ae6-b46500e758b0&usid=172.31.255.1_yxkdzoxvmcid1iu25j02tndge5d32f9b&st=182947",
            "onclick": ""
          },
          {
            "text": "0",
            "href": "http://192.168.2.26:2026/home.aspx?scope=sys&lang=vi&wpid=thuthuatnewdraw&thuthuatid=66cf4cb7-9722-4971-8ae6-b46500e758b0&usid=172.31.255.1_yxkdzoxvmcid1iu25j02tndge5d32f9b&st=182947",
            "onclick": ""
          },
          {
            "text": "0",
            "href": "http://192.168.2.26:2026/home.aspx?scope=sys&lang=vi&wpid=thuthuatnewdraw&thuthuatid=66cf4cb7-9722-4971-8ae6-b46500e758b0&usid=172.31.255.1_yxkdzoxvmcid1iu25j02tndge5d32f9b&st=182947",
            "onclick": ""
          },
          {
            "text": "Thường",
            "href": "http://192.168.2.26:2026/home.aspx?scope=sys&lang=vi&wpid=thuthuatnewdraw&thuthuatid=66cf4cb7-9722-4971-8ae6-b46500e758b0&usid=172.31.255.1_yxkdzoxvmcid1iu25j02tndge5d32f9b&st=182947",
            "onclick": ""
          },
          {
            "text": "13:53 10/06/2026",
            "href": "http://192.168.2.26:2026/home.aspx?scope=sys&lang=vi&wpid=thuthuatnewdraw&thuthuatid=66cf4cb7-9722-4971-8ae6-b46500e758b0&usid=172.31.255.1_yxkdzoxvmcid1iu25j02tndge5d32f9b&st=182947",
            "onclick": ""
          },
          {
            "text": "Hoàn tất",
            "href": "http://192.168.2.26:2026/home.aspx?scope=sys&lang=vi&wpid=thuthuatnewdraw&thuthuatid=66cf4cb7-9722-4971-8ae6-b46500e758b0&usid=172.31.255.1_yxkdzoxvmcid1iu25j02tndge5d32f9b&st=182947",
            "onclick": ""
          }
        ]
      }
    }
  ]
}
[2026-07-23 18:29:50.208] [DETAIL_BEGIN] D/s Thủ thuật: mở ứng viên 1
{
  "detail_marker": "http://192.168.2.26:2026/home.aspx?scope=sys&lang=vi&wpid=thuthuatnewdraw&thuthuatid=66cf4cb7-9722-4971-8ae6-b46500e758b0&usid=172.31.255.1_yxkdzoxvmcid1iu25j02tndge5d32f9b&st=182947",
  "list_datetime": "2026-06-10 13:53:00",
  "list_method": "Tiêm khớp vai",
  "row": {
    "access_id": "66cf4cb7-9722-4971-8ae6-b46500e758b0",
    "known_fields": {
      "stt": "1",
      "ngay_thu_thuat": "13:53 10/06/2026",
      "ma_bn": "26059190",
      "ho_ten": "LÊ THỊ NGHĨA",
      "gioi_tinh": "Nữ",
      "tuoi": "57 tuổi",
      "doi_tuong": "Bảo hiểm",
      "noi_chi_dinh": "PHÒNG KHÁM CHẤN THƯƠNG CHỈNH HÌNH - 20",
      "chi_dinh_thu_thuat": "Tiêm khớp vai",
      "tam_ung": "0",
      "phai_thanh_toan": "0",
      "tinh_trang": "Thường",
      "thoi_gian_chi_dinh": "13:53 10/06/2026",
      "trang_thai": "Hoàn tất"
    },
    "raw_text": "1 13:53 10/06/2026 26059190 LÊ THỊ NGHĨA Nữ 57 tuổi Bảo hiểm PHÒNG KHÁM CHẤN THƯƠNG CHỈNH HÌNH - 20 Tiêm khớp vai 0 0 Thường 13:53 10/06/2026 Hoàn tất",
    "links": [
      {
        "text": "1",
        "href": "http://192.168.2.26:2026/home.aspx?scope=sys&lang=vi&wpid=thuthuatnewdraw&thuthuatid=66cf4cb7-9722-4971-8ae6-b46500e758b0&usid=172.31.255.1_yxkdzoxvmcid1iu25j02tndge5d32f9b&st=182947",
        "onclick": ""
      },
      {
        "text": "13:53 10/06/2026",
        "href": "http://192.168.2.26:2026/home.aspx?scope=sys&lang=vi&wpid=thuthuatnewdraw&thuthuatid=66cf4cb7-9722-4971-8ae6-b46500e758b0&usid=172.31.255.1_yxkdzoxvmcid1iu25j02tndge5d32f9b&st=182947",
        "onclick": ""
      },
      {
        "text": "26059190",
        "href": "http://192.168.2.26:2026/home.aspx?scope=sys&lang=vi&wpid=thuthuatnewdraw&thuthuatid=66cf4cb7-9722-4971-8ae6-b46500e758b0&usid=172.31.255.1_yxkdzoxvmcid1iu25j02tndge5d32f9b&st=182947",
        "onclick": ""
      },
      {
        "text": "LÊ THỊ NGHĨA",
        "href": "http://192.168.2.26:2026/home.aspx?scope=sys&lang=vi&wpid=thuthuatnewdraw&thuthuatid=66cf4cb7-9722-4971-8ae6-b46500e758b0&usid=172.31.255.1_yxkdzoxvmcid1iu25j02tndge5d32f9b&st=182947",
        "onclick": ""
      },
      {
        "text": "Nữ",
        "href": "http://192.168.2.26:2026/home.aspx?scope=sys&lang=vi&wpid=thuthuatnewdraw&thuthuatid=66cf4cb7-9722-4971-8ae6-b46500e758b0&usid=172.31.255.1_yxkdzoxvmcid1iu25j02tndge5d32f9b&st=182947",
        "onclick": ""
      },
      {
        "text": "57 tuổi",
        "href": "http://192.168.2.26:2026/home.aspx?scope=sys&lang=vi&wpid=thuthuatnewdraw&thuthuatid=66cf4cb7-9722-4971-8ae6-b46500e758b0&usid=172.31.255.1_yxkdzoxvmcid1iu25j02tndge5d32f9b&st=182947",
        "onclick": ""
      },
      {
        "text": "Bảo hiểm",
        "href": "http://192.168.2.26:2026/home.aspx?scope=sys&lang=vi&wpid=thuthuatnewdraw&thuthuatid=66cf4cb7-9722-4971-8ae6-b46500e758b0&usid=172.31.255.1_yxkdzoxvmcid1iu25j02tndge5d32f9b&st=182947",
        "onclick": ""
      },
      {
        "text": "PHÒNG KHÁM CHẤN THƯƠNG CHỈNH HÌNH - 20",
        "href": "http://192.168.2.26:2026/home.aspx?scope=sys&lang=vi&wpid=thuthuatnewdraw&thuthuatid=66cf4cb7-9722-4971-8ae6-b46500e758b0&usid=172.31.255.1_yxkdzoxvmcid1iu25j02tndge5d32f9b&st=182947",
        "onclick": ""
      },
      {
        "text": "Tiêm khớp vai",
        "href": "http://192.168.2.26:2026/home.aspx?scope=sys&lang=vi&wpid=thuthuatnewdraw&thuthuatid=66cf4cb7-9722-4971-8ae6-b46500e758b0&usid=172.31.255.1_yxkdzoxvmcid1iu25j02tndge5d32f9b&st=182947",
        "onclick": ""
      },
      {
        "text": "0",
        "href": "http://192.168.2.26:2026/home.aspx?scope=sys&lang=vi&wpid=thuthuatnewdraw&thuthuatid=66cf4cb7-9722-4971-8ae6-b46500e758b0&usid=172.31.255.1_yxkdzoxvmcid1iu25j02tndge5d32f9b&st=182947",
        "onclick": ""
      },
      {
        "text": "0",
        "href": "http://192.168.2.26:2026/home.aspx?scope=sys&lang=vi&wpid=thuthuatnewdraw&thuthuatid=66cf4cb7-9722-4971-8ae6-b46500e758b0&usid=172.31.255.1_yxkdzoxvmcid1iu25j02tndge5d32f9b&st=182947",
        "onclick": ""
      },
      {
        "text": "Thường",
        "href": "http://192.168.2.26:2026/home.aspx?scope=sys&lang=vi&wpid=thuthuatnewdraw&thuthuatid=66cf4cb7-9722-4971-8ae6-b46500e758b0&usid=172.31.255.1_yxkdzoxvmcid1iu25j02tndge5d32f9b&st=182947",
        "onclick": ""
      },
      {
        "text": "13:53 10/06/2026",
        "href": "http://192.168.2.26:2026/home.aspx?scope=sys&lang=vi&wpid=thuthuatnewdraw&thuthuatid=66cf4cb7-9722-4971-8ae6-b46500e758b0&usid=172.31.255.1_yxkdzoxvmcid1iu25j02tndge5d32f9b&st=182947",
        "onclick": ""
      },
      {
        "text": "Hoàn tất",
        "href": "http://192.168.2.26:2026/home.aspx?scope=sys&lang=vi&wpid=thuthuatnewdraw&thuthuatid=66cf4cb7-9722-4971-8ae6-b46500e758b0&usid=172.31.255.1_yxkdzoxvmcid1iu25j02tndge5d32f9b&st=182947",
        "onclick": ""
      }
    ]
  }
}
[2026-07-23 18:29:50.217] [BROWSER] [DETAIL] kind=procedure; access_id=66cf4cb7-9722-4971-8ae6-b46500e758b0; direct_url=yes; onclick=no
[2026-07-23 18:29:50.218] [BROWSER] [DETAIL] Mở liên kết trực tiếp: http://192.168.2.26:2026/home.aspx?scope=sys&lang=vi&wpid=thuthuatnewdraw&thuthuatid=66cf4cb7-9722-4971-8ae6-b46500e758b0&usid=172.31.255.1_yxkdzoxvmcid1iu25j02tndge5d32f9b&st=182947
[2026-07-23 18:29:51.303] [BROWSER] [DETAIL] Dữ liệu đọc được: {"ajax_active": 0, "complete_info": "Người hoàn tất: Lê Ngọc Diệu (lndieu) | TG nhấn hoàn tất: 14:06 10/06/2026", "current_url": "http://192.168.2.26:2026/home.aspx?scope=sys&lang=vi&wpid=thuthuatnewdraw&thuthuatid=66cf4cb7-9722-4971-8ae6-b46500e758b0&usid=172.31.255.1_yxkdzoxvmcid1iu25j02tndge5d32f9b&st=182947", "doctor": "Trần Nguyễn Anh Duy", "doctor_candidates": [{"id": "txtBacSyChiDinh", "value": "Trần Nguyễn Anh Duy"}, {"id": "txtBacSiChiDinh", "value": ""}], "doctor_field": "txtBacSyChiDinh", "doctor_found": true, "method": "Tiêm khớp vai", "method_candidates": [{"id": "txtChiDinh", "value": "Tiêm khớp vai"}, {"id": "cbbPhuongPhapTT", "value": "Tiêm khớp vai"}], "method_field": "txtChiDinh", "patient_info": "(26059190 | LÊ THỊ NGHĨA, 01/01/1969, Nữ, 57 tuổi | Bảo hiểm)", "root_found": true, "start_candidates": [{"id": "txtThoiGianChiDinh", "value": "13:53 10/06/2026"}, {"id": "txtTgBatDau", "value": "13:53 10/06/2026"}], "start_time": "13:53 10/06/2026", "start_time_field": "txtThoiGianChiDinh"}
[2026-07-23 18:29:51.304] [BROWSER] [DETAIL] Nguồn bác sĩ: Bác sĩ chỉ định; field=txtBacSyChiDinh; value=Trần Nguyễn Anh Duy
[2026-07-23 18:29:51.305] [DETAIL_OK] D/s Thủ thuật: đọc được hồ sơ chi tiết
{
  "doctor_from_emr": "Trần Nguyễn Anh Duy",
  "mapped_alias": "DUY",
  "mapped_name": "Trần Nguyễn Anh Duy",
  "start_time": "13:53 10/06/2026",
  "start_time_field": "txtThoiGianChiDinh",
  "method": "Tiêm khớp vai",
  "method_field": "txtChiDinh",
  "list_time_source": "Thời gian chỉ định",
  "list_method_source": "Chỉ định thủ thuật",
  "current_url": "http://192.168.2.26:2026/home.aspx?scope=sys&lang=vi&wpid=thuthuatnewdraw&thuthuatid=66cf4cb7-9722-4971-8ae6-b46500e758b0&usid=172.31.255.1_yxkdzoxvmcid1iu25j02tndge5d32f9b&st=182947",
  "total_score": 660.0,
  "method_score": 1.0
}
[2026-07-23 18:29:51.307] [EVALUATED] D/s Thủ thuật: đánh giá 1 hồ sơ
{
  "items": [
    {
      "doctor": "Trần Nguyễn Anh Duy",
      "alias": "DUY",
      "detail_datetime": "2026-06-10 13:53:00",
      "method_score": 1.0,
      "total_score": 660.0,
      "confidence_ok": true
    }
  ]
}
[2026-07-23 18:29:51.309] [SOURCE_MATCH] D/s Thủ thuật: đã chọn bác sĩ, không tìm nguồn còn lại
{
  "alias": "DUY"
}
[2026-07-23 18:29:52.491] [AUTOSAVE_ROW] Dòng 110: đã điền DUY và lưu ngay
{
  "patient": "LÊ THỊ NGHĨA",
  "source": "D/s Thủ thuật",
  "doctor_name": "Trần Nguyễn Anh Duy",
  "emr_doctor": "Trần Nguyễn Anh Duy",
  "matched_time": "13:53 10/06/2026",
  "matched_method": "Tiêm khớp vai",
  "progress": "4/8",
  "output": "E:\\Thong_ke\\node_outputs\\PM khoa CTCH T6_NHAP_LIEU.xlsx"
}
[2026-07-23 18:29:52.492] [ROW_END] Kết thúc dòng 110
{
  "status": "updated",
  "new_value": "DUY",
  "reason": null
}
[2026-07-23 18:29:52.493] [ROW_BEGIN] [5/8] Bắt đầu dòng 111: LÊ THỊ MỸ HẰNG
{
  "raw_time": "2026/06/11 15:10",
  "parsed_time": "15:10 11/06/2026",
  "method": "Điều trị thoái hóa khớp bằng huyết tương giàu tiểu cầu",
  "old_value": ""
}
[2026-07-23 18:29:52.494] [SEARCH_BEGIN] dòng 111: tìm LÊ THỊ MỸ HẰNG tại D/s Thủ thuật
{
  "patient": "LÊ THỊ MỸ HẰNG",
  "target_time": "2026-06-11 15:10:00",
  "target_method": "Điều trị thoái hóa khớp bằng huyết tương giàu tiểu cầu",
  "source": "procedure"
}
[2026-07-23 18:29:52.824] [BROWSER] [NAV] D/s Thủ thuật: http://192.168.2.26:2026/home.aspx?scope=sys&lang=vi&wpid=danhsachthuthuatdraw&role=323&usid=172.31.255.1_yxkdzoxvmcid1iu25j02tndge5d32f9b&st=182947
[2026-07-23 18:29:54.993] [BROWSER] [FILTER] 3 tháng
[2026-07-23 18:29:55.560] [BROWSER] [SEARCH] Nhập 'LÊ THỊ MỸ HẰNG' vào #txtTimKiem
[2026-07-23 18:29:55.815] [BROWSER] [SEARCH] Đã bấm Tìm kiếm bằng #btnTimKiem
[2026-07-23 18:29:55.854] [BROWSER] [RESULT] D/s Thủ thuật: 3 dòng
[2026-07-23 18:29:55.864] [SEARCH_RESULT] D/s Thủ thuật: nhận 3 dòng
{
  "current_url": "http://192.168.2.26:2026/home.aspx?scope=sys&lang=vi&wpid=danhsachthuthuatdraw&role=323&usid=172.31.255.1_yxkdzoxvmcid1iu25j02tndge5d32f9b&st=182947",
  "search_input_id": "txtTimKiem",
  "search_trigger": "#btnTimKiem",
  "headers": [
    "STT",
    "Ngày thủ thuật",
    "Mã BN",
    "Họ tên",
    "Giới tính",
    "Tuổi",
    "Đối tượng",
    "Nơi chỉ định",
    "Chỉ định thủ thuật",
    "Tạm ứng",
    "Phải thanh toán",
    "Tình trạng",
    "Thời gian chỉ định",
    "Trạng thái"
  ],
  "rows": [
    {
      "access_id": "2ae14787-72fc-47b4-92ae-b46600fb26c1",
      "known_fields": {
        "stt": "1",
        "ngay_thu_thuat": "15:10 11/06/2026",
        "ma_bn": "26001247",
        "ho_ten": "LÊ THỊ MỸ HẰNG",
        "gioi_tinh": "Nữ",
        "tuoi": "36 tuổi",
        "doi_tuong": "Bảo hiểm",
        "noi_chi_dinh": "PHÒNG KHÁM CHẤN THƯƠNG CHỈNH HÌNH - 20B",
        "chi_dinh_thu_thuat": "Điều trị thoái hóa khớp bằng huyết tương giàu tiểu cầu",
        "tam_ung": "0",
        "phai_thanh_toan": "0",
        "tinh_trang": "Thường",
        "thoi_gian_chi_dinh": "15:10 11/06/2026",
        "trang_thai": "Hoàn tất"
      },
      "raw_text": "1 15:10 11/06/2026 26001247 LÊ THỊ MỸ HẰNG Nữ 36 tuổi Bảo hiểm PHÒNG KHÁM CHẤN THƯƠNG CHỈNH HÌNH - 20B Điều trị thoái hóa khớp bằng huyết tương giàu tiểu cầu 0 0 Thường 15:10 11/06/2026 Hoàn tất",
      "links": [
        {
          "text": "1",
          "href": "http://192.168.2.26:2026/home.aspx?scope=sys&lang=vi&wpid=thuthuatnewdraw&thuthuatid=2ae14787-72fc-47b4-92ae-b46600fb26c1&usid=172.31.255.1_yxkdzoxvmcid1iu25j02tndge5d32f9b&st=182952",
          "onclick": ""
        },
        {
          "text": "15:10 11/06/2026",
          "href": "http://192.168.2.26:2026/home.aspx?scope=sys&lang=vi&wpid=thuthuatnewdraw&thuthuatid=2ae14787-72fc-47b4-92ae-b46600fb26c1&usid=172.31.255.1_yxkdzoxvmcid1iu25j02tndge5d32f9b&st=182952",
          "onclick": ""
        },
        {
          "text": "26001247",
          "href": "http://192.168.2.26:2026/home.aspx?scope=sys&lang=vi&wpid=thuthuatnewdraw&thuthuatid=2ae14787-72fc-47b4-92ae-b46600fb26c1&usid=172.31.255.1_yxkdzoxvmcid1iu25j02tndge5d32f9b&st=182952",
          "onclick": ""
        },
        {
          "text": "LÊ THỊ MỸ HẰNG",
          "href": "http://192.168.2.26:2026/home.aspx?scope=sys&lang=vi&wpid=thuthuatnewdraw&thuthuatid=2ae14787-72fc-47b4-92ae-b46600fb26c1&usid=172.31.255.1_yxkdzoxvmcid1iu25j02tndge5d32f9b&st=182952",
          "onclick": ""
        },
        {
          "text": "Nữ",
          "href": "http://192.168.2.26:2026/home.aspx?scope=sys&lang=vi&wpid=thuthuatnewdraw&thuthuatid=2ae14787-72fc-47b4-92ae-b46600fb26c1&usid=172.31.255.1_yxkdzoxvmcid1iu25j02tndge5d32f9b&st=182952",
          "onclick": ""
        },
        {
          "text": "36 tuổi",
          "href": "http://192.168.2.26:2026/home.aspx?scope=sys&lang=vi&wpid=thuthuatnewdraw&thuthuatid=2ae14787-72fc-47b4-92ae-b46600fb26c1&usid=172.31.255.1_yxkdzoxvmcid1iu25j02tndge5d32f9b&st=182952",
          "onclick": ""
        },
        {
          "text": "Bảo hiểm",
          "href": "http://192.168.2.26:2026/home.aspx?scope=sys&lang=vi&wpid=thuthuatnewdraw&thuthuatid=2ae14787-72fc-47b4-92ae-b46600fb26c1&usid=172.31.255.1_yxkdzoxvmcid1iu25j02tndge5d32f9b&st=182952",
          "onclick": ""
        },
        {
          "text": "PHÒNG KHÁM CHẤN THƯƠNG CHỈNH HÌNH - 20B",
          "href": "http://192.168.2.26:2026/home.aspx?scope=sys&lang=vi&wpid=thuthuatnewdraw&thuthuatid=2ae14787-72fc-47b4-92ae-b46600fb26c1&usid=172.31.255.1_yxkdzoxvmcid1iu25j02tndge5d32f9b&st=182952",
          "onclick": ""
        },
        {
          "text": "Điều trị thoái hóa khớp bằng huyết tương giàu tiểu cầu",
          "href": "http://192.168.2.26:2026/home.aspx?scope=sys&lang=vi&wpid=thuthuatnewdraw&thuthuatid=2ae14787-72fc-47b4-92ae-b46600fb26c1&usid=172.31.255.1_yxkdzoxvmcid1iu25j02tndge5d32f9b&st=182952",
          "onclick": ""
        },
        {
          "text": "0",
          "href": "http://192.168.2.26:2026/home.aspx?scope=sys&lang=vi&wpid=thuthuatnewdraw&thuthuatid=2ae14787-72fc-47b4-92ae-b46600fb26c1&usid=172.31.255.1_yxkdzoxvmcid1iu25j02tndge5d32f9b&st=182952",
          "onclick": ""
        },
        {
          "text": "0",
          "href": "http://192.168.2.26:2026/home.aspx?scope=sys&lang=vi&wpid=thuthuatnewdraw&thuthuatid=2ae14787-72fc-47b4-92ae-b46600fb26c1&usid=172.31.255.1_yxkdzoxvmcid1iu25j02tndge5d32f9b&st=182952",
          "onclick": ""
        },
        {
          "text": "Thường",
          "href": "http://192.168.2.26:2026/home.aspx?scope=sys&lang=vi&wpid=thuthuatnewdraw&thuthuatid=2ae14787-72fc-47b4-92ae-b46600fb26c1&usid=172.31.255.1_yxkdzoxvmcid1iu25j02tndge5d32f9b&st=182952",
          "onclick": ""
        },
        {
          "text": "15:10 11/06/2026",
          "href": "http://192.168.2.26:2026/home.aspx?scope=sys&lang=vi&wpid=thuthuatnewdraw&thuthuatid=2ae14787-72fc-47b4-92ae-b46600fb26c1&usid=172.31.255.1_yxkdzoxvmcid1iu25j02tndge5d32f9b&st=182952",
          "onclick": ""
        },
        {
          "text": "Hoàn tất",
          "href": "http://192.168.2.26:2026/home.aspx?scope=sys&lang=vi&wpid=thuthuatnewdraw&thuthuatid=2ae14787-72fc-47b4-92ae-b46600fb26c1&usid=172.31.255.1_yxkdzoxvmcid1iu25j02tndge5d32f9b&st=182952",
          "onclick": ""
        }
      ]
    },
    {
      "access_id": "cdeccbbf-5ed4-4c2d-9a6f-b46600fb26a5",
      "known_fields": {
        "stt": "2",
        "ngay_thu_thuat": "15:15 11/06/2026",
        "ma_bn": "26001247",
        "ho_ten": "LÊ THỊ MỸ HẰNG",
        "gioi_tinh": "Nữ",
        "tuoi": "36 tuổi",
        "doi_tuong": "Bảo hiểm",
        "noi_chi_dinh": "PHÒNG KHÁM CHẤN THƯƠNG CHỈNH HÌNH - 20B",
        "chi_dinh_thu_thuat": "Điều trị thoái hóa khớp bằng huyết tương giàu tiểu cầu",
        "tam_ung": "0",
        "phai_thanh_toan": "0",
        "tinh_trang": "Thường",
        "thoi_gian_chi_dinh": "15:10 11/06/2026",
        "trang_thai": "Hoàn tất"
      },
      "raw_text": "2 15:15 11/06/2026 26001247 LÊ THỊ MỸ HẰNG Nữ 36 tuổi Bảo hiểm PHÒNG KHÁM CHẤN THƯƠNG CHỈNH HÌNH - 20B Điều trị thoái hóa khớp bằng huyết tương giàu tiểu cầu 0 0 Thường 15:10 11/06/2026 Hoàn tất",
      "links": [
        {
          "text": "2",
          "href": "http://192.168.2.26:2026/home.aspx?scope=sys&lang=vi&wpid=thuthuatnewdraw&thuthuatid=cdeccbbf-5ed4-4c2d-9a6f-b46600fb26a5&usid=172.31.255.1_yxkdzoxvmcid1iu25j02tndge5d32f9b&st=182952",
          "onclick": ""
        },
        {
          "text": "15:15 11/06/2026",
          "href": "http://192.168.2.26:2026/home.aspx?scope=sys&lang=vi&wpid=thuthuatnewdraw&thuthuatid=cdeccbbf-5ed4-4c2d-9a6f-b46600fb26a5&usid=172.31.255.1_yxkdzoxvmcid1iu25j02tndge5d32f9b&st=182952",
          "onclick": ""
        },
        {
          "text": "26001247",
          "href": "http://192.168.2.26:2026/home.aspx?scope=sys&lang=vi&wpid=thuthuatnewdraw&thuthuatid=cdeccbbf-5ed4-4c2d-9a6f-b46600fb26a5&usid=172.31.255.1_yxkdzoxvmcid1iu25j02tndge5d32f9b&st=182952",
          "onclick": ""
        },
        {
          "text": "LÊ THỊ MỸ HẰNG",
          "href": "http://192.168.2.26:2026/home.aspx?scope=sys&lang=vi&wpid=thuthuatnewdraw&thuthuatid=cdeccbbf-5ed4-4c2d-9a6f-b46600fb26a5&usid=172.31.255.1_yxkdzoxvmcid1iu25j02tndge5d32f9b&st=182952",
          "onclick": ""
        },
        {
          "text": "Nữ",
          "href": "http://192.168.2.26:2026/home.aspx?scope=sys&lang=vi&wpid=thuthuatnewdraw&thuthuatid=cdeccbbf-5ed4-4c2d-9a6f-b46600fb26a5&usid=172.31.255.1_yxkdzoxvmcid1iu25j02tndge5d32f9b&st=182952",
          "onclick": ""
        },
        {
          "text": "36 tuổi",
          "href": "http://192.168.2.26:2026/home.aspx?scope=sys&lang=vi&wpid=thuthuatnewdraw&thuthuatid=cdeccbbf-5ed4-4c2d-9a6f-b46600fb26a5&usid=172.31.255.1_yxkdzoxvmcid1iu25j02tndge5d32f9b&st=182952",
          "onclick": ""
        },
        {
          "text": "Bảo hiểm",
          "href": "http://192.168.2.26:2026/home.aspx?scope=sys&lang=vi&wpid=thuthuatnewdraw&thuthuatid=cdeccbbf-5ed4-4c2d-9a6f-b46600fb26a5&usid=172.31.255.1_yxkdzoxvmcid1iu25j02tndge5d32f9b&st=182952",
          "onclick": ""
        },
        {
          "text": "PHÒNG KHÁM CHẤN THƯƠNG CHỈNH HÌNH - 20B",
          "href": "http://192.168.2.26:2026/home.aspx?scope=sys&lang=vi&wpid=thuthuatnewdraw&thuthuatid=cdeccbbf-5ed4-4c2d-9a6f-b46600fb26a5&usid=172.31.255.1_yxkdzoxvmcid1iu25j02tndge5d32f9b&st=182952",
          "onclick": ""
        },
        {
          "text": "Điều trị thoái hóa khớp bằng huyết tương giàu tiểu cầu",
          "href": "http://192.168.2.26:2026/home.aspx?scope=sys&lang=vi&wpid=thuthuatnewdraw&thuthuatid=cdeccbbf-5ed4-4c2d-9a6f-b46600fb26a5&usid=172.31.255.1_yxkdzoxvmcid1iu25j02tndge5d32f9b&st=182952",
          "onclick": ""
        },
        {
          "text": "0",
          "href": "http://192.168.2.26:2026/home.aspx?scope=sys&lang=vi&wpid=thuthuatnewdraw&thuthuatid=cdeccbbf-5ed4-4c2d-9a6f-b46600fb26a5&usid=172.31.255.1_yxkdzoxvmcid1iu25j02tndge5d32f9b&st=182952",
          "onclick": ""
        },
        {
          "text": "0",
          "href": "http://192.168.2.26:2026/home.aspx?scope=sys&lang=vi&wpid=thuthuatnewdraw&thuthuatid=cdeccbbf-5ed4-4c2d-9a6f-b46600fb26a5&usid=172.31.255.1_yxkdzoxvmcid1iu25j02tndge5d32f9b&st=182952",
          "onclick": ""
        },
        {
          "text": "Thường",
          "href": "http://192.168.2.26:2026/home.aspx?scope=sys&lang=vi&wpid=thuthuatnewdraw&thuthuatid=cdeccbbf-5ed4-4c2d-9a6f-b46600fb26a5&usid=172.31.255.1_yxkdzoxvmcid1iu25j02tndge5d32f9b&st=182952",
          "onclick": ""
        },
        {
          "text": "15:10 11/06/2026",
          "href": "http://192.168.2.26:2026/home.aspx?scope=sys&lang=vi&wpid=thuthuatnewdraw&thuthuatid=cdeccbbf-5ed4-4c2d-9a6f-b46600fb26a5&usid=172.31.255.1_yxkdzoxvmcid1iu25j02tndge5d32f9b&st=182952",
          "onclick": ""
        },
        {
          "text": "Hoàn tất",
          "href": "http://192.168.2.26:2026/home.aspx?scope=sys&lang=vi&wpid=thuthuatnewdraw&thuthuatid=cdeccbbf-5ed4-4c2d-9a6f-b46600fb26a5&usid=172.31.255.1_yxkdzoxvmcid1iu25j02tndge5d32f9b&st=182952",
          "onclick": ""
        }
      ]
    },
    {
      "access_id": "022634d5-9d37-4cb3-884a-b48900dde783",
      "known_fields": {
        "stt": "3",
        "ngay_thu_thuat": "13:23 16/07/2026",
        "ma_bn": "26001247",
        "ho_ten": "LÊ THỊ MỸ HẰNG",
        "gioi_tinh": "Nữ",
        "tuoi": "36 tuổi",
        "doi_tuong": "Bảo hiểm",
        "noi_chi_dinh": "PHÒNG KHÁM CHẤN THƯƠNG CHỈNH HÌNH - 20B",
        "chi_dinh_thu_thuat": "Điều trị thoái hóa khớp bằng huyết tương giàu tiểu cầu",
        "tam_ung": "0",
        "phai_thanh_toan": "0",
        "tinh_trang": "Thường",
        "thoi_gian_chi_dinh": "13:23 16/07/2026",
        "trang_thai": "Hoàn tất"
      },
      "raw_text": "3 13:23 16/07/2026 26001247 LÊ THỊ MỸ HẰNG Nữ 36 tuổi Bảo hiểm PHÒNG KHÁM CHẤN THƯƠNG CHỈNH HÌNH - 20B Điều trị thoái hóa khớp bằng huyết tương giàu tiểu cầu 0 0 Thường 13:23 16/07/2026 Hoàn tất",
      "links": [
        {
          "text": "3",
          "href": "http://192.168.2.26:2026/home.aspx?scope=sys&lang=vi&wpid=thuthuatnewdraw&thuthuatid=022634d5-9d37-4cb3-884a-b48900dde783&usid=172.31.255.1_yxkdzoxvmcid1iu25j02tndge5d32f9b&st=182952",
          "onclick": ""
        },
        {
          "text": "13:23 16/07/2026",
          "href": "http://192.168.2.26:2026/home.aspx?scope=sys&lang=vi&wpid=thuthuatnewdraw&thuthuatid=022634d5-9d37-4cb3-884a-b48900dde783&usid=172.31.255.1_yxkdzoxvmcid1iu25j02tndge5d32f9b&st=182952",
          "onclick": ""
        },
        {
          "text": "26001247",
          "href": "http://192.168.2.26:2026/home.aspx?scope=sys&lang=vi&wpid=thuthuatnewdraw&thuthuatid=022634d5-9d37-4cb3-884a-b48900dde783&usid=172.31.255.1_yxkdzoxvmcid1iu25j02tndge5d32f9b&st=182952",
          "onclick": ""
        },
        {
          "text": "LÊ THỊ MỸ HẰNG",
          "href": "http://192.168.2.26:2026/home.aspx?scope=sys&lang=vi&wpid=thuthuatnewdraw&thuthuatid=022634d5-9d37-4cb3-884a-b48900dde783&usid=172.31.255.1_yxkdzoxvmcid1iu25j02tndge5d32f9b&st=182952",
          "onclick": ""
        },
        {
          "text": "Nữ",
          "href": "http://192.168.2.26:2026/home.aspx?scope=sys&lang=vi&wpid=thuthuatnewdraw&thuthuatid=022634d5-9d37-4cb3-884a-b48900dde783&usid=172.31.255.1_yxkdzoxvmcid1iu25j02tndge5d32f9b&st=182952",
          "onclick": ""
        },
        {
          "text": "36 tuổi",
          "href": "http://192.168.2.26:2026/home.aspx?scope=sys&lang=vi&wpid=thuthuatnewdraw&thuthuatid=022634d5-9d37-4cb3-884a-b48900dde783&usid=172.31.255.1_yxkdzoxvmcid1iu25j02tndge5d32f9b&st=182952",
          "onclick": ""
        },
        {
          "text": "Bảo hiểm",
          "href": "http://192.168.2.26:2026/home.aspx?scope=sys&lang=vi&wpid=thuthuatnewdraw&thuthuatid=022634d5-9d37-4cb3-884a-b48900dde783&usid=172.31.255.1_yxkdzoxvmcid1iu25j02tndge5d32f9b&st=182952",
          "onclick": ""
        },
        {
          "text": "PHÒNG KHÁM CHẤN THƯƠNG CHỈNH HÌNH - 20B",
          "href": "http://192.168.2.26:2026/home.aspx?scope=sys&lang=vi&wpid=thuthuatnewdraw&thuthuatid=022634d5-9d37-4cb3-884a-b48900dde783&usid=172.31.255.1_yxkdzoxvmcid1iu25j02tndge5d32f9b&st=182952",
          "onclick": ""
        },
        {
          "text": "Điều trị thoái hóa khớp bằng huyết tương giàu tiểu cầu",
          "href": "http://192.168.2.26:2026/home.aspx?scope=sys&lang=vi&wpid=thuthuatnewdraw&thuthuatid=022634d5-9d37-4cb3-884a-b48900dde783&usid=172.31.255.1_yxkdzoxvmcid1iu25j02tndge5d32f9b&st=182952",
          "onclick": ""
        },
        {
          "text": "0",
          "href": "http://192.168.2.26:2026/home.aspx?scope=sys&lang=vi&wpid=thuthuatnewdraw&thuthuatid=022634d5-9d37-4cb3-884a-b48900dde783&usid=172.31.255.1_yxkdzoxvmcid1iu25j02tndge5d32f9b&st=182952",
          "onclick": ""
        },
        {
          "text": "0",
          "href": "http://192.168.2.26:2026/home.aspx?scope=sys&lang=vi&wpid=thuthuatnewdraw&thuthuatid=022634d5-9d37-4cb3-884a-b48900dde783&usid=172.31.255.1_yxkdzoxvmcid1iu25j02tndge5d32f9b&st=182952",
          "onclick": ""
        },
        {
          "text": "Thường",
          "href": "http://192.168.2.26:2026/home.aspx?scope=sys&lang=vi&wpid=thuthuatnewdraw&thuthuatid=022634d5-9d37-4cb3-884a-b48900dde783&usid=172.31.255.1_yxkdzoxvmcid1iu25j02tndge5d32f9b&st=182952",
          "onclick": ""
        },
        {
          "text": "13:23 16/07/2026",
          "href": "http://192.168.2.26:2026/home.aspx?scope=sys&lang=vi&wpid=thuthuatnewdraw&thuthuatid=022634d5-9d37-4cb3-884a-b48900dde783&usid=172.31.255.1_yxkdzoxvmcid1iu25j02tndge5d32f9b&st=182952",
          "onclick": ""
        },
        {
          "text": "Hoàn tất",
          "href": "http://192.168.2.26:2026/home.aspx?scope=sys&lang=vi&wpid=thuthuatnewdraw&thuthuatid=022634d5-9d37-4cb3-884a-b48900dde783&usid=172.31.255.1_yxkdzoxvmcid1iu25j02tndge5d32f9b&st=182952",
          "onclick": ""
        }
      ]
    }
  ]
}
[2026-07-23 18:29:55.867] [CANDIDATES] D/s Thủ thuật: có 3 ứng viên cùng người bệnh
{
  "candidates": [
    {
      "list_score": 210.0,
      "list_datetime": "2026-06-11 15:10:00",
      "list_time_source": "Thời gian chỉ định",
      "list_method": "Điều trị thoái hóa khớp bằng huyết tương giàu tiểu cầu",
      "list_method_source": "Chỉ định thủ thuật",
      "method_score": 1.0,
      "detail_marker": "http://192.168.2.26:2026/home.aspx?scope=sys&lang=vi&wpid=thuthuatnewdraw&thuthuatid=2ae14787-72fc-47b4-92ae-b46600fb26c1&usid=172.31.255.1_yxkdzoxvmcid1iu25j02tndge5d32f9b&st=182952",
      "row": {
        "access_id": "2ae14787-72fc-47b4-92ae-b46600fb26c1",
        "known_fields": {
          "stt": "1",
          "ngay_thu_thuat": "15:10 11/06/2026",
          "ma_bn": "26001247",
          "ho_ten": "LÊ THỊ MỸ HẰNG",
          "gioi_tinh": "Nữ",
          "tuoi": "36 tuổi",
          "doi_tuong": "Bảo hiểm",
          "noi_chi_dinh": "PHÒNG KHÁM CHẤN THƯƠNG CHỈNH HÌNH - 20B",
          "chi_dinh_thu_thuat": "Điều trị thoái hóa khớp bằng huyết tương giàu tiểu cầu",
          "tam_ung": "0",
          "phai_thanh_toan": "0",
          "tinh_trang": "Thường",
          "thoi_gian_chi_dinh": "15:10 11/06/2026",
          "trang_thai": "Hoàn tất"
        },
        "raw_text": "1 15:10 11/06/2026 26001247 LÊ THỊ MỸ HẰNG Nữ 36 tuổi Bảo hiểm PHÒNG KHÁM CHẤN THƯƠNG CHỈNH HÌNH - 20B Điều trị thoái hóa khớp bằng huyết tương giàu tiểu cầu 0 0 Thường 15:10 11/06/2026 Hoàn tất",
        "links": [
          {
            "text": "1",
            "href": "http://192.168.2.26:2026/home.aspx?scope=sys&lang=vi&wpid=thuthuatnewdraw&thuthuatid=2ae14787-72fc-47b4-92ae-b46600fb26c1&usid=172.31.255.1_yxkdzoxvmcid1iu25j02tndge5d32f9b&st=182952",
            "onclick": ""
          },
          {
            "text": "15:10 11/06/2026",
            "href": "http://192.168.2.26:2026/home.aspx?scope=sys&lang=vi&wpid=thuthuatnewdraw&thuthuatid=2ae14787-72fc-47b4-92ae-b46600fb26c1&usid=172.31.255.1_yxkdzoxvmcid1iu25j02tndge5d32f9b&st=182952",
            "onclick": ""
          },
          {
            "text": "26001247",
            "href": "http://192.168.2.26:2026/home.aspx?scope=sys&lang=vi&wpid=thuthuatnewdraw&thuthuatid=2ae14787-72fc-47b4-92ae-b46600fb26c1&usid=172.31.255.1_yxkdzoxvmcid1iu25j02tndge5d32f9b&st=182952",
            "onclick": ""
          },
          {
            "text": "LÊ THỊ MỸ HẰNG",
            "href": "http://192.168.2.26:2026/home.aspx?scope=sys&lang=vi&wpid=thuthuatnewdraw&thuthuatid=2ae14787-72fc-47b4-92ae-b46600fb26c1&usid=172.31.255.1_yxkdzoxvmcid1iu25j02tndge5d32f9b&st=182952",
            "onclick": ""
          },
          {
            "text": "Nữ",
            "href": "http://192.168.2.26:2026/home.aspx?scope=sys&lang=vi&wpid=thuthuatnewdraw&thuthuatid=2ae14787-72fc-47b4-92ae-b46600fb26c1&usid=172.31.255.1_yxkdzoxvmcid1iu25j02tndge5d32f9b&st=182952",
            "onclick": ""
          },
          {
            "text": "36 tuổi",
            "href": "http://192.168.2.26:2026/home.aspx?scope=sys&lang=vi&wpid=thuthuatnewdraw&thuthuatid=2ae14787-72fc-47b4-92ae-b46600fb26c1&usid=172.31.255.1_yxkdzoxvmcid1iu25j02tndge5d32f9b&st=182952",
            "onclick": ""
          },
          {
            "text": "Bảo hiểm",
            "href": "http://192.168.2.26:2026/home.aspx?scope=sys&lang=vi&wpid=thuthuatnewdraw&thuthuatid=2ae14787-72fc-47b4-92ae-b46600fb26c1&usid=172.31.255.1_yxkdzoxvmcid1iu25j02tndge5d32f9b&st=182952",
            "onclick": ""
          },
          {
            "text": "PHÒNG KHÁM CHẤN THƯƠNG CHỈNH HÌNH - 20B",
            "href": "http://192.168.2.26:2026/home.aspx?scope=sys&lang=vi&wpid=thuthuatnewdraw&thuthuatid=2ae14787-72fc-47b4-92ae-b46600fb26c1&usid=172.31.255.1_yxkdzoxvmcid1iu25j02tndge5d32f9b&st=182952",
            "onclick": ""
          },
          {
            "text": "Điều trị thoái hóa khớp bằng huyết tương giàu tiểu cầu",
            "href": "http://192.168.2.26:2026/home.aspx?scope=sys&lang=vi&wpid=thuthuatnewdraw&thuthuatid=2ae14787-72fc-47b4-92ae-b46600fb26c1&usid=172.31.255.1_yxkdzoxvmcid1iu25j02tndge5d32f9b&st=182952",
            "onclick": ""
          },
          {
            "text": "0",
            "href": "http://192.168.2.26:2026/home.aspx?scope=sys&lang=vi&wpid=thuthuatnewdraw&thuthuatid=2ae14787-72fc-47b4-92ae-b46600fb26c1&usid=172.31.255.1_yxkdzoxvmcid1iu25j02tndge5d32f9b&st=182952",
            "onclick": ""
          },
          {
            "text": "0",
            "href": "http://192.168.2.26:2026/home.aspx?scope=sys&lang=vi&wpid=thuthuatnewdraw&thuthuatid=2ae14787-72fc-47b4-92ae-b46600fb26c1&usid=172.31.255.1_yxkdzoxvmcid1iu25j02tndge5d32f9b&st=182952",
            "onclick": ""
          },
          {
            "text": "Thường",
            "href": "http://192.168.2.26:2026/home.aspx?scope=sys&lang=vi&wpid=thuthuatnewdraw&thuthuatid=2ae14787-72fc-47b4-92ae-b46600fb26c1&usid=172.31.255.1_yxkdzoxvmcid1iu25j02tndge5d32f9b&st=182952",
            "onclick": ""
          },
          {
            "text": "15:10 11/06/2026",
            "href": "http://192.168.2.26:2026/home.aspx?scope=sys&lang=vi&wpid=thuthuatnewdraw&thuthuatid=2ae14787-72fc-47b4-92ae-b46600fb26c1&usid=172.31.255.1_yxkdzoxvmcid1iu25j02tndge5d32f9b&st=182952",
            "onclick": ""
          },
          {
            "text": "Hoàn tất",
            "href": "http://192.168.2.26:2026/home.aspx?scope=sys&lang=vi&wpid=thuthuatnewdraw&thuthuatid=2ae14787-72fc-47b4-92ae-b46600fb26c1&usid=172.31.255.1_yxkdzoxvmcid1iu25j02tndge5d32f9b&st=182952",
            "onclick": ""
          }
        ]
      }
    },
    {
      "list_score": 210.0,
      "list_datetime": "2026-06-11 15:10:00",
      "list_time_source": "Thời gian chỉ định",
      "list_method": "Điều trị thoái hóa khớp bằng huyết tương giàu tiểu cầu",
      "list_method_source": "Chỉ định thủ thuật",
      "method_score": 1.0,
      "detail_marker": "http://192.168.2.26:2026/home.aspx?scope=sys&lang=vi&wpid=thuthuatnewdraw&thuthuatid=cdeccbbf-5ed4-4c2d-9a6f-b46600fb26a5&usid=172.31.255.1_yxkdzoxvmcid1iu25j02tndge5d32f9b&st=182952",
      "row": {
        "access_id": "cdeccbbf-5ed4-4c2d-9a6f-b46600fb26a5",
        "known_fields": {
          "stt": "2",
          "ngay_thu_thuat": "15:15 11/06/2026",
          "ma_bn": "26001247",
          "ho_ten": "LÊ THỊ MỸ HẰNG",
          "gioi_tinh": "Nữ",
          "tuoi": "36 tuổi",
          "doi_tuong": "Bảo hiểm",
          "noi_chi_dinh": "PHÒNG KHÁM CHẤN THƯƠNG CHỈNH HÌNH - 20B",
          "chi_dinh_thu_thuat": "Điều trị thoái hóa khớp bằng huyết tương giàu tiểu cầu",
          "tam_ung": "0",
          "phai_thanh_toan": "0",
          "tinh_trang": "Thường",
          "thoi_gian_chi_dinh": "15:10 11/06/2026",
          "trang_thai": "Hoàn tất"
        },
        "raw_text": "2 15:15 11/06/2026 26001247 LÊ THỊ MỸ HẰNG Nữ 36 tuổi Bảo hiểm PHÒNG KHÁM CHẤN THƯƠNG CHỈNH HÌNH - 20B Điều trị thoái hóa khớp bằng huyết tương giàu tiểu cầu 0 0 Thường 15:10 11/06/2026 Hoàn tất",
        "links": [
          {
            "text": "2",
            "href": "http://192.168.2.26:2026/home.aspx?scope=sys&lang=vi&wpid=thuthuatnewdraw&thuthuatid=cdeccbbf-5ed4-4c2d-9a6f-b46600fb26a5&usid=172.31.255.1_yxkdzoxvmcid1iu25j02tndge5d32f9b&st=182952",
            "onclick": ""
          },
          {
            "text": "15:15 11/06/2026",
            "href": "http://192.168.2.26:2026/home.aspx?scope=sys&lang=vi&wpid=thuthuatnewdraw&thuthuatid=cdeccbbf-5ed4-4c2d-9a6f-b46600fb26a5&usid=172.31.255.1_yxkdzoxvmcid1iu25j02tndge5d32f9b&st=182952",
            "onclick": ""
          },
          {
            "text": "26001247",
            "href": "http://192.168.2.26:2026/home.aspx?scope=sys&lang=vi&wpid=thuthuatnewdraw&thuthuatid=cdeccbbf-5ed4-4c2d-9a6f-b46600fb26a5&usid=172.31.255.1_yxkdzoxvmcid1iu25j02tndge5d32f9b&st=182952",
            "onclick": ""
          },
          {
            "text": "LÊ THỊ MỸ HẰNG",
            "href": "http://192.168.2.26:2026/home.aspx?scope=sys&lang=vi&wpid=thuthuatnewdraw&thuthuatid=cdeccbbf-5ed4-4c2d-9a6f-b46600fb26a5&usid=172.31.255.1_yxkdzoxvmcid1iu25j02tndge5d32f9b&st=182952",
            "onclick": ""
          },
          {
            "text": "Nữ",
            "href": "http://192.168.2.26:2026/home.aspx?scope=sys&lang=vi&wpid=thuthuatnewdraw&thuthuatid=cdeccbbf-5ed4-4c2d-9a6f-b46600fb26a5&usid=172.31.255.1_yxkdzoxvmcid1iu25j02tndge5d32f9b&st=182952",
            "onclick": ""
          },
          {
            "text": "36 tuổi",
            "href": "http://192.168.2.26:2026/home.aspx?scope=sys&lang=vi&wpid=thuthuatnewdraw&thuthuatid=cdeccbbf-5ed4-4c2d-9a6f-b46600fb26a5&usid=172.31.255.1_yxkdzoxvmcid1iu25j02tndge5d32f9b&st=182952",
            "onclick": ""
          },
          {
            "text": "Bảo hiểm",
            "href": "http://192.168.2.26:2026/home.aspx?scope=sys&lang=vi&wpid=thuthuatnewdraw&thuthuatid=cdeccbbf-5ed4-4c2d-9a6f-b46600fb26a5&usid=172.31.255.1_yxkdzoxvmcid1iu25j02tndge5d32f9b&st=182952",
            "onclick": ""
          },
          {
            "text": "PHÒNG KHÁM CHẤN THƯƠNG CHỈNH HÌNH - 20B",
            "href": "http://192.168.2.26:2026/home.aspx?scope=sys&lang=vi&wpid=thuthuatnewdraw&thuthuatid=cdeccbbf-5ed4-4c2d-9a6f-b46600fb26a5&usid=172.31.255.1_yxkdzoxvmcid1iu25j02tndge5d32f9b&st=182952",
            "onclick": ""
          },
          {
            "text": "Điều trị thoái hóa khớp bằng huyết tương giàu tiểu cầu",
            "href": "http://192.168.2.26:2026/home.aspx?scope=sys&lang=vi&wpid=thuthuatnewdraw&thuthuatid=cdeccbbf-5ed4-4c2d-9a6f-b46600fb26a5&usid=172.31.255.1_yxkdzoxvmcid1iu25j02tndge5d32f9b&st=182952",
            "onclick": ""
          },
          {
            "text": "0",
            "href": "http://192.168.2.26:2026/home.aspx?scope=sys&lang=vi&wpid=thuthuatnewdraw&thuthuatid=cdeccbbf-5ed4-4c2d-9a6f-b46600fb26a5&usid=172.31.255.1_yxkdzoxvmcid1iu25j02tndge5d32f9b&st=182952",
            "onclick": ""
          },
          {
            "text": "0",
            "href": "http://192.168.2.26:2026/home.aspx?scope=sys&lang=vi&wpid=thuthuatnewdraw&thuthuatid=cdeccbbf-5ed4-4c2d-9a6f-b46600fb26a5&usid=172.31.255.1_yxkdzoxvmcid1iu25j02tndge5d32f9b&st=182952",
            "onclick": ""
          },
          {
            "text": "Thường",
            "href": "http://192.168.2.26:2026/home.aspx?scope=sys&lang=vi&wpid=thuthuatnewdraw&thuthuatid=cdeccbbf-5ed4-4c2d-9a6f-b46600fb26a5&usid=172.31.255.1_yxkdzoxvmcid1iu25j02tndge5d32f9b&st=182952",
            "onclick": ""
          },
          {
            "text": "15:10 11/06/2026",
            "href": "http://192.168.2.26:2026/home.aspx?scope=sys&lang=vi&wpid=thuthuatnewdraw&thuthuatid=cdeccbbf-5ed4-4c2d-9a6f-b46600fb26a5&usid=172.31.255.1_yxkdzoxvmcid1iu25j02tndge5d32f9b&st=182952",
            "onclick": ""
          },
          {
            "text": "Hoàn tất",
            "href": "http://192.168.2.26:2026/home.aspx?scope=sys&lang=vi&wpid=thuthuatnewdraw&thuthuatid=cdeccbbf-5ed4-4c2d-9a6f-b46600fb26a5&usid=172.31.255.1_yxkdzoxvmcid1iu25j02tndge5d32f9b&st=182952",
            "onclick": ""
          }
        ]
      }
    },
    {
      "list_score": 80.0,
      "list_datetime": "2026-07-16 13:23:00",
      "list_time_source": "Thời gian chỉ định",
      "list_method": "Điều trị thoái hóa khớp bằng huyết tương giàu tiểu cầu",
      "list_method_source": "Chỉ định thủ thuật",
      "method_score": 1.0,
      "detail_marker": "http://192.168.2.26:2026/home.aspx?scope=sys&lang=vi&wpid=thuthuatnewdraw&thuthuatid=022634d5-9d37-4cb3-884a-b48900dde783&usid=172.31.255.1_yxkdzoxvmcid1iu25j02tndge5d32f9b&st=182952",
      "row": {
        "access_id": "022634d5-9d37-4cb3-884a-b48900dde783",
        "known_fields": {
          "stt": "3",
          "ngay_thu_thuat": "13:23 16/07/2026",
          "ma_bn": "26001247",
          "ho_ten": "LÊ THỊ MỸ HẰNG",
          "gioi_tinh": "Nữ",
          "tuoi": "36 tuổi",
          "doi_tuong": "Bảo hiểm",
          "noi_chi_dinh": "PHÒNG KHÁM CHẤN THƯƠNG CHỈNH HÌNH - 20B",
          "chi_dinh_thu_thuat": "Điều trị thoái hóa khớp bằng huyết tương giàu tiểu cầu",
          "tam_ung": "0",
          "phai_thanh_toan": "0",
          "tinh_trang": "Thường",
          "thoi_gian_chi_dinh": "13:23 16/07/2026",
          "trang_thai": "Hoàn tất"
        },
        "raw_text": "3 13:23 16/07/2026 26001247 LÊ THỊ MỸ HẰNG Nữ 36 tuổi Bảo hiểm PHÒNG KHÁM CHẤN THƯƠNG CHỈNH HÌNH - 20B Điều trị thoái hóa khớp bằng huyết tương giàu tiểu cầu 0 0 Thường 13:23 16/07/2026 Hoàn tất",
        "links": [
          {
            "text": "3",
            "href": "http://192.168.2.26:2026/home.aspx?scope=sys&lang=vi&wpid=thuthuatnewdraw&thuthuatid=022634d5-9d37-4cb3-884a-b48900dde783&usid=172.31.255.1_yxkdzoxvmcid1iu25j02tndge5d32f9b&st=182952",
            "onclick": ""
          },
          {
            "text": "13:23 16/07/2026",
            "href": "http://192.168.2.26:2026/home.aspx?scope=sys&lang=vi&wpid=thuthuatnewdraw&thuthuatid=022634d5-9d37-4cb3-884a-b48900dde783&usid=172.31.255.1_yxkdzoxvmcid1iu25j02tndge5d32f9b&st=182952",
            "onclick": ""
          },
          {
            "text": "26001247",
            "href": "http://192.168.2.26:2026/home.aspx?scope=sys&lang=vi&wpid=thuthuatnewdraw&thuthuatid=022634d5-9d37-4cb3-884a-b48900dde783&usid=172.31.255.1_yxkdzoxvmcid1iu25j02tndge5d32f9b&st=182952",
            "onclick": ""
          },
          {
            "text": "LÊ THỊ MỸ HẰNG",
            "href": "http://192.168.2.26:2026/home.aspx?scope=sys&lang=vi&wpid=thuthuatnewdraw&thuthuatid=022634d5-9d37-4cb3-884a-b48900dde783&usid=172.31.255.1_yxkdzoxvmcid1iu25j02tndge5d32f9b&st=182952",
            "onclick": ""
          },
          {
            "text": "Nữ",
            "href": "http://192.168.2.26:2026/home.aspx?scope=sys&lang=vi&wpid=thuthuatnewdraw&thuthuatid=022634d5-9d37-4cb3-884a-b48900dde783&usid=172.31.255.1_yxkdzoxvmcid1iu25j02tndge5d32f9b&st=182952",
            "onclick": ""
          },
          {
            "text": "36 tuổi",
            "href": "http://192.168.2.26:2026/home.aspx?scope=sys&lang=vi&wpid=thuthuatnewdraw&thuthuatid=022634d5-9d37-4cb3-884a-b48900dde783&usid=172.31.255.1_yxkdzoxvmcid1iu25j02tndge5d32f9b&st=182952",
            "onclick": ""
          },
          {
            "text": "Bảo hiểm",
            "href": "http://192.168.2.26:2026/home.aspx?scope=sys&lang=vi&wpid=thuthuatnewdraw&thuthuatid=022634d5-9d37-4cb3-884a-b48900dde783&usid=172.31.255.1_yxkdzoxvmcid1iu25j02tndge5d32f9b&st=182952",
            "onclick": ""
          },
          {
            "text": "PHÒNG KHÁM CHẤN THƯƠNG CHỈNH HÌNH - 20B",
            "href": "http://192.168.2.26:2026/home.aspx?scope=sys&lang=vi&wpid=thuthuatnewdraw&thuthuatid=022634d5-9d37-4cb3-884a-b48900dde783&usid=172.31.255.1_yxkdzoxvmcid1iu25j02tndge5d32f9b&st=182952",
            "onclick": ""
          },
          {
            "text": "Điều trị thoái hóa khớp bằng huyết tương giàu tiểu cầu",
            "href": "http://192.168.2.26:2026/home.aspx?scope=sys&lang=vi&wpid=thuthuatnewdraw&thuthuatid=022634d5-9d37-4cb3-884a-b48900dde783&usid=172.31.255.1_yxkdzoxvmcid1iu25j02tndge5d32f9b&st=182952",
            "onclick": ""
          },
          {
            "text": "0",
            "href": "http://192.168.2.26:2026/home.aspx?scope=sys&lang=vi&wpid=thuthuatnewdraw&thuthuatid=022634d5-9d37-4cb3-884a-b48900dde783&usid=172.31.255.1_yxkdzoxvmcid1iu25j02tndge5d32f9b&st=182952",
            "onclick": ""
          },
          {
            "text": "0",
            "href": "http://192.168.2.26:2026/home.aspx?scope=sys&lang=vi&wpid=thuthuatnewdraw&thuthuatid=022634d5-9d37-4cb3-884a-b48900dde783&usid=172.31.255.1_yxkdzoxvmcid1iu25j02tndge5d32f9b&st=182952",
            "onclick": ""
          },
          {
            "text": "Thường",
            "href": "http://192.168.2.26:2026/home.aspx?scope=sys&lang=vi&wpid=thuthuatnewdraw&thuthuatid=022634d5-9d37-4cb3-884a-b48900dde783&usid=172.31.255.1_yxkdzoxvmcid1iu25j02tndge5d32f9b&st=182952",
            "onclick": ""
          },
          {
            "text": "13:23 16/07/2026",
            "href": "http://192.168.2.26:2026/home.aspx?scope=sys&lang=vi&wpid=thuthuatnewdraw&thuthuatid=022634d5-9d37-4cb3-884a-b48900dde783&usid=172.31.255.1_yxkdzoxvmcid1iu25j02tndge5d32f9b&st=182952",
            "onclick": ""
          },
          {
            "text": "Hoàn tất",
            "href": "http://192.168.2.26:2026/home.aspx?scope=sys&lang=vi&wpid=thuthuatnewdraw&thuthuatid=022634d5-9d37-4cb3-884a-b48900dde783&usid=172.31.255.1_yxkdzoxvmcid1iu25j02tndge5d32f9b&st=182952",
            "onclick": ""
          }
        ]
      }
    }
  ]
}
[2026-07-23 18:29:55.869] [DETAIL_BEGIN] D/s Thủ thuật: mở ứng viên 1
{
  "detail_marker": "http://192.168.2.26:2026/home.aspx?scope=sys&lang=vi&wpid=thuthuatnewdraw&thuthuatid=2ae14787-72fc-47b4-92ae-b46600fb26c1&usid=172.31.255.1_yxkdzoxvmcid1iu25j02tndge5d32f9b&st=182952",
  "list_datetime": "2026-06-11 15:10:00",
  "list_method": "Điều trị thoái hóa khớp bằng huyết tương giàu tiểu cầu",
  "row": {
    "access_id": "2ae14787-72fc-47b4-92ae-b46600fb26c1",
    "known_fields": {
      "stt": "1",
      "ngay_thu_thuat": "15:10 11/06/2026",
      "ma_bn": "26001247",
      "ho_ten": "LÊ THỊ MỸ HẰNG",
      "gioi_tinh": "Nữ",
      "tuoi": "36 tuổi",
      "doi_tuong": "Bảo hiểm",
      "noi_chi_dinh": "PHÒNG KHÁM CHẤN THƯƠNG CHỈNH HÌNH - 20B",
      "chi_dinh_thu_thuat": "Điều trị thoái hóa khớp bằng huyết tương giàu tiểu cầu",
      "tam_ung": "0",
      "phai_thanh_toan": "0",
      "tinh_trang": "Thường",
      "thoi_gian_chi_dinh": "15:10 11/06/2026",
      "trang_thai": "Hoàn tất"
    },
    "raw_text": "1 15:10 11/06/2026 26001247 LÊ THỊ MỸ HẰNG Nữ 36 tuổi Bảo hiểm PHÒNG KHÁM CHẤN THƯƠNG CHỈNH HÌNH - 20B Điều trị thoái hóa khớp bằng huyết tương giàu tiểu cầu 0 0 Thường 15:10 11/06/2026 Hoàn tất",
    "links": [
      {
        "text": "1",
        "href": "http://192.168.2.26:2026/home.aspx?scope=sys&lang=vi&wpid=thuthuatnewdraw&thuthuatid=2ae14787-72fc-47b4-92ae-b46600fb26c1&usid=172.31.255.1_yxkdzoxvmcid1iu25j02tndge5d32f9b&st=182952",
        "onclick": ""
      },
      {
        "text": "15:10 11/06/2026",
        "href": "http://192.168.2.26:2026/home.aspx?scope=sys&lang=vi&wpid=thuthuatnewdraw&thuthuatid=2ae14787-72fc-47b4-92ae-b46600fb26c1&usid=172.31.255.1_yxkdzoxvmcid1iu25j02tndge5d32f9b&st=182952",
        "onclick": ""
      },
      {
        "text": "26001247",
        "href": "http://192.168.2.26:2026/home.aspx?scope=sys&lang=vi&wpid=thuthuatnewdraw&thuthuatid=2ae14787-72fc-47b4-92ae-b46600fb26c1&usid=172.31.255.1_yxkdzoxvmcid1iu25j02tndge5d32f9b&st=182952",
        "onclick": ""
      },
      {
        "text": "LÊ THỊ MỸ HẰNG",
        "href": "http://192.168.2.26:2026/home.aspx?scope=sys&lang=vi&wpid=thuthuatnewdraw&thuthuatid=2ae14787-72fc-47b4-92ae-b46600fb26c1&usid=172.31.255.1_yxkdzoxvmcid1iu25j02tndge5d32f9b&st=182952",
        "onclick": ""
      },
      {
        "text": "Nữ",
        "href": "http://192.168.2.26:2026/home.aspx?scope=sys&lang=vi&wpid=thuthuatnewdraw&thuthuatid=2ae14787-72fc-47b4-92ae-b46600fb26c1&usid=172.31.255.1_yxkdzoxvmcid1iu25j02tndge5d32f9b&st=182952",
        "onclick": ""
      },
      {
        "text": "36 tuổi",
        "href": "http://192.168.2.26:2026/home.aspx?scope=sys&lang=vi&wpid=thuthuatnewdraw&thuthuatid=2ae14787-72fc-47b4-92ae-b46600fb26c1&usid=172.31.255.1_yxkdzoxvmcid1iu25j02tndge5d32f9b&st=182952",
        "onclick": ""
      },
      {
        "text": "Bảo hiểm",
        "href": "http://192.168.2.26:2026/home.aspx?scope=sys&lang=vi&wpid=thuthuatnewdraw&thuthuatid=2ae14787-72fc-47b4-92ae-b46600fb26c1&usid=172.31.255.1_yxkdzoxvmcid1iu25j02tndge5d32f9b&st=182952",
        "onclick": ""
      },
      {
        "text": "PHÒNG KHÁM CHẤN THƯƠNG CHỈNH HÌNH - 20B",
        "href": "http://192.168.2.26:2026/home.aspx?scope=sys&lang=vi&wpid=thuthuatnewdraw&thuthuatid=2ae14787-72fc-47b4-92ae-b46600fb26c1&usid=172.31.255.1_yxkdzoxvmcid1iu25j02tndge5d32f9b&st=182952",
        "onclick": ""
      },
      {
        "text": "Điều trị thoái hóa khớp bằng huyết tương giàu tiểu cầu",
        "href": "http://192.168.2.26:2026/home.aspx?scope=sys&lang=vi&wpid=thuthuatnewdraw&thuthuatid=2ae14787-72fc-47b4-92ae-b46600fb26c1&usid=172.31.255.1_yxkdzoxvmcid1iu25j02tndge5d32f9b&st=182952",
        "onclick": ""
      },
      {
        "text": "0",
        "href": "http://192.168.2.26:2026/home.aspx?scope=sys&lang=vi&wpid=thuthuatnewdraw&thuthuatid=2ae14787-72fc-47b4-92ae-b46600fb26c1&usid=172.31.255.1_yxkdzoxvmcid1iu25j02tndge5d32f9b&st=182952",
        "onclick": ""
      },
      {
        "text": "0",
        "href": "http://192.168.2.26:2026/home.aspx?scope=sys&lang=vi&wpid=thuthuatnewdraw&thuthuatid=2ae14787-72fc-47b4-92ae-b46600fb26c1&usid=172.31.255.1_yxkdzoxvmcid1iu25j02tndge5d32f9b&st=182952",
        "onclick": ""
      },
      {
        "text": "Thường",
        "href": "http://192.168.2.26:2026/home.aspx?scope=sys&lang=vi&wpid=thuthuatnewdraw&thuthuatid=2ae14787-72fc-47b4-92ae-b46600fb26c1&usid=172.31.255.1_yxkdzoxvmcid1iu25j02tndge5d32f9b&st=182952",
        "onclick": ""
      },
      {
        "text": "15:10 11/06/2026",
        "href": "http://192.168.2.26:2026/home.aspx?scope=sys&lang=vi&wpid=thuthuatnewdraw&thuthuatid=2ae14787-72fc-47b4-92ae-b46600fb26c1&usid=172.31.255.1_yxkdzoxvmcid1iu25j02tndge5d32f9b&st=182952",
        "onclick": ""
      },
      {
        "text": "Hoàn tất",
        "href": "http://192.168.2.26:2026/home.aspx?scope=sys&lang=vi&wpid=thuthuatnewdraw&thuthuatid=2ae14787-72fc-47b4-92ae-b46600fb26c1&usid=172.31.255.1_yxkdzoxvmcid1iu25j02tndge5d32f9b&st=182952",
        "onclick": ""
      }
    ]
  }
}
[2026-07-23 18:29:55.877] [BROWSER] [DETAIL] kind=procedure; access_id=2ae14787-72fc-47b4-92ae-b46600fb26c1; direct_url=yes; onclick=no
[2026-07-23 18:29:55.879] [BROWSER] [DETAIL] Mở liên kết trực tiếp: http://192.168.2.26:2026/home.aspx?scope=sys&lang=vi&wpid=thuthuatnewdraw&thuthuatid=2ae14787-72fc-47b4-92ae-b46600fb26c1&usid=172.31.255.1_yxkdzoxvmcid1iu25j02tndge5d32f9b&st=182952
[2026-07-23 18:29:57.766] [BROWSER] [DETAIL] Dữ liệu đọc được: {"ajax_active": 0, "complete_info": "Người hoàn tất: Hồ Điền (hdien) | TG nhấn hoàn tất: 15:19 11/06/2026", "current_url": "http://192.168.2.26:2026/home.aspx?scope=sys&lang=vi&wpid=thuthuatnewdraw&thuthuatid=2ae14787-72fc-47b4-92ae-b46600fb26c1&usid=172.31.255.1_yxkdzoxvmcid1iu25j02tndge5d32f9b&st=182952", "doctor": "Hồ Điền", "doctor_candidates": [{"id": "txtBacSyChiDinh", "value": "Hồ Điền"}, {"id": "txtBacSiChiDinh", "value": ""}], "doctor_field": "txtBacSyChiDinh", "doctor_found": true, "method": "Điều trị thoái hóa khớp bằng huyết tương giàu tiểu cầu", "method_candidates": [{"id": "txtChiDinh", "value": "Điều trị thoái hóa khớp bằng huyết tương giàu tiểu cầu"}, {"id": "cbbPhuongPhapTT", "value": "Điều trị thoái hóa khớp bằng huyết tương giàu tiểu cầu"}], "method_field": "txtChiDinh", "patient_info": "(26001247 | LÊ THỊ MỸ HẰNG, 24/01/1990, Nữ, 36 tuổi | Bảo hiểm)", "root_found": true, "start_candidates": [{"id": "txtThoiGianChiDinh", "value": "15:10 11/06/2026"}, {"id": "txtTgBatDau", "value": "15:10 11/06/2026"}], "start_time": "15:10 11/06/2026", "start_time_field": "txtThoiGianChiDinh"}
[2026-07-23 18:29:57.768] [BROWSER] [DETAIL] Nguồn bác sĩ: Bác sĩ chỉ định; field=txtBacSyChiDinh; value=Hồ Điền
[2026-07-23 18:29:57.769] [DETAIL_OK] D/s Thủ thuật: đọc được hồ sơ chi tiết
{
  "doctor_from_emr": "Hồ Điền",
  "mapped_alias": "ĐIỀN",
  "mapped_name": "Hồ Điền",
  "start_time": "15:10 11/06/2026",
  "start_time_field": "txtThoiGianChiDinh",
  "method": "Điều trị thoái hóa khớp bằng huyết tương giàu tiểu cầu",
  "method_field": "txtChiDinh",
  "list_time_source": "Thời gian chỉ định",
  "list_method_source": "Chỉ định thủ thuật",
  "current_url": "http://192.168.2.26:2026/home.aspx?scope=sys&lang=vi&wpid=thuthuatnewdraw&thuthuatid=2ae14787-72fc-47b4-92ae-b46600fb26c1&usid=172.31.255.1_yxkdzoxvmcid1iu25j02tndge5d32f9b&st=182952",
  "total_score": 660.0,
  "method_score": 1.0
}
[2026-07-23 18:29:57.771] [DETAIL_BEGIN] D/s Thủ thuật: mở ứng viên 2
{
  "detail_marker": "http://192.168.2.26:2026/home.aspx?scope=sys&lang=vi&wpid=thuthuatnewdraw&thuthuatid=cdeccbbf-5ed4-4c2d-9a6f-b46600fb26a5&usid=172.31.255.1_yxkdzoxvmcid1iu25j02tndge5d32f9b&st=182952",
  "list_datetime": "2026-06-11 15:10:00",
  "list_method": "Điều trị thoái hóa khớp bằng huyết tương giàu tiểu cầu",
  "row": {
    "access_id": "cdeccbbf-5ed4-4c2d-9a6f-b46600fb26a5",
    "known_fields": {
      "stt": "2",
      "ngay_thu_thuat": "15:15 11/06/2026",
      "ma_bn": "26001247",
      "ho_ten": "LÊ THỊ MỸ HẰNG",
      "gioi_tinh": "Nữ",
      "tuoi": "36 tuổi",
      "doi_tuong": "Bảo hiểm",
      "noi_chi_dinh": "PHÒNG KHÁM CHẤN THƯƠNG CHỈNH HÌNH - 20B",
      "chi_dinh_thu_thuat": "Điều trị thoái hóa khớp bằng huyết tương giàu tiểu cầu",
      "tam_ung": "0",
      "phai_thanh_toan": "0",
      "tinh_trang": "Thường",
      "thoi_gian_chi_dinh": "15:10 11/06/2026",
      "trang_thai": "Hoàn tất"
    },
    "raw_text": "2 15:15 11/06/2026 26001247 LÊ THỊ MỸ HẰNG Nữ 36 tuổi Bảo hiểm PHÒNG KHÁM CHẤN THƯƠNG CHỈNH HÌNH - 20B Điều trị thoái hóa khớp bằng huyết tương giàu tiểu cầu 0 0 Thường 15:10 11/06/2026 Hoàn tất",
    "links": [
      {
        "text": "2",
        "href": "http://192.168.2.26:2026/home.aspx?scope=sys&lang=vi&wpid=thuthuatnewdraw&thuthuatid=cdeccbbf-5ed4-4c2d-9a6f-b46600fb26a5&usid=172.31.255.1_yxkdzoxvmcid1iu25j02tndge5d32f9b&st=182952",
        "onclick": ""
      },
      {
        "text": "15:15 11/06/2026",
        "href": "http://192.168.2.26:2026/home.aspx?scope=sys&lang=vi&wpid=thuthuatnewdraw&thuthuatid=cdeccbbf-5ed4-4c2d-9a6f-b46600fb26a5&usid=172.31.255.1_yxkdzoxvmcid1iu25j02tndge5d32f9b&st=182952",
        "onclick": ""
      },
      {
        "text": "26001247",
        "href": "http://192.168.2.26:2026/home.aspx?scope=sys&lang=vi&wpid=thuthuatnewdraw&thuthuatid=cdeccbbf-5ed4-4c2d-9a6f-b46600fb26a5&usid=172.31.255.1_yxkdzoxvmcid1iu25j02tndge5d32f9b&st=182952",
        "onclick": ""
      },
      {
        "text": "LÊ THỊ MỸ HẰNG",
        "href": "http://192.168.2.26:2026/home.aspx?scope=sys&lang=vi&wpid=thuthuatnewdraw&thuthuatid=cdeccbbf-5ed4-4c2d-9a6f-b46600fb26a5&usid=172.31.255.1_yxkdzoxvmcid1iu25j02tndge5d32f9b&st=182952",
        "onclick": ""
      },
      {
        "text": "Nữ",
        "href": "http://192.168.2.26:2026/home.aspx?scope=sys&lang=vi&wpid=thuthuatnewdraw&thuthuatid=cdeccbbf-5ed4-4c2d-9a6f-b46600fb26a5&usid=172.31.255.1_yxkdzoxvmcid1iu25j02tndge5d32f9b&st=182952",
        "onclick": ""
      },
      {
        "text": "36 tuổi",
        "href": "http://192.168.2.26:2026/home.aspx?scope=sys&lang=vi&wpid=thuthuatnewdraw&thuthuatid=cdeccbbf-5ed4-4c2d-9a6f-b46600fb26a5&usid=172.31.255.1_yxkdzoxvmcid1iu25j02tndge5d32f9b&st=182952",
        "onclick": ""
      },
      {
        "text": "Bảo hiểm",
        "href": "http://192.168.2.26:2026/home.aspx?scope=sys&lang=vi&wpid=thuthuatnewdraw&thuthuatid=cdeccbbf-5ed4-4c2d-9a6f-b46600fb26a5&usid=172.31.255.1_yxkdzoxvmcid1iu25j02tndge5d32f9b&st=182952",
        "onclick": ""
      },
      {
        "text": "PHÒNG KHÁM CHẤN THƯƠNG CHỈNH HÌNH - 20B",
        "href": "http://192.168.2.26:2026/home.aspx?scope=sys&lang=vi&wpid=thuthuatnewdraw&thuthuatid=cdeccbbf-5ed4-4c2d-9a6f-b46600fb26a5&usid=172.31.255.1_yxkdzoxvmcid1iu25j02tndge5d32f9b&st=182952",
        "onclick": ""
      },
      {
        "text": "Điều trị thoái hóa khớp bằng huyết tương giàu tiểu cầu",
        "href": "http://192.168.2.26:2026/home.aspx?scope=sys&lang=vi&wpid=thuthuatnewdraw&thuthuatid=cdeccbbf-5ed4-4c2d-9a6f-b46600fb26a5&usid=172.31.255.1_yxkdzoxvmcid1iu25j02tndge5d32f9b&st=182952",
        "onclick": ""
      },
      {
        "text": "0",
        "href": "http://192.168.2.26:2026/home.aspx?scope=sys&lang=vi&wpid=thuthuatnewdraw&thuthuatid=cdeccbbf-5ed4-4c2d-9a6f-b46600fb26a5&usid=172.31.255.1_yxkdzoxvmcid1iu25j02tndge5d32f9b&st=182952",
        "onclick": ""
      },
      {
        "text": "0",
        "href": "http://192.168.2.26:2026/home.aspx?scope=sys&lang=vi&wpid=thuthuatnewdraw&thuthuatid=cdeccbbf-5ed4-4c2d-9a6f-b46600fb26a5&usid=172.31.255.1_yxkdzoxvmcid1iu25j02tndge5d32f9b&st=182952",
        "onclick": ""
      },
      {
        "text": "Thường",
        "href": "http://192.168.2.26:2026/home.aspx?scope=sys&lang=vi&wpid=thuthuatnewdraw&thuthuatid=cdeccbbf-5ed4-4c2d-9a6f-b46600fb26a5&usid=172.31.255.1_yxkdzoxvmcid1iu25j02tndge5d32f9b&st=182952",
        "onclick": ""
      },
      {
        "text": "15:10 11/06/2026",
        "href": "http://192.168.2.26:2026/home.aspx?scope=sys&lang=vi&wpid=thuthuatnewdraw&thuthuatid=cdeccbbf-5ed4-4c2d-9a6f-b46600fb26a5&usid=172.31.255.1_yxkdzoxvmcid1iu25j02tndge5d32f9b&st=182952",
        "onclick": ""
      },
      {
        "text": "Hoàn tất",
        "href": "http://192.168.2.26:2026/home.aspx?scope=sys&lang=vi&wpid=thuthuatnewdraw&thuthuatid=cdeccbbf-5ed4-4c2d-9a6f-b46600fb26a5&usid=172.31.255.1_yxkdzoxvmcid1iu25j02tndge5d32f9b&st=182952",
        "onclick": ""
      }
    ]
  }
}
[2026-07-23 18:29:57.781] [BROWSER] [DETAIL] kind=procedure; access_id=cdeccbbf-5ed4-4c2d-9a6f-b46600fb26a5; direct_url=yes; onclick=no
[2026-07-23 18:29:57.782] [BROWSER] [DETAIL] Mở liên kết trực tiếp: http://192.168.2.26:2026/home.aspx?scope=sys&lang=vi&wpid=thuthuatnewdraw&thuthuatid=cdeccbbf-5ed4-4c2d-9a6f-b46600fb26a5&usid=172.31.255.1_yxkdzoxvmcid1iu25j02tndge5d32f9b&st=182952
[2026-07-23 18:30:00.582] [BROWSER] [DETAIL] Dữ liệu đọc được: {"ajax_active": 0, "complete_info": "Người hoàn tất: Hồ Điền (hdien) | TG nhấn hoàn tất: 15:20 11/06/2026", "current_url": "http://192.168.2.26:2026/home.aspx?scope=sys&lang=vi&wpid=thuthuatnewdraw&thuthuatid=cdeccbbf-5ed4-4c2d-9a6f-b46600fb26a5&usid=172.31.255.1_yxkdzoxvmcid1iu25j02tndge5d32f9b&st=182952", "doctor": "Hồ Điền", "doctor_candidates": [{"id": "txtBacSyChiDinh", "value": "Hồ Điền"}, {"id": "txtBacSiChiDinh", "value": ""}], "doctor_field": "txtBacSyChiDinh", "doctor_found": true, "method": "Điều trị thoái hóa khớp bằng huyết tương giàu tiểu cầu", "method_candidates": [{"id": "txtChiDinh", "value": "Điều trị thoái hóa khớp bằng huyết tương giàu tiểu cầu"}, {"id": "cbbPhuongPhapTT", "value": "Điều trị thoái hóa khớp bằng huyết tương giàu tiểu cầu"}], "method_field": "txtChiDinh", "patient_info": "(26001247 | LÊ THỊ MỸ HẰNG, 24/01/1990, Nữ, 36 tuổi | Bảo hiểm)", "root_found": true, "start_candidates": [{"id": "txtThoiGianChiDinh", "value": "15:10 11/06/2026"}, {"id": "txtTgBatDau", "value": "15:15 11/06/2026"}], "start_time": "15:10 11/06/2026", "start_time_field": "txtThoiGianChiDinh"}
[2026-07-23 18:30:00.584] [BROWSER] [DETAIL] Nguồn bác sĩ: Bác sĩ chỉ định; field=txtBacSyChiDinh; value=Hồ Điền
[2026-07-23 18:30:00.585] [DETAIL_OK] D/s Thủ thuật: đọc được hồ sơ chi tiết
{
  "doctor_from_emr": "Hồ Điền",
  "mapped_alias": "ĐIỀN",
  "mapped_name": "Hồ Điền",
  "start_time": "15:10 11/06/2026",
  "start_time_field": "txtThoiGianChiDinh",
  "method": "Điều trị thoái hóa khớp bằng huyết tương giàu tiểu cầu",
  "method_field": "txtChiDinh",
  "list_time_source": "Thời gian chỉ định",
  "list_method_source": "Chỉ định thủ thuật",
  "current_url": "http://192.168.2.26:2026/home.aspx?scope=sys&lang=vi&wpid=thuthuatnewdraw&thuthuatid=cdeccbbf-5ed4-4c2d-9a6f-b46600fb26a5&usid=172.31.255.1_yxkdzoxvmcid1iu25j02tndge5d32f9b&st=182952",
  "total_score": 660.0,
  "method_score": 1.0
}
[2026-07-23 18:30:00.586] [EVALUATED] D/s Thủ thuật: đánh giá 2 hồ sơ
{
  "items": [
    {
      "doctor": "Hồ Điền",
      "alias": "ĐIỀN",
      "detail_datetime": "2026-06-11 15:10:00",
      "method_score": 1.0,
      "total_score": 660.0,
      "confidence_ok": true
    },
    {
      "doctor": "Hồ Điền",
      "alias": "ĐIỀN",
      "detail_datetime": "2026-06-11 15:10:00",
      "method_score": 1.0,
      "total_score": 660.0,
      "confidence_ok": true
    }
  ]
}
[2026-07-23 18:30:01.849] [AUTOSAVE_ROW] Dòng 111: đã điền ĐIỀN và lưu ngay
{
  "patient": "LÊ THỊ MỸ HẰNG",
  "source": "D/s Thủ thuật",
  "doctor_name": "Hồ Điền",
  "emr_doctor": "Hồ Điền",
  "matched_time": "15:10 11/06/2026",
  "matched_method": "Điều trị thoái hóa khớp bằng huyết tương giàu tiểu cầu",
  "progress": "5/8",
  "output": "E:\\Thong_ke\\node_outputs\\PM khoa CTCH T6_NHAP_LIEU.xlsx"
}
[2026-07-23 18:30:01.850] [ROW_END] Kết thúc dòng 111
{
  "status": "updated",
  "new_value": "ĐIỀN",
  "reason": null
}
[2026-07-23 18:30:01.851] [ROW_BEGIN] [6/8] Bắt đầu dòng 112: LÊ THỊ MỸ HẰNG
{
  "raw_time": "2026/06/11 15:10",
  "parsed_time": "15:10 11/06/2026",
  "method": "Điều trị thoái hóa khớp bằng huyết tương giàu tiểu cầu",
  "old_value": ""
}
[2026-07-23 18:30:01.853] [SEARCH_BEGIN] dòng 112: tìm LÊ THỊ MỸ HẰNG tại D/s Thủ thuật
{
  "patient": "LÊ THỊ MỸ HẰNG",
  "target_time": "2026-06-11 15:10:00",
  "target_method": "Điều trị thoái hóa khớp bằng huyết tương giàu tiểu cầu",
  "source": "procedure"
}
[2026-07-23 18:30:02.195] [BROWSER] [NAV] D/s Thủ thuật: http://192.168.2.26:2026/home.aspx?scope=sys&lang=vi&wpid=danhsachthuthuatdraw&role=323&usid=172.31.255.1_yxkdzoxvmcid1iu25j02tndge5d32f9b&st=182954
[2026-07-23 18:30:04.277] [BROWSER] [FILTER] 3 tháng
[2026-07-23 18:30:04.854] [BROWSER] [SEARCH] Nhập 'LÊ THỊ MỸ HẰNG' vào #txtTimKiem
[2026-07-23 18:30:05.107] [BROWSER] [SEARCH] Đã bấm Tìm kiếm bằng #btnTimKiem
[2026-07-23 18:30:05.133] [BROWSER] [RESULT] D/s Thủ thuật: 3 dòng
[2026-07-23 18:30:05.141] [SEARCH_RESULT] D/s Thủ thuật: nhận 3 dòng
{
  "current_url": "http://192.168.2.26:2026/home.aspx?scope=sys&lang=vi&wpid=danhsachthuthuatdraw&role=323&usid=172.31.255.1_yxkdzoxvmcid1iu25j02tndge5d32f9b&st=182954",
  "search_input_id": "txtTimKiem",
  "search_trigger": "#btnTimKiem",
  "headers": [
    "STT",
    "Ngày thủ thuật",
    "Mã BN",
    "Họ tên",
    "Giới tính",
    "Tuổi",
    "Đối tượng",
    "Nơi chỉ định",
    "Chỉ định thủ thuật",
    "Tạm ứng",
    "Phải thanh toán",
    "Tình trạng",
    "Thời gian chỉ định",
    "Trạng thái"
  ],
  "rows": [
    {
      "access_id": "2ae14787-72fc-47b4-92ae-b46600fb26c1",
      "known_fields": {
        "stt": "1",
        "ngay_thu_thuat": "15:10 11/06/2026",
        "ma_bn": "26001247",
        "ho_ten": "LÊ THỊ MỸ HẰNG",
        "gioi_tinh": "Nữ",
        "tuoi": "36 tuổi",
        "doi_tuong": "Bảo hiểm",
        "noi_chi_dinh": "PHÒNG KHÁM CHẤN THƯƠNG CHỈNH HÌNH - 20B",
        "chi_dinh_thu_thuat": "Điều trị thoái hóa khớp bằng huyết tương giàu tiểu cầu",
        "tam_ung": "0",
        "phai_thanh_toan": "0",
        "tinh_trang": "Thường",
        "thoi_gian_chi_dinh": "15:10 11/06/2026",
        "trang_thai": "Hoàn tất"
      },
      "raw_text": "1 15:10 11/06/2026 26001247 LÊ THỊ MỸ HẰNG Nữ 36 tuổi Bảo hiểm PHÒNG KHÁM CHẤN THƯƠNG CHỈNH HÌNH - 20B Điều trị thoái hóa khớp bằng huyết tương giàu tiểu cầu 0 0 Thường 15:10 11/06/2026 Hoàn tất",
      "links": [
        {
          "text": "1",
          "href": "http://192.168.2.26:2026/home.aspx?scope=sys&lang=vi&wpid=thuthuatnewdraw&thuthuatid=2ae14787-72fc-47b4-92ae-b46600fb26c1&usid=172.31.255.1_yxkdzoxvmcid1iu25j02tndge5d32f9b&st=183002",
          "onclick": ""
        },
        {
          "text": "15:10 11/06/2026",
          "href": "http://192.168.2.26:2026/home.aspx?scope=sys&lang=vi&wpid=thuthuatnewdraw&thuthuatid=2ae14787-72fc-47b4-92ae-b46600fb26c1&usid=172.31.255.1_yxkdzoxvmcid1iu25j02tndge5d32f9b&st=183002",
          "onclick": ""
        },
        {
          "text": "26001247",
          "href": "http://192.168.2.26:2026/home.aspx?scope=sys&lang=vi&wpid=thuthuatnewdraw&thuthuatid=2ae14787-72fc-47b4-92ae-b46600fb26c1&usid=172.31.255.1_yxkdzoxvmcid1iu25j02tndge5d32f9b&st=183002",
          "onclick": ""
        },
        {
          "text": "LÊ THỊ MỸ HẰNG",
          "href": "http://192.168.2.26:2026/home.aspx?scope=sys&lang=vi&wpid=thuthuatnewdraw&thuthuatid=2ae14787-72fc-47b4-92ae-b46600fb26c1&usid=172.31.255.1_yxkdzoxvmcid1iu25j02tndge5d32f9b&st=183002",
          "onclick": ""
        },
        {
          "text": "Nữ",
          "href": "http://192.168.2.26:2026/home.aspx?scope=sys&lang=vi&wpid=thuthuatnewdraw&thuthuatid=2ae14787-72fc-47b4-92ae-b46600fb26c1&usid=172.31.255.1_yxkdzoxvmcid1iu25j02tndge5d32f9b&st=183002",
          "onclick": ""
        },
        {
          "text": "36 tuổi",
          "href": "http://192.168.2.26:2026/home.aspx?scope=sys&lang=vi&wpid=thuthuatnewdraw&thuthuatid=2ae14787-72fc-47b4-92ae-b46600fb26c1&usid=172.31.255.1_yxkdzoxvmcid1iu25j02tndge5d32f9b&st=183002",
          "onclick": ""
        },
        {
          "text": "Bảo hiểm",
          "href": "http://192.168.2.26:2026/home.aspx?scope=sys&lang=vi&wpid=thuthuatnewdraw&thuthuatid=2ae14787-72fc-47b4-92ae-b46600fb26c1&usid=172.31.255.1_yxkdzoxvmcid1iu25j02tndge5d32f9b&st=183002",
          "onclick": ""
        },
        {
          "text": "PHÒNG KHÁM CHẤN THƯƠNG CHỈNH HÌNH - 20B",
          "href": "http://192.168.2.26:2026/home.aspx?scope=sys&lang=vi&wpid=thuthuatnewdraw&thuthuatid=2ae14787-72fc-47b4-92ae-b46600fb26c1&usid=172.31.255.1_yxkdzoxvmcid1iu25j02tndge5d32f9b&st=183002",
          "onclick": ""
        },
        {
          "text": "Điều trị thoái hóa khớp bằng huyết tương giàu tiểu cầu",
          "href": "http://192.168.2.26:2026/home.aspx?scope=sys&lang=vi&wpid=thuthuatnewdraw&thuthuatid=2ae14787-72fc-47b4-92ae-b46600fb26c1&usid=172.31.255.1_yxkdzoxvmcid1iu25j02tndge5d32f9b&st=183002",
          "onclick": ""
        },
        {
          "text": "0",
          "href": "http://192.168.2.26:2026/home.aspx?scope=sys&lang=vi&wpid=thuthuatnewdraw&thuthuatid=2ae14787-72fc-47b4-92ae-b46600fb26c1&usid=172.31.255.1_yxkdzoxvmcid1iu25j02tndge5d32f9b&st=183002",
          "onclick": ""
        },
        {
          "text": "0",
          "href": "http://192.168.2.26:2026/home.aspx?scope=sys&lang=vi&wpid=thuthuatnewdraw&thuthuatid=2ae14787-72fc-47b4-92ae-b46600fb26c1&usid=172.31.255.1_yxkdzoxvmcid1iu25j02tndge5d32f9b&st=183002",
          "onclick": ""
        },
        {
          "text": "Thường",
          "href": "http://192.168.2.26:2026/home.aspx?scope=sys&lang=vi&wpid=thuthuatnewdraw&thuthuatid=2ae14787-72fc-47b4-92ae-b46600fb26c1&usid=172.31.255.1_yxkdzoxvmcid1iu25j02tndge5d32f9b&st=183002",
          "onclick": ""
        },
        {
          "text": "15:10 11/06/2026",
          "href": "http://192.168.2.26:2026/home.aspx?scope=sys&lang=vi&wpid=thuthuatnewdraw&thuthuatid=2ae14787-72fc-47b4-92ae-b46600fb26c1&usid=172.31.255.1_yxkdzoxvmcid1iu25j02tndge5d32f9b&st=183002",
          "onclick": ""
        },
        {
          "text": "Hoàn tất",
          "href": "http://192.168.2.26:2026/home.aspx?scope=sys&lang=vi&wpid=thuthuatnewdraw&thuthuatid=2ae14787-72fc-47b4-92ae-b46600fb26c1&usid=172.31.255.1_yxkdzoxvmcid1iu25j02tndge5d32f9b&st=183002",
          "onclick": ""
        }
      ]
    },
    {
      "access_id": "cdeccbbf-5ed4-4c2d-9a6f-b46600fb26a5",
      "known_fields": {
        "stt": "2",
        "ngay_thu_thuat": "15:15 11/06/2026",
        "ma_bn": "26001247",
        "ho_ten": "LÊ THỊ MỸ HẰNG",
        "gioi_tinh": "Nữ",
        "tuoi": "36 tuổi",
        "doi_tuong": "Bảo hiểm",
        "noi_chi_dinh": "PHÒNG KHÁM CHẤN THƯƠNG CHỈNH HÌNH - 20B",
        "chi_dinh_thu_thuat": "Điều trị thoái hóa khớp bằng huyết tương giàu tiểu cầu",
        "tam_ung": "0",
        "phai_thanh_toan": "0",
        "tinh_trang": "Thường",
        "thoi_gian_chi_dinh": "15:10 11/06/2026",
        "trang_thai": "Hoàn tất"
      },
      "raw_text": "2 15:15 11/06/2026 26001247 LÊ THỊ MỸ HẰNG Nữ 36 tuổi Bảo hiểm PHÒNG KHÁM CHẤN THƯƠNG CHỈNH HÌNH - 20B Điều trị thoái hóa khớp bằng huyết tương giàu tiểu cầu 0 0 Thường 15:10 11/06/2026 Hoàn tất",
      "links": [
        {
          "text": "2",
          "href": "http://192.168.2.26:2026/home.aspx?scope=sys&lang=vi&wpid=thuthuatnewdraw&thuthuatid=cdeccbbf-5ed4-4c2d-9a6f-b46600fb26a5&usid=172.31.255.1_yxkdzoxvmcid1iu25j02tndge5d32f9b&st=183002",
          "onclick": ""
        },
        {
          "text": "15:15 11/06/2026",
          "href": "http://192.168.2.26:2026/home.aspx?scope=sys&lang=vi&wpid=thuthuatnewdraw&thuthuatid=cdeccbbf-5ed4-4c2d-9a6f-b46600fb26a5&usid=172.31.255.1_yxkdzoxvmcid1iu25j02tndge5d32f9b&st=183002",
          "onclick": ""
        },
        {
          "text": "26001247",
          "href": "http://192.168.2.26:2026/home.aspx?scope=sys&lang=vi&wpid=thuthuatnewdraw&thuthuatid=cdeccbbf-5ed4-4c2d-9a6f-b46600fb26a5&usid=172.31.255.1_yxkdzoxvmcid1iu25j02tndge5d32f9b&st=183002",
          "onclick": ""
        },
        {
          "text": "LÊ THỊ MỸ HẰNG",
          "href": "http://192.168.2.26:2026/home.aspx?scope=sys&lang=vi&wpid=thuthuatnewdraw&thuthuatid=cdeccbbf-5ed4-4c2d-9a6f-b46600fb26a5&usid=172.31.255.1_yxkdzoxvmcid1iu25j02tndge5d32f9b&st=183002",
          "onclick": ""
        },
        {
          "text": "Nữ",
          "href": "http://192.168.2.26:2026/home.aspx?scope=sys&lang=vi&wpid=thuthuatnewdraw&thuthuatid=cdeccbbf-5ed4-4c2d-9a6f-b46600fb26a5&usid=172.31.255.1_yxkdzoxvmcid1iu25j02tndge5d32f9b&st=183002",
          "onclick": ""
        },
        {
          "text": "36 tuổi",
          "href": "http://192.168.2.26:2026/home.aspx?scope=sys&lang=vi&wpid=thuthuatnewdraw&thuthuatid=cdeccbbf-5ed4-4c2d-9a6f-b46600fb26a5&usid=172.31.255.1_yxkdzoxvmcid1iu25j02tndge5d32f9b&st=183002",
          "onclick": ""
        },
        {
          "text": "Bảo hiểm",
          "href": "http://192.168.2.26:2026/home.aspx?scope=sys&lang=vi&wpid=thuthuatnewdraw&thuthuatid=cdeccbbf-5ed4-4c2d-9a6f-b46600fb26a5&usid=172.31.255.1_yxkdzoxvmcid1iu25j02tndge5d32f9b&st=183002",
          "onclick": ""
        },
        {
          "text": "PHÒNG KHÁM CHẤN THƯƠNG CHỈNH HÌNH - 20B",
          "href": "http://192.168.2.26:2026/home.aspx?scope=sys&lang=vi&wpid=thuthuatnewdraw&thuthuatid=cdeccbbf-5ed4-4c2d-9a6f-b46600fb26a5&usid=172.31.255.1_yxkdzoxvmcid1iu25j02tndge5d32f9b&st=183002",
          "onclick": ""
        },
        {
          "text": "Điều trị thoái hóa khớp bằng huyết tương giàu tiểu cầu",
          "href": "http://192.168.2.26:2026/home.aspx?scope=sys&lang=vi&wpid=thuthuatnewdraw&thuthuatid=cdeccbbf-5ed4-4c2d-9a6f-b46600fb26a5&usid=172.31.255.1_yxkdzoxvmcid1iu25j02tndge5d32f9b&st=183002",
          "onclick": ""
        },
        {
          "text": "0",
          "href": "http://192.168.2.26:2026/home.aspx?scope=sys&lang=vi&wpid=thuthuatnewdraw&thuthuatid=cdeccbbf-5ed4-4c2d-9a6f-b46600fb26a5&usid=172.31.255.1_yxkdzoxvmcid1iu25j02tndge5d32f9b&st=183002",
          "onclick": ""
        },
        {
          "text": "0",
          "href": "http://192.168.2.26:2026/home.aspx?scope=sys&lang=vi&wpid=thuthuatnewdraw&thuthuatid=cdeccbbf-5ed4-4c2d-9a6f-b46600fb26a5&usid=172.31.255.1_yxkdzoxvmcid1iu25j02tndge5d32f9b&st=183002",
          "onclick": ""
        },
        {
          "text": "Thường",
          "href": "http://192.168.2.26:2026/home.aspx?scope=sys&lang=vi&wpid=thuthuatnewdraw&thuthuatid=cdeccbbf-5ed4-4c2d-9a6f-b46600fb26a5&usid=172.31.255.1_yxkdzoxvmcid1iu25j02tndge5d32f9b&st=183002",
          "onclick": ""
        },
        {
          "text": "15:10 11/06/2026",
          "href": "http://192.168.2.26:2026/home.aspx?scope=sys&lang=vi&wpid=thuthuatnewdraw&thuthuatid=cdeccbbf-5ed4-4c2d-9a6f-b46600fb26a5&usid=172.31.255.1_yxkdzoxvmcid1iu25j02tndge5d32f9b&st=183002",
          "onclick": ""
        },
        {
          "text": "Hoàn tất",
          "href": "http://192.168.2.26:2026/home.aspx?scope=sys&lang=vi&wpid=thuthuatnewdraw&thuthuatid=cdeccbbf-5ed4-4c2d-9a6f-b46600fb26a5&usid=172.31.255.1_yxkdzoxvmcid1iu25j02tndge5d32f9b&st=183002",
          "onclick": ""
        }
      ]
    },
    {
      "access_id": "022634d5-9d37-4cb3-884a-b48900dde783",
      "known_fields": {
        "stt": "3",
        "ngay_thu_thuat": "13:23 16/07/2026",
        "ma_bn": "26001247",
        "ho_ten": "LÊ THỊ MỸ HẰNG",
        "gioi_tinh": "Nữ",
        "tuoi": "36 tuổi",
        "doi_tuong": "Bảo hiểm",
        "noi_chi_dinh": "PHÒNG KHÁM CHẤN THƯƠNG CHỈNH HÌNH - 20B",
        "chi_dinh_thu_thuat": "Điều trị thoái hóa khớp bằng huyết tương giàu tiểu cầu",
        "tam_ung": "0",
        "phai_thanh_toan": "0",
        "tinh_trang": "Thường",
        "thoi_gian_chi_dinh": "13:23 16/07/2026",
        "trang_thai": "Hoàn tất"
      },
      "raw_text": "3 13:23 16/07/2026 26001247 LÊ THỊ MỸ HẰNG Nữ 36 tuổi Bảo hiểm PHÒNG KHÁM CHẤN THƯƠNG CHỈNH HÌNH - 20B Điều trị thoái hóa khớp bằng huyết tương giàu tiểu cầu 0 0 Thường 13:23 16/07/2026 Hoàn tất",
      "links": [
        {
          "text": "3",
          "href": "http://192.168.2.26:2026/home.aspx?scope=sys&lang=vi&wpid=thuthuatnewdraw&thuthuatid=022634d5-9d37-4cb3-884a-b48900dde783&usid=172.31.255.1_yxkdzoxvmcid1iu25j02tndge5d32f9b&st=183002",
          "onclick": ""
        },
        {
          "text": "13:23 16/07/2026",
          "href": "http://192.168.2.26:2026/home.aspx?scope=sys&lang=vi&wpid=thuthuatnewdraw&thuthuatid=022634d5-9d37-4cb3-884a-b48900dde783&usid=172.31.255.1_yxkdzoxvmcid1iu25j02tndge5d32f9b&st=183002",
          "onclick": ""
        },
        {
          "text": "26001247",
          "href": "http://192.168.2.26:2026/home.aspx?scope=sys&lang=vi&wpid=thuthuatnewdraw&thuthuatid=022634d5-9d37-4cb3-884a-b48900dde783&usid=172.31.255.1_yxkdzoxvmcid1iu25j02tndge5d32f9b&st=183002",
          "onclick": ""
        },
        {
          "text": "LÊ THỊ MỸ HẰNG",
          "href": "http://192.168.2.26:2026/home.aspx?scope=sys&lang=vi&wpid=thuthuatnewdraw&thuthuatid=022634d5-9d37-4cb3-884a-b48900dde783&usid=172.31.255.1_yxkdzoxvmcid1iu25j02tndge5d32f9b&st=183002",
          "onclick": ""
        },
        {
          "text": "Nữ",
          "href": "http://192.168.2.26:2026/home.aspx?scope=sys&lang=vi&wpid=thuthuatnewdraw&thuthuatid=022634d5-9d37-4cb3-884a-b48900dde783&usid=172.31.255.1_yxkdzoxvmcid1iu25j02tndge5d32f9b&st=183002",
          "onclick": ""
        },
        {
          "text": "36 tuổi",
          "href": "http://192.168.2.26:2026/home.aspx?scope=sys&lang=vi&wpid=thuthuatnewdraw&thuthuatid=022634d5-9d37-4cb3-884a-b48900dde783&usid=172.31.255.1_yxkdzoxvmcid1iu25j02tndge5d32f9b&st=183002",
          "onclick": ""
        },
        {
          "text": "Bảo hiểm",
          "href": "http://192.168.2.26:2026/home.aspx?scope=sys&lang=vi&wpid=thuthuatnewdraw&thuthuatid=022634d5-9d37-4cb3-884a-b48900dde783&usid=172.31.255.1_yxkdzoxvmcid1iu25j02tndge5d32f9b&st=183002",
          "onclick": ""
        },
        {
          "text": "PHÒNG KHÁM CHẤN THƯƠNG CHỈNH HÌNH - 20B",
          "href": "http://192.168.2.26:2026/home.aspx?scope=sys&lang=vi&wpid=thuthuatnewdraw&thuthuatid=022634d5-9d37-4cb3-884a-b48900dde783&usid=172.31.255.1_yxkdzoxvmcid1iu25j02tndge5d32f9b&st=183002",
          "onclick": ""
        },
        {
          "text": "Điều trị thoái hóa khớp bằng huyết tương giàu tiểu cầu",
          "href": "http://192.168.2.26:2026/home.aspx?scope=sys&lang=vi&wpid=thuthuatnewdraw&thuthuatid=022634d5-9d37-4cb3-884a-b48900dde783&usid=172.31.255.1_yxkdzoxvmcid1iu25j02tndge5d32f9b&st=183002",
          "onclick": ""
        },
        {
          "text": "0",
          "href": "http://192.168.2.26:2026/home.aspx?scope=sys&lang=vi&wpid=thuthuatnewdraw&thuthuatid=022634d5-9d37-4cb3-884a-b48900dde783&usid=172.31.255.1_yxkdzoxvmcid1iu25j02tndge5d32f9b&st=183002",
          "onclick": ""
        },
        {
          "text": "0",
          "href": "http://192.168.2.26:2026/home.aspx?scope=sys&lang=vi&wpid=thuthuatnewdraw&thuthuatid=022634d5-9d37-4cb3-884a-b48900dde783&usid=172.31.255.1_yxkdzoxvmcid1iu25j02tndge5d32f9b&st=183002",
          "onclick": ""
        },
        {
          "text": "Thường",
          "href": "http://192.168.2.26:2026/home.aspx?scope=sys&lang=vi&wpid=thuthuatnewdraw&thuthuatid=022634d5-9d37-4cb3-884a-b48900dde783&usid=172.31.255.1_yxkdzoxvmcid1iu25j02tndge5d32f9b&st=183002",
          "onclick": ""
        },
        {
          "text": "13:23 16/07/2026",
          "href": "http://192.168.2.26:2026/home.aspx?scope=sys&lang=vi&wpid=thuthuatnewdraw&thuthuatid=022634d5-9d37-4cb3-884a-b48900dde783&usid=172.31.255.1_yxkdzoxvmcid1iu25j02tndge5d32f9b&st=183002",
          "onclick": ""
        },
        {
          "text": "Hoàn tất",
          "href": "http://192.168.2.26:2026/home.aspx?scope=sys&lang=vi&wpid=thuthuatnewdraw&thuthuatid=022634d5-9d37-4cb3-884a-b48900dde783&usid=172.31.255.1_yxkdzoxvmcid1iu25j02tndge5d32f9b&st=183002",
          "onclick": ""
        }
      ]
    }
  ]
}
[2026-07-23 18:30:05.144] [CANDIDATES] D/s Thủ thuật: có 3 ứng viên cùng người bệnh
{
  "candidates": [
    {
      "list_score": 210.0,
      "list_datetime": "2026-06-11 15:10:00",
      "list_time_source": "Thời gian chỉ định",
      "list_method": "Điều trị thoái hóa khớp bằng huyết tương giàu tiểu cầu",
      "list_method_source": "Chỉ định thủ thuật",
      "method_score": 1.0,
      "detail_marker": "http://192.168.2.26:2026/home.aspx?scope=sys&lang=vi&wpid=thuthuatnewdraw&thuthuatid=2ae14787-72fc-47b4-92ae-b46600fb26c1&usid=172.31.255.1_yxkdzoxvmcid1iu25j02tndge5d32f9b&st=183002",
      "row": {
        "access_id": "2ae14787-72fc-47b4-92ae-b46600fb26c1",
        "known_fields": {
          "stt": "1",
          "ngay_thu_thuat": "15:10 11/06/2026",
          "ma_bn": "26001247",
          "ho_ten": "LÊ THỊ MỸ HẰNG",
          "gioi_tinh": "Nữ",
          "tuoi": "36 tuổi",
          "doi_tuong": "Bảo hiểm",
          "noi_chi_dinh": "PHÒNG KHÁM CHẤN THƯƠNG CHỈNH HÌNH - 20B",
          "chi_dinh_thu_thuat": "Điều trị thoái hóa khớp bằng huyết tương giàu tiểu cầu",
          "tam_ung": "0",
          "phai_thanh_toan": "0",
          "tinh_trang": "Thường",
          "thoi_gian_chi_dinh": "15:10 11/06/2026",
          "trang_thai": "Hoàn tất"
        },
        "raw_text": "1 15:10 11/06/2026 26001247 LÊ THỊ MỸ HẰNG Nữ 36 tuổi Bảo hiểm PHÒNG KHÁM CHẤN THƯƠNG CHỈNH HÌNH - 20B Điều trị thoái hóa khớp bằng huyết tương giàu tiểu cầu 0 0 Thường 15:10 11/06/2026 Hoàn tất",
        "links": [
          {
            "text": "1",
            "href": "http://192.168.2.26:2026/home.aspx?scope=sys&lang=vi&wpid=thuthuatnewdraw&thuthuatid=2ae14787-72fc-47b4-92ae-b46600fb26c1&usid=172.31.255.1_yxkdzoxvmcid1iu25j02tndge5d32f9b&st=183002",
            "onclick": ""
          },
          {
            "text": "15:10 11/06/2026",
            "href": "http://192.168.2.26:2026/home.aspx?scope=sys&lang=vi&wpid=thuthuatnewdraw&thuthuatid=2ae14787-72fc-47b4-92ae-b46600fb26c1&usid=172.31.255.1_yxkdzoxvmcid1iu25j02tndge5d32f9b&st=183002",
            "onclick": ""
          },
          {
            "text": "26001247",
            "href": "http://192.168.2.26:2026/home.aspx?scope=sys&lang=vi&wpid=thuthuatnewdraw&thuthuatid=2ae14787-72fc-47b4-92ae-b46600fb26c1&usid=172.31.255.1_yxkdzoxvmcid1iu25j02tndge5d32f9b&st=183002",
            "onclick": ""
          },
          {
            "text": "LÊ THỊ MỸ HẰNG",
            "href": "http://192.168.2.26:2026/home.aspx?scope=sys&lang=vi&wpid=thuthuatnewdraw&thuthuatid=2ae14787-72fc-47b4-92ae-b46600fb26c1&usid=172.31.255.1_yxkdzoxvmcid1iu25j02tndge5d32f9b&st=183002",
            "onclick": ""
          },
          {
            "text": "Nữ",
            "href": "http://192.168.2.26:2026/home.aspx?scope=sys&lang=vi&wpid=thuthuatnewdraw&thuthuatid=2ae14787-72fc-47b4-92ae-b46600fb26c1&usid=172.31.255.1_yxkdzoxvmcid1iu25j02tndge5d32f9b&st=183002",
            "onclick": ""
          },
          {
            "text": "36 tuổi",
            "href": "http://192.168.2.26:2026/home.aspx?scope=sys&lang=vi&wpid=thuthuatnewdraw&thuthuatid=2ae14787-72fc-47b4-92ae-b46600fb26c1&usid=172.31.255.1_yxkdzoxvmcid1iu25j02tndge5d32f9b&st=183002",
            "onclick": ""
          },
          {
            "text": "Bảo hiểm",
            "href": "http://192.168.2.26:2026/home.aspx?scope=sys&lang=vi&wpid=thuthuatnewdraw&thuthuatid=2ae14787-72fc-47b4-92ae-b46600fb26c1&usid=172.31.255.1_yxkdzoxvmcid1iu25j02tndge5d32f9b&st=183002",
            "onclick": ""
          },
          {
            "text": "PHÒNG KHÁM CHẤN THƯƠNG CHỈNH HÌNH - 20B",
            "href": "http://192.168.2.26:2026/home.aspx?scope=sys&lang=vi&wpid=thuthuatnewdraw&thuthuatid=2ae14787-72fc-47b4-92ae-b46600fb26c1&usid=172.31.255.1_yxkdzoxvmcid1iu25j02tndge5d32f9b&st=183002",
            "onclick": ""
          },
          {
            "text": "Điều trị thoái hóa khớp bằng huyết tương giàu tiểu cầu",
            "href": "http://192.168.2.26:2026/home.aspx?scope=sys&lang=vi&wpid=thuthuatnewdraw&thuthuatid=2ae14787-72fc-47b4-92ae-b46600fb26c1&usid=172.31.255.1_yxkdzoxvmcid1iu25j02tndge5d32f9b&st=183002",
            "onclick": ""
          },
          {
            "text": "0",
            "href": "http://192.168.2.26:2026/home.aspx?scope=sys&lang=vi&wpid=thuthuatnewdraw&thuthuatid=2ae14787-72fc-47b4-92ae-b46600fb26c1&usid=172.31.255.1_yxkdzoxvmcid1iu25j02tndge5d32f9b&st=183002",
            "onclick": ""
          },
          {
            "text": "0",
            "href": "http://192.168.2.26:2026/home.aspx?scope=sys&lang=vi&wpid=thuthuatnewdraw&thuthuatid=2ae14787-72fc-47b4-92ae-b46600fb26c1&usid=172.31.255.1_yxkdzoxvmcid1iu25j02tndge5d32f9b&st=183002",
            "onclick": ""
          },
          {
            "text": "Thường",
            "href": "http://192.168.2.26:2026/home.aspx?scope=sys&lang=vi&wpid=thuthuatnewdraw&thuthuatid=2ae14787-72fc-47b4-92ae-b46600fb26c1&usid=172.31.255.1_yxkdzoxvmcid1iu25j02tndge5d32f9b&st=183002",
            "onclick": ""
          },
          {
            "text": "15:10 11/06/2026",
            "href": "http://192.168.2.26:2026/home.aspx?scope=sys&lang=vi&wpid=thuthuatnewdraw&thuthuatid=2ae14787-72fc-47b4-92ae-b46600fb26c1&usid=172.31.255.1_yxkdzoxvmcid1iu25j02tndge5d32f9b&st=183002",
            "onclick": ""
          },
          {
            "text": "Hoàn tất",
            "href": "http://192.168.2.26:2026/home.aspx?scope=sys&lang=vi&wpid=thuthuatnewdraw&thuthuatid=2ae14787-72fc-47b4-92ae-b46600fb26c1&usid=172.31.255.1_yxkdzoxvmcid1iu25j02tndge5d32f9b&st=183002",
            "onclick": ""
          }
        ]
      }
    },
    {
      "list_score": 210.0,
      "list_datetime": "2026-06-11 15:10:00",
      "list_time_source": "Thời gian chỉ định",
      "list_method": "Điều trị thoái hóa khớp bằng huyết tương giàu tiểu cầu",
      "list_method_source": "Chỉ định thủ thuật",
      "method_score": 1.0,
      "detail_marker": "http://192.168.2.26:2026/home.aspx?scope=sys&lang=vi&wpid=thuthuatnewdraw&thuthuatid=cdeccbbf-5ed4-4c2d-9a6f-b46600fb26a5&usid=172.31.255.1_yxkdzoxvmcid1iu25j02tndge5d32f9b&st=183002",
      "row": {
        "access_id": "cdeccbbf-5ed4-4c2d-9a6f-b46600fb26a5",
        "known_fields": {
          "stt": "2",
          "ngay_thu_thuat": "15:15 11/06/2026",
          "ma_bn": "26001247",
          "ho_ten": "LÊ THỊ MỸ HẰNG",
          "gioi_tinh": "Nữ",
          "tuoi": "36 tuổi",
          "doi_tuong": "Bảo hiểm",
          "noi_chi_dinh": "PHÒNG KHÁM CHẤN THƯƠNG CHỈNH HÌNH - 20B",
          "chi_dinh_thu_thuat": "Điều trị thoái hóa khớp bằng huyết tương giàu tiểu cầu",
          "tam_ung": "0",
          "phai_thanh_toan": "0",
          "tinh_trang": "Thường",
          "thoi_gian_chi_dinh": "15:10 11/06/2026",
          "trang_thai": "Hoàn tất"
        },
        "raw_text": "2 15:15 11/06/2026 26001247 LÊ THỊ MỸ HẰNG Nữ 36 tuổi Bảo hiểm PHÒNG KHÁM CHẤN THƯƠNG CHỈNH HÌNH - 20B Điều trị thoái hóa khớp bằng huyết tương giàu tiểu cầu 0 0 Thường 15:10 11/06/2026 Hoàn tất",
        "links": [
          {
            "text": "2",
            "href": "http://192.168.2.26:2026/home.aspx?scope=sys&lang=vi&wpid=thuthuatnewdraw&thuthuatid=cdeccbbf-5ed4-4c2d-9a6f-b46600fb26a5&usid=172.31.255.1_yxkdzoxvmcid1iu25j02tndge5d32f9b&st=183002",
            "onclick": ""
          },
          {
            "text": "15:15 11/06/2026",
            "href": "http://192.168.2.26:2026/home.aspx?scope=sys&lang=vi&wpid=thuthuatnewdraw&thuthuatid=cdeccbbf-5ed4-4c2d-9a6f-b46600fb26a5&usid=172.31.255.1_yxkdzoxvmcid1iu25j02tndge5d32f9b&st=183002",
            "onclick": ""
          },
          {
            "text": "26001247",
            "href": "http://192.168.2.26:2026/home.aspx?scope=sys&lang=vi&wpid=thuthuatnewdraw&thuthuatid=cdeccbbf-5ed4-4c2d-9a6f-b46600fb26a5&usid=172.31.255.1_yxkdzoxvmcid1iu25j02tndge5d32f9b&st=183002",
            "onclick": ""
          },
          {
            "text": "LÊ THỊ MỸ HẰNG",
            "href": "http://192.168.2.26:2026/home.aspx?scope=sys&lang=vi&wpid=thuthuatnewdraw&thuthuatid=cdeccbbf-5ed4-4c2d-9a6f-b46600fb26a5&usid=172.31.255.1_yxkdzoxvmcid1iu25j02tndge5d32f9b&st=183002",
            "onclick": ""
          },
          {
            "text": "Nữ",
            "href": "http://192.168.2.26:2026/home.aspx?scope=sys&lang=vi&wpid=thuthuatnewdraw&thuthuatid=cdeccbbf-5ed4-4c2d-9a6f-b46600fb26a5&usid=172.31.255.1_yxkdzoxvmcid1iu25j02tndge5d32f9b&st=183002",
            "onclick": ""
          },
          {
            "text": "36 tuổi",
            "href": "http://192.168.2.26:2026/home.aspx?scope=sys&lang=vi&wpid=thuthuatnewdraw&thuthuatid=cdeccbbf-5ed4-4c2d-9a6f-b46600fb26a5&usid=172.31.255.1_yxkdzoxvmcid1iu25j02tndge5d32f9b&st=183002",
            "onclick": ""
          },
          {
            "text": "Bảo hiểm",
            "href": "http://192.168.2.26:2026/home.aspx?scope=sys&lang=vi&wpid=thuthuatnewdraw&thuthuatid=cdeccbbf-5ed4-4c2d-9a6f-b46600fb26a5&usid=172.31.255.1_yxkdzoxvmcid1iu25j02tndge5d32f9b&st=183002",
            "onclick": ""
          },
          {
            "text": "PHÒNG KHÁM CHẤN THƯƠNG CHỈNH HÌNH - 20B",
            "href": "http://192.168.2.26:2026/home.aspx?scope=sys&lang=vi&wpid=thuthuatnewdraw&thuthuatid=cdeccbbf-5ed4-4c2d-9a6f-b46600fb26a5&usid=172.31.255.1_yxkdzoxvmcid1iu25j02tndge5d32f9b&st=183002",
            "onclick": ""
          },
          {
            "text": "Điều trị thoái hóa khớp bằng huyết tương giàu tiểu cầu",
            "href": "http://192.168.2.26:2026/home.aspx?scope=sys&lang=vi&wpid=thuthuatnewdraw&thuthuatid=cdeccbbf-5ed4-4c2d-9a6f-b46600fb26a5&usid=172.31.255.1_yxkdzoxvmcid1iu25j02tndge5d32f9b&st=183002",
            "onclick": ""
          },
          {
            "text": "0",
            "href": "http://192.168.2.26:2026/home.aspx?scope=sys&lang=vi&wpid=thuthuatnewdraw&thuthuatid=cdeccbbf-5ed4-4c2d-9a6f-b46600fb26a5&usid=172.31.255.1_yxkdzoxvmcid1iu25j02tndge5d32f9b&st=183002",
            "onclick": ""
          },
          {
            "text": "0",
            "href": "http://192.168.2.26:2026/home.aspx?scope=sys&lang=vi&wpid=thuthuatnewdraw&thuthuatid=cdeccbbf-5ed4-4c2d-9a6f-b46600fb26a5&usid=172.31.255.1_yxkdzoxvmcid1iu25j02tndge5d32f9b&st=183002",
            "onclick": ""
          },
          {
            "text": "Thường",
            "href": "http://192.168.2.26:2026/home.aspx?scope=sys&lang=vi&wpid=thuthuatnewdraw&thuthuatid=cdeccbbf-5ed4-4c2d-9a6f-b46600fb26a5&usid=172.31.255.1_yxkdzoxvmcid1iu25j02tndge5d32f9b&st=183002",
            "onclick": ""
          },
          {
            "text": "15:10 11/06/2026",
            "href": "http://192.168.2.26:2026/home.aspx?scope=sys&lang=vi&wpid=thuthuatnewdraw&thuthuatid=cdeccbbf-5ed4-4c2d-9a6f-b46600fb26a5&usid=172.31.255.1_yxkdzoxvmcid1iu25j02tndge5d32f9b&st=183002",
            "onclick": ""
          },
          {
            "text": "Hoàn tất",
            "href": "http://192.168.2.26:2026/home.aspx?scope=sys&lang=vi&wpid=thuthuatnewdraw&thuthuatid=cdeccbbf-5ed4-4c2d-9a6f-b46600fb26a5&usid=172.31.255.1_yxkdzoxvmcid1iu25j02tndge5d32f9b&st=183002",
            "onclick": ""
          }
        ]
      }
    },
    {
      "list_score": 80.0,
      "list_datetime": "2026-07-16 13:23:00",
      "list_time_source": "Thời gian chỉ định",
      "list_method": "Điều trị thoái hóa khớp bằng huyết tương giàu tiểu cầu",
      "list_method_source": "Chỉ định thủ thuật",
      "method_score": 1.0,
      "detail_marker": "http://192.168.2.26:2026/home.aspx?scope=sys&lang=vi&wpid=thuthuatnewdraw&thuthuatid=022634d5-9d37-4cb3-884a-b48900dde783&usid=172.31.255.1_yxkdzoxvmcid1iu25j02tndge5d32f9b&st=183002",
      "row": {
        "access_id": "022634d5-9d37-4cb3-884a-b48900dde783",
        "known_fields": {
          "stt": "3",
          "ngay_thu_thuat": "13:23 16/07/2026",
          "ma_bn": "26001247",
          "ho_ten": "LÊ THỊ MỸ HẰNG",
          "gioi_tinh": "Nữ",
          "tuoi": "36 tuổi",
          "doi_tuong": "Bảo hiểm",
          "noi_chi_dinh": "PHÒNG KHÁM CHẤN THƯƠNG CHỈNH HÌNH - 20B",
          "chi_dinh_thu_thuat": "Điều trị thoái hóa khớp bằng huyết tương giàu tiểu cầu",
          "tam_ung": "0",
          "phai_thanh_toan": "0",
          "tinh_trang": "Thường",
          "thoi_gian_chi_dinh": "13:23 16/07/2026",
          "trang_thai": "Hoàn tất"
        },
        "raw_text": "3 13:23 16/07/2026 26001247 LÊ THỊ MỸ HẰNG Nữ 36 tuổi Bảo hiểm PHÒNG KHÁM CHẤN THƯƠNG CHỈNH HÌNH - 20B Điều trị thoái hóa khớp bằng huyết tương giàu tiểu cầu 0 0 Thường 13:23 16/07/2026 Hoàn tất",
        "links": [
          {
            "text": "3",
            "href": "http://192.168.2.26:2026/home.aspx?scope=sys&lang=vi&wpid=thuthuatnewdraw&thuthuatid=022634d5-9d37-4cb3-884a-b48900dde783&usid=172.31.255.1_yxkdzoxvmcid1iu25j02tndge5d32f9b&st=183002",
            "onclick": ""
          },
          {
            "text": "13:23 16/07/2026",
            "href": "http://192.168.2.26:2026/home.aspx?scope=sys&lang=vi&wpid=thuthuatnewdraw&thuthuatid=022634d5-9d37-4cb3-884a-b48900dde783&usid=172.31.255.1_yxkdzoxvmcid1iu25j02tndge5d32f9b&st=183002",
            "onclick": ""
          },
          {
            "text": "26001247",
            "href": "http://192.168.2.26:2026/home.aspx?scope=sys&lang=vi&wpid=thuthuatnewdraw&thuthuatid=022634d5-9d37-4cb3-884a-b48900dde783&usid=172.31.255.1_yxkdzoxvmcid1iu25j02tndge5d32f9b&st=183002",
            "onclick": ""
          },
          {
            "text": "LÊ THỊ MỸ HẰNG",
            "href": "http://192.168.2.26:2026/home.aspx?scope=sys&lang=vi&wpid=thuthuatnewdraw&thuthuatid=022634d5-9d37-4cb3-884a-b48900dde783&usid=172.31.255.1_yxkdzoxvmcid1iu25j02tndge5d32f9b&st=183002",
            "onclick": ""
          },
          {
            "text": "Nữ",
            "href": "http://192.168.2.26:2026/home.aspx?scope=sys&lang=vi&wpid=thuthuatnewdraw&thuthuatid=022634d5-9d37-4cb3-884a-b48900dde783&usid=172.31.255.1_yxkdzoxvmcid1iu25j02tndge5d32f9b&st=183002",
            "onclick": ""
          },
          {
            "text": "36 tuổi",
            "href": "http://192.168.2.26:2026/home.aspx?scope=sys&lang=vi&wpid=thuthuatnewdraw&thuthuatid=022634d5-9d37-4cb3-884a-b48900dde783&usid=172.31.255.1_yxkdzoxvmcid1iu25j02tndge5d32f9b&st=183002",
            "onclick": ""
          },
          {
            "text": "Bảo hiểm",
            "href": "http://192.168.2.26:2026/home.aspx?scope=sys&lang=vi&wpid=thuthuatnewdraw&thuthuatid=022634d5-9d37-4cb3-884a-b48900dde783&usid=172.31.255.1_yxkdzoxvmcid1iu25j02tndge5d32f9b&st=183002",
            "onclick": ""
          },
          {
            "text": "PHÒNG KHÁM CHẤN THƯƠNG CHỈNH HÌNH - 20B",
            "href": "http://192.168.2.26:2026/home.aspx?scope=sys&lang=vi&wpid=thuthuatnewdraw&thuthuatid=022634d5-9d37-4cb3-884a-b48900dde783&usid=172.31.255.1_yxkdzoxvmcid1iu25j02tndge5d32f9b&st=183002",
            "onclick": ""
          },
          {
            "text": "Điều trị thoái hóa khớp bằng huyết tương giàu tiểu cầu",
            "href": "http://192.168.2.26:2026/home.aspx?scope=sys&lang=vi&wpid=thuthuatnewdraw&thuthuatid=022634d5-9d37-4cb3-884a-b48900dde783&usid=172.31.255.1_yxkdzoxvmcid1iu25j02tndge5d32f9b&st=183002",
            "onclick": ""
          },
          {
            "text": "0",
            "href": "http://192.168.2.26:2026/home.aspx?scope=sys&lang=vi&wpid=thuthuatnewdraw&thuthuatid=022634d5-9d37-4cb3-884a-b48900dde783&usid=172.31.255.1_yxkdzoxvmcid1iu25j02tndge5d32f9b&st=183002",
            "onclick": ""
          },
          {
            "text": "0",
            "href": "http://192.168.2.26:2026/home.aspx?scope=sys&lang=vi&wpid=thuthuatnewdraw&thuthuatid=022634d5-9d37-4cb3-884a-b48900dde783&usid=172.31.255.1_yxkdzoxvmcid1iu25j02tndge5d32f9b&st=183002",
            "onclick": ""
          },
          {
            "text": "Thường",
            "href": "http://192.168.2.26:2026/home.aspx?scope=sys&lang=vi&wpid=thuthuatnewdraw&thuthuatid=022634d5-9d37-4cb3-884a-b48900dde783&usid=172.31.255.1_yxkdzoxvmcid1iu25j02tndge5d32f9b&st=183002",
            "onclick": ""
          },
          {
            "text": "13:23 16/07/2026",
            "href": "http://192.168.2.26:2026/home.aspx?scope=sys&lang=vi&wpid=thuthuatnewdraw&thuthuatid=022634d5-9d37-4cb3-884a-b48900dde783&usid=172.31.255.1_yxkdzoxvmcid1iu25j02tndge5d32f9b&st=183002",
            "onclick": ""
          },
          {
            "text": "Hoàn tất",
            "href": "http://192.168.2.26:2026/home.aspx?scope=sys&lang=vi&wpid=thuthuatnewdraw&thuthuatid=022634d5-9d37-4cb3-884a-b48900dde783&usid=172.31.255.1_yxkdzoxvmcid1iu25j02tndge5d32f9b&st=183002",
            "onclick": ""
          }
        ]
      }
    }
  ]
}
[2026-07-23 18:30:05.145] [DETAIL_BEGIN] D/s Thủ thuật: mở ứng viên 1
{
  "detail_marker": "http://192.168.2.26:2026/home.aspx?scope=sys&lang=vi&wpid=thuthuatnewdraw&thuthuatid=2ae14787-72fc-47b4-92ae-b46600fb26c1&usid=172.31.255.1_yxkdzoxvmcid1iu25j02tndge5d32f9b&st=183002",
  "list_datetime": "2026-06-11 15:10:00",
  "list_method": "Điều trị thoái hóa khớp bằng huyết tương giàu tiểu cầu",
  "row": {
    "access_id": "2ae14787-72fc-47b4-92ae-b46600fb26c1",
    "known_fields": {
      "stt": "1",
      "ngay_thu_thuat": "15:10 11/06/2026",
      "ma_bn": "26001247",
      "ho_ten": "LÊ THỊ MỸ HẰNG",
      "gioi_tinh": "Nữ",
      "tuoi": "36 tuổi",
      "doi_tuong": "Bảo hiểm",
      "noi_chi_dinh": "PHÒNG KHÁM CHẤN THƯƠNG CHỈNH HÌNH - 20B",
      "chi_dinh_thu_thuat": "Điều trị thoái hóa khớp bằng huyết tương giàu tiểu cầu",
      "tam_ung": "0",
      "phai_thanh_toan": "0",
      "tinh_trang": "Thường",
      "thoi_gian_chi_dinh": "15:10 11/06/2026",
      "trang_thai": "Hoàn tất"
    },
    "raw_text": "1 15:10 11/06/2026 26001247 LÊ THỊ MỸ HẰNG Nữ 36 tuổi Bảo hiểm PHÒNG KHÁM CHẤN THƯƠNG CHỈNH HÌNH - 20B Điều trị thoái hóa khớp bằng huyết tương giàu tiểu cầu 0 0 Thường 15:10 11/06/2026 Hoàn tất",
    "links": [
      {
        "text": "1",
        "href": "http://192.168.2.26:2026/home.aspx?scope=sys&lang=vi&wpid=thuthuatnewdraw&thuthuatid=2ae14787-72fc-47b4-92ae-b46600fb26c1&usid=172.31.255.1_yxkdzoxvmcid1iu25j02tndge5d32f9b&st=183002",
        "onclick": ""
      },
      {
        "text": "15:10 11/06/2026",
        "href": "http://192.168.2.26:2026/home.aspx?scope=sys&lang=vi&wpid=thuthuatnewdraw&thuthuatid=2ae14787-72fc-47b4-92ae-b46600fb26c1&usid=172.31.255.1_yxkdzoxvmcid1iu25j02tndge5d32f9b&st=183002",
        "onclick": ""
      },
      {
        "text": "26001247",
        "href": "http://192.168.2.26:2026/home.aspx?scope=sys&lang=vi&wpid=thuthuatnewdraw&thuthuatid=2ae14787-72fc-47b4-92ae-b46600fb26c1&usid=172.31.255.1_yxkdzoxvmcid1iu25j02tndge5d32f9b&st=183002",
        "onclick": ""
      },
      {
        "text": "LÊ THỊ MỸ HẰNG",
        "href": "http://192.168.2.26:2026/home.aspx?scope=sys&lang=vi&wpid=thuthuatnewdraw&thuthuatid=2ae14787-72fc-47b4-92ae-b46600fb26c1&usid=172.31.255.1_yxkdzoxvmcid1iu25j02tndge5d32f9b&st=183002",
        "onclick": ""
      },
      {
        "text": "Nữ",
        "href": "http://192.168.2.26:2026/home.aspx?scope=sys&lang=vi&wpid=thuthuatnewdraw&thuthuatid=2ae14787-72fc-47b4-92ae-b46600fb26c1&usid=172.31.255.1_yxkdzoxvmcid1iu25j02tndge5d32f9b&st=183002",
        "onclick": ""
      },
      {
        "text": "36 tuổi",
        "href": "http://192.168.2.26:2026/home.aspx?scope=sys&lang=vi&wpid=thuthuatnewdraw&thuthuatid=2ae14787-72fc-47b4-92ae-b46600fb26c1&usid=172.31.255.1_yxkdzoxvmcid1iu25j02tndge5d32f9b&st=183002",
        "onclick": ""
      },
      {
        "text": "Bảo hiểm",
        "href": "http://192.168.2.26:2026/home.aspx?scope=sys&lang=vi&wpid=thuthuatnewdraw&thuthuatid=2ae14787-72fc-47b4-92ae-b46600fb26c1&usid=172.31.255.1_yxkdzoxvmcid1iu25j02tndge5d32f9b&st=183002",
        "onclick": ""
      },
      {
        "text": "PHÒNG KHÁM CHẤN THƯƠNG CHỈNH HÌNH - 20B",
        "href": "http://192.168.2.26:2026/home.aspx?scope=sys&lang=vi&wpid=thuthuatnewdraw&thuthuatid=2ae14787-72fc-47b4-92ae-b46600fb26c1&usid=172.31.255.1_yxkdzoxvmcid1iu25j02tndge5d32f9b&st=183002",
        "onclick": ""
      },
      {
        "text": "Điều trị thoái hóa khớp bằng huyết tương giàu tiểu cầu",
        "href": "http://192.168.2.26:2026/home.aspx?scope=sys&lang=vi&wpid=thuthuatnewdraw&thuthuatid=2ae14787-72fc-47b4-92ae-b46600fb26c1&usid=172.31.255.1_yxkdzoxvmcid1iu25j02tndge5d32f9b&st=183002",
        "onclick": ""
      },
      {
        "text": "0",
        "href": "http://192.168.2.26:2026/home.aspx?scope=sys&lang=vi&wpid=thuthuatnewdraw&thuthuatid=2ae14787-72fc-47b4-92ae-b46600fb26c1&usid=172.31.255.1_yxkdzoxvmcid1iu25j02tndge5d32f9b&st=183002",
        "onclick": ""
      },
      {
        "text": "0",
        "href": "http://192.168.2.26:2026/home.aspx?scope=sys&lang=vi&wpid=thuthuatnewdraw&thuthuatid=2ae14787-72fc-47b4-92ae-b46600fb26c1&usid=172.31.255.1_yxkdzoxvmcid1iu25j02tndge5d32f9b&st=183002",
        "onclick": ""
      },
      {
        "text": "Thường",
        "href": "http://192.168.2.26:2026/home.aspx?scope=sys&lang=vi&wpid=thuthuatnewdraw&thuthuatid=2ae14787-72fc-47b4-92ae-b46600fb26c1&usid=172.31.255.1_yxkdzoxvmcid1iu25j02tndge5d32f9b&st=183002",
        "onclick": ""
      },
      {
        "text": "15:10 11/06/2026",
        "href": "http://192.168.2.26:2026/home.aspx?scope=sys&lang=vi&wpid=thuthuatnewdraw&thuthuatid=2ae14787-72fc-47b4-92ae-b46600fb26c1&usid=172.31.255.1_yxkdzoxvmcid1iu25j02tndge5d32f9b&st=183002",
        "onclick": ""
      },
      {
        "text": "Hoàn tất",
        "href": "http://192.168.2.26:2026/home.aspx?scope=sys&lang=vi&wpid=thuthuatnewdraw&thuthuatid=2ae14787-72fc-47b4-92ae-b46600fb26c1&usid=172.31.255.1_yxkdzoxvmcid1iu25j02tndge5d32f9b&st=183002",
        "onclick": ""
      }
    ]
  }
}
[2026-07-23 18:30:05.154] [BROWSER] [DETAIL] kind=procedure; access_id=2ae14787-72fc-47b4-92ae-b46600fb26c1; direct_url=yes; onclick=no
[2026-07-23 18:30:05.155] [BROWSER] [DETAIL] Mở liên kết trực tiếp: http://192.168.2.26:2026/home.aspx?scope=sys&lang=vi&wpid=thuthuatnewdraw&thuthuatid=2ae14787-72fc-47b4-92ae-b46600fb26c1&usid=172.31.255.1_yxkdzoxvmcid1iu25j02tndge5d32f9b&st=183002
[2026-07-23 18:30:06.432] [BROWSER] [DETAIL] Dữ liệu đọc được: {"ajax_active": 0, "complete_info": "Người hoàn tất: Hồ Điền (hdien) | TG nhấn hoàn tất: 15:19 11/06/2026", "current_url": "http://192.168.2.26:2026/home.aspx?scope=sys&lang=vi&wpid=thuthuatnewdraw&thuthuatid=2ae14787-72fc-47b4-92ae-b46600fb26c1&usid=172.31.255.1_yxkdzoxvmcid1iu25j02tndge5d32f9b&st=183002", "doctor": "Hồ Điền", "doctor_candidates": [{"id": "txtBacSyChiDinh", "value": "Hồ Điền"}, {"id": "txtBacSiChiDinh", "value": ""}], "doctor_field": "txtBacSyChiDinh", "doctor_found": true, "method": "Điều trị thoái hóa khớp bằng huyết tương giàu tiểu cầu", "method_candidates": [{"id": "txtChiDinh", "value": "Điều trị thoái hóa khớp bằng huyết tương giàu tiểu cầu"}, {"id": "cbbPhuongPhapTT", "value": "Điều trị thoái hóa khớp bằng huyết tương giàu tiểu cầu"}], "method_field": "txtChiDinh", "patient_info": "(26001247 | LÊ THỊ MỸ HẰNG, 24/01/1990, Nữ, 36 tuổi | Bảo hiểm)", "root_found": true, "start_candidates": [{"id": "txtThoiGianChiDinh", "value": "15:10 11/06/2026"}, {"id": "txtTgBatDau", "value": "15:10 11/06/2026"}], "start_time": "15:10 11/06/2026", "start_time_field": "txtThoiGianChiDinh"}
[2026-07-23 18:30:06.434] [BROWSER] [DETAIL] Nguồn bác sĩ: Bác sĩ chỉ định; field=txtBacSyChiDinh; value=Hồ Điền
[2026-07-23 18:30:06.436] [DETAIL_OK] D/s Thủ thuật: đọc được hồ sơ chi tiết
{
  "doctor_from_emr": "Hồ Điền",
  "mapped_alias": "ĐIỀN",
  "mapped_name": "Hồ Điền",
  "start_time": "15:10 11/06/2026",
  "start_time_field": "txtThoiGianChiDinh",
  "method": "Điều trị thoái hóa khớp bằng huyết tương giàu tiểu cầu",
  "method_field": "txtChiDinh",
  "list_time_source": "Thời gian chỉ định",
  "list_method_source": "Chỉ định thủ thuật",
  "current_url": "http://192.168.2.26:2026/home.aspx?scope=sys&lang=vi&wpid=thuthuatnewdraw&thuthuatid=2ae14787-72fc-47b4-92ae-b46600fb26c1&usid=172.31.255.1_yxkdzoxvmcid1iu25j02tndge5d32f9b&st=183002",
  "total_score": 660.0,
  "method_score": 1.0
}
[2026-07-23 18:30:06.437] [DETAIL_BEGIN] D/s Thủ thuật: mở ứng viên 2
{
  "detail_marker": "http://192.168.2.26:2026/home.aspx?scope=sys&lang=vi&wpid=thuthuatnewdraw&thuthuatid=cdeccbbf-5ed4-4c2d-9a6f-b46600fb26a5&usid=172.31.255.1_yxkdzoxvmcid1iu25j02tndge5d32f9b&st=183002",
  "list_datetime": "2026-06-11 15:10:00",
  "list_method": "Điều trị thoái hóa khớp bằng huyết tương giàu tiểu cầu",
  "row": {
    "access_id": "cdeccbbf-5ed4-4c2d-9a6f-b46600fb26a5",
    "known_fields": {
      "stt": "2",
      "ngay_thu_thuat": "15:15 11/06/2026",
      "ma_bn": "26001247",
      "ho_ten": "LÊ THỊ MỸ HẰNG",
      "gioi_tinh": "Nữ",
      "tuoi": "36 tuổi",
      "doi_tuong": "Bảo hiểm",
      "noi_chi_dinh": "PHÒNG KHÁM CHẤN THƯƠNG CHỈNH HÌNH - 20B",
      "chi_dinh_thu_thuat": "Điều trị thoái hóa khớp bằng huyết tương giàu tiểu cầu",
      "tam_ung": "0",
      "phai_thanh_toan": "0",
      "tinh_trang": "Thường",
      "thoi_gian_chi_dinh": "15:10 11/06/2026",
      "trang_thai": "Hoàn tất"
    },
    "raw_text": "2 15:15 11/06/2026 26001247 LÊ THỊ MỸ HẰNG Nữ 36 tuổi Bảo hiểm PHÒNG KHÁM CHẤN THƯƠNG CHỈNH HÌNH - 20B Điều trị thoái hóa khớp bằng huyết tương giàu tiểu cầu 0 0 Thường 15:10 11/06/2026 Hoàn tất",
    "links": [
      {
        "text": "2",
        "href": "http://192.168.2.26:2026/home.aspx?scope=sys&lang=vi&wpid=thuthuatnewdraw&thuthuatid=cdeccbbf-5ed4-4c2d-9a6f-b46600fb26a5&usid=172.31.255.1_yxkdzoxvmcid1iu25j02tndge5d32f9b&st=183002",
        "onclick": ""
      },
      {
        "text": "15:15 11/06/2026",
        "href": "http://192.168.2.26:2026/home.aspx?scope=sys&lang=vi&wpid=thuthuatnewdraw&thuthuatid=cdeccbbf-5ed4-4c2d-9a6f-b46600fb26a5&usid=172.31.255.1_yxkdzoxvmcid1iu25j02tndge5d32f9b&st=183002",
        "onclick": ""
      },
      {
        "text": "26001247",
        "href": "http://192.168.2.26:2026/home.aspx?scope=sys&lang=vi&wpid=thuthuatnewdraw&thuthuatid=cdeccbbf-5ed4-4c2d-9a6f-b46600fb26a5&usid=172.31.255.1_yxkdzoxvmcid1iu25j02tndge5d32f9b&st=183002",
        "onclick": ""
      },
      {
        "text": "LÊ THỊ MỸ HẰNG",
        "href": "http://192.168.2.26:2026/home.aspx?scope=sys&lang=vi&wpid=thuthuatnewdraw&thuthuatid=cdeccbbf-5ed4-4c2d-9a6f-b46600fb26a5&usid=172.31.255.1_yxkdzoxvmcid1iu25j02tndge5d32f9b&st=183002",
        "onclick": ""
      },
      {
        "text": "Nữ",
        "href": "http://192.168.2.26:2026/home.aspx?scope=sys&lang=vi&wpid=thuthuatnewdraw&thuthuatid=cdeccbbf-5ed4-4c2d-9a6f-b46600fb26a5&usid=172.31.255.1_yxkdzoxvmcid1iu25j02tndge5d32f9b&st=183002",
        "onclick": ""
      },
      {
        "text": "36 tuổi",
        "href": "http://192.168.2.26:2026/home.aspx?scope=sys&lang=vi&wpid=thuthuatnewdraw&thuthuatid=cdeccbbf-5ed4-4c2d-9a6f-b46600fb26a5&usid=172.31.255.1_yxkdzoxvmcid1iu25j02tndge5d32f9b&st=183002",
        "onclick": ""
      },
      {
        "text": "Bảo hiểm",
        "href": "http://192.168.2.26:2026/home.aspx?scope=sys&lang=vi&wpid=thuthuatnewdraw&thuthuatid=cdeccbbf-5ed4-4c2d-9a6f-b46600fb26a5&usid=172.31.255.1_yxkdzoxvmcid1iu25j02tndge5d32f9b&st=183002",
        "onclick": ""
      },
      {
        "text": "PHÒNG KHÁM CHẤN THƯƠNG CHỈNH HÌNH - 20B",
        "href": "http://192.168.2.26:2026/home.aspx?scope=sys&lang=vi&wpid=thuthuatnewdraw&thuthuatid=cdeccbbf-5ed4-4c2d-9a6f-b46600fb26a5&usid=172.31.255.1_yxkdzoxvmcid1iu25j02tndge5d32f9b&st=183002",
        "onclick": ""
      },
      {
        "text": "Điều trị thoái hóa khớp bằng huyết tương giàu tiểu cầu",
        "href": "http://192.168.2.26:2026/home.aspx?scope=sys&lang=vi&wpid=thuthuatnewdraw&thuthuatid=cdeccbbf-5ed4-4c2d-9a6f-b46600fb26a5&usid=172.31.255.1_yxkdzoxvmcid1iu25j02tndge5d32f9b&st=183002",
        "onclick": ""
      },
      {
        "text": "0",
        "href": "http://192.168.2.26:2026/home.aspx?scope=sys&lang=vi&wpid=thuthuatnewdraw&thuthuatid=cdeccbbf-5ed4-4c2d-9a6f-b46600fb26a5&usid=172.31.255.1_yxkdzoxvmcid1iu25j02tndge5d32f9b&st=183002",
        "onclick": ""
      },
      {
        "text": "0",
        "href": "http://192.168.2.26:2026/home.aspx?scope=sys&lang=vi&wpid=thuthuatnewdraw&thuthuatid=cdeccbbf-5ed4-4c2d-9a6f-b46600fb26a5&usid=172.31.255.1_yxkdzoxvmcid1iu25j02tndge5d32f9b&st=183002",
        "onclick": ""
      },
      {
        "text": "Thường",
        "href": "http://192.168.2.26:2026/home.aspx?scope=sys&lang=vi&wpid=thuthuatnewdraw&thuthuatid=cdeccbbf-5ed4-4c2d-9a6f-b46600fb26a5&usid=172.31.255.1_yxkdzoxvmcid1iu25j02tndge5d32f9b&st=183002",
        "onclick": ""
      },
      {
        "text": "15:10 11/06/2026",
        "href": "http://192.168.2.26:2026/home.aspx?scope=sys&lang=vi&wpid=thuthuatnewdraw&thuthuatid=cdeccbbf-5ed4-4c2d-9a6f-b46600fb26a5&usid=172.31.255.1_yxkdzoxvmcid1iu25j02tndge5d32f9b&st=183002",
        "onclick": ""
      },
      {
        "text": "Hoàn tất",
        "href": "http://192.168.2.26:2026/home.aspx?scope=sys&lang=vi&wpid=thuthuatnewdraw&thuthuatid=cdeccbbf-5ed4-4c2d-9a6f-b46600fb26a5&usid=172.31.255.1_yxkdzoxvmcid1iu25j02tndge5d32f9b&st=183002",
        "onclick": ""
      }
    ]
  }
}
[2026-07-23 18:30:06.448] [BROWSER] [DETAIL] kind=procedure; access_id=cdeccbbf-5ed4-4c2d-9a6f-b46600fb26a5; direct_url=yes; onclick=no
[2026-07-23 18:30:06.450] [BROWSER] [DETAIL] Mở liên kết trực tiếp: http://192.168.2.26:2026/home.aspx?scope=sys&lang=vi&wpid=thuthuatnewdraw&thuthuatid=cdeccbbf-5ed4-4c2d-9a6f-b46600fb26a5&usid=172.31.255.1_yxkdzoxvmcid1iu25j02tndge5d32f9b&st=183002
[2026-07-23 18:30:07.587] [BROWSER] [DETAIL] Dữ liệu đọc được: {"ajax_active": 0, "complete_info": "Người hoàn tất: Hồ Điền (hdien) | TG nhấn hoàn tất: 15:20 11/06/2026", "current_url": "http://192.168.2.26:2026/home.aspx?scope=sys&lang=vi&wpid=thuthuatnewdraw&thuthuatid=cdeccbbf-5ed4-4c2d-9a6f-b46600fb26a5&usid=172.31.255.1_yxkdzoxvmcid1iu25j02tndge5d32f9b&st=183002", "doctor": "Hồ Điền", "doctor_candidates": [{"id": "txtBacSyChiDinh", "value": "Hồ Điền"}, {"id": "txtBacSiChiDinh", "value": ""}], "doctor_field": "txtBacSyChiDinh", "doctor_found": true, "method": "Điều trị thoái hóa khớp bằng huyết tương giàu tiểu cầu", "method_candidates": [{"id": "txtChiDinh", "value": "Điều trị thoái hóa khớp bằng huyết tương giàu tiểu cầu"}, {"id": "cbbPhuongPhapTT", "value": "Điều trị thoái hóa khớp bằng huyết tương giàu tiểu cầu"}], "method_field": "txtChiDinh", "patient_info": "(26001247 | LÊ THỊ MỸ HẰNG, 24/01/1990, Nữ, 36 tuổi | Bảo hiểm)", "root_found": true, "start_candidates": [{"id": "txtThoiGianChiDinh", "value": "15:10 11/06/2026"}, {"id": "txtTgBatDau", "value": "15:15 11/06/2026"}], "start_time": "15:10 11/06/2026", "start_time_field": "txtThoiGianChiDinh"}
[2026-07-23 18:30:07.588] [BROWSER] [DETAIL] Nguồn bác sĩ: Bác sĩ chỉ định; field=txtBacSyChiDinh; value=Hồ Điền
[2026-07-23 18:30:07.589] [DETAIL_OK] D/s Thủ thuật: đọc được hồ sơ chi tiết
{
  "doctor_from_emr": "Hồ Điền",
  "mapped_alias": "ĐIỀN",
  "mapped_name": "Hồ Điền",
  "start_time": "15:10 11/06/2026",
  "start_time_field": "txtThoiGianChiDinh",
  "method": "Điều trị thoái hóa khớp bằng huyết tương giàu tiểu cầu",
  "method_field": "txtChiDinh",
  "list_time_source": "Thời gian chỉ định",
  "list_method_source": "Chỉ định thủ thuật",
  "current_url": "http://192.168.2.26:2026/home.aspx?scope=sys&lang=vi&wpid=thuthuatnewdraw&thuthuatid=cdeccbbf-5ed4-4c2d-9a6f-b46600fb26a5&usid=172.31.255.1_yxkdzoxvmcid1iu25j02tndge5d32f9b&st=183002",
  "total_score": 660.0,
  "method_score": 1.0
}
[2026-07-23 18:30:07.590] [EVALUATED] D/s Thủ thuật: đánh giá 2 hồ sơ
{
  "items": [
    {
      "doctor": "Hồ Điền",
      "alias": "ĐIỀN",
      "detail_datetime": "2026-06-11 15:10:00",
      "method_score": 1.0,
      "total_score": 660.0,
      "confidence_ok": true
    },
    {
      "doctor": "Hồ Điền",
      "alias": "ĐIỀN",
      "detail_datetime": "2026-06-11 15:10:00",
      "method_score": 1.0,
      "total_score": 660.0,
      "confidence_ok": true
    }
  ]
}
[2026-07-23 18:30:08.877] [AUTOSAVE_ROW] Dòng 112: đã điền ĐIỀN và lưu ngay
{
  "patient": "LÊ THỊ MỸ HẰNG",
  "source": "D/s Thủ thuật",
  "doctor_name": "Hồ Điền",
  "emr_doctor": "Hồ Điền",
  "matched_time": "15:10 11/06/2026",
  "matched_method": "Điều trị thoái hóa khớp bằng huyết tương giàu tiểu cầu",
  "progress": "6/8",
  "output": "E:\\Thong_ke\\node_outputs\\PM khoa CTCH T6_NHAP_LIEU.xlsx"
}
[2026-07-23 18:30:08.879] [ROW_END] Kết thúc dòng 112
{
  "status": "updated",
  "new_value": "ĐIỀN",
  "reason": null
}
[2026-07-23 18:30:08.880] [ROW_BEGIN] [7/8] Bắt đầu dòng 113: NGUYỄN THỊ NGỌC GIÀU
{
  "raw_time": "2026/06/24 09:02",
  "parsed_time": "09:02 24/06/2026",
  "method": "Mắt cá 3-4 thương tổn",
  "old_value": ""
}
[2026-07-23 18:30:08.881] [SEARCH_BEGIN] dòng 113: tìm NGUYỄN THỊ NGỌC GIÀU tại D/s Thủ thuật
{
  "patient": "NGUYỄN THỊ NGỌC GIÀU",
  "target_time": "2026-06-24 09:02:00",
  "target_method": "Mắt cá 3-4 thương tổn",
  "source": "procedure"
}
[2026-07-23 18:30:09.235] [BROWSER] [NAV] D/s Thủ thuật: http://192.168.2.26:2026/home.aspx?scope=sys&lang=vi&wpid=danhsachthuthuatdraw&role=323&usid=172.31.255.1_yxkdzoxvmcid1iu25j02tndge5d32f9b&st=183003
[2026-07-23 18:30:11.463] [BROWSER] [FILTER] 3 tháng
[2026-07-23 18:30:12.010] [BROWSER] [SEARCH] Nhập 'NGUYỄN THỊ NGỌC GIÀU' vào #txtTimKiem
[2026-07-23 18:30:12.231] [BROWSER] [SEARCH] Đã bấm Tìm kiếm bằng #btnTimKiem
[2026-07-23 18:30:12.265] [BROWSER] [RESULT] D/s Thủ thuật: 2 dòng
[2026-07-23 18:30:12.275] [SEARCH_RESULT] D/s Thủ thuật: nhận 2 dòng
{
  "current_url": "http://192.168.2.26:2026/home.aspx?scope=sys&lang=vi&wpid=danhsachthuthuatdraw&role=323&usid=172.31.255.1_yxkdzoxvmcid1iu25j02tndge5d32f9b&st=183003",
  "search_input_id": "txtTimKiem",
  "search_trigger": "#btnTimKiem",
  "headers": [
    "STT",
    "Ngày thủ thuật",
    "Mã BN",
    "Họ tên",
    "Giới tính",
    "Tuổi",
    "Đối tượng",
    "Nơi chỉ định",
    "Chỉ định thủ thuật",
    "Tạm ứng",
    "Phải thanh toán",
    "Tình trạng",
    "Thời gian chỉ định",
    "Trạng thái"
  ],
  "rows": [
    {
      "access_id": "a4bb275d-83b4-4986-bd99-b4730096a588",
      "known_fields": {
        "stt": "1",
        "ngay_thu_thuat": "09:14 24/06/2026",
        "ma_bn": "26021326",
        "ho_ten": "NGUYỄN THỊ NGỌC GIÀU",
        "gioi_tinh": "Nữ",
        "tuoi": "60 tuổi",
        "doi_tuong": "Bảo hiểm",
        "noi_chi_dinh": "PHÒNG KHÁM CHẤN THƯƠNG CHỈNH HÌNH - 20",
        "chi_dinh_thu_thuat": "Mắt cá 3-4 thương tổn",
        "tam_ung": "0",
        "phai_thanh_toan": "0",
        "tinh_trang": "Thường",
        "thoi_gian_chi_dinh": "09:02 24/06/2026",
        "trang_thai": "Hoàn tất"
      },
      "raw_text": "1 09:14 24/06/2026 26021326 NGUYỄN THỊ NGỌC GIÀU Nữ 60 tuổi Bảo hiểm PHÒNG KHÁM CHẤN THƯƠNG CHỈNH HÌNH - 20 Mắt cá 3-4 thương tổn 0 0 Thường 09:02 24/06/2026 Hoàn tất",
      "links": [
        {
          "text": "1",
          "href": "http://192.168.2.26:2026/home.aspx?scope=sys&lang=vi&wpid=thuthuatnewdraw&thuthuatid=a4bb275d-83b4-4986-bd99-b4730096a588&usid=172.31.255.1_yxkdzoxvmcid1iu25j02tndge5d32f9b&st=183009",
          "onclick": ""
        },
        {
          "text": "09:14 24/06/2026",
          "href": "http://192.168.2.26:2026/home.aspx?scope=sys&lang=vi&wpid=thuthuatnewdraw&thuthuatid=a4bb275d-83b4-4986-bd99-b4730096a588&usid=172.31.255.1_yxkdzoxvmcid1iu25j02tndge5d32f9b&st=183009",
          "onclick": ""
        },
        {
          "text": "26021326",
          "href": "http://192.168.2.26:2026/home.aspx?scope=sys&lang=vi&wpid=thuthuatnewdraw&thuthuatid=a4bb275d-83b4-4986-bd99-b4730096a588&usid=172.31.255.1_yxkdzoxvmcid1iu25j02tndge5d32f9b&st=183009",
          "onclick": ""
        },
        {
          "text": "NGUYỄN THỊ NGỌC GIÀU",
          "href": "http://192.168.2.26:2026/home.aspx?scope=sys&lang=vi&wpid=thuthuatnewdraw&thuthuatid=a4bb275d-83b4-4986-bd99-b4730096a588&usid=172.31.255.1_yxkdzoxvmcid1iu25j02tndge5d32f9b&st=183009",
          "onclick": ""
        },
        {
          "text": "Nữ",
          "href": "http://192.168.2.26:2026/home.aspx?scope=sys&lang=vi&wpid=thuthuatnewdraw&thuthuatid=a4bb275d-83b4-4986-bd99-b4730096a588&usid=172.31.255.1_yxkdzoxvmcid1iu25j02tndge5d32f9b&st=183009",
          "onclick": ""
        },
        {
          "text": "60 tuổi",
          "href": "http://192.168.2.26:2026/home.aspx?scope=sys&lang=vi&wpid=thuthuatnewdraw&thuthuatid=a4bb275d-83b4-4986-bd99-b4730096a588&usid=172.31.255.1_yxkdzoxvmcid1iu25j02tndge5d32f9b&st=183009",
          "onclick": ""
        },
        {
          "text": "Bảo hiểm",
          "href": "http://192.168.2.26:2026/home.aspx?scope=sys&lang=vi&wpid=thuthuatnewdraw&thuthuatid=a4bb275d-83b4-4986-bd99-b4730096a588&usid=172.31.255.1_yxkdzoxvmcid1iu25j02tndge5d32f9b&st=183009",
          "onclick": ""
        },
        {
          "text": "PHÒNG KHÁM CHẤN THƯƠNG CHỈNH HÌNH - 20",
          "href": "http://192.168.2.26:2026/home.aspx?scope=sys&lang=vi&wpid=thuthuatnewdraw&thuthuatid=a4bb275d-83b4-4986-bd99-b4730096a588&usid=172.31.255.1_yxkdzoxvmcid1iu25j02tndge5d32f9b&st=183009",
          "onclick": ""
        },
        {
          "text": "Mắt cá 3-4 thương tổn",
          "href": "http://192.168.2.26:2026/home.aspx?scope=sys&lang=vi&wpid=thuthuatnewdraw&thuthuatid=a4bb275d-83b4-4986-bd99-b4730096a588&usid=172.31.255.1_yxkdzoxvmcid1iu25j02tndge5d32f9b&st=183009",
          "onclick": ""
        },
        {
          "text": "0",
          "href": "http://192.168.2.26:2026/home.aspx?scope=sys&lang=vi&wpid=thuthuatnewdraw&thuthuatid=a4bb275d-83b4-4986-bd99-b4730096a588&usid=172.31.255.1_yxkdzoxvmcid1iu25j02tndge5d32f9b&st=183009",
          "onclick": ""
        },
        {
          "text": "0",
          "href": "http://192.168.2.26:2026/home.aspx?scope=sys&lang=vi&wpid=thuthuatnewdraw&thuthuatid=a4bb275d-83b4-4986-bd99-b4730096a588&usid=172.31.255.1_yxkdzoxvmcid1iu25j02tndge5d32f9b&st=183009",
          "onclick": ""
        },
        {
          "text": "Thường",
          "href": "http://192.168.2.26:2026/home.aspx?scope=sys&lang=vi&wpid=thuthuatnewdraw&thuthuatid=a4bb275d-83b4-4986-bd99-b4730096a588&usid=172.31.255.1_yxkdzoxvmcid1iu25j02tndge5d32f9b&st=183009",
          "onclick": ""
        },
        {
          "text": "09:02 24/06/2026",
          "href": "http://192.168.2.26:2026/home.aspx?scope=sys&lang=vi&wpid=thuthuatnewdraw&thuthuatid=a4bb275d-83b4-4986-bd99-b4730096a588&usid=172.31.255.1_yxkdzoxvmcid1iu25j02tndge5d32f9b&st=183009",
          "onclick": ""
        },
        {
          "text": "Hoàn tất",
          "href": "http://192.168.2.26:2026/home.aspx?scope=sys&lang=vi&wpid=thuthuatnewdraw&thuthuatid=a4bb275d-83b4-4986-bd99-b4730096a588&usid=172.31.255.1_yxkdzoxvmcid1iu25j02tndge5d32f9b&st=183009",
          "onclick": ""
        }
      ]
    },
    {
      "access_id": "3628a484-22b2-4521-8210-b48f0093a598",
      "known_fields": {
        "stt": "2",
        "ngay_thu_thuat": "08:51 22/07/2026",
        "ma_bn": "26076821",
        "ho_ten": "NGUYỄN THỊ NGỌC GIÀU",
        "gioi_tinh": "Nữ",
        "tuoi": "20 tuổi",
        "doi_tuong": "Viện phí",
        "noi_chi_dinh": "PHÒNG KHÁM RĂNG - HÀM - MẶT - 19",
        "chi_dinh_thu_thuat": "Lấy cao răng và đánh bóng hai hàm",
        "tam_ung": "0",
        "phai_thanh_toan": "0",
        "tinh_trang": "Thường",
        "thoi_gian_chi_dinh": "08:50 22/07/2026",
        "trang_thai": "Hoàn tất"
      },
      "raw_text": "2 08:51 22/07/2026 26076821 NGUYỄN THỊ NGỌC GIÀU Nữ 20 tuổi Viện phí PHÒNG KHÁM RĂNG - HÀM - MẶT - 19 Lấy cao răng và đánh bóng hai hàm 0 0 Thường 08:50 22/07/2026 Hoàn tất",
      "links": [
        {
          "text": "2",
          "href": "http://192.168.2.26:2026/home.aspx?scope=sys&lang=vi&wpid=thuthuatnewdraw&thuthuatid=3628a484-22b2-4521-8210-b48f0093a598&usid=172.31.255.1_yxkdzoxvmcid1iu25j02tndge5d32f9b&st=183009",
          "onclick": ""
        },
        {
          "text": "08:51 22/07/2026",
          "href": "http://192.168.2.26:2026/home.aspx?scope=sys&lang=vi&wpid=thuthuatnewdraw&thuthuatid=3628a484-22b2-4521-8210-b48f0093a598&usid=172.31.255.1_yxkdzoxvmcid1iu25j02tndge5d32f9b&st=183009",
          "onclick": ""
        },
        {
          "text": "26076821",
          "href": "http://192.168.2.26:2026/home.aspx?scope=sys&lang=vi&wpid=thuthuatnewdraw&thuthuatid=3628a484-22b2-4521-8210-b48f0093a598&usid=172.31.255.1_yxkdzoxvmcid1iu25j02tndge5d32f9b&st=183009",
          "onclick": ""
        },
        {
          "text": "NGUYỄN THỊ NGỌC GIÀU",
          "href": "http://192.168.2.26:2026/home.aspx?scope=sys&lang=vi&wpid=thuthuatnewdraw&thuthuatid=3628a484-22b2-4521-8210-b48f0093a598&usid=172.31.255.1_yxkdzoxvmcid1iu25j02tndge5d32f9b&st=183009",
          "onclick": ""
        },
        {
          "text": "Nữ",
          "href": "http://192.168.2.26:2026/home.aspx?scope=sys&lang=vi&wpid=thuthuatnewdraw&thuthuatid=3628a484-22b2-4521-8210-b48f0093a598&usid=172.31.255.1_yxkdzoxvmcid1iu25j02tndge5d32f9b&st=183009",
          "onclick": ""
        },
        {
          "text": "20 tuổi",
          "href": "http://192.168.2.26:2026/home.aspx?scope=sys&lang=vi&wpid=thuthuatnewdraw&thuthuatid=3628a484-22b2-4521-8210-b48f0093a598&usid=172.31.255.1_yxkdzoxvmcid1iu25j02tndge5d32f9b&st=183009",
          "onclick": ""
        },
        {
          "text": "Viện phí",
          "href": "http://192.168.2.26:2026/home.aspx?scope=sys&lang=vi&wpid=thuthuatnewdraw&thuthuatid=3628a484-22b2-4521-8210-b48f0093a598&usid=172.31.255.1_yxkdzoxvmcid1iu25j02tndge5d32f9b&st=183009",
          "onclick": ""
        },
        {
          "text": "PHÒNG KHÁM RĂNG - HÀM - MẶT - 19",
          "href": "http://192.168.2.26:2026/home.aspx?scope=sys&lang=vi&wpid=thuthuatnewdraw&thuthuatid=3628a484-22b2-4521-8210-b48f0093a598&usid=172.31.255.1_yxkdzoxvmcid1iu25j02tndge5d32f9b&st=183009",
          "onclick": ""
        },
        {
          "text": "Lấy cao răng và đánh bóng hai hàm",
          "href": "http://192.168.2.26:2026/home.aspx?scope=sys&lang=vi&wpid=thuthuatnewdraw&thuthuatid=3628a484-22b2-4521-8210-b48f0093a598&usid=172.31.255.1_yxkdzoxvmcid1iu25j02tndge5d32f9b&st=183009",
          "onclick": ""
        },
        {
          "text": "0",
          "href": "http://192.168.2.26:2026/home.aspx?scope=sys&lang=vi&wpid=thuthuatnewdraw&thuthuatid=3628a484-22b2-4521-8210-b48f0093a598&usid=172.31.255.1_yxkdzoxvmcid1iu25j02tndge5d32f9b&st=183009",
          "onclick": ""
        },
        {
          "text": "0",
          "href": "http://192.168.2.26:2026/home.aspx?scope=sys&lang=vi&wpid=thuthuatnewdraw&thuthuatid=3628a484-22b2-4521-8210-b48f0093a598&usid=172.31.255.1_yxkdzoxvmcid1iu25j02tndge5d32f9b&st=183009",
          "onclick": ""
        },
        {
          "text": "Thường",
          "href": "http://192.168.2.26:2026/home.aspx?scope=sys&lang=vi&wpid=thuthuatnewdraw&thuthuatid=3628a484-22b2-4521-8210-b48f0093a598&usid=172.31.255.1_yxkdzoxvmcid1iu25j02tndge5d32f9b&st=183009",
          "onclick": ""
        },
        {
          "text": "08:50 22/07/2026",
          "href": "http://192.168.2.26:2026/home.aspx?scope=sys&lang=vi&wpid=thuthuatnewdraw&thuthuatid=3628a484-22b2-4521-8210-b48f0093a598&usid=172.31.255.1_yxkdzoxvmcid1iu25j02tndge5d32f9b&st=183009",
          "onclick": ""
        },
        {
          "text": "Hoàn tất",
          "href": "http://192.168.2.26:2026/home.aspx?scope=sys&lang=vi&wpid=thuthuatnewdraw&thuthuatid=3628a484-22b2-4521-8210-b48f0093a598&usid=172.31.255.1_yxkdzoxvmcid1iu25j02tndge5d32f9b&st=183009",
          "onclick": ""
        }
      ]
    }
  ]
}
[2026-07-23 18:30:12.278] [CANDIDATES] D/s Thủ thuật: có 2 ứng viên cùng người bệnh
{
  "candidates": [
    {
      "list_score": 210.0,
      "list_datetime": "2026-06-24 09:02:00",
      "list_time_source": "Thời gian chỉ định",
      "list_method": "Mắt cá 3-4 thương tổn",
      "list_method_source": "Chỉ định thủ thuật",
      "method_score": 1.0,
      "detail_marker": "http://192.168.2.26:2026/home.aspx?scope=sys&lang=vi&wpid=thuthuatnewdraw&thuthuatid=a4bb275d-83b4-4986-bd99-b4730096a588&usid=172.31.255.1_yxkdzoxvmcid1iu25j02tndge5d32f9b&st=183009",
      "row": {
        "access_id": "a4bb275d-83b4-4986-bd99-b4730096a588",
        "known_fields": {
          "stt": "1",
          "ngay_thu_thuat": "09:14 24/06/2026",
          "ma_bn": "26021326",
          "ho_ten": "NGUYỄN THỊ NGỌC GIÀU",
          "gioi_tinh": "Nữ",
          "tuoi": "60 tuổi",
          "doi_tuong": "Bảo hiểm",
          "noi_chi_dinh": "PHÒNG KHÁM CHẤN THƯƠNG CHỈNH HÌNH - 20",
          "chi_dinh_thu_thuat": "Mắt cá 3-4 thương tổn",
          "tam_ung": "0",
          "phai_thanh_toan": "0",
          "tinh_trang": "Thường",
          "thoi_gian_chi_dinh": "09:02 24/06/2026",
          "trang_thai": "Hoàn tất"
        },
        "raw_text": "1 09:14 24/06/2026 26021326 NGUYỄN THỊ NGỌC GIÀU Nữ 60 tuổi Bảo hiểm PHÒNG KHÁM CHẤN THƯƠNG CHỈNH HÌNH - 20 Mắt cá 3-4 thương tổn 0 0 Thường 09:02 24/06/2026 Hoàn tất",
        "links": [
          {
            "text": "1",
            "href": "http://192.168.2.26:2026/home.aspx?scope=sys&lang=vi&wpid=thuthuatnewdraw&thuthuatid=a4bb275d-83b4-4986-bd99-b4730096a588&usid=172.31.255.1_yxkdzoxvmcid1iu25j02tndge5d32f9b&st=183009",
            "onclick": ""
          },
          {
            "text": "09:14 24/06/2026",
            "href": "http://192.168.2.26:2026/home.aspx?scope=sys&lang=vi&wpid=thuthuatnewdraw&thuthuatid=a4bb275d-83b4-4986-bd99-b4730096a588&usid=172.31.255.1_yxkdzoxvmcid1iu25j02tndge5d32f9b&st=183009",
            "onclick": ""
          },
          {
            "text": "26021326",
            "href": "http://192.168.2.26:2026/home.aspx?scope=sys&lang=vi&wpid=thuthuatnewdraw&thuthuatid=a4bb275d-83b4-4986-bd99-b4730096a588&usid=172.31.255.1_yxkdzoxvmcid1iu25j02tndge5d32f9b&st=183009",
            "onclick": ""
          },
          {
            "text": "NGUYỄN THỊ NGỌC GIÀU",
            "href": "http://192.168.2.26:2026/home.aspx?scope=sys&lang=vi&wpid=thuthuatnewdraw&thuthuatid=a4bb275d-83b4-4986-bd99-b4730096a588&usid=172.31.255.1_yxkdzoxvmcid1iu25j02tndge5d32f9b&st=183009",
            "onclick": ""
          },
          {
            "text": "Nữ",
            "href": "http://192.168.2.26:2026/home.aspx?scope=sys&lang=vi&wpid=thuthuatnewdraw&thuthuatid=a4bb275d-83b4-4986-bd99-b4730096a588&usid=172.31.255.1_yxkdzoxvmcid1iu25j02tndge5d32f9b&st=183009",
            "onclick": ""
          },
          {
            "text": "60 tuổi",
            "href": "http://192.168.2.26:2026/home.aspx?scope=sys&lang=vi&wpid=thuthuatnewdraw&thuthuatid=a4bb275d-83b4-4986-bd99-b4730096a588&usid=172.31.255.1_yxkdzoxvmcid1iu25j02tndge5d32f9b&st=183009",
            "onclick": ""
          },
          {
            "text": "Bảo hiểm",
            "href": "http://192.168.2.26:2026/home.aspx?scope=sys&lang=vi&wpid=thuthuatnewdraw&thuthuatid=a4bb275d-83b4-4986-bd99-b4730096a588&usid=172.31.255.1_yxkdzoxvmcid1iu25j02tndge5d32f9b&st=183009",
            "onclick": ""
          },
          {
            "text": "PHÒNG KHÁM CHẤN THƯƠNG CHỈNH HÌNH - 20",
            "href": "http://192.168.2.26:2026/home.aspx?scope=sys&lang=vi&wpid=thuthuatnewdraw&thuthuatid=a4bb275d-83b4-4986-bd99-b4730096a588&usid=172.31.255.1_yxkdzoxvmcid1iu25j02tndge5d32f9b&st=183009",
            "onclick": ""
          },
          {
            "text": "Mắt cá 3-4 thương tổn",
            "href": "http://192.168.2.26:2026/home.aspx?scope=sys&lang=vi&wpid=thuthuatnewdraw&thuthuatid=a4bb275d-83b4-4986-bd99-b4730096a588&usid=172.31.255.1_yxkdzoxvmcid1iu25j02tndge5d32f9b&st=183009",
            "onclick": ""
          },
          {
            "text": "0",
            "href": "http://192.168.2.26:2026/home.aspx?scope=sys&lang=vi&wpid=thuthuatnewdraw&thuthuatid=a4bb275d-83b4-4986-bd99-b4730096a588&usid=172.31.255.1_yxkdzoxvmcid1iu25j02tndge5d32f9b&st=183009",
            "onclick": ""
          },
          {
            "text": "0",
            "href": "http://192.168.2.26:2026/home.aspx?scope=sys&lang=vi&wpid=thuthuatnewdraw&thuthuatid=a4bb275d-83b4-4986-bd99-b4730096a588&usid=172.31.255.1_yxkdzoxvmcid1iu25j02tndge5d32f9b&st=183009",
            "onclick": ""
          },
          {
            "text": "Thường",
            "href": "http://192.168.2.26:2026/home.aspx?scope=sys&lang=vi&wpid=thuthuatnewdraw&thuthuatid=a4bb275d-83b4-4986-bd99-b4730096a588&usid=172.31.255.1_yxkdzoxvmcid1iu25j02tndge5d32f9b&st=183009",
            "onclick": ""
          },
          {
            "text": "09:02 24/06/2026",
            "href": "http://192.168.2.26:2026/home.aspx?scope=sys&lang=vi&wpid=thuthuatnewdraw&thuthuatid=a4bb275d-83b4-4986-bd99-b4730096a588&usid=172.31.255.1_yxkdzoxvmcid1iu25j02tndge5d32f9b&st=183009",
            "onclick": ""
          },
          {
            "text": "Hoàn tất",
            "href": "http://192.168.2.26:2026/home.aspx?scope=sys&lang=vi&wpid=thuthuatnewdraw&thuthuatid=a4bb275d-83b4-4986-bd99-b4730096a588&usid=172.31.255.1_yxkdzoxvmcid1iu25j02tndge5d32f9b&st=183009",
            "onclick": ""
          }
        ]
      }
    },
    {
      "list_score": 49.44444444444444,
      "list_datetime": "2026-07-22 08:50:00",
      "list_time_source": "Thời gian chỉ định",
      "list_method": "Lấy cao răng và đánh bóng hai hàm",
      "list_method_source": "Chỉ định thủ thuật",
      "method_score": 0.4444444444444444,
      "detail_marker": "http://192.168.2.26:2026/home.aspx?scope=sys&lang=vi&wpid=thuthuatnewdraw&thuthuatid=3628a484-22b2-4521-8210-b48f0093a598&usid=172.31.255.1_yxkdzoxvmcid1iu25j02tndge5d32f9b&st=183009",
      "row": {
        "access_id": "3628a484-22b2-4521-8210-b48f0093a598",
        "known_fields": {
          "stt": "2",
          "ngay_thu_thuat": "08:51 22/07/2026",
          "ma_bn": "26076821",
          "ho_ten": "NGUYỄN THỊ NGỌC GIÀU",
          "gioi_tinh": "Nữ",
          "tuoi": "20 tuổi",
          "doi_tuong": "Viện phí",
          "noi_chi_dinh": "PHÒNG KHÁM RĂNG - HÀM - MẶT - 19",
          "chi_dinh_thu_thuat": "Lấy cao răng và đánh bóng hai hàm",
          "tam_ung": "0",
          "phai_thanh_toan": "0",
          "tinh_trang": "Thường",
          "thoi_gian_chi_dinh": "08:50 22/07/2026",
          "trang_thai": "Hoàn tất"
        },
        "raw_text": "2 08:51 22/07/2026 26076821 NGUYỄN THỊ NGỌC GIÀU Nữ 20 tuổi Viện phí PHÒNG KHÁM RĂNG - HÀM - MẶT - 19 Lấy cao răng và đánh bóng hai hàm 0 0 Thường 08:50 22/07/2026 Hoàn tất",
        "links": [
          {
            "text": "2",
            "href": "http://192.168.2.26:2026/home.aspx?scope=sys&lang=vi&wpid=thuthuatnewdraw&thuthuatid=3628a484-22b2-4521-8210-b48f0093a598&usid=172.31.255.1_yxkdzoxvmcid1iu25j02tndge5d32f9b&st=183009",
            "onclick": ""
          },
          {
            "text": "08:51 22/07/2026",
            "href": "http://192.168.2.26:2026/home.aspx?scope=sys&lang=vi&wpid=thuthuatnewdraw&thuthuatid=3628a484-22b2-4521-8210-b48f0093a598&usid=172.31.255.1_yxkdzoxvmcid1iu25j02tndge5d32f9b&st=183009",
            "onclick": ""
          },
          {
            "text": "26076821",
            "href": "http://192.168.2.26:2026/home.aspx?scope=sys&lang=vi&wpid=thuthuatnewdraw&thuthuatid=3628a484-22b2-4521-8210-b48f0093a598&usid=172.31.255.1_yxkdzoxvmcid1iu25j02tndge5d32f9b&st=183009",
            "onclick": ""
          },
          {
            "text": "NGUYỄN THỊ NGỌC GIÀU",
            "href": "http://192.168.2.26:2026/home.aspx?scope=sys&lang=vi&wpid=thuthuatnewdraw&thuthuatid=3628a484-22b2-4521-8210-b48f0093a598&usid=172.31.255.1_yxkdzoxvmcid1iu25j02tndge5d32f9b&st=183009",
            "onclick": ""
          },
          {
            "text": "Nữ",
            "href": "http://192.168.2.26:2026/home.aspx?scope=sys&lang=vi&wpid=thuthuatnewdraw&thuthuatid=3628a484-22b2-4521-8210-b48f0093a598&usid=172.31.255.1_yxkdzoxvmcid1iu25j02tndge5d32f9b&st=183009",
            "onclick": ""
          },
          {
            "text": "20 tuổi",
            "href": "http://192.168.2.26:2026/home.aspx?scope=sys&lang=vi&wpid=thuthuatnewdraw&thuthuatid=3628a484-22b2-4521-8210-b48f0093a598&usid=172.31.255.1_yxkdzoxvmcid1iu25j02tndge5d32f9b&st=183009",
            "onclick": ""
          },
          {
            "text": "Viện phí",
            "href": "http://192.168.2.26:2026/home.aspx?scope=sys&lang=vi&wpid=thuthuatnewdraw&thuthuatid=3628a484-22b2-4521-8210-b48f0093a598&usid=172.31.255.1_yxkdzoxvmcid1iu25j02tndge5d32f9b&st=183009",
            "onclick": ""
          },
          {
            "text": "PHÒNG KHÁM RĂNG - HÀM - MẶT - 19",
            "href": "http://192.168.2.26:2026/home.aspx?scope=sys&lang=vi&wpid=thuthuatnewdraw&thuthuatid=3628a484-22b2-4521-8210-b48f0093a598&usid=172.31.255.1_yxkdzoxvmcid1iu25j02tndge5d32f9b&st=183009",
            "onclick": ""
          },
          {
            "text": "Lấy cao răng và đánh bóng hai hàm",
            "href": "http://192.168.2.26:2026/home.aspx?scope=sys&lang=vi&wpid=thuthuatnewdraw&thuthuatid=3628a484-22b2-4521-8210-b48f0093a598&usid=172.31.255.1_yxkdzoxvmcid1iu25j02tndge5d32f9b&st=183009",
            "onclick": ""
          },
          {
            "text": "0",
            "href": "http://192.168.2.26:2026/home.aspx?scope=sys&lang=vi&wpid=thuthuatnewdraw&thuthuatid=3628a484-22b2-4521-8210-b48f0093a598&usid=172.31.255.1_yxkdzoxvmcid1iu25j02tndge5d32f9b&st=183009",
            "onclick": ""
          },
          {
            "text": "0",
            "href": "http://192.168.2.26:2026/home.aspx?scope=sys&lang=vi&wpid=thuthuatnewdraw&thuthuatid=3628a484-22b2-4521-8210-b48f0093a598&usid=172.31.255.1_yxkdzoxvmcid1iu25j02tndge5d32f9b&st=183009",
            "onclick": ""
          },
          {
            "text": "Thường",
            "href": "http://192.168.2.26:2026/home.aspx?scope=sys&lang=vi&wpid=thuthuatnewdraw&thuthuatid=3628a484-22b2-4521-8210-b48f0093a598&usid=172.31.255.1_yxkdzoxvmcid1iu25j02tndge5d32f9b&st=183009",
            "onclick": ""
          },
          {
            "text": "08:50 22/07/2026",
            "href": "http://192.168.2.26:2026/home.aspx?scope=sys&lang=vi&wpid=thuthuatnewdraw&thuthuatid=3628a484-22b2-4521-8210-b48f0093a598&usid=172.31.255.1_yxkdzoxvmcid1iu25j02tndge5d32f9b&st=183009",
            "onclick": ""
          },
          {
            "text": "Hoàn tất",
            "href": "http://192.168.2.26:2026/home.aspx?scope=sys&lang=vi&wpid=thuthuatnewdraw&thuthuatid=3628a484-22b2-4521-8210-b48f0093a598&usid=172.31.255.1_yxkdzoxvmcid1iu25j02tndge5d32f9b&st=183009",
            "onclick": ""
          }
        ]
      }
    }
  ]
}
[2026-07-23 18:30:12.280] [DETAIL_BEGIN] D/s Thủ thuật: mở ứng viên 1
{
  "detail_marker": "http://192.168.2.26:2026/home.aspx?scope=sys&lang=vi&wpid=thuthuatnewdraw&thuthuatid=a4bb275d-83b4-4986-bd99-b4730096a588&usid=172.31.255.1_yxkdzoxvmcid1iu25j02tndge5d32f9b&st=183009",
  "list_datetime": "2026-06-24 09:02:00",
  "list_method": "Mắt cá 3-4 thương tổn",
  "row": {
    "access_id": "a4bb275d-83b4-4986-bd99-b4730096a588",
    "known_fields": {
      "stt": "1",
      "ngay_thu_thuat": "09:14 24/06/2026",
      "ma_bn": "26021326",
      "ho_ten": "NGUYỄN THỊ NGỌC GIÀU",
      "gioi_tinh": "Nữ",
      "tuoi": "60 tuổi",
      "doi_tuong": "Bảo hiểm",
      "noi_chi_dinh": "PHÒNG KHÁM CHẤN THƯƠNG CHỈNH HÌNH - 20",
      "chi_dinh_thu_thuat": "Mắt cá 3-4 thương tổn",
      "tam_ung": "0",
      "phai_thanh_toan": "0",
      "tinh_trang": "Thường",
      "thoi_gian_chi_dinh": "09:02 24/06/2026",
      "trang_thai": "Hoàn tất"
    },
    "raw_text": "1 09:14 24/06/2026 26021326 NGUYỄN THỊ NGỌC GIÀU Nữ 60 tuổi Bảo hiểm PHÒNG KHÁM CHẤN THƯƠNG CHỈNH HÌNH - 20 Mắt cá 3-4 thương tổn 0 0 Thường 09:02 24/06/2026 Hoàn tất",
    "links": [
      {
        "text": "1",
        "href": "http://192.168.2.26:2026/home.aspx?scope=sys&lang=vi&wpid=thuthuatnewdraw&thuthuatid=a4bb275d-83b4-4986-bd99-b4730096a588&usid=172.31.255.1_yxkdzoxvmcid1iu25j02tndge5d32f9b&st=183009",
        "onclick": ""
      },
      {
        "text": "09:14 24/06/2026",
        "href": "http://192.168.2.26:2026/home.aspx?scope=sys&lang=vi&wpid=thuthuatnewdraw&thuthuatid=a4bb275d-83b4-4986-bd99-b4730096a588&usid=172.31.255.1_yxkdzoxvmcid1iu25j02tndge5d32f9b&st=183009",
        "onclick": ""
      },
      {
        "text": "26021326",
        "href": "http://192.168.2.26:2026/home.aspx?scope=sys&lang=vi&wpid=thuthuatnewdraw&thuthuatid=a4bb275d-83b4-4986-bd99-b4730096a588&usid=172.31.255.1_yxkdzoxvmcid1iu25j02tndge5d32f9b&st=183009",
        "onclick": ""
      },
      {
        "text": "NGUYỄN THỊ NGỌC GIÀU",
        "href": "http://192.168.2.26:2026/home.aspx?scope=sys&lang=vi&wpid=thuthuatnewdraw&thuthuatid=a4bb275d-83b4-4986-bd99-b4730096a588&usid=172.31.255.1_yxkdzoxvmcid1iu25j02tndge5d32f9b&st=183009",
        "onclick": ""
      },
      {
        "text": "Nữ",
        "href": "http://192.168.2.26:2026/home.aspx?scope=sys&lang=vi&wpid=thuthuatnewdraw&thuthuatid=a4bb275d-83b4-4986-bd99-b4730096a588&usid=172.31.255.1_yxkdzoxvmcid1iu25j02tndge5d32f9b&st=183009",
        "onclick": ""
      },
      {
        "text": "60 tuổi",
        "href": "http://192.168.2.26:2026/home.aspx?scope=sys&lang=vi&wpid=thuthuatnewdraw&thuthuatid=a4bb275d-83b4-4986-bd99-b4730096a588&usid=172.31.255.1_yxkdzoxvmcid1iu25j02tndge5d32f9b&st=183009",
        "onclick": ""
      },
      {
        "text": "Bảo hiểm",
        "href": "http://192.168.2.26:2026/home.aspx?scope=sys&lang=vi&wpid=thuthuatnewdraw&thuthuatid=a4bb275d-83b4-4986-bd99-b4730096a588&usid=172.31.255.1_yxkdzoxvmcid1iu25j02tndge5d32f9b&st=183009",
        "onclick": ""
      },
      {
        "text": "PHÒNG KHÁM CHẤN THƯƠNG CHỈNH HÌNH - 20",
        "href": "http://192.168.2.26:2026/home.aspx?scope=sys&lang=vi&wpid=thuthuatnewdraw&thuthuatid=a4bb275d-83b4-4986-bd99-b4730096a588&usid=172.31.255.1_yxkdzoxvmcid1iu25j02tndge5d32f9b&st=183009",
        "onclick": ""
      },
      {
        "text": "Mắt cá 3-4 thương tổn",
        "href": "http://192.168.2.26:2026/home.aspx?scope=sys&lang=vi&wpid=thuthuatnewdraw&thuthuatid=a4bb275d-83b4-4986-bd99-b4730096a588&usid=172.31.255.1_yxkdzoxvmcid1iu25j02tndge5d32f9b&st=183009",
        "onclick": ""
      },
      {
        "text": "0",
        "href": "http://192.168.2.26:2026/home.aspx?scope=sys&lang=vi&wpid=thuthuatnewdraw&thuthuatid=a4bb275d-83b4-4986-bd99-b4730096a588&usid=172.31.255.1_yxkdzoxvmcid1iu25j02tndge5d32f9b&st=183009",
        "onclick": ""
      },
      {
        "text": "0",
        "href": "http://192.168.2.26:2026/home.aspx?scope=sys&lang=vi&wpid=thuthuatnewdraw&thuthuatid=a4bb275d-83b4-4986-bd99-b4730096a588&usid=172.31.255.1_yxkdzoxvmcid1iu25j02tndge5d32f9b&st=183009",
        "onclick": ""
      },
      {
        "text": "Thường",
        "href": "http://192.168.2.26:2026/home.aspx?scope=sys&lang=vi&wpid=thuthuatnewdraw&thuthuatid=a4bb275d-83b4-4986-bd99-b4730096a588&usid=172.31.255.1_yxkdzoxvmcid1iu25j02tndge5d32f9b&st=183009",
        "onclick": ""
      },
      {
        "text": "09:02 24/06/2026",
        "href": "http://192.168.2.26:2026/home.aspx?scope=sys&lang=vi&wpid=thuthuatnewdraw&thuthuatid=a4bb275d-83b4-4986-bd99-b4730096a588&usid=172.31.255.1_yxkdzoxvmcid1iu25j02tndge5d32f9b&st=183009",
        "onclick": ""
      },
      {
        "text": "Hoàn tất",
        "href": "http://192.168.2.26:2026/home.aspx?scope=sys&lang=vi&wpid=thuthuatnewdraw&thuthuatid=a4bb275d-83b4-4986-bd99-b4730096a588&usid=172.31.255.1_yxkdzoxvmcid1iu25j02tndge5d32f9b&st=183009",
        "onclick": ""
      }
    ]
  }
}
[2026-07-23 18:30:12.289] [BROWSER] [DETAIL] kind=procedure; access_id=a4bb275d-83b4-4986-bd99-b4730096a588; direct_url=yes; onclick=no
[2026-07-23 18:30:12.291] [BROWSER] [DETAIL] Mở liên kết trực tiếp: http://192.168.2.26:2026/home.aspx?scope=sys&lang=vi&wpid=thuthuatnewdraw&thuthuatid=a4bb275d-83b4-4986-bd99-b4730096a588&usid=172.31.255.1_yxkdzoxvmcid1iu25j02tndge5d32f9b&st=183009
[2026-07-23 18:30:13.395] [BROWSER] [DETAIL] Dữ liệu đọc được: {"ajax_active": 0, "complete_info": "Người hoàn tất: Hoàng Minh Tú (hmtu) | TG nhấn hoàn tất: 09:25 24/06/2026", "current_url": "http://192.168.2.26:2026/home.aspx?scope=sys&lang=vi&wpid=thuthuatnewdraw&thuthuatid=a4bb275d-83b4-4986-bd99-b4730096a588&usid=172.31.255.1_yxkdzoxvmcid1iu25j02tndge5d32f9b&st=183009", "doctor": "Hoàng Minh Tú", "doctor_candidates": [{"id": "txtBacSyChiDinh", "value": "Hoàng Minh Tú"}, {"id": "txtBacSiChiDinh", "value": ""}], "doctor_field": "txtBacSyChiDinh", "doctor_found": true, "method": "Mắt cá 3-4 thương tổn", "method_candidates": [{"id": "txtChiDinh", "value": "Mắt cá 3-4 thương tổn"}, {"id": "cbbPhuongPhapTT", "value": "Mắt cá 3-4 thương tổn"}], "method_field": "txtChiDinh", "patient_info": "(26021326 | NGUYỄN THỊ NGỌC GIÀU, 01/01/1966, Nữ, 60 tuổi | Bảo hiểm)", "root_found": true, "start_candidates": [{"id": "txtThoiGianChiDinh", "value": "09:02 24/06/2026"}, {"id": "txtTgBatDau", "value": "09:14 24/06/2026"}], "start_time": "09:02 24/06/2026", "start_time_field": "txtThoiGianChiDinh"}
[2026-07-23 18:30:13.396] [BROWSER] [DETAIL] Nguồn bác sĩ: Bác sĩ chỉ định; field=txtBacSyChiDinh; value=Hoàng Minh Tú
[2026-07-23 18:30:13.397] [DETAIL_OK] D/s Thủ thuật: đọc được hồ sơ chi tiết
{
  "doctor_from_emr": "Hoàng Minh Tú",
  "mapped_alias": "TÚ",
  "mapped_name": "Hoàng Minh Tú",
  "start_time": "09:02 24/06/2026",
  "start_time_field": "txtThoiGianChiDinh",
  "method": "Mắt cá 3-4 thương tổn",
  "method_field": "txtChiDinh",
  "list_time_source": "Thời gian chỉ định",
  "list_method_source": "Chỉ định thủ thuật",
  "current_url": "http://192.168.2.26:2026/home.aspx?scope=sys&lang=vi&wpid=thuthuatnewdraw&thuthuatid=a4bb275d-83b4-4986-bd99-b4730096a588&usid=172.31.255.1_yxkdzoxvmcid1iu25j02tndge5d32f9b&st=183009",
  "total_score": 660.0,
  "method_score": 1.0
}
[2026-07-23 18:30:13.398] [EVALUATED] D/s Thủ thuật: đánh giá 1 hồ sơ
{
  "items": [
    {
      "doctor": "Hoàng Minh Tú",
      "alias": "TÚ",
      "detail_datetime": "2026-06-24 09:02:00",
      "method_score": 1.0,
      "total_score": 660.0,
      "confidence_ok": true
    }
  ]
}
[2026-07-23 18:30:13.399] [SOURCE_MATCH] D/s Thủ thuật: đã chọn bác sĩ, không tìm nguồn còn lại
{
  "alias": "TÚ"
}
[2026-07-23 18:30:14.593] [AUTOSAVE_ROW] Dòng 113: đã điền TÚ và lưu ngay
{
  "patient": "NGUYỄN THỊ NGỌC GIÀU",
  "source": "D/s Thủ thuật",
  "doctor_name": "Hoàng Minh Tú",
  "emr_doctor": "Hoàng Minh Tú",
  "matched_time": "09:02 24/06/2026",
  "matched_method": "Mắt cá 3-4 thương tổn",
  "progress": "7/8",
  "output": "E:\\Thong_ke\\node_outputs\\PM khoa CTCH T6_NHAP_LIEU.xlsx"
}
[2026-07-23 18:30:14.594] [ROW_END] Kết thúc dòng 113
{
  "status": "updated",
  "new_value": "TÚ",
  "reason": null
}
[2026-07-23 18:30:14.595] [ROW_BEGIN] [8/8] Bắt đầu dòng 114: KIM THỊ SÓC PHOL
{
  "raw_time": "2026/06/24 11:33",
  "parsed_time": "11:33 24/06/2026",
  "method": "Khâu vết thương phần mềm dài dưới 10 cm [tổn thương sâu]",
  "old_value": ""
}
[2026-07-23 18:30:14.596] [SEARCH_BEGIN] dòng 114: tìm KIM THỊ SÓC PHOL tại D/s Thủ thuật
{
  "patient": "KIM THỊ SÓC PHOL",
  "target_time": "2026-06-24 11:33:00",
  "target_method": "Khâu vết thương phần mềm dài dưới 10 cm [tổn thương sâu]",
  "source": "procedure"
}
[2026-07-23 18:30:14.947] [BROWSER] [NAV] D/s Thủ thuật: http://192.168.2.26:2026/home.aspx?scope=sys&lang=vi&wpid=danhsachthuthuatdraw&role=323&usid=172.31.255.1_yxkdzoxvmcid1iu25j02tndge5d32f9b&st=183009
[2026-07-23 18:30:16.912] [BROWSER] [FILTER] 3 tháng
[2026-07-23 18:30:17.491] [BROWSER] [SEARCH] Nhập 'KIM THỊ SÓC PHOL' vào #txtTimKiem
[2026-07-23 18:30:17.725] [BROWSER] [SEARCH] Đã bấm Tìm kiếm bằng #btnTimKiem
[2026-07-23 18:30:17.764] [BROWSER] [RESULT] D/s Thủ thuật: 2 dòng
[2026-07-23 18:30:17.783] [SEARCH_RESULT] D/s Thủ thuật: nhận 2 dòng
{
  "current_url": "http://192.168.2.26:2026/home.aspx?scope=sys&lang=vi&wpid=danhsachthuthuatdraw&role=323&usid=172.31.255.1_yxkdzoxvmcid1iu25j02tndge5d32f9b&st=183009",
  "search_input_id": "txtTimKiem",
  "search_trigger": "#btnTimKiem",
  "headers": [
    "STT",
    "Ngày thủ thuật",
    "Mã BN",
    "Họ tên",
    "Giới tính",
    "Tuổi",
    "Đối tượng",
    "Nơi chỉ định",
    "Chỉ định thủ thuật",
    "Tạm ứng",
    "Phải thanh toán",
    "Tình trạng",
    "Thời gian chỉ định",
    "Trạng thái"
  ],
  "rows": [
    {
      "access_id": "111b5ecb-0735-4a87-8b6f-b47300d6bb11",
      "known_fields": {
        "stt": "1",
        "ngay_thu_thuat": "11:33 24/06/2026",
        "ma_bn": "26067733",
        "ho_ten": "KIM THỊ SÓC PHOL",
        "gioi_tinh": "Nữ",
        "tuoi": "41 tuổi",
        "doi_tuong": "Viện phí",
        "noi_chi_dinh": "PHÒNG KHÁM CHẤN THƯƠNG CHỈNH HÌNH - 20",
        "chi_dinh_thu_thuat": "Khâu vết thương phần mềm dài dưới 10 cm [tổn thương sâu]",
        "tam_ung": "0",
        "phai_thanh_toan": "0",
        "tinh_trang": "Thường",
        "thoi_gian_chi_dinh": "11:33 24/06/2026",
        "trang_thai": "Hoàn tất"
      },
      "raw_text": "1 11:33 24/06/2026 26067733 KIM THỊ SÓC PHOL Nữ 41 tuổi Viện phí PHÒNG KHÁM CHẤN THƯƠNG CHỈNH HÌNH - 20 Khâu vết thương phần mềm dài dưới 10 cm [tổn thương sâu] 0 0 Thường 11:33 24/06/2026 Hoàn tất",
      "links": [
        {
          "text": "1",
          "href": "http://192.168.2.26:2026/home.aspx?scope=sys&lang=vi&wpid=thuthuatnewdraw&thuthuatid=111b5ecb-0735-4a87-8b6f-b47300d6bb11&usid=172.31.255.1_yxkdzoxvmcid1iu25j02tndge5d32f9b&st=183014",
          "onclick": ""
        },
        {
          "text": "11:33 24/06/2026",
          "href": "http://192.168.2.26:2026/home.aspx?scope=sys&lang=vi&wpid=thuthuatnewdraw&thuthuatid=111b5ecb-0735-4a87-8b6f-b47300d6bb11&usid=172.31.255.1_yxkdzoxvmcid1iu25j02tndge5d32f9b&st=183014",
          "onclick": ""
        },
        {
          "text": "26067733",
          "href": "http://192.168.2.26:2026/home.aspx?scope=sys&lang=vi&wpid=thuthuatnewdraw&thuthuatid=111b5ecb-0735-4a87-8b6f-b47300d6bb11&usid=172.31.255.1_yxkdzoxvmcid1iu25j02tndge5d32f9b&st=183014",
          "onclick": ""
        },
        {
          "text": "KIM THỊ SÓC PHOL",
          "href": "http://192.168.2.26:2026/home.aspx?scope=sys&lang=vi&wpid=thuthuatnewdraw&thuthuatid=111b5ecb-0735-4a87-8b6f-b47300d6bb11&usid=172.31.255.1_yxkdzoxvmcid1iu25j02tndge5d32f9b&st=183014",
          "onclick": ""
        },
        {
          "text": "Nữ",
          "href": "http://192.168.2.26:2026/home.aspx?scope=sys&lang=vi&wpid=thuthuatnewdraw&thuthuatid=111b5ecb-0735-4a87-8b6f-b47300d6bb11&usid=172.31.255.1_yxkdzoxvmcid1iu25j02tndge5d32f9b&st=183014",
          "onclick": ""
        },
        {
          "text": "41 tuổi",
          "href": "http://192.168.2.26:2026/home.aspx?scope=sys&lang=vi&wpid=thuthuatnewdraw&thuthuatid=111b5ecb-0735-4a87-8b6f-b47300d6bb11&usid=172.31.255.1_yxkdzoxvmcid1iu25j02tndge5d32f9b&st=183014",
          "onclick": ""
        },
        {
          "text": "Viện phí",
          "href": "http://192.168.2.26:2026/home.aspx?scope=sys&lang=vi&wpid=thuthuatnewdraw&thuthuatid=111b5ecb-0735-4a87-8b6f-b47300d6bb11&usid=172.31.255.1_yxkdzoxvmcid1iu25j02tndge5d32f9b&st=183014",
          "onclick": ""
        },
        {
          "text": "PHÒNG KHÁM CHẤN THƯƠNG CHỈNH HÌNH - 20",
          "href": "http://192.168.2.26:2026/home.aspx?scope=sys&lang=vi&wpid=thuthuatnewdraw&thuthuatid=111b5ecb-0735-4a87-8b6f-b47300d6bb11&usid=172.31.255.1_yxkdzoxvmcid1iu25j02tndge5d32f9b&st=183014",
          "onclick": ""
        },
        {
          "text": "Khâu vết thương phần mềm dài dưới 10 cm [tổn thương sâu]",
          "href": "http://192.168.2.26:2026/home.aspx?scope=sys&lang=vi&wpid=thuthuatnewdraw&thuthuatid=111b5ecb-0735-4a87-8b6f-b47300d6bb11&usid=172.31.255.1_yxkdzoxvmcid1iu25j02tndge5d32f9b&st=183014",
          "onclick": ""
        },
        {
          "text": "0",
          "href": "http://192.168.2.26:2026/home.aspx?scope=sys&lang=vi&wpid=thuthuatnewdraw&thuthuatid=111b5ecb-0735-4a87-8b6f-b47300d6bb11&usid=172.31.255.1_yxkdzoxvmcid1iu25j02tndge5d32f9b&st=183014",
          "onclick": ""
        },
        {
          "text": "0",
          "href": "http://192.168.2.26:2026/home.aspx?scope=sys&lang=vi&wpid=thuthuatnewdraw&thuthuatid=111b5ecb-0735-4a87-8b6f-b47300d6bb11&usid=172.31.255.1_yxkdzoxvmcid1iu25j02tndge5d32f9b&st=183014",
          "onclick": ""
        },
        {
          "text": "Thường",
          "href": "http://192.168.2.26:2026/home.aspx?scope=sys&lang=vi&wpid=thuthuatnewdraw&thuthuatid=111b5ecb-0735-4a87-8b6f-b47300d6bb11&usid=172.31.255.1_yxkdzoxvmcid1iu25j02tndge5d32f9b&st=183014",
          "onclick": ""
        },
        {
          "text": "11:33 24/06/2026",
          "href": "http://192.168.2.26:2026/home.aspx?scope=sys&lang=vi&wpid=thuthuatnewdraw&thuthuatid=111b5ecb-0735-4a87-8b6f-b47300d6bb11&usid=172.31.255.1_yxkdzoxvmcid1iu25j02tndge5d32f9b&st=183014",
          "onclick": ""
        },
        {
          "text": "Hoàn tất",
          "href": "http://192.168.2.26:2026/home.aspx?scope=sys&lang=vi&wpid=thuthuatnewdraw&thuthuatid=111b5ecb-0735-4a87-8b6f-b47300d6bb11&usid=172.31.255.1_yxkdzoxvmcid1iu25j02tndge5d32f9b&st=183014",
          "onclick": ""
        }
      ]
    },
    {
      "access_id": "f21d3ca6-bb96-4879-98eb-b47a008c3dd6",
      "known_fields": {
        "stt": "2",
        "ngay_thu_thuat": "08:30 01/07/2026",
        "ma_bn": "26067733",
        "ho_ten": "KIM THỊ SÓC PHOL",
        "gioi_tinh": "Nữ",
        "tuoi": "41 tuổi",
        "doi_tuong": "Bảo hiểm",
        "noi_chi_dinh": "PHÒNG KHÁM CHẤN THƯƠNG CHỈNH HÌNH - 20",
        "chi_dinh_thu_thuat": "Cắt chỉ sau phẫu thuật",
        "tam_ung": "0",
        "phai_thanh_toan": "0",
        "tinh_trang": "Thường",
        "thoi_gian_chi_dinh": "08:30 01/07/2026",
        "trang_thai": "Hoàn tất"
      },
      "raw_text": "2 08:30 01/07/2026 26067733 KIM THỊ SÓC PHOL Nữ 41 tuổi Bảo hiểm PHÒNG KHÁM CHẤN THƯƠNG CHỈNH HÌNH - 20 Cắt chỉ sau phẫu thuật 0 0 Thường 08:30 01/07/2026 Hoàn tất",
      "links": [
        {
          "text": "2",
          "href": "http://192.168.2.26:2026/home.aspx?scope=sys&lang=vi&wpid=thuthuatnewdraw&thuthuatid=f21d3ca6-bb96-4879-98eb-b47a008c3dd6&usid=172.31.255.1_yxkdzoxvmcid1iu25j02tndge5d32f9b&st=183014",
          "onclick": ""
        },
        {
          "text": "08:30 01/07/2026",
          "href": "http://192.168.2.26:2026/home.aspx?scope=sys&lang=vi&wpid=thuthuatnewdraw&thuthuatid=f21d3ca6-bb96-4879-98eb-b47a008c3dd6&usid=172.31.255.1_yxkdzoxvmcid1iu25j02tndge5d32f9b&st=183014",
          "onclick": ""
        },
        {
          "text": "26067733",
          "href": "http://192.168.2.26:2026/home.aspx?scope=sys&lang=vi&wpid=thuthuatnewdraw&thuthuatid=f21d3ca6-bb96-4879-98eb-b47a008c3dd6&usid=172.31.255.1_yxkdzoxvmcid1iu25j02tndge5d32f9b&st=183014",
          "onclick": ""
        },
        {
          "text": "KIM THỊ SÓC PHOL",
          "href": "http://192.168.2.26:2026/home.aspx?scope=sys&lang=vi&wpid=thuthuatnewdraw&thuthuatid=f21d3ca6-bb96-4879-98eb-b47a008c3dd6&usid=172.31.255.1_yxkdzoxvmcid1iu25j02tndge5d32f9b&st=183014",
          "onclick": ""
        },
        {
          "text": "Nữ",
          "href": "http://192.168.2.26:2026/home.aspx?scope=sys&lang=vi&wpid=thuthuatnewdraw&thuthuatid=f21d3ca6-bb96-4879-98eb-b47a008c3dd6&usid=172.31.255.1_yxkdzoxvmcid1iu25j02tndge5d32f9b&st=183014",
          "onclick": ""
        },
        {
          "text": "41 tuổi",
          "href": "http://192.168.2.26:2026/home.aspx?scope=sys&lang=vi&wpid=thuthuatnewdraw&thuthuatid=f21d3ca6-bb96-4879-98eb-b47a008c3dd6&usid=172.31.255.1_yxkdzoxvmcid1iu25j02tndge5d32f9b&st=183014",
          "onclick": ""
        },
        {
          "text": "Bảo hiểm",
          "href": "http://192.168.2.26:2026/home.aspx?scope=sys&lang=vi&wpid=thuthuatnewdraw&thuthuatid=f21d3ca6-bb96-4879-98eb-b47a008c3dd6&usid=172.31.255.1_yxkdzoxvmcid1iu25j02tndge5d32f9b&st=183014",
          "onclick": ""
        },
        {
          "text": "PHÒNG KHÁM CHẤN THƯƠNG CHỈNH HÌNH - 20",
          "href": "http://192.168.2.26:2026/home.aspx?scope=sys&lang=vi&wpid=thuthuatnewdraw&thuthuatid=f21d3ca6-bb96-4879-98eb-b47a008c3dd6&usid=172.31.255.1_yxkdzoxvmcid1iu25j02tndge5d32f9b&st=183014",
          "onclick": ""
        },
        {
          "text": "Cắt chỉ sau phẫu thuật",
          "href": "http://192.168.2.26:2026/home.aspx?scope=sys&lang=vi&wpid=thuthuatnewdraw&thuthuatid=f21d3ca6-bb96-4879-98eb-b47a008c3dd6&usid=172.31.255.1_yxkdzoxvmcid1iu25j02tndge5d32f9b&st=183014",
          "onclick": ""
        },
        {
          "text": "0",
          "href": "http://192.168.2.26:2026/home.aspx?scope=sys&lang=vi&wpid=thuthuatnewdraw&thuthuatid=f21d3ca6-bb96-4879-98eb-b47a008c3dd6&usid=172.31.255.1_yxkdzoxvmcid1iu25j02tndge5d32f9b&st=183014",
          "onclick": ""
        },
        {
          "text": "0",
          "href": "http://192.168.2.26:2026/home.aspx?scope=sys&lang=vi&wpid=thuthuatnewdraw&thuthuatid=f21d3ca6-bb96-4879-98eb-b47a008c3dd6&usid=172.31.255.1_yxkdzoxvmcid1iu25j02tndge5d32f9b&st=183014",
          "onclick": ""
        },
        {
          "text": "Thường",
          "href": "http://192.168.2.26:2026/home.aspx?scope=sys&lang=vi&wpid=thuthuatnewdraw&thuthuatid=f21d3ca6-bb96-4879-98eb-b47a008c3dd6&usid=172.31.255.1_yxkdzoxvmcid1iu25j02tndge5d32f9b&st=183014",
          "onclick": ""
        },
        {
          "text": "08:30 01/07/2026",
          "href": "http://192.168.2.26:2026/home.aspx?scope=sys&lang=vi&wpid=thuthuatnewdraw&thuthuatid=f21d3ca6-bb96-4879-98eb-b47a008c3dd6&usid=172.31.255.1_yxkdzoxvmcid1iu25j02tndge5d32f9b&st=183014",
          "onclick": ""
        },
        {
          "text": "Hoàn tất",
          "href": "http://192.168.2.26:2026/home.aspx?scope=sys&lang=vi&wpid=thuthuatnewdraw&thuthuatid=f21d3ca6-bb96-4879-98eb-b47a008c3dd6&usid=172.31.255.1_yxkdzoxvmcid1iu25j02tndge5d32f9b&st=183014",
          "onclick": ""
        }
      ]
    }
  ]
}
[2026-07-23 18:30:17.788] [CANDIDATES] D/s Thủ thuật: có 2 ứng viên cùng người bệnh
{
  "candidates": [
    {
      "list_score": 210.0,
      "list_datetime": "2026-06-24 11:33:00",
      "list_time_source": "Thời gian chỉ định",
      "list_method": "Khâu vết thương phần mềm dài dưới 10 cm [tổn thương sâu]",
      "list_method_source": "Chỉ định thủ thuật",
      "method_score": 1.0,
      "detail_marker": "http://192.168.2.26:2026/home.aspx?scope=sys&lang=vi&wpid=thuthuatnewdraw&thuthuatid=111b5ecb-0735-4a87-8b6f-b47300d6bb11&usid=172.31.255.1_yxkdzoxvmcid1iu25j02tndge5d32f9b&st=183014",
      "row": {
        "access_id": "111b5ecb-0735-4a87-8b6f-b47300d6bb11",
        "known_fields": {
          "stt": "1",
          "ngay_thu_thuat": "11:33 24/06/2026",
          "ma_bn": "26067733",
          "ho_ten": "KIM THỊ SÓC PHOL",
          "gioi_tinh": "Nữ",
          "tuoi": "41 tuổi",
          "doi_tuong": "Viện phí",
          "noi_chi_dinh": "PHÒNG KHÁM CHẤN THƯƠNG CHỈNH HÌNH - 20",
          "chi_dinh_thu_thuat": "Khâu vết thương phần mềm dài dưới 10 cm [tổn thương sâu]",
          "tam_ung": "0",
          "phai_thanh_toan": "0",
          "tinh_trang": "Thường",
          "thoi_gian_chi_dinh": "11:33 24/06/2026",
          "trang_thai": "Hoàn tất"
        },
        "raw_text": "1 11:33 24/06/2026 26067733 KIM THỊ SÓC PHOL Nữ 41 tuổi Viện phí PHÒNG KHÁM CHẤN THƯƠNG CHỈNH HÌNH - 20 Khâu vết thương phần mềm dài dưới 10 cm [tổn thương sâu] 0 0 Thường 11:33 24/06/2026 Hoàn tất",
        "links": [
          {
            "text": "1",
            "href": "http://192.168.2.26:2026/home.aspx?scope=sys&lang=vi&wpid=thuthuatnewdraw&thuthuatid=111b5ecb-0735-4a87-8b6f-b47300d6bb11&usid=172.31.255.1_yxkdzoxvmcid1iu25j02tndge5d32f9b&st=183014",
            "onclick": ""
          },
          {
            "text": "11:33 24/06/2026",
            "href": "http://192.168.2.26:2026/home.aspx?scope=sys&lang=vi&wpid=thuthuatnewdraw&thuthuatid=111b5ecb-0735-4a87-8b6f-b47300d6bb11&usid=172.31.255.1_yxkdzoxvmcid1iu25j02tndge5d32f9b&st=183014",
            "onclick": ""
          },
          {
            "text": "26067733",
            "href": "http://192.168.2.26:2026/home.aspx?scope=sys&lang=vi&wpid=thuthuatnewdraw&thuthuatid=111b5ecb-0735-4a87-8b6f-b47300d6bb11&usid=172.31.255.1_yxkdzoxvmcid1iu25j02tndge5d32f9b&st=183014",
            "onclick": ""
          },
          {
            "text": "KIM THỊ SÓC PHOL",
            "href": "http://192.168.2.26:2026/home.aspx?scope=sys&lang=vi&wpid=thuthuatnewdraw&thuthuatid=111b5ecb-0735-4a87-8b6f-b47300d6bb11&usid=172.31.255.1_yxkdzoxvmcid1iu25j02tndge5d32f9b&st=183014",
            "onclick": ""
          },
          {
            "text": "Nữ",
            "href": "http://192.168.2.26:2026/home.aspx?scope=sys&lang=vi&wpid=thuthuatnewdraw&thuthuatid=111b5ecb-0735-4a87-8b6f-b47300d6bb11&usid=172.31.255.1_yxkdzoxvmcid1iu25j02tndge5d32f9b&st=183014",
            "onclick": ""
          },
          {
            "text": "41 tuổi",
            "href": "http://192.168.2.26:2026/home.aspx?scope=sys&lang=vi&wpid=thuthuatnewdraw&thuthuatid=111b5ecb-0735-4a87-8b6f-b47300d6bb11&usid=172.31.255.1_yxkdzoxvmcid1iu25j02tndge5d32f9b&st=183014",
            "onclick": ""
          },
          {
            "text": "Viện phí",
            "href": "http://192.168.2.26:2026/home.aspx?scope=sys&lang=vi&wpid=thuthuatnewdraw&thuthuatid=111b5ecb-0735-4a87-8b6f-b47300d6bb11&usid=172.31.255.1_yxkdzoxvmcid1iu25j02tndge5d32f9b&st=183014",
            "onclick": ""
          },
          {
            "text": "PHÒNG KHÁM CHẤN THƯƠNG CHỈNH HÌNH - 20",
            "href": "http://192.168.2.26:2026/home.aspx?scope=sys&lang=vi&wpid=thuthuatnewdraw&thuthuatid=111b5ecb-0735-4a87-8b6f-b47300d6bb11&usid=172.31.255.1_yxkdzoxvmcid1iu25j02tndge5d32f9b&st=183014",
            "onclick": ""
          },
          {
            "text": "Khâu vết thương phần mềm dài dưới 10 cm [tổn thương sâu]",
            "href": "http://192.168.2.26:2026/home.aspx?scope=sys&lang=vi&wpid=thuthuatnewdraw&thuthuatid=111b5ecb-0735-4a87-8b6f-b47300d6bb11&usid=172.31.255.1_yxkdzoxvmcid1iu25j02tndge5d32f9b&st=183014",
            "onclick": ""
          },
          {
            "text": "0",
            "href": "http://192.168.2.26:2026/home.aspx?scope=sys&lang=vi&wpid=thuthuatnewdraw&thuthuatid=111b5ecb-0735-4a87-8b6f-b47300d6bb11&usid=172.31.255.1_yxkdzoxvmcid1iu25j02tndge5d32f9b&st=183014",
            "onclick": ""
          },
          {
            "text": "0",
            "href": "http://192.168.2.26:2026/home.aspx?scope=sys&lang=vi&wpid=thuthuatnewdraw&thuthuatid=111b5ecb-0735-4a87-8b6f-b47300d6bb11&usid=172.31.255.1_yxkdzoxvmcid1iu25j02tndge5d32f9b&st=183014",
            "onclick": ""
          },
          {
            "text": "Thường",
            "href": "http://192.168.2.26:2026/home.aspx?scope=sys&lang=vi&wpid=thuthuatnewdraw&thuthuatid=111b5ecb-0735-4a87-8b6f-b47300d6bb11&usid=172.31.255.1_yxkdzoxvmcid1iu25j02tndge5d32f9b&st=183014",
            "onclick": ""
          },
          {
            "text": "11:33 24/06/2026",
            "href": "http://192.168.2.26:2026/home.aspx?scope=sys&lang=vi&wpid=thuthuatnewdraw&thuthuatid=111b5ecb-0735-4a87-8b6f-b47300d6bb11&usid=172.31.255.1_yxkdzoxvmcid1iu25j02tndge5d32f9b&st=183014",
            "onclick": ""
          },
          {
            "text": "Hoàn tất",
            "href": "http://192.168.2.26:2026/home.aspx?scope=sys&lang=vi&wpid=thuthuatnewdraw&thuthuatid=111b5ecb-0735-4a87-8b6f-b47300d6bb11&usid=172.31.255.1_yxkdzoxvmcid1iu25j02tndge5d32f9b&st=183014",
            "onclick": ""
          }
        ]
      }
    },
    {
      "list_score": 38.026315789473685,
      "list_datetime": "2026-07-01 08:30:00",
      "list_time_source": "Thời gian chỉ định",
      "list_method": "Cắt chỉ sau phẫu thuật",
      "list_method_source": "Chỉ định thủ thuật",
      "method_score": 0.23684210526315788,
      "detail_marker": "http://192.168.2.26:2026/home.aspx?scope=sys&lang=vi&wpid=thuthuatnewdraw&thuthuatid=f21d3ca6-bb96-4879-98eb-b47a008c3dd6&usid=172.31.255.1_yxkdzoxvmcid1iu25j02tndge5d32f9b&st=183014",
      "row": {
        "access_id": "f21d3ca6-bb96-4879-98eb-b47a008c3dd6",
        "known_fields": {
          "stt": "2",
          "ngay_thu_thuat": "08:30 01/07/2026",
          "ma_bn": "26067733",
          "ho_ten": "KIM THỊ SÓC PHOL",
          "gioi_tinh": "Nữ",
          "tuoi": "41 tuổi",
          "doi_tuong": "Bảo hiểm",
          "noi_chi_dinh": "PHÒNG KHÁM CHẤN THƯƠNG CHỈNH HÌNH - 20",
          "chi_dinh_thu_thuat": "Cắt chỉ sau phẫu thuật",
          "tam_ung": "0",
          "phai_thanh_toan": "0",
          "tinh_trang": "Thường",
          "thoi_gian_chi_dinh": "08:30 01/07/2026",
          "trang_thai": "Hoàn tất"
        },
        "raw_text": "2 08:30 01/07/2026 26067733 KIM THỊ SÓC PHOL Nữ 41 tuổi Bảo hiểm PHÒNG KHÁM CHẤN THƯƠNG CHỈNH HÌNH - 20 Cắt chỉ sau phẫu thuật 0 0 Thường 08:30 01/07/2026 Hoàn tất",
        "links": [
          {
            "text": "2",
            "href": "http://192.168.2.26:2026/home.aspx?scope=sys&lang=vi&wpid=thuthuatnewdraw&thuthuatid=f21d3ca6-bb96-4879-98eb-b47a008c3dd6&usid=172.31.255.1_yxkdzoxvmcid1iu25j02tndge5d32f9b&st=183014",
            "onclick": ""
          },
          {
            "text": "08:30 01/07/2026",
            "href": "http://192.168.2.26:2026/home.aspx?scope=sys&lang=vi&wpid=thuthuatnewdraw&thuthuatid=f21d3ca6-bb96-4879-98eb-b47a008c3dd6&usid=172.31.255.1_yxkdzoxvmcid1iu25j02tndge5d32f9b&st=183014",
            "onclick": ""
          },
          {
            "text": "26067733",
            "href": "http://192.168.2.26:2026/home.aspx?scope=sys&lang=vi&wpid=thuthuatnewdraw&thuthuatid=f21d3ca6-bb96-4879-98eb-b47a008c3dd6&usid=172.31.255.1_yxkdzoxvmcid1iu25j02tndge5d32f9b&st=183014",
            "onclick": ""
          },
          {
            "text": "KIM THỊ SÓC PHOL",
            "href": "http://192.168.2.26:2026/home.aspx?scope=sys&lang=vi&wpid=thuthuatnewdraw&thuthuatid=f21d3ca6-bb96-4879-98eb-b47a008c3dd6&usid=172.31.255.1_yxkdzoxvmcid1iu25j02tndge5d32f9b&st=183014",
            "onclick": ""
          },
          {
            "text": "Nữ",
            "href": "http://192.168.2.26:2026/home.aspx?scope=sys&lang=vi&wpid=thuthuatnewdraw&thuthuatid=f21d3ca6-bb96-4879-98eb-b47a008c3dd6&usid=172.31.255.1_yxkdzoxvmcid1iu25j02tndge5d32f9b&st=183014",
            "onclick": ""
          },
          {
            "text": "41 tuổi",
            "href": "http://192.168.2.26:2026/home.aspx?scope=sys&lang=vi&wpid=thuthuatnewdraw&thuthuatid=f21d3ca6-bb96-4879-98eb-b47a008c3dd6&usid=172.31.255.1_yxkdzoxvmcid1iu25j02tndge5d32f9b&st=183014",
            "onclick": ""
          },
          {
            "text": "Bảo hiểm",
            "href": "http://192.168.2.26:2026/home.aspx?scope=sys&lang=vi&wpid=thuthuatnewdraw&thuthuatid=f21d3ca6-bb96-4879-98eb-b47a008c3dd6&usid=172.31.255.1_yxkdzoxvmcid1iu25j02tndge5d32f9b&st=183014",
            "onclick": ""
          },
          {
            "text": "PHÒNG KHÁM CHẤN THƯƠNG CHỈNH HÌNH - 20",
            "href": "http://192.168.2.26:2026/home.aspx?scope=sys&lang=vi&wpid=thuthuatnewdraw&thuthuatid=f21d3ca6-bb96-4879-98eb-b47a008c3dd6&usid=172.31.255.1_yxkdzoxvmcid1iu25j02tndge5d32f9b&st=183014",
            "onclick": ""
          },
          {
            "text": "Cắt chỉ sau phẫu thuật",
            "href": "http://192.168.2.26:2026/home.aspx?scope=sys&lang=vi&wpid=thuthuatnewdraw&thuthuatid=f21d3ca6-bb96-4879-98eb-b47a008c3dd6&usid=172.31.255.1_yxkdzoxvmcid1iu25j02tndge5d32f9b&st=183014",
            "onclick": ""
          },
          {
            "text": "0",
            "href": "http://192.168.2.26:2026/home.aspx?scope=sys&lang=vi&wpid=thuthuatnewdraw&thuthuatid=f21d3ca6-bb96-4879-98eb-b47a008c3dd6&usid=172.31.255.1_yxkdzoxvmcid1iu25j02tndge5d32f9b&st=183014",
            "onclick": ""
          },
          {
            "text": "0",
            "href": "http://192.168.2.26:2026/home.aspx?scope=sys&lang=vi&wpid=thuthuatnewdraw&thuthuatid=f21d3ca6-bb96-4879-98eb-b47a008c3dd6&usid=172.31.255.1_yxkdzoxvmcid1iu25j02tndge5d32f9b&st=183014",
            "onclick": ""
          },
          {
            "text": "Thường",
            "href": "http://192.168.2.26:2026/home.aspx?scope=sys&lang=vi&wpid=thuthuatnewdraw&thuthuatid=f21d3ca6-bb96-4879-98eb-b47a008c3dd6&usid=172.31.255.1_yxkdzoxvmcid1iu25j02tndge5d32f9b&st=183014",
            "onclick": ""
          },
          {
            "text": "08:30 01/07/2026",
            "href": "http://192.168.2.26:2026/home.aspx?scope=sys&lang=vi&wpid=thuthuatnewdraw&thuthuatid=f21d3ca6-bb96-4879-98eb-b47a008c3dd6&usid=172.31.255.1_yxkdzoxvmcid1iu25j02tndge5d32f9b&st=183014",
            "onclick": ""
          },
          {
            "text": "Hoàn tất",
            "href": "http://192.168.2.26:2026/home.aspx?scope=sys&lang=vi&wpid=thuthuatnewdraw&thuthuatid=f21d3ca6-bb96-4879-98eb-b47a008c3dd6&usid=172.31.255.1_yxkdzoxvmcid1iu25j02tndge5d32f9b&st=183014",
            "onclick": ""
          }
        ]
      }
    }
  ]
}
[2026-07-23 18:30:17.790] [DETAIL_BEGIN] D/s Thủ thuật: mở ứng viên 1
{
  "detail_marker": "http://192.168.2.26:2026/home.aspx?scope=sys&lang=vi&wpid=thuthuatnewdraw&thuthuatid=111b5ecb-0735-4a87-8b6f-b47300d6bb11&usid=172.31.255.1_yxkdzoxvmcid1iu25j02tndge5d32f9b&st=183014",
  "list_datetime": "2026-06-24 11:33:00",
  "list_method": "Khâu vết thương phần mềm dài dưới 10 cm [tổn thương sâu]",
  "row": {
    "access_id": "111b5ecb-0735-4a87-8b6f-b47300d6bb11",
    "known_fields": {
      "stt": "1",
      "ngay_thu_thuat": "11:33 24/06/2026",
      "ma_bn": "26067733",
      "ho_ten": "KIM THỊ SÓC PHOL",
      "gioi_tinh": "Nữ",
      "tuoi": "41 tuổi",
      "doi_tuong": "Viện phí",
      "noi_chi_dinh": "PHÒNG KHÁM CHẤN THƯƠNG CHỈNH HÌNH - 20",
      "chi_dinh_thu_thuat": "Khâu vết thương phần mềm dài dưới 10 cm [tổn thương sâu]",
      "tam_ung": "0",
      "phai_thanh_toan": "0",
      "tinh_trang": "Thường",
      "thoi_gian_chi_dinh": "11:33 24/06/2026",
      "trang_thai": "Hoàn tất"
    },
    "raw_text": "1 11:33 24/06/2026 26067733 KIM THỊ SÓC PHOL Nữ 41 tuổi Viện phí PHÒNG KHÁM CHẤN THƯƠNG CHỈNH HÌNH - 20 Khâu vết thương phần mềm dài dưới 10 cm [tổn thương sâu] 0 0 Thường 11:33 24/06/2026 Hoàn tất",
    "links": [
      {
        "text": "1",
        "href": "http://192.168.2.26:2026/home.aspx?scope=sys&lang=vi&wpid=thuthuatnewdraw&thuthuatid=111b5ecb-0735-4a87-8b6f-b47300d6bb11&usid=172.31.255.1_yxkdzoxvmcid1iu25j02tndge5d32f9b&st=183014",
        "onclick": ""
      },
      {
        "text": "11:33 24/06/2026",
        "href": "http://192.168.2.26:2026/home.aspx?scope=sys&lang=vi&wpid=thuthuatnewdraw&thuthuatid=111b5ecb-0735-4a87-8b6f-b47300d6bb11&usid=172.31.255.1_yxkdzoxvmcid1iu25j02tndge5d32f9b&st=183014",
        "onclick": ""
      },
      {
        "text": "26067733",
        "href": "http://192.168.2.26:2026/home.aspx?scope=sys&lang=vi&wpid=thuthuatnewdraw&thuthuatid=111b5ecb-0735-4a87-8b6f-b47300d6bb11&usid=172.31.255.1_yxkdzoxvmcid1iu25j02tndge5d32f9b&st=183014",
        "onclick": ""
      },
      {
        "text": "KIM THỊ SÓC PHOL",
        "href": "http://192.168.2.26:2026/home.aspx?scope=sys&lang=vi&wpid=thuthuatnewdraw&thuthuatid=111b5ecb-0735-4a87-8b6f-b47300d6bb11&usid=172.31.255.1_yxkdzoxvmcid1iu25j02tndge5d32f9b&st=183014",
        "onclick": ""
      },
      {
        "text": "Nữ",
        "href": "http://192.168.2.26:2026/home.aspx?scope=sys&lang=vi&wpid=thuthuatnewdraw&thuthuatid=111b5ecb-0735-4a87-8b6f-b47300d6bb11&usid=172.31.255.1_yxkdzoxvmcid1iu25j02tndge5d32f9b&st=183014",
        "onclick": ""
      },
      {
        "text": "41 tuổi",
        "href": "http://192.168.2.26:2026/home.aspx?scope=sys&lang=vi&wpid=thuthuatnewdraw&thuthuatid=111b5ecb-0735-4a87-8b6f-b47300d6bb11&usid=172.31.255.1_yxkdzoxvmcid1iu25j02tndge5d32f9b&st=183014",
        "onclick": ""
      },
      {
        "text": "Viện phí",
        "href": "http://192.168.2.26:2026/home.aspx?scope=sys&lang=vi&wpid=thuthuatnewdraw&thuthuatid=111b5ecb-0735-4a87-8b6f-b47300d6bb11&usid=172.31.255.1_yxkdzoxvmcid1iu25j02tndge5d32f9b&st=183014",
        "onclick": ""
      },
      {
        "text": "PHÒNG KHÁM CHẤN THƯƠNG CHỈNH HÌNH - 20",
        "href": "http://192.168.2.26:2026/home.aspx?scope=sys&lang=vi&wpid=thuthuatnewdraw&thuthuatid=111b5ecb-0735-4a87-8b6f-b47300d6bb11&usid=172.31.255.1_yxkdzoxvmcid1iu25j02tndge5d32f9b&st=183014",
        "onclick": ""
      },
      {
        "text": "Khâu vết thương phần mềm dài dưới 10 cm [tổn thương sâu]",
        "href": "http://192.168.2.26:2026/home.aspx?scope=sys&lang=vi&wpid=thuthuatnewdraw&thuthuatid=111b5ecb-0735-4a87-8b6f-b47300d6bb11&usid=172.31.255.1_yxkdzoxvmcid1iu25j02tndge5d32f9b&st=183014",
        "onclick": ""
      },
      {
        "text": "0",
        "href": "http://192.168.2.26:2026/home.aspx?scope=sys&lang=vi&wpid=thuthuatnewdraw&thuthuatid=111b5ecb-0735-4a87-8b6f-b47300d6bb11&usid=172.31.255.1_yxkdzoxvmcid1iu25j02tndge5d32f9b&st=183014",
        "onclick": ""
      },
      {
        "text": "0",
        "href": "http://192.168.2.26:2026/home.aspx?scope=sys&lang=vi&wpid=thuthuatnewdraw&thuthuatid=111b5ecb-0735-4a87-8b6f-b47300d6bb11&usid=172.31.255.1_yxkdzoxvmcid1iu25j02tndge5d32f9b&st=183014",
        "onclick": ""
      },
      {
        "text": "Thường",
        "href": "http://192.168.2.26:2026/home.aspx?scope=sys&lang=vi&wpid=thuthuatnewdraw&thuthuatid=111b5ecb-0735-4a87-8b6f-b47300d6bb11&usid=172.31.255.1_yxkdzoxvmcid1iu25j02tndge5d32f9b&st=183014",
        "onclick": ""
      },
      {
        "text": "11:33 24/06/2026",
        "href": "http://192.168.2.26:2026/home.aspx?scope=sys&lang=vi&wpid=thuthuatnewdraw&thuthuatid=111b5ecb-0735-4a87-8b6f-b47300d6bb11&usid=172.31.255.1_yxkdzoxvmcid1iu25j02tndge5d32f9b&st=183014",
        "onclick": ""
      },
      {
        "text": "Hoàn tất",
        "href": "http://192.168.2.26:2026/home.aspx?scope=sys&lang=vi&wpid=thuthuatnewdraw&thuthuatid=111b5ecb-0735-4a87-8b6f-b47300d6bb11&usid=172.31.255.1_yxkdzoxvmcid1iu25j02tndge5d32f9b&st=183014",
        "onclick": ""
      }
    ]
  }
}
[2026-07-23 18:30:17.801] [BROWSER] [DETAIL] kind=procedure; access_id=111b5ecb-0735-4a87-8b6f-b47300d6bb11; direct_url=yes; onclick=no
[2026-07-23 18:30:17.802] [BROWSER] [DETAIL] Mở liên kết trực tiếp: http://192.168.2.26:2026/home.aspx?scope=sys&lang=vi&wpid=thuthuatnewdraw&thuthuatid=111b5ecb-0735-4a87-8b6f-b47300d6bb11&usid=172.31.255.1_yxkdzoxvmcid1iu25j02tndge5d32f9b&st=183014
[2026-07-23 18:30:18.926] [BROWSER] [DETAIL] Dữ liệu đọc được: {"ajax_active": 0, "complete_info": "Người hoàn tất: Hoàng Minh Tú (hmtu) | TG nhấn hoàn tất: 13:43 24/06/2026", "current_url": "http://192.168.2.26:2026/home.aspx?scope=sys&lang=vi&wpid=thuthuatnewdraw&thuthuatid=111b5ecb-0735-4a87-8b6f-b47300d6bb11&usid=172.31.255.1_yxkdzoxvmcid1iu25j02tndge5d32f9b&st=183014", "doctor": "Hoàng Minh Tú", "doctor_candidates": [{"id": "txtBacSyChiDinh", "value": "Hoàng Minh Tú"}, {"id": "txtBacSiChiDinh", "value": ""}], "doctor_field": "txtBacSyChiDinh", "doctor_found": true, "method": "Khâu vết thương phần mềm dài dưới 10 cm [tổn thương sâu]", "method_candidates": [{"id": "txtChiDinh", "value": "Khâu vết thương phần mềm dài dưới 10 cm [tổn thương sâu]"}, {"id": "cbbPhuongPhapTT", "value": "Khâu vết thương phần mềm dài dưới 10 cm [tổn thương sâu]"}], "method_field": "txtChiDinh", "patient_info": "(26067733 | KIM THỊ SÓC PHOL, 01/01/1985, Nữ, 41 tuổi | Viện phí)", "root_found": true, "start_candidates": [{"id": "txtThoiGianChiDinh", "value": "11:33 24/06/2026"}, {"id": "txtTgBatDau", "value": "11:33 24/06/2026"}], "start_time": "11:33 24/06/2026", "start_time_field": "txtThoiGianChiDinh"}
[2026-07-23 18:30:18.927] [BROWSER] [DETAIL] Nguồn bác sĩ: Bác sĩ chỉ định; field=txtBacSyChiDinh; value=Hoàng Minh Tú
[2026-07-23 18:30:18.929] [DETAIL_OK] D/s Thủ thuật: đọc được hồ sơ chi tiết
{
  "doctor_from_emr": "Hoàng Minh Tú",
  "mapped_alias": "TÚ",
  "mapped_name": "Hoàng Minh Tú",
  "start_time": "11:33 24/06/2026",
  "start_time_field": "txtThoiGianChiDinh",
  "method": "Khâu vết thương phần mềm dài dưới 10 cm [tổn thương sâu]",
  "method_field": "txtChiDinh",
  "list_time_source": "Thời gian chỉ định",
  "list_method_source": "Chỉ định thủ thuật",
  "current_url": "http://192.168.2.26:2026/home.aspx?scope=sys&lang=vi&wpid=thuthuatnewdraw&thuthuatid=111b5ecb-0735-4a87-8b6f-b47300d6bb11&usid=172.31.255.1_yxkdzoxvmcid1iu25j02tndge5d32f9b&st=183014",
  "total_score": 660.0,
  "method_score": 1.0
}
[2026-07-23 18:30:18.930] [EVALUATED] D/s Thủ thuật: đánh giá 1 hồ sơ
{
  "items": [
    {
      "doctor": "Hoàng Minh Tú",
      "alias": "TÚ",
      "detail_datetime": "2026-06-24 11:33:00",
      "method_score": 1.0,
      "total_score": 660.0,
      "confidence_ok": true
    }
  ]
}
[2026-07-23 18:30:18.931] [SOURCE_MATCH] D/s Thủ thuật: đã chọn bác sĩ, không tìm nguồn còn lại
{
  "alias": "TÚ"
}
[2026-07-23 18:30:20.103] [AUTOSAVE_ROW] Dòng 114: đã điền TÚ và lưu ngay
{
  "patient": "KIM THỊ SÓC PHOL",
  "source": "D/s Thủ thuật",
  "doctor_name": "Hoàng Minh Tú",
  "emr_doctor": "Hoàng Minh Tú",
  "matched_time": "11:33 24/06/2026",
  "matched_method": "Khâu vết thương phần mềm dài dưới 10 cm [tổn thương sâu]",
  "progress": "8/8",
  "output": "E:\\Thong_ke\\node_outputs\\PM khoa CTCH T6_NHAP_LIEU.xlsx"
}
[2026-07-23 18:30:20.104] [ROW_END] Kết thúc dòng 114
{
  "status": "updated",
  "new_value": "TÚ",
  "reason": null
}
[2026-07-23 18:30:22.461] [BROWSER_CLOSE] Đã đóng trình duyệt EMR
[2026-07-23 18:30:23.574] [FINISH] Kết thúc phiên đối chiếu EMR
{
  "updatedRows": 8,
  "unmatchedRows": 0
}
