[2026-07-23 13:36:56.331] [START] Bắt đầu phiên đối chiếu EMR
{
  "folder": "E:\\Thong_ke\\emr_debug\\20260723_133656_331"
}
[2026-07-23 13:36:56.331] [CONFIG] Thông tin phiên chạy
{
  "input_file": "E:\\Thong_ke\\node_outputs\\PM khoa CTCH T6_NHAP_LIEU.xlsx",
  "output_file": "E:\\Thong_ke\\node_outputs\\PM khoa CTCH T6_NHAP_LIEU.xlsx",
  "config_file": "E:\\Thong_ke\\emr_config.json",
  "only_row": null,
  "headless_arg": false
}
[2026-07-23 13:36:56.745] [WORKBOOK] Đã đọc sheet tieuphau
{
  "sheet": "tieuphau",
  "header_row": 6,
  "total_row": 115,
  "columns": {
    "stt": 1,
    "ngay": 2,
    "hovaten": 3,
    "tuoi": 4,
    "tencls": 5,
    "soluong": 6,
    "thanhtien": 7,
    "bacsi": 8,
    "sotien": 9,
    "dieuduong": 10,
    "thuclanh": 12
  },
  "headers": {
    "1": "STT",
    "2": "Ngày",
    "3": "Họ và tên",
    "4": "Tuổi",
    "5": "Tên CLS",
    "6": "Số Lượng",
    "7": "Thành tiền",
    "8": "Bác Sĩ",
    "9": "Số Tiền",
    "10": "Điều Dưỡng",
    "11": "Số Tiền",
    "12": "Thực Lãnh"
  },
  "doctor_count": 28
}
[2026-07-23 13:36:56.746] [SKIP_VALID] Dòng 7: đã là bác sĩ hợp lệ
{
  "value": "HOAN"
}
[2026-07-23 13:36:56.746] [SKIP_VALID] Dòng 8: đã là bác sĩ hợp lệ
{
  "value": "BẢO"
}
[2026-07-23 13:36:56.747] [SKIP_VALID] Dòng 9: đã là bác sĩ hợp lệ
{
  "value": "V.TÂN"
}
[2026-07-23 13:36:56.747] [SKIP_VALID] Dòng 10: đã là bác sĩ hợp lệ
{
  "value": "TOẢN"
}
[2026-07-23 13:36:56.748] [SKIP_VALID] Dòng 13: đã là bác sĩ hợp lệ
{
  "value": "G.TỬ"
}
[2026-07-23 13:36:56.748] [SKIP_VALID] Dòng 15: đã là bác sĩ hợp lệ
{
  "value": "SƠN"
}
[2026-07-23 13:36:56.749] [SKIP_VALID] Dòng 16: đã là bác sĩ hợp lệ
{
  "value": "V.TÂN"
}
[2026-07-23 13:36:56.749] [SKIP_VALID] Dòng 19: đã là bác sĩ hợp lệ
{
  "value": "DUY"
}
[2026-07-23 13:36:56.749] [SKIP_VALID] Dòng 20: đã là bác sĩ hợp lệ
{
  "value": "HOAN"
}
[2026-07-23 13:36:56.750] [SKIP_VALID] Dòng 21: đã là bác sĩ hợp lệ
{
  "value": "HOAN"
}
[2026-07-23 13:36:56.750] [SKIP_VALID] Dòng 22: đã là bác sĩ hợp lệ
{
  "value": "SƠN"
}
[2026-07-23 13:36:56.750] [SKIP_VALID] Dòng 23: đã là bác sĩ hợp lệ
{
  "value": "V.TÂN"
}
[2026-07-23 13:36:56.751] [SKIP_VALID] Dòng 24: đã là bác sĩ hợp lệ
{
  "value": "V.TÂN"
}
[2026-07-23 13:36:56.751] [SKIP_VALID] Dòng 25: đã là bác sĩ hợp lệ
{
  "value": "TOẢN"
}
[2026-07-23 13:36:56.752] [SKIP_VALID] Dòng 26: đã là bác sĩ hợp lệ
{
  "value": "TOẢN"
}
[2026-07-23 13:36:56.753] [SKIP_VALID] Dòng 27: đã là bác sĩ hợp lệ
{
  "value": "BẢO"
}
[2026-07-23 13:36:56.753] [SKIP_VALID] Dòng 28: đã là bác sĩ hợp lệ
{
  "value": "HOAN"
}
[2026-07-23 13:36:56.754] [SKIP_VALID] Dòng 29: đã là bác sĩ hợp lệ
{
  "value": "SƠN"
}
[2026-07-23 13:36:56.754] [SKIP_VALID] Dòng 30: đã là bác sĩ hợp lệ
{
  "value": "SƠN"
}
[2026-07-23 13:36:56.755] [SKIP_VALID] Dòng 31: đã là bác sĩ hợp lệ
{
  "value": "SƠN"
}
[2026-07-23 13:36:56.755] [SKIP_VALID] Dòng 32: đã là bác sĩ hợp lệ
{
  "value": "SƠN"
}
[2026-07-23 13:36:56.755] [SKIP_VALID] Dòng 33: đã là bác sĩ hợp lệ
{
  "value": "BẢO"
}
[2026-07-23 13:36:56.756] [SKIP_VALID] Dòng 34: đã là bác sĩ hợp lệ
{
  "value": "V.TÂN"
}
[2026-07-23 13:36:56.756] [SKIP_VALID] Dòng 35: đã là bác sĩ hợp lệ
{
  "value": "V.TÂN"
}
[2026-07-23 13:36:56.757] [SKIP_VALID] Dòng 39: đã là bác sĩ hợp lệ
{
  "value": "G.TỬ"
}
[2026-07-23 13:36:56.757] [SKIP_VALID] Dòng 40: đã là bác sĩ hợp lệ
{
  "value": "ĐIỀN"
}
[2026-07-23 13:36:56.758] [SKIP_VALID] Dòng 41: đã là bác sĩ hợp lệ
{
  "value": "G.TỬ"
}
[2026-07-23 13:36:56.758] [SKIP_VALID] Dòng 42: đã là bác sĩ hợp lệ
{
  "value": "HOAN"
}
[2026-07-23 13:36:56.759] [SKIP_VALID] Dòng 43: đã là bác sĩ hợp lệ
{
  "value": "V.TÂN"
}
[2026-07-23 13:36:56.759] [SKIP_VALID] Dòng 44: đã là bác sĩ hợp lệ
{
  "value": "SƠN"
}
[2026-07-23 13:36:56.760] [SKIP_VALID] Dòng 45: đã là bác sĩ hợp lệ
{
  "value": "V.TÂN"
}
[2026-07-23 13:36:56.760] [SKIP_VALID] Dòng 46: đã là bác sĩ hợp lệ
{
  "value": "HOAN"
}
[2026-07-23 13:36:56.761] [SKIP_VALID] Dòng 47: đã là bác sĩ hợp lệ
{
  "value": "SƠN"
}
[2026-07-23 13:36:56.761] [SKIP_VALID] Dòng 48: đã là bác sĩ hợp lệ
{
  "value": "V.TÂN"
}
[2026-07-23 13:36:56.762] [SKIP_VALID] Dòng 50: đã là bác sĩ hợp lệ
{
  "value": "TOẢN"
}
[2026-07-23 13:36:56.762] [SKIP_VALID] Dòng 51: đã là bác sĩ hợp lệ
{
  "value": "TOẢN"
}
[2026-07-23 13:36:56.763] [SKIP_VALID] Dòng 54: đã là bác sĩ hợp lệ
{
  "value": "DUY"
}
[2026-07-23 13:36:56.763] [SKIP_VALID] Dòng 56: đã là bác sĩ hợp lệ
{
  "value": "HOAN"
}
[2026-07-23 13:36:56.763] [SKIP_VALID] Dòng 57: đã là bác sĩ hợp lệ
{
  "value": "V.TÂN"
}
[2026-07-23 13:36:56.764] [SKIP_VALID] Dòng 58: đã là bác sĩ hợp lệ
{
  "value": "V.TÂN"
}
[2026-07-23 13:36:56.764] [SKIP_VALID] Dòng 59: đã là bác sĩ hợp lệ
{
  "value": "V.TÂN"
}
[2026-07-23 13:36:56.764] [SKIP_VALID] Dòng 60: đã là bác sĩ hợp lệ
{
  "value": "SƠN"
}
[2026-07-23 13:36:56.765] [SKIP_VALID] Dòng 61: đã là bác sĩ hợp lệ
{
  "value": "SƠN"
}
[2026-07-23 13:36:56.765] [SKIP_VALID] Dòng 62: đã là bác sĩ hợp lệ
{
  "value": "BẢO"
}
[2026-07-23 13:36:56.765] [SKIP_VALID] Dòng 63: đã là bác sĩ hợp lệ
{
  "value": "BẢO"
}
[2026-07-23 13:36:56.766] [SKIP_VALID] Dòng 64: đã là bác sĩ hợp lệ
{
  "value": "V.TÂN"
}
[2026-07-23 13:36:56.766] [SKIP_VALID] Dòng 65: đã là bác sĩ hợp lệ
{
  "value": "V.TÂN"
}
[2026-07-23 13:36:56.766] [SKIP_VALID] Dòng 66: đã là bác sĩ hợp lệ
{
  "value": "V.TÂN"
}
[2026-07-23 13:36:56.767] [SKIP_VALID] Dòng 67: đã là bác sĩ hợp lệ
{
  "value": "TOẢN"
}
[2026-07-23 13:36:56.767] [SKIP_VALID] Dòng 68: đã là bác sĩ hợp lệ
{
  "value": "ĐIỀN"
}
[2026-07-23 13:36:56.768] [SKIP_VALID] Dòng 69: đã là bác sĩ hợp lệ
{
  "value": "V.TÂN"
}
[2026-07-23 13:36:56.768] [SKIP_VALID] Dòng 70: đã là bác sĩ hợp lệ
{
  "value": "V.TÂN"
}
[2026-07-23 13:36:56.768] [SKIP_VALID] Dòng 71: đã là bác sĩ hợp lệ
{
  "value": "SƠN"
}
[2026-07-23 13:36:56.769] [SKIP_VALID] Dòng 72: đã là bác sĩ hợp lệ
{
  "value": "V.TÂN"
}
[2026-07-23 13:36:56.769] [SKIP_VALID] Dòng 73: đã là bác sĩ hợp lệ
{
  "value": "V.TÂN"
}
[2026-07-23 13:36:56.770] [SKIP_VALID] Dòng 74: đã là bác sĩ hợp lệ
{
  "value": "V.TÂN"
}
[2026-07-23 13:36:56.770] [SKIP_VALID] Dòng 75: đã là bác sĩ hợp lệ
{
  "value": "HOAN"
}
[2026-07-23 13:36:56.770] [SKIP_VALID] Dòng 76: đã là bác sĩ hợp lệ
{
  "value": "HOAN"
}
[2026-07-23 13:36:56.771] [SKIP_VALID] Dòng 77: đã là bác sĩ hợp lệ
{
  "value": "HOAN"
}
[2026-07-23 13:36:56.771] [SKIP_VALID] Dòng 79: đã là bác sĩ hợp lệ
{
  "value": "DUY"
}
[2026-07-23 13:36:56.771] [SKIP_VALID] Dòng 80: đã là bác sĩ hợp lệ
{
  "value": "DUY"
}
[2026-07-23 13:36:56.772] [SKIP_VALID] Dòng 81: đã là bác sĩ hợp lệ
{
  "value": "HOAN"
}
[2026-07-23 13:36:56.772] [SKIP_VALID] Dòng 82: đã là bác sĩ hợp lệ
{
  "value": "V.TÂN"
}
[2026-07-23 13:36:56.772] [SKIP_VALID] Dòng 83: đã là bác sĩ hợp lệ
{
  "value": "BẢO"
}
[2026-07-23 13:36:56.773] [SKIP_VALID] Dòng 84: đã là bác sĩ hợp lệ
{
  "value": "BẢO"
}
[2026-07-23 13:36:56.773] [SKIP_VALID] Dòng 85: đã là bác sĩ hợp lệ
{
  "value": "BẢO"
}
[2026-07-23 13:36:56.773] [SKIP_VALID] Dòng 86: đã là bác sĩ hợp lệ
{
  "value": "BẢO"
}
[2026-07-23 13:36:56.774] [SKIP_VALID] Dòng 92: đã là bác sĩ hợp lệ
{
  "value": "TOẢN"
}
[2026-07-23 13:36:56.774] [SKIP_VALID] Dòng 94: đã là bác sĩ hợp lệ
{
  "value": "HOAN"
}
[2026-07-23 13:36:56.775] [SKIP_VALID] Dòng 95: đã là bác sĩ hợp lệ
{
  "value": "G.TỬ"
}
[2026-07-23 13:36:56.775] [SKIP_VALID] Dòng 96: đã là bác sĩ hợp lệ
{
  "value": "DUY"
}
[2026-07-23 13:36:56.775] [SKIP_VALID] Dòng 97: đã là bác sĩ hợp lệ
{
  "value": "V.TÂN"
}
[2026-07-23 13:36:56.776] [SKIP_VALID] Dòng 98: đã là bác sĩ hợp lệ
{
  "value": "V.TÂN"
}
[2026-07-23 13:36:56.776] [SKIP_VALID] Dòng 99: đã là bác sĩ hợp lệ
{
  "value": "V.TÂN"
}
[2026-07-23 13:36:56.776] [SKIP_VALID] Dòng 100: đã là bác sĩ hợp lệ
{
  "value": "V.TÂN"
}
[2026-07-23 13:36:56.777] [SKIP_VALID] Dòng 101: đã là bác sĩ hợp lệ
{
  "value": "BẢO"
}
[2026-07-23 13:36:56.777] [SKIP_VALID] Dòng 102: đã là bác sĩ hợp lệ
{
  "value": "SƠN"
}
[2026-07-23 13:36:56.778] [SKIP_VALID] Dòng 103: đã là bác sĩ hợp lệ
{
  "value": "V.TÂN"
}
[2026-07-23 13:36:56.778] [SKIP_VALID] Dòng 104: đã là bác sĩ hợp lệ
{
  "value": "V.TÂN"
}
[2026-07-23 13:36:56.778] [SKIP_VALID] Dòng 105: đã là bác sĩ hợp lệ
{
  "value": "V.TÂN"
}
[2026-07-23 13:36:56.779] [TARGET_ROWS] Có 20 dòng cần kiểm tra EMR
{
  "rows": [
    11,
    12,
    14,
    17,
    18,
    36,
    37,
    38,
    49,
    52,
    53,
    55,
    78,
    87,
    88,
    89,
    90,
    91,
    93,
    106
  ],
  "skipped_valid": 80
}
[2026-07-23 13:36:57.303] [AUTOSAVE_INIT] Đã tạo/cập nhật file làm việc trước khi tìm EMR
{
  "output": "E:\\Thong_ke\\node_outputs\\PM khoa CTCH T6_NHAP_LIEU.xlsx"
}
[2026-07-23 13:36:57.304] [BROWSER_START] Khởi động trình duyệt EMR
{
  "headless": false
}
[2026-07-23 13:36:58.283] [BROWSER_READY] Trình duyệt EMR đã sẵn sàng
[2026-07-23 13:36:58.287] [ROW_BEGIN] [1/20] Bắt đầu dòng 11: ĐẶNG BẠCH PHỤNG
{
  "raw_time": "2026/06/03 09:16",
  "parsed_time": "09:16 03/06/2026",
  "method": "Phẫu thuật điều trị bệnh DE QUER VAIN và ngón tay cò súng [gây tê]",
  "old_value": ""
}
[2026-07-23 13:36:58.288] [SEARCH_BEGIN] dòng 11: tìm ĐẶNG BẠCH PHỤNG tại D/s Phẫu thuật
{
  "patient": "ĐẶNG BẠCH PHỤNG",
  "target_time": "2026-06-03 09:16:00",
  "target_method": "Phẫu thuật điều trị bệnh DE QUER VAIN và ngón tay cò súng [gây tê]",
  "source": "surgery"
}
[2026-07-23 13:36:58.306] [BROWSER] [LOGIN] http://192.168.2.26:2026/login.aspx
[2026-07-23 13:36:59.693] [BROWSER] [LOGIN] Thành công: http://192.168.2.26:2026/home.aspx?scope=sys&lang=vi&role=323&usid=172.31.255.1_mizoky1g35oz4drputdklt4yb4cf4523&st=133656
[2026-07-23 13:36:59.962] [BROWSER] [NAV] D/s Phẫu thuật: http://192.168.2.26:2026/home.aspx?scope=sys&lang=vi&wpid=danhsachphauthuatdraw&role=323&usid=172.31.255.1_mizoky1g35oz4drputdklt4yb4cf4523&st=133656
[2026-07-23 13:37:02.170] [BROWSER] [FILTER] 3 tháng
[2026-07-23 13:37:02.739] [BROWSER] [SEARCH] Nhập 'ĐẶNG BẠCH PHỤNG' vào #txtTimKiem
[2026-07-23 13:37:02.882] [BROWSER] [SEARCH] Đã bấm Tìm kiếm bằng #btnTimKiem
[2026-07-23 13:37:02.914] [BROWSER] [RESULT] D/s Phẫu thuật: 2 dòng
[2026-07-23 13:37:02.920] [SEARCH_RESULT] D/s Phẫu thuật: nhận 2 dòng
{
  "current_url": "http://192.168.2.26:2026/home.aspx?scope=sys&lang=vi&wpid=danhsachphauthuatdraw&role=323&usid=172.31.255.1_mizoky1g35oz4drputdklt4yb4cf4523&st=133656",
  "search_input_id": "txtTimKiem",
  "search_trigger": "#btnTimKiem",
  "headers": [
    "STT",
    "Mã BN",
    "Họ tên",
    "Giới tính",
    "Tuổi",
    "Phòng mổ",
    "Nơi chuyển mổ",
    "Nội dung phẫu thuật",
    "Tình trạng",
    "Thời gian",
    "Trạng thái",
    "Đối tượng",
    "Đã tạm ứng"
  ],
  "rows": [
    {
      "access_id": "1f7e30c9-de83-40b0-90a3-b45e0093a7d5",
      "known_fields": {
        "stt": "1",
        "ma_bn": "26041728",
        "ho_ten": "ĐẶNG BẠCH PHỤNG (Phẫu thuật tại khoa)",
        "gioi_tinh": "Nữ",
        "tuoi": "63 tuổi",
        "phong_mo": "PHÒNG PHẪU THUẬT",
        "noi_chuyen_mo": "Khoa Khám Bệnh",
        "noi_dung_phau_thuat": "Phẫu thuật điều trị bệnh DE QUER VAIN và ngón tay cò súng [gây tê]",
        "tinh_trang": "Thường",
        "thoi_gian": "03/06/2026",
        "trang_thai": "Hoàn tất",
        "doi_tuong": "Viện phí",
        "tam_ung": "0"
      },
      "raw_text": "1 26041728 ĐẶNG BẠCH PHỤNG (Phẫu thuật tại khoa) Nữ 63 tuổi PHÒNG PHẪU THUẬT Khoa Khám Bệnh Phẫu thuật điều trị bệnh DE QUER VAIN và ngón tay cò súng [gây tê] Thường 03/06/2026 Hoàn tất Viện phí 0",
      "links": [
        {
          "text": "1",
          "href": "http://192.168.2.26:2026/home.aspx?scope=sys&lang=vi&wpid=phauthuatdraw&phauthuatid=1f7e30c9-de83-40b0-90a3-b45e0093a7d5&keyword=%C4%91%E1%BA%B7ng%20b%E1%BA%A1ch%20ph%E1%BB%A5ng&tg=6&tungay=01/04/2026&denngay=24/07/2026&usid=172.31.255.1_mizoky1g35oz4drputdklt4yb4cf4523&st=133700",
          "onclick": ""
        },
        {
          "text": "26041728",
          "href": "http://192.168.2.26:2026/home.aspx?scope=sys&lang=vi&wpid=phauthuatdraw&phauthuatid=1f7e30c9-de83-40b0-90a3-b45e0093a7d5&keyword=%C4%91%E1%BA%B7ng%20b%E1%BA%A1ch%20ph%E1%BB%A5ng&tg=6&tungay=01/04/2026&denngay=24/07/2026&usid=172.31.255.1_mizoky1g35oz4drputdklt4yb4cf4523&st=133700",
          "onclick": ""
        },
        {
          "text": "ĐẶNG BẠCH PHỤNG (Phẫu thuật tại khoa)",
          "href": "http://192.168.2.26:2026/home.aspx?scope=sys&lang=vi&wpid=phauthuatdraw&phauthuatid=1f7e30c9-de83-40b0-90a3-b45e0093a7d5&keyword=%C4%91%E1%BA%B7ng%20b%E1%BA%A1ch%20ph%E1%BB%A5ng&tg=6&tungay=01/04/2026&denngay=24/07/2026&usid=172.31.255.1_mizoky1g35oz4drputdklt4yb4cf4523&st=133700",
          "onclick": ""
        },
        {
          "text": "Nữ",
          "href": "http://192.168.2.26:2026/home.aspx?scope=sys&lang=vi&wpid=phauthuatdraw&phauthuatid=1f7e30c9-de83-40b0-90a3-b45e0093a7d5&keyword=%C4%91%E1%BA%B7ng%20b%E1%BA%A1ch%20ph%E1%BB%A5ng&tg=6&tungay=01/04/2026&denngay=24/07/2026&usid=172.31.255.1_mizoky1g35oz4drputdklt4yb4cf4523&st=133700",
          "onclick": ""
        },
        {
          "text": "63 tuổi",
          "href": "http://192.168.2.26:2026/home.aspx?scope=sys&lang=vi&wpid=phauthuatdraw&phauthuatid=1f7e30c9-de83-40b0-90a3-b45e0093a7d5&keyword=%C4%91%E1%BA%B7ng%20b%E1%BA%A1ch%20ph%E1%BB%A5ng&tg=6&tungay=01/04/2026&denngay=24/07/2026&usid=172.31.255.1_mizoky1g35oz4drputdklt4yb4cf4523&st=133700",
          "onclick": ""
        },
        {
          "text": "PHÒNG PHẪU THUẬT",
          "href": "http://192.168.2.26:2026/home.aspx?scope=sys&lang=vi&wpid=phauthuatdraw&phauthuatid=1f7e30c9-de83-40b0-90a3-b45e0093a7d5&keyword=%C4%91%E1%BA%B7ng%20b%E1%BA%A1ch%20ph%E1%BB%A5ng&tg=6&tungay=01/04/2026&denngay=24/07/2026&usid=172.31.255.1_mizoky1g35oz4drputdklt4yb4cf4523&st=133700",
          "onclick": ""
        },
        {
          "text": "Khoa Khám Bệnh",
          "href": "http://192.168.2.26:2026/home.aspx?scope=sys&lang=vi&wpid=phauthuatdraw&phauthuatid=1f7e30c9-de83-40b0-90a3-b45e0093a7d5&keyword=%C4%91%E1%BA%B7ng%20b%E1%BA%A1ch%20ph%E1%BB%A5ng&tg=6&tungay=01/04/2026&denngay=24/07/2026&usid=172.31.255.1_mizoky1g35oz4drputdklt4yb4cf4523&st=133700",
          "onclick": ""
        },
        {
          "text": "Phẫu thuật điều trị bệnh DE QUER VAIN và ngón tay cò súng [gây tê]",
          "href": "http://192.168.2.26:2026/home.aspx?scope=sys&lang=vi&wpid=phauthuatdraw&phauthuatid=1f7e30c9-de83-40b0-90a3-b45e0093a7d5&keyword=%C4%91%E1%BA%B7ng%20b%E1%BA%A1ch%20ph%E1%BB%A5ng&tg=6&tungay=01/04/2026&denngay=24/07/2026&usid=172.31.255.1_mizoky1g35oz4drputdklt4yb4cf4523&st=133700",
          "onclick": ""
        },
        {
          "text": "Thường",
          "href": "http://192.168.2.26:2026/home.aspx?scope=sys&lang=vi&wpid=phauthuatdraw&phauthuatid=1f7e30c9-de83-40b0-90a3-b45e0093a7d5&keyword=%C4%91%E1%BA%B7ng%20b%E1%BA%A1ch%20ph%E1%BB%A5ng&tg=6&tungay=01/04/2026&denngay=24/07/2026&usid=172.31.255.1_mizoky1g35oz4drputdklt4yb4cf4523&st=133700",
          "onclick": ""
        },
        {
          "text": "03/06/2026",
          "href": "http://192.168.2.26:2026/home.aspx?scope=sys&lang=vi&wpid=phauthuatdraw&phauthuatid=1f7e30c9-de83-40b0-90a3-b45e0093a7d5&keyword=%C4%91%E1%BA%B7ng%20b%E1%BA%A1ch%20ph%E1%BB%A5ng&tg=6&tungay=01/04/2026&denngay=24/07/2026&usid=172.31.255.1_mizoky1g35oz4drputdklt4yb4cf4523&st=133700",
          "onclick": ""
        }
      ]
    },
    {
      "access_id": "08d7164b-4e9a-45a8-be27-b41f00a0ba2e",
      "known_fields": {
        "stt": "2",
        "ma_bn": "26041728",
        "ho_ten": "ĐẶNG BẠCH PHỤNG (Phẫu thuật tại khoa)",
        "gioi_tinh": "Nữ",
        "tuoi": "63 tuổi",
        "phong_mo": "PHÒNG PHẪU THUẬT",
        "noi_chuyen_mo": "Khoa Khám Bệnh",
        "noi_dung_phau_thuat": "Phẫu thuật điều trị bệnh DE QUER VAIN và ngón tay cò súng [gây tê]",
        "tinh_trang": "Thường",
        "thoi_gian": "01/04/2026",
        "trang_thai": "Hoàn tất",
        "doi_tuong": "Viện phí",
        "tam_ung": "0"
      },
      "raw_text": "2 26041728 ĐẶNG BẠCH PHỤNG (Phẫu thuật tại khoa) Nữ 63 tuổi PHÒNG PHẪU THUẬT Khoa Khám Bệnh Phẫu thuật điều trị bệnh DE QUER VAIN và ngón tay cò súng [gây tê] Thường 01/04/2026 Hoàn tất Viện phí 0",
      "links": [
        {
          "text": "2",
          "href": "http://192.168.2.26:2026/home.aspx?scope=sys&lang=vi&wpid=phauthuatdraw&phauthuatid=08d7164b-4e9a-45a8-be27-b41f00a0ba2e&keyword=%C4%91%E1%BA%B7ng%20b%E1%BA%A1ch%20ph%E1%BB%A5ng&tg=6&tungay=01/04/2026&denngay=24/07/2026&usid=172.31.255.1_mizoky1g35oz4drputdklt4yb4cf4523&st=133700",
          "onclick": ""
        },
        {
          "text": "26041728",
          "href": "http://192.168.2.26:2026/home.aspx?scope=sys&lang=vi&wpid=phauthuatdraw&phauthuatid=08d7164b-4e9a-45a8-be27-b41f00a0ba2e&keyword=%C4%91%E1%BA%B7ng%20b%E1%BA%A1ch%20ph%E1%BB%A5ng&tg=6&tungay=01/04/2026&denngay=24/07/2026&usid=172.31.255.1_mizoky1g35oz4drputdklt4yb4cf4523&st=133700",
          "onclick": ""
        },
        {
          "text": "ĐẶNG BẠCH PHỤNG (Phẫu thuật tại khoa)",
          "href": "http://192.168.2.26:2026/home.aspx?scope=sys&lang=vi&wpid=phauthuatdraw&phauthuatid=08d7164b-4e9a-45a8-be27-b41f00a0ba2e&keyword=%C4%91%E1%BA%B7ng%20b%E1%BA%A1ch%20ph%E1%BB%A5ng&tg=6&tungay=01/04/2026&denngay=24/07/2026&usid=172.31.255.1_mizoky1g35oz4drputdklt4yb4cf4523&st=133700",
          "onclick": ""
        },
        {
          "text": "Nữ",
          "href": "http://192.168.2.26:2026/home.aspx?scope=sys&lang=vi&wpid=phauthuatdraw&phauthuatid=08d7164b-4e9a-45a8-be27-b41f00a0ba2e&keyword=%C4%91%E1%BA%B7ng%20b%E1%BA%A1ch%20ph%E1%BB%A5ng&tg=6&tungay=01/04/2026&denngay=24/07/2026&usid=172.31.255.1_mizoky1g35oz4drputdklt4yb4cf4523&st=133700",
          "onclick": ""
        },
        {
          "text": "63 tuổi",
          "href": "http://192.168.2.26:2026/home.aspx?scope=sys&lang=vi&wpid=phauthuatdraw&phauthuatid=08d7164b-4e9a-45a8-be27-b41f00a0ba2e&keyword=%C4%91%E1%BA%B7ng%20b%E1%BA%A1ch%20ph%E1%BB%A5ng&tg=6&tungay=01/04/2026&denngay=24/07/2026&usid=172.31.255.1_mizoky1g35oz4drputdklt4yb4cf4523&st=133700",
          "onclick": ""
        },
        {
          "text": "PHÒNG PHẪU THUẬT",
          "href": "http://192.168.2.26:2026/home.aspx?scope=sys&lang=vi&wpid=phauthuatdraw&phauthuatid=08d7164b-4e9a-45a8-be27-b41f00a0ba2e&keyword=%C4%91%E1%BA%B7ng%20b%E1%BA%A1ch%20ph%E1%BB%A5ng&tg=6&tungay=01/04/2026&denngay=24/07/2026&usid=172.31.255.1_mizoky1g35oz4drputdklt4yb4cf4523&st=133700",
          "onclick": ""
        },
        {
          "text": "Khoa Khám Bệnh",
          "href": "http://192.168.2.26:2026/home.aspx?scope=sys&lang=vi&wpid=phauthuatdraw&phauthuatid=08d7164b-4e9a-45a8-be27-b41f00a0ba2e&keyword=%C4%91%E1%BA%B7ng%20b%E1%BA%A1ch%20ph%E1%BB%A5ng&tg=6&tungay=01/04/2026&denngay=24/07/2026&usid=172.31.255.1_mizoky1g35oz4drputdklt4yb4cf4523&st=133700",
          "onclick": ""
        },
        {
          "text": "Phẫu thuật điều trị bệnh DE QUER VAIN và ngón tay cò súng [gây tê]",
          "href": "http://192.168.2.26:2026/home.aspx?scope=sys&lang=vi&wpid=phauthuatdraw&phauthuatid=08d7164b-4e9a-45a8-be27-b41f00a0ba2e&keyword=%C4%91%E1%BA%B7ng%20b%E1%BA%A1ch%20ph%E1%BB%A5ng&tg=6&tungay=01/04/2026&denngay=24/07/2026&usid=172.31.255.1_mizoky1g35oz4drputdklt4yb4cf4523&st=133700",
          "onclick": ""
        },
        {
          "text": "Thường",
          "href": "http://192.168.2.26:2026/home.aspx?scope=sys&lang=vi&wpid=phauthuatdraw&phauthuatid=08d7164b-4e9a-45a8-be27-b41f00a0ba2e&keyword=%C4%91%E1%BA%B7ng%20b%E1%BA%A1ch%20ph%E1%BB%A5ng&tg=6&tungay=01/04/2026&denngay=24/07/2026&usid=172.31.255.1_mizoky1g35oz4drputdklt4yb4cf4523&st=133700",
          "onclick": ""
        },
        {
          "text": "01/04/2026",
          "href": "http://192.168.2.26:2026/home.aspx?scope=sys&lang=vi&wpid=phauthuatdraw&phauthuatid=08d7164b-4e9a-45a8-be27-b41f00a0ba2e&keyword=%C4%91%E1%BA%B7ng%20b%E1%BA%A1ch%20ph%E1%BB%A5ng&tg=6&tungay=01/04/2026&denngay=24/07/2026&usid=172.31.255.1_mizoky1g35oz4drputdklt4yb4cf4523&st=133700",
          "onclick": ""
        }
      ]
    }
  ]
}
[2026-07-23 13:37:02.926] [CANDIDATES] D/s Phẫu thuật: có 2 ứng viên cùng người bệnh
{
  "candidates": [
    {
      "list_score": 125.0,
      "list_datetime": "2026-06-03 00:00:00",
      "list_method": "Phẫu thuật điều trị bệnh DE QUER VAIN và ngón tay cò súng [gây tê]",
      "detail_marker": "http://192.168.2.26:2026/home.aspx?scope=sys&lang=vi&wpid=phauthuatdraw&phauthuatid=1f7e30c9-de83-40b0-90a3-b45e0093a7d5&keyword=%C4%91%E1%BA%B7ng%20b%E1%BA%A1ch%20ph%E1%BB%A5ng&tg=6&tungay=01/04/2026&denngay=24/07/2026&usid=172.31.255.1_mizoky1g35oz4drputdklt4yb4cf4523&st=133700",
      "row": {
        "access_id": "1f7e30c9-de83-40b0-90a3-b45e0093a7d5",
        "known_fields": {
          "stt": "1",
          "ma_bn": "26041728",
          "ho_ten": "ĐẶNG BẠCH PHỤNG (Phẫu thuật tại khoa)",
          "gioi_tinh": "Nữ",
          "tuoi": "63 tuổi",
          "phong_mo": "PHÒNG PHẪU THUẬT",
          "noi_chuyen_mo": "Khoa Khám Bệnh",
          "noi_dung_phau_thuat": "Phẫu thuật điều trị bệnh DE QUER VAIN và ngón tay cò súng [gây tê]",
          "tinh_trang": "Thường",
          "thoi_gian": "03/06/2026",
          "trang_thai": "Hoàn tất",
          "doi_tuong": "Viện phí",
          "tam_ung": "0"
        },
        "raw_text": "1 26041728 ĐẶNG BẠCH PHỤNG (Phẫu thuật tại khoa) Nữ 63 tuổi PHÒNG PHẪU THUẬT Khoa Khám Bệnh Phẫu thuật điều trị bệnh DE QUER VAIN và ngón tay cò súng [gây tê] Thường 03/06/2026 Hoàn tất Viện phí 0",
        "links": [
          {
            "text": "1",
            "href": "http://192.168.2.26:2026/home.aspx?scope=sys&lang=vi&wpid=phauthuatdraw&phauthuatid=1f7e30c9-de83-40b0-90a3-b45e0093a7d5&keyword=%C4%91%E1%BA%B7ng%20b%E1%BA%A1ch%20ph%E1%BB%A5ng&tg=6&tungay=01/04/2026&denngay=24/07/2026&usid=172.31.255.1_mizoky1g35oz4drputdklt4yb4cf4523&st=133700",
            "onclick": ""
          },
          {
            "text": "26041728",
            "href": "http://192.168.2.26:2026/home.aspx?scope=sys&lang=vi&wpid=phauthuatdraw&phauthuatid=1f7e30c9-de83-40b0-90a3-b45e0093a7d5&keyword=%C4%91%E1%BA%B7ng%20b%E1%BA%A1ch%20ph%E1%BB%A5ng&tg=6&tungay=01/04/2026&denngay=24/07/2026&usid=172.31.255.1_mizoky1g35oz4drputdklt4yb4cf4523&st=133700",
            "onclick": ""
          },
          {
            "text": "ĐẶNG BẠCH PHỤNG (Phẫu thuật tại khoa)",
            "href": "http://192.168.2.26:2026/home.aspx?scope=sys&lang=vi&wpid=phauthuatdraw&phauthuatid=1f7e30c9-de83-40b0-90a3-b45e0093a7d5&keyword=%C4%91%E1%BA%B7ng%20b%E1%BA%A1ch%20ph%E1%BB%A5ng&tg=6&tungay=01/04/2026&denngay=24/07/2026&usid=172.31.255.1_mizoky1g35oz4drputdklt4yb4cf4523&st=133700",
            "onclick": ""
          },
          {
            "text": "Nữ",
            "href": "http://192.168.2.26:2026/home.aspx?scope=sys&lang=vi&wpid=phauthuatdraw&phauthuatid=1f7e30c9-de83-40b0-90a3-b45e0093a7d5&keyword=%C4%91%E1%BA%B7ng%20b%E1%BA%A1ch%20ph%E1%BB%A5ng&tg=6&tungay=01/04/2026&denngay=24/07/2026&usid=172.31.255.1_mizoky1g35oz4drputdklt4yb4cf4523&st=133700",
            "onclick": ""
          },
          {
            "text": "63 tuổi",
            "href": "http://192.168.2.26:2026/home.aspx?scope=sys&lang=vi&wpid=phauthuatdraw&phauthuatid=1f7e30c9-de83-40b0-90a3-b45e0093a7d5&keyword=%C4%91%E1%BA%B7ng%20b%E1%BA%A1ch%20ph%E1%BB%A5ng&tg=6&tungay=01/04/2026&denngay=24/07/2026&usid=172.31.255.1_mizoky1g35oz4drputdklt4yb4cf4523&st=133700",
            "onclick": ""
          },
          {
            "text": "PHÒNG PHẪU THUẬT",
            "href": "http://192.168.2.26:2026/home.aspx?scope=sys&lang=vi&wpid=phauthuatdraw&phauthuatid=1f7e30c9-de83-40b0-90a3-b45e0093a7d5&keyword=%C4%91%E1%BA%B7ng%20b%E1%BA%A1ch%20ph%E1%BB%A5ng&tg=6&tungay=01/04/2026&denngay=24/07/2026&usid=172.31.255.1_mizoky1g35oz4drputdklt4yb4cf4523&st=133700",
            "onclick": ""
          },
          {
            "text": "Khoa Khám Bệnh",
            "href": "http://192.168.2.26:2026/home.aspx?scope=sys&lang=vi&wpid=phauthuatdraw&phauthuatid=1f7e30c9-de83-40b0-90a3-b45e0093a7d5&keyword=%C4%91%E1%BA%B7ng%20b%E1%BA%A1ch%20ph%E1%BB%A5ng&tg=6&tungay=01/04/2026&denngay=24/07/2026&usid=172.31.255.1_mizoky1g35oz4drputdklt4yb4cf4523&st=133700",
            "onclick": ""
          },
          {
            "text": "Phẫu thuật điều trị bệnh DE QUER VAIN và ngón tay cò súng [gây tê]",
            "href": "http://192.168.2.26:2026/home.aspx?scope=sys&lang=vi&wpid=phauthuatdraw&phauthuatid=1f7e30c9-de83-40b0-90a3-b45e0093a7d5&keyword=%C4%91%E1%BA%B7ng%20b%E1%BA%A1ch%20ph%E1%BB%A5ng&tg=6&tungay=01/04/2026&denngay=24/07/2026&usid=172.31.255.1_mizoky1g35oz4drputdklt4yb4cf4523&st=133700",
            "onclick": ""
          },
          {
            "text": "Thường",
            "href": "http://192.168.2.26:2026/home.aspx?scope=sys&lang=vi&wpid=phauthuatdraw&phauthuatid=1f7e30c9-de83-40b0-90a3-b45e0093a7d5&keyword=%C4%91%E1%BA%B7ng%20b%E1%BA%A1ch%20ph%E1%BB%A5ng&tg=6&tungay=01/04/2026&denngay=24/07/2026&usid=172.31.255.1_mizoky1g35oz4drputdklt4yb4cf4523&st=133700",
            "onclick": ""
          },
          {
            "text": "03/06/2026",
            "href": "http://192.168.2.26:2026/home.aspx?scope=sys&lang=vi&wpid=phauthuatdraw&phauthuatid=1f7e30c9-de83-40b0-90a3-b45e0093a7d5&keyword=%C4%91%E1%BA%B7ng%20b%E1%BA%A1ch%20ph%E1%BB%A5ng&tg=6&tungay=01/04/2026&denngay=24/07/2026&usid=172.31.255.1_mizoky1g35oz4drputdklt4yb4cf4523&st=133700",
            "onclick": ""
          }
        ]
      }
    },
    {
      "list_score": 80.0,
      "list_datetime": "2026-04-01 00:00:00",
      "list_method": "Phẫu thuật điều trị bệnh DE QUER VAIN và ngón tay cò súng [gây tê]",
      "detail_marker": "http://192.168.2.26:2026/home.aspx?scope=sys&lang=vi&wpid=phauthuatdraw&phauthuatid=08d7164b-4e9a-45a8-be27-b41f00a0ba2e&keyword=%C4%91%E1%BA%B7ng%20b%E1%BA%A1ch%20ph%E1%BB%A5ng&tg=6&tungay=01/04/2026&denngay=24/07/2026&usid=172.31.255.1_mizoky1g35oz4drputdklt4yb4cf4523&st=133700",
      "row": {
        "access_id": "08d7164b-4e9a-45a8-be27-b41f00a0ba2e",
        "known_fields": {
          "stt": "2",
          "ma_bn": "26041728",
          "ho_ten": "ĐẶNG BẠCH PHỤNG (Phẫu thuật tại khoa)",
          "gioi_tinh": "Nữ",
          "tuoi": "63 tuổi",
          "phong_mo": "PHÒNG PHẪU THUẬT",
          "noi_chuyen_mo": "Khoa Khám Bệnh",
          "noi_dung_phau_thuat": "Phẫu thuật điều trị bệnh DE QUER VAIN và ngón tay cò súng [gây tê]",
          "tinh_trang": "Thường",
          "thoi_gian": "01/04/2026",
          "trang_thai": "Hoàn tất",
          "doi_tuong": "Viện phí",
          "tam_ung": "0"
        },
        "raw_text": "2 26041728 ĐẶNG BẠCH PHỤNG (Phẫu thuật tại khoa) Nữ 63 tuổi PHÒNG PHẪU THUẬT Khoa Khám Bệnh Phẫu thuật điều trị bệnh DE QUER VAIN và ngón tay cò súng [gây tê] Thường 01/04/2026 Hoàn tất Viện phí 0",
        "links": [
          {
            "text": "2",
            "href": "http://192.168.2.26:2026/home.aspx?scope=sys&lang=vi&wpid=phauthuatdraw&phauthuatid=08d7164b-4e9a-45a8-be27-b41f00a0ba2e&keyword=%C4%91%E1%BA%B7ng%20b%E1%BA%A1ch%20ph%E1%BB%A5ng&tg=6&tungay=01/04/2026&denngay=24/07/2026&usid=172.31.255.1_mizoky1g35oz4drputdklt4yb4cf4523&st=133700",
            "onclick": ""
          },
          {
            "text": "26041728",
            "href": "http://192.168.2.26:2026/home.aspx?scope=sys&lang=vi&wpid=phauthuatdraw&phauthuatid=08d7164b-4e9a-45a8-be27-b41f00a0ba2e&keyword=%C4%91%E1%BA%B7ng%20b%E1%BA%A1ch%20ph%E1%BB%A5ng&tg=6&tungay=01/04/2026&denngay=24/07/2026&usid=172.31.255.1_mizoky1g35oz4drputdklt4yb4cf4523&st=133700",
            "onclick": ""
          },
          {
            "text": "ĐẶNG BẠCH PHỤNG (Phẫu thuật tại khoa)",
            "href": "http://192.168.2.26:2026/home.aspx?scope=sys&lang=vi&wpid=phauthuatdraw&phauthuatid=08d7164b-4e9a-45a8-be27-b41f00a0ba2e&keyword=%C4%91%E1%BA%B7ng%20b%E1%BA%A1ch%20ph%E1%BB%A5ng&tg=6&tungay=01/04/2026&denngay=24/07/2026&usid=172.31.255.1_mizoky1g35oz4drputdklt4yb4cf4523&st=133700",
            "onclick": ""
          },
          {
            "text": "Nữ",
            "href": "http://192.168.2.26:2026/home.aspx?scope=sys&lang=vi&wpid=phauthuatdraw&phauthuatid=08d7164b-4e9a-45a8-be27-b41f00a0ba2e&keyword=%C4%91%E1%BA%B7ng%20b%E1%BA%A1ch%20ph%E1%BB%A5ng&tg=6&tungay=01/04/2026&denngay=24/07/2026&usid=172.31.255.1_mizoky1g35oz4drputdklt4yb4cf4523&st=133700",
            "onclick": ""
          },
          {
            "text": "63 tuổi",
            "href": "http://192.168.2.26:2026/home.aspx?scope=sys&lang=vi&wpid=phauthuatdraw&phauthuatid=08d7164b-4e9a-45a8-be27-b41f00a0ba2e&keyword=%C4%91%E1%BA%B7ng%20b%E1%BA%A1ch%20ph%E1%BB%A5ng&tg=6&tungay=01/04/2026&denngay=24/07/2026&usid=172.31.255.1_mizoky1g35oz4drputdklt4yb4cf4523&st=133700",
            "onclick": ""
          },
          {
            "text": "PHÒNG PHẪU THUẬT",
            "href": "http://192.168.2.26:2026/home.aspx?scope=sys&lang=vi&wpid=phauthuatdraw&phauthuatid=08d7164b-4e9a-45a8-be27-b41f00a0ba2e&keyword=%C4%91%E1%BA%B7ng%20b%E1%BA%A1ch%20ph%E1%BB%A5ng&tg=6&tungay=01/04/2026&denngay=24/07/2026&usid=172.31.255.1_mizoky1g35oz4drputdklt4yb4cf4523&st=133700",
            "onclick": ""
          },
          {
            "text": "Khoa Khám Bệnh",
            "href": "http://192.168.2.26:2026/home.aspx?scope=sys&lang=vi&wpid=phauthuatdraw&phauthuatid=08d7164b-4e9a-45a8-be27-b41f00a0ba2e&keyword=%C4%91%E1%BA%B7ng%20b%E1%BA%A1ch%20ph%E1%BB%A5ng&tg=6&tungay=01/04/2026&denngay=24/07/2026&usid=172.31.255.1_mizoky1g35oz4drputdklt4yb4cf4523&st=133700",
            "onclick": ""
          },
          {
            "text": "Phẫu thuật điều trị bệnh DE QUER VAIN và ngón tay cò súng [gây tê]",
            "href": "http://192.168.2.26:2026/home.aspx?scope=sys&lang=vi&wpid=phauthuatdraw&phauthuatid=08d7164b-4e9a-45a8-be27-b41f00a0ba2e&keyword=%C4%91%E1%BA%B7ng%20b%E1%BA%A1ch%20ph%E1%BB%A5ng&tg=6&tungay=01/04/2026&denngay=24/07/2026&usid=172.31.255.1_mizoky1g35oz4drputdklt4yb4cf4523&st=133700",
            "onclick": ""
          },
          {
            "text": "Thường",
            "href": "http://192.168.2.26:2026/home.aspx?scope=sys&lang=vi&wpid=phauthuatdraw&phauthuatid=08d7164b-4e9a-45a8-be27-b41f00a0ba2e&keyword=%C4%91%E1%BA%B7ng%20b%E1%BA%A1ch%20ph%E1%BB%A5ng&tg=6&tungay=01/04/2026&denngay=24/07/2026&usid=172.31.255.1_mizoky1g35oz4drputdklt4yb4cf4523&st=133700",
            "onclick": ""
          },
          {
            "text": "01/04/2026",
            "href": "http://192.168.2.26:2026/home.aspx?scope=sys&lang=vi&wpid=phauthuatdraw&phauthuatid=08d7164b-4e9a-45a8-be27-b41f00a0ba2e&keyword=%C4%91%E1%BA%B7ng%20b%E1%BA%A1ch%20ph%E1%BB%A5ng&tg=6&tungay=01/04/2026&denngay=24/07/2026&usid=172.31.255.1_mizoky1g35oz4drputdklt4yb4cf4523&st=133700",
            "onclick": ""
          }
        ]
      }
    }
  ]
}
[2026-07-23 13:37:02.927] [DETAIL_BEGIN] D/s Phẫu thuật: mở ứng viên 1
{
  "detail_marker": "http://192.168.2.26:2026/home.aspx?scope=sys&lang=vi&wpid=phauthuatdraw&phauthuatid=1f7e30c9-de83-40b0-90a3-b45e0093a7d5&keyword=%C4%91%E1%BA%B7ng%20b%E1%BA%A1ch%20ph%E1%BB%A5ng&tg=6&tungay=01/04/2026&denngay=24/07/2026&usid=172.31.255.1_mizoky1g35oz4drputdklt4yb4cf4523&st=133700",
  "list_datetime": "2026-06-03 00:00:00",
  "list_method": "Phẫu thuật điều trị bệnh DE QUER VAIN và ngón tay cò súng [gây tê]",
  "row": {
    "access_id": "1f7e30c9-de83-40b0-90a3-b45e0093a7d5",
    "known_fields": {
      "stt": "1",
      "ma_bn": "26041728",
      "ho_ten": "ĐẶNG BẠCH PHỤNG (Phẫu thuật tại khoa)",
      "gioi_tinh": "Nữ",
      "tuoi": "63 tuổi",
      "phong_mo": "PHÒNG PHẪU THUẬT",
      "noi_chuyen_mo": "Khoa Khám Bệnh",
      "noi_dung_phau_thuat": "Phẫu thuật điều trị bệnh DE QUER VAIN và ngón tay cò súng [gây tê]",
      "tinh_trang": "Thường",
      "thoi_gian": "03/06/2026",
      "trang_thai": "Hoàn tất",
      "doi_tuong": "Viện phí",
      "tam_ung": "0"
    },
    "raw_text": "1 26041728 ĐẶNG BẠCH PHỤNG (Phẫu thuật tại khoa) Nữ 63 tuổi PHÒNG PHẪU THUẬT Khoa Khám Bệnh Phẫu thuật điều trị bệnh DE QUER VAIN và ngón tay cò súng [gây tê] Thường 03/06/2026 Hoàn tất Viện phí 0",
    "links": [
      {
        "text": "1",
        "href": "http://192.168.2.26:2026/home.aspx?scope=sys&lang=vi&wpid=phauthuatdraw&phauthuatid=1f7e30c9-de83-40b0-90a3-b45e0093a7d5&keyword=%C4%91%E1%BA%B7ng%20b%E1%BA%A1ch%20ph%E1%BB%A5ng&tg=6&tungay=01/04/2026&denngay=24/07/2026&usid=172.31.255.1_mizoky1g35oz4drputdklt4yb4cf4523&st=133700",
        "onclick": ""
      },
      {
        "text": "26041728",
        "href": "http://192.168.2.26:2026/home.aspx?scope=sys&lang=vi&wpid=phauthuatdraw&phauthuatid=1f7e30c9-de83-40b0-90a3-b45e0093a7d5&keyword=%C4%91%E1%BA%B7ng%20b%E1%BA%A1ch%20ph%E1%BB%A5ng&tg=6&tungay=01/04/2026&denngay=24/07/2026&usid=172.31.255.1_mizoky1g35oz4drputdklt4yb4cf4523&st=133700",
        "onclick": ""
      },
      {
        "text": "ĐẶNG BẠCH PHỤNG (Phẫu thuật tại khoa)",
        "href": "http://192.168.2.26:2026/home.aspx?scope=sys&lang=vi&wpid=phauthuatdraw&phauthuatid=1f7e30c9-de83-40b0-90a3-b45e0093a7d5&keyword=%C4%91%E1%BA%B7ng%20b%E1%BA%A1ch%20ph%E1%BB%A5ng&tg=6&tungay=01/04/2026&denngay=24/07/2026&usid=172.31.255.1_mizoky1g35oz4drputdklt4yb4cf4523&st=133700",
        "onclick": ""
      },
      {
        "text": "Nữ",
        "href": "http://192.168.2.26:2026/home.aspx?scope=sys&lang=vi&wpid=phauthuatdraw&phauthuatid=1f7e30c9-de83-40b0-90a3-b45e0093a7d5&keyword=%C4%91%E1%BA%B7ng%20b%E1%BA%A1ch%20ph%E1%BB%A5ng&tg=6&tungay=01/04/2026&denngay=24/07/2026&usid=172.31.255.1_mizoky1g35oz4drputdklt4yb4cf4523&st=133700",
        "onclick": ""
      },
      {
        "text": "63 tuổi",
        "href": "http://192.168.2.26:2026/home.aspx?scope=sys&lang=vi&wpid=phauthuatdraw&phauthuatid=1f7e30c9-de83-40b0-90a3-b45e0093a7d5&keyword=%C4%91%E1%BA%B7ng%20b%E1%BA%A1ch%20ph%E1%BB%A5ng&tg=6&tungay=01/04/2026&denngay=24/07/2026&usid=172.31.255.1_mizoky1g35oz4drputdklt4yb4cf4523&st=133700",
        "onclick": ""
      },
      {
        "text": "PHÒNG PHẪU THUẬT",
        "href": "http://192.168.2.26:2026/home.aspx?scope=sys&lang=vi&wpid=phauthuatdraw&phauthuatid=1f7e30c9-de83-40b0-90a3-b45e0093a7d5&keyword=%C4%91%E1%BA%B7ng%20b%E1%BA%A1ch%20ph%E1%BB%A5ng&tg=6&tungay=01/04/2026&denngay=24/07/2026&usid=172.31.255.1_mizoky1g35oz4drputdklt4yb4cf4523&st=133700",
        "onclick": ""
      },
      {
        "text": "Khoa Khám Bệnh",
        "href": "http://192.168.2.26:2026/home.aspx?scope=sys&lang=vi&wpid=phauthuatdraw&phauthuatid=1f7e30c9-de83-40b0-90a3-b45e0093a7d5&keyword=%C4%91%E1%BA%B7ng%20b%E1%BA%A1ch%20ph%E1%BB%A5ng&tg=6&tungay=01/04/2026&denngay=24/07/2026&usid=172.31.255.1_mizoky1g35oz4drputdklt4yb4cf4523&st=133700",
        "onclick": ""
      },
      {
        "text": "Phẫu thuật điều trị bệnh DE QUER VAIN và ngón tay cò súng [gây tê]",
        "href": "http://192.168.2.26:2026/home.aspx?scope=sys&lang=vi&wpid=phauthuatdraw&phauthuatid=1f7e30c9-de83-40b0-90a3-b45e0093a7d5&keyword=%C4%91%E1%BA%B7ng%20b%E1%BA%A1ch%20ph%E1%BB%A5ng&tg=6&tungay=01/04/2026&denngay=24/07/2026&usid=172.31.255.1_mizoky1g35oz4drputdklt4yb4cf4523&st=133700",
        "onclick": ""
      },
      {
        "text": "Thường",
        "href": "http://192.168.2.26:2026/home.aspx?scope=sys&lang=vi&wpid=phauthuatdraw&phauthuatid=1f7e30c9-de83-40b0-90a3-b45e0093a7d5&keyword=%C4%91%E1%BA%B7ng%20b%E1%BA%A1ch%20ph%E1%BB%A5ng&tg=6&tungay=01/04/2026&denngay=24/07/2026&usid=172.31.255.1_mizoky1g35oz4drputdklt4yb4cf4523&st=133700",
        "onclick": ""
      },
      {
        "text": "03/06/2026",
        "href": "http://192.168.2.26:2026/home.aspx?scope=sys&lang=vi&wpid=phauthuatdraw&phauthuatid=1f7e30c9-de83-40b0-90a3-b45e0093a7d5&keyword=%C4%91%E1%BA%B7ng%20b%E1%BA%A1ch%20ph%E1%BB%A5ng&tg=6&tungay=01/04/2026&denngay=24/07/2026&usid=172.31.255.1_mizoky1g35oz4drputdklt4yb4cf4523&st=133700",
        "onclick": ""
      }
    ]
  }
}
[2026-07-23 13:37:02.935] [BROWSER] [DETAIL] kind=surgery; access_id=1f7e30c9-de83-40b0-90a3-b45e0093a7d5; direct_url=yes; onclick=no
[2026-07-23 13:37:02.936] [BROWSER] [DETAIL] Mở liên kết trực tiếp: http://192.168.2.26:2026/home.aspx?scope=sys&lang=vi&wpid=phauthuatdraw&phauthuatid=1f7e30c9-de83-40b0-90a3-b45e0093a7d5&keyword=%C4%91%E1%BA%B7ng%20b%E1%BA%A1ch%20ph%E1%BB%A5ng&tg=6&tungay=01/04/2026&denngay=24/07/2026&usid=172.31.255.1_mizoky1g35oz4drputdklt4yb4cf4523&st=133700
[2026-07-23 13:37:04.163] [BROWSER] [DETAIL] Dữ liệu đọc được: {"complete_info": "Người hoàn tất: Hoàng Minh Tú (hmtu) | TG nhấn hoàn tất: 16:33 03/06/2026", "current_url": "http://192.168.2.26:2026/home.aspx?scope=sys&lang=vi&wpid=phauthuatdraw&phauthuatid=1f7e30c9-de83-40b0-90a3-b45e0093a7d5&keyword=%C4%91%E1%BA%B7ng%20b%E1%BA%A1ch%20ph%E1%BB%A5ng&tg=6&tungay=01/04/2026&denngay=24/07/2026&usid=172.31.255.1_mizoky1g35oz4drputdklt4yb4cf4523&st=133700", "doctor": "Hoàng Minh Tú", "doctor_field": "cbbBacSiPT", "doctor_found": true, "method": "Phẫu thuật điều trị bệnh DE QUER VAIN và ngón tay cò súng [gây tê]", "patient_info": "", "root_found": true, "start_time": "08:58 03/06/2026"}
[2026-07-23 13:37:04.166] [BROWSER] [DETAIL] Nguồn bác sĩ: BS mổ chính; field=cbbBacSiPT; value=Hoàng Minh Tú
[2026-07-23 13:37:04.169] [DETAIL_OK] D/s Phẫu thuật: đọc được hồ sơ chi tiết
{
  "doctor_from_emr": "Hoàng Minh Tú",
  "mapped_alias": null,
  "mapped_name": null,
  "start_time": "08:58 03/06/2026",
  "method": "Phẫu thuật điều trị bệnh DE QUER VAIN và ngón tay cò súng [gây tê]",
  "current_url": "http://192.168.2.26:2026/home.aspx?scope=sys&lang=vi&wpid=phauthuatdraw&phauthuatid=1f7e30c9-de83-40b0-90a3-b45e0093a7d5&keyword=%C4%91%E1%BA%B7ng%20b%E1%BA%A1ch%20ph%E1%BB%A5ng&tg=6&tungay=01/04/2026&denngay=24/07/2026&usid=172.31.255.1_mizoky1g35oz4drputdklt4yb4cf4523&st=133700",
  "total_score": 160.0,
  "method_score": 1.0
}
[2026-07-23 13:37:04.170] [EVALUATED] D/s Phẫu thuật: đánh giá 1 hồ sơ
{
  "items": [
    {
      "doctor": "Hoàng Minh Tú",
      "alias": null,
      "detail_datetime": "2026-06-03 08:58:00",
      "method_score": 1.0,
      "total_score": 160.0,
      "confidence_ok": false
    }
  ]
}
[2026-07-23 13:37:04.171] [STOP_AT_SOURCE] D/s Phẫu thuật: đã thấy ca cùng ngày nên không sang nguồn khác
{
  "reason": "surgery: đã có ca cùng ngày nhưng chưa lấy được bác sĩ"
}
[2026-07-23 13:37:04.172] [ROW_UNMATCHED] Dòng 11: surgery: đã có ca cùng ngày nhưng chưa lấy được bác sĩ
{
  "rowNumber": 11,
  "patient": "ĐẶNG BẠCH PHỤNG",
  "time": "09:16 03/06/2026",
  "method": "Phẫu thuật điều trị bệnh DE QUER VAIN và ngón tay cò súng [gây tê]",
  "oldValue": "",
  "status": "unmatched",
  "reason": "surgery: đã có ca cùng ngày nhưng chưa lấy được bác sĩ"
}
[2026-07-23 13:37:04.173] [ROW_END] Kết thúc dòng 11
{
  "status": "unmatched",
  "new_value": null,
  "reason": "surgery: đã có ca cùng ngày nhưng chưa lấy được bác sĩ"
}
[2026-07-23 13:37:04.174] [ROW_BEGIN] [2/20] Bắt đầu dòng 12: NGUYỄN NGỌC QUÝ
{
  "raw_time": "2026/06/03 09:45",
  "parsed_time": "09:45 03/06/2026",
  "method": "Phẫu thuật điều trị ngón tay cò súng (1 ngón)",
  "old_value": ""
}
[2026-07-23 13:37:04.174] [SEARCH_BEGIN] dòng 12: tìm NGUYỄN NGỌC QUÝ tại D/s Phẫu thuật
{
  "patient": "NGUYỄN NGỌC QUÝ",
  "target_time": "2026-06-03 09:45:00",
  "target_method": "Phẫu thuật điều trị ngón tay cò súng (1 ngón)",
  "source": "surgery"
}
[2026-07-23 13:37:04.706] [BROWSER] [NAV] D/s Phẫu thuật: http://192.168.2.26:2026/home.aspx?scope=sys&lang=vi&wpid=danhsachphauthuatdraw&role=323&usid=172.31.255.1_mizoky1g35oz4drputdklt4yb4cf4523&st=133700
[2026-07-23 13:37:06.734] [BROWSER] [FILTER] 3 tháng
[2026-07-23 13:37:07.367] [BROWSER] [SEARCH] Nhập 'NGUYỄN NGỌC QUÝ' vào #txtTimKiem
[2026-07-23 13:37:07.507] [BROWSER] [SEARCH] Đã bấm Tìm kiếm bằng #btnTimKiem
[2026-07-23 13:37:07.541] [BROWSER] [RESULT] D/s Phẫu thuật: 1 dòng
[2026-07-23 13:37:07.553] [SEARCH_RESULT] D/s Phẫu thuật: nhận 1 dòng
{
  "current_url": "http://192.168.2.26:2026/home.aspx?scope=sys&lang=vi&wpid=danhsachphauthuatdraw&role=323&usid=172.31.255.1_mizoky1g35oz4drputdklt4yb4cf4523&st=133700",
  "search_input_id": "txtTimKiem",
  "search_trigger": "#btnTimKiem",
  "headers": [
    "STT",
    "Mã BN",
    "Họ tên",
    "Giới tính",
    "Tuổi",
    "Phòng mổ",
    "Nơi chuyển mổ",
    "Nội dung phẫu thuật",
    "Tình trạng",
    "Thời gian",
    "Trạng thái",
    "Đối tượng",
    "Đã tạm ứng"
  ],
  "rows": [
    {
      "access_id": "0097144d-47e5-45e2-93e2-b45e009d6c98",
      "known_fields": {
        "stt": "1",
        "ma_bn": "26020887",
        "ho_ten": "NGUYỄN NGỌC QUÝ (Phẫu thuật tại khoa)",
        "gioi_tinh": "Nam",
        "tuoi": "51 tuổi",
        "phong_mo": "PHÒNG PHẪU THUẬT",
        "noi_chuyen_mo": "Khoa Khám Bệnh",
        "noi_dung_phau_thuat": "Phẫu thuật điều trị ngón tay cò súng (1 ngón)",
        "tinh_trang": "Thường",
        "thoi_gian": "03/06/2026",
        "trang_thai": "Hoàn tất",
        "doi_tuong": "Bảo hiểm",
        "tam_ung": "0"
      },
      "raw_text": "1 26020887 NGUYỄN NGỌC QUÝ (Phẫu thuật tại khoa) Nam 51 tuổi PHÒNG PHẪU THUẬT Khoa Khám Bệnh Phẫu thuật điều trị ngón tay cò súng (1 ngón) Thường 03/06/2026 Hoàn tất Bảo hiểm 0",
      "links": [
        {
          "text": "1",
          "href": "http://192.168.2.26:2026/home.aspx?scope=sys&lang=vi&wpid=phauthuatdraw&phauthuatid=0097144d-47e5-45e2-93e2-b45e009d6c98&keyword=nguy%E1%BB%85n%20ng%E1%BB%8Dc%20qu%C3%BD&tg=6&tungay=01/04/2026&denngay=24/07/2026&usid=172.31.255.1_mizoky1g35oz4drputdklt4yb4cf4523&st=133704",
          "onclick": ""
        },
        {
          "text": "26020887",
          "href": "http://192.168.2.26:2026/home.aspx?scope=sys&lang=vi&wpid=phauthuatdraw&phauthuatid=0097144d-47e5-45e2-93e2-b45e009d6c98&keyword=nguy%E1%BB%85n%20ng%E1%BB%8Dc%20qu%C3%BD&tg=6&tungay=01/04/2026&denngay=24/07/2026&usid=172.31.255.1_mizoky1g35oz4drputdklt4yb4cf4523&st=133704",
          "onclick": ""
        },
        {
          "text": "NGUYỄN NGỌC QUÝ (Phẫu thuật tại khoa)",
          "href": "http://192.168.2.26:2026/home.aspx?scope=sys&lang=vi&wpid=phauthuatdraw&phauthuatid=0097144d-47e5-45e2-93e2-b45e009d6c98&keyword=nguy%E1%BB%85n%20ng%E1%BB%8Dc%20qu%C3%BD&tg=6&tungay=01/04/2026&denngay=24/07/2026&usid=172.31.255.1_mizoky1g35oz4drputdklt4yb4cf4523&st=133704",
          "onclick": ""
        },
        {
          "text": "Nam",
          "href": "http://192.168.2.26:2026/home.aspx?scope=sys&lang=vi&wpid=phauthuatdraw&phauthuatid=0097144d-47e5-45e2-93e2-b45e009d6c98&keyword=nguy%E1%BB%85n%20ng%E1%BB%8Dc%20qu%C3%BD&tg=6&tungay=01/04/2026&denngay=24/07/2026&usid=172.31.255.1_mizoky1g35oz4drputdklt4yb4cf4523&st=133704",
          "onclick": ""
        },
        {
          "text": "51 tuổi",
          "href": "http://192.168.2.26:2026/home.aspx?scope=sys&lang=vi&wpid=phauthuatdraw&phauthuatid=0097144d-47e5-45e2-93e2-b45e009d6c98&keyword=nguy%E1%BB%85n%20ng%E1%BB%8Dc%20qu%C3%BD&tg=6&tungay=01/04/2026&denngay=24/07/2026&usid=172.31.255.1_mizoky1g35oz4drputdklt4yb4cf4523&st=133704",
          "onclick": ""
        },
        {
          "text": "PHÒNG PHẪU THUẬT",
          "href": "http://192.168.2.26:2026/home.aspx?scope=sys&lang=vi&wpid=phauthuatdraw&phauthuatid=0097144d-47e5-45e2-93e2-b45e009d6c98&keyword=nguy%E1%BB%85n%20ng%E1%BB%8Dc%20qu%C3%BD&tg=6&tungay=01/04/2026&denngay=24/07/2026&usid=172.31.255.1_mizoky1g35oz4drputdklt4yb4cf4523&st=133704",
          "onclick": ""
        },
        {
          "text": "Khoa Khám Bệnh",
          "href": "http://192.168.2.26:2026/home.aspx?scope=sys&lang=vi&wpid=phauthuatdraw&phauthuatid=0097144d-47e5-45e2-93e2-b45e009d6c98&keyword=nguy%E1%BB%85n%20ng%E1%BB%8Dc%20qu%C3%BD&tg=6&tungay=01/04/2026&denngay=24/07/2026&usid=172.31.255.1_mizoky1g35oz4drputdklt4yb4cf4523&st=133704",
          "onclick": ""
        },
        {
          "text": "Phẫu thuật điều trị ngón tay cò súng (1 ngón)",
          "href": "http://192.168.2.26:2026/home.aspx?scope=sys&lang=vi&wpid=phauthuatdraw&phauthuatid=0097144d-47e5-45e2-93e2-b45e009d6c98&keyword=nguy%E1%BB%85n%20ng%E1%BB%8Dc%20qu%C3%BD&tg=6&tungay=01/04/2026&denngay=24/07/2026&usid=172.31.255.1_mizoky1g35oz4drputdklt4yb4cf4523&st=133704",
          "onclick": ""
        },
        {
          "text": "Thường",
          "href": "http://192.168.2.26:2026/home.aspx?scope=sys&lang=vi&wpid=phauthuatdraw&phauthuatid=0097144d-47e5-45e2-93e2-b45e009d6c98&keyword=nguy%E1%BB%85n%20ng%E1%BB%8Dc%20qu%C3%BD&tg=6&tungay=01/04/2026&denngay=24/07/2026&usid=172.31.255.1_mizoky1g35oz4drputdklt4yb4cf4523&st=133704",
          "onclick": ""
        },
        {
          "text": "03/06/2026",
          "href": "http://192.168.2.26:2026/home.aspx?scope=sys&lang=vi&wpid=phauthuatdraw&phauthuatid=0097144d-47e5-45e2-93e2-b45e009d6c98&keyword=nguy%E1%BB%85n%20ng%E1%BB%8Dc%20qu%C3%BD&tg=6&tungay=01/04/2026&denngay=24/07/2026&usid=172.31.255.1_mizoky1g35oz4drputdklt4yb4cf4523&st=133704",
          "onclick": ""
        }
      ]
    }
  ]
}
[2026-07-23 13:37:07.556] [CANDIDATES] D/s Phẫu thuật: có 1 ứng viên cùng người bệnh
{
  "candidates": [
    {
      "list_score": 125.0,
      "list_datetime": "2026-06-03 00:00:00",
      "list_method": "Phẫu thuật điều trị ngón tay cò súng (1 ngón)",
      "detail_marker": "http://192.168.2.26:2026/home.aspx?scope=sys&lang=vi&wpid=phauthuatdraw&phauthuatid=0097144d-47e5-45e2-93e2-b45e009d6c98&keyword=nguy%E1%BB%85n%20ng%E1%BB%8Dc%20qu%C3%BD&tg=6&tungay=01/04/2026&denngay=24/07/2026&usid=172.31.255.1_mizoky1g35oz4drputdklt4yb4cf4523&st=133704",
      "row": {
        "access_id": "0097144d-47e5-45e2-93e2-b45e009d6c98",
        "known_fields": {
          "stt": "1",
          "ma_bn": "26020887",
          "ho_ten": "NGUYỄN NGỌC QUÝ (Phẫu thuật tại khoa)",
          "gioi_tinh": "Nam",
          "tuoi": "51 tuổi",
          "phong_mo": "PHÒNG PHẪU THUẬT",
          "noi_chuyen_mo": "Khoa Khám Bệnh",
          "noi_dung_phau_thuat": "Phẫu thuật điều trị ngón tay cò súng (1 ngón)",
          "tinh_trang": "Thường",
          "thoi_gian": "03/06/2026",
          "trang_thai": "Hoàn tất",
          "doi_tuong": "Bảo hiểm",
          "tam_ung": "0"
        },
        "raw_text": "1 26020887 NGUYỄN NGỌC QUÝ (Phẫu thuật tại khoa) Nam 51 tuổi PHÒNG PHẪU THUẬT Khoa Khám Bệnh Phẫu thuật điều trị ngón tay cò súng (1 ngón) Thường 03/06/2026 Hoàn tất Bảo hiểm 0",
        "links": [
          {
            "text": "1",
            "href": "http://192.168.2.26:2026/home.aspx?scope=sys&lang=vi&wpid=phauthuatdraw&phauthuatid=0097144d-47e5-45e2-93e2-b45e009d6c98&keyword=nguy%E1%BB%85n%20ng%E1%BB%8Dc%20qu%C3%BD&tg=6&tungay=01/04/2026&denngay=24/07/2026&usid=172.31.255.1_mizoky1g35oz4drputdklt4yb4cf4523&st=133704",
            "onclick": ""
          },
          {
            "text": "26020887",
            "href": "http://192.168.2.26:2026/home.aspx?scope=sys&lang=vi&wpid=phauthuatdraw&phauthuatid=0097144d-47e5-45e2-93e2-b45e009d6c98&keyword=nguy%E1%BB%85n%20ng%E1%BB%8Dc%20qu%C3%BD&tg=6&tungay=01/04/2026&denngay=24/07/2026&usid=172.31.255.1_mizoky1g35oz4drputdklt4yb4cf4523&st=133704",
            "onclick": ""
          },
          {
            "text": "NGUYỄN NGỌC QUÝ (Phẫu thuật tại khoa)",
            "href": "http://192.168.2.26:2026/home.aspx?scope=sys&lang=vi&wpid=phauthuatdraw&phauthuatid=0097144d-47e5-45e2-93e2-b45e009d6c98&keyword=nguy%E1%BB%85n%20ng%E1%BB%8Dc%20qu%C3%BD&tg=6&tungay=01/04/2026&denngay=24/07/2026&usid=172.31.255.1_mizoky1g35oz4drputdklt4yb4cf4523&st=133704",
            "onclick": ""
          },
          {
            "text": "Nam",
            "href": "http://192.168.2.26:2026/home.aspx?scope=sys&lang=vi&wpid=phauthuatdraw&phauthuatid=0097144d-47e5-45e2-93e2-b45e009d6c98&keyword=nguy%E1%BB%85n%20ng%E1%BB%8Dc%20qu%C3%BD&tg=6&tungay=01/04/2026&denngay=24/07/2026&usid=172.31.255.1_mizoky1g35oz4drputdklt4yb4cf4523&st=133704",
            "onclick": ""
          },
          {
            "text": "51 tuổi",
            "href": "http://192.168.2.26:2026/home.aspx?scope=sys&lang=vi&wpid=phauthuatdraw&phauthuatid=0097144d-47e5-45e2-93e2-b45e009d6c98&keyword=nguy%E1%BB%85n%20ng%E1%BB%8Dc%20qu%C3%BD&tg=6&tungay=01/04/2026&denngay=24/07/2026&usid=172.31.255.1_mizoky1g35oz4drputdklt4yb4cf4523&st=133704",
            "onclick": ""
          },
          {
            "text": "PHÒNG PHẪU THUẬT",
            "href": "http://192.168.2.26:2026/home.aspx?scope=sys&lang=vi&wpid=phauthuatdraw&phauthuatid=0097144d-47e5-45e2-93e2-b45e009d6c98&keyword=nguy%E1%BB%85n%20ng%E1%BB%8Dc%20qu%C3%BD&tg=6&tungay=01/04/2026&denngay=24/07/2026&usid=172.31.255.1_mizoky1g35oz4drputdklt4yb4cf4523&st=133704",
            "onclick": ""
          },
          {
            "text": "Khoa Khám Bệnh",
            "href": "http://192.168.2.26:2026/home.aspx?scope=sys&lang=vi&wpid=phauthuatdraw&phauthuatid=0097144d-47e5-45e2-93e2-b45e009d6c98&keyword=nguy%E1%BB%85n%20ng%E1%BB%8Dc%20qu%C3%BD&tg=6&tungay=01/04/2026&denngay=24/07/2026&usid=172.31.255.1_mizoky1g35oz4drputdklt4yb4cf4523&st=133704",
            "onclick": ""
          },
          {
            "text": "Phẫu thuật điều trị ngón tay cò súng (1 ngón)",
            "href": "http://192.168.2.26:2026/home.aspx?scope=sys&lang=vi&wpid=phauthuatdraw&phauthuatid=0097144d-47e5-45e2-93e2-b45e009d6c98&keyword=nguy%E1%BB%85n%20ng%E1%BB%8Dc%20qu%C3%BD&tg=6&tungay=01/04/2026&denngay=24/07/2026&usid=172.31.255.1_mizoky1g35oz4drputdklt4yb4cf4523&st=133704",
            "onclick": ""
          },
          {
            "text": "Thường",
            "href": "http://192.168.2.26:2026/home.aspx?scope=sys&lang=vi&wpid=phauthuatdraw&phauthuatid=0097144d-47e5-45e2-93e2-b45e009d6c98&keyword=nguy%E1%BB%85n%20ng%E1%BB%8Dc%20qu%C3%BD&tg=6&tungay=01/04/2026&denngay=24/07/2026&usid=172.31.255.1_mizoky1g35oz4drputdklt4yb4cf4523&st=133704",
            "onclick": ""
          },
          {
            "text": "03/06/2026",
            "href": "http://192.168.2.26:2026/home.aspx?scope=sys&lang=vi&wpid=phauthuatdraw&phauthuatid=0097144d-47e5-45e2-93e2-b45e009d6c98&keyword=nguy%E1%BB%85n%20ng%E1%BB%8Dc%20qu%C3%BD&tg=6&tungay=01/04/2026&denngay=24/07/2026&usid=172.31.255.1_mizoky1g35oz4drputdklt4yb4cf4523&st=133704",
            "onclick": ""
          }
        ]
      }
    }
  ]
}
[2026-07-23 13:37:07.557] [DETAIL_BEGIN] D/s Phẫu thuật: mở ứng viên 1
{
  "detail_marker": "http://192.168.2.26:2026/home.aspx?scope=sys&lang=vi&wpid=phauthuatdraw&phauthuatid=0097144d-47e5-45e2-93e2-b45e009d6c98&keyword=nguy%E1%BB%85n%20ng%E1%BB%8Dc%20qu%C3%BD&tg=6&tungay=01/04/2026&denngay=24/07/2026&usid=172.31.255.1_mizoky1g35oz4drputdklt4yb4cf4523&st=133704",
  "list_datetime": "2026-06-03 00:00:00",
  "list_method": "Phẫu thuật điều trị ngón tay cò súng (1 ngón)",
  "row": {
    "access_id": "0097144d-47e5-45e2-93e2-b45e009d6c98",
    "known_fields": {
      "stt": "1",
      "ma_bn": "26020887",
      "ho_ten": "NGUYỄN NGỌC QUÝ (Phẫu thuật tại khoa)",
      "gioi_tinh": "Nam",
      "tuoi": "51 tuổi",
      "phong_mo": "PHÒNG PHẪU THUẬT",
      "noi_chuyen_mo": "Khoa Khám Bệnh",
      "noi_dung_phau_thuat": "Phẫu thuật điều trị ngón tay cò súng (1 ngón)",
      "tinh_trang": "Thường",
      "thoi_gian": "03/06/2026",
      "trang_thai": "Hoàn tất",
      "doi_tuong": "Bảo hiểm",
      "tam_ung": "0"
    },
    "raw_text": "1 26020887 NGUYỄN NGỌC QUÝ (Phẫu thuật tại khoa) Nam 51 tuổi PHÒNG PHẪU THUẬT Khoa Khám Bệnh Phẫu thuật điều trị ngón tay cò súng (1 ngón) Thường 03/06/2026 Hoàn tất Bảo hiểm 0",
    "links": [
      {
        "text": "1",
        "href": "http://192.168.2.26:2026/home.aspx?scope=sys&lang=vi&wpid=phauthuatdraw&phauthuatid=0097144d-47e5-45e2-93e2-b45e009d6c98&keyword=nguy%E1%BB%85n%20ng%E1%BB%8Dc%20qu%C3%BD&tg=6&tungay=01/04/2026&denngay=24/07/2026&usid=172.31.255.1_mizoky1g35oz4drputdklt4yb4cf4523&st=133704",
        "onclick": ""
      },
      {
        "text": "26020887",
        "href": "http://192.168.2.26:2026/home.aspx?scope=sys&lang=vi&wpid=phauthuatdraw&phauthuatid=0097144d-47e5-45e2-93e2-b45e009d6c98&keyword=nguy%E1%BB%85n%20ng%E1%BB%8Dc%20qu%C3%BD&tg=6&tungay=01/04/2026&denngay=24/07/2026&usid=172.31.255.1_mizoky1g35oz4drputdklt4yb4cf4523&st=133704",
        "onclick": ""
      },
      {
        "text": "NGUYỄN NGỌC QUÝ (Phẫu thuật tại khoa)",
        "href": "http://192.168.2.26:2026/home.aspx?scope=sys&lang=vi&wpid=phauthuatdraw&phauthuatid=0097144d-47e5-45e2-93e2-b45e009d6c98&keyword=nguy%E1%BB%85n%20ng%E1%BB%8Dc%20qu%C3%BD&tg=6&tungay=01/04/2026&denngay=24/07/2026&usid=172.31.255.1_mizoky1g35oz4drputdklt4yb4cf4523&st=133704",
        "onclick": ""
      },
      {
        "text": "Nam",
        "href": "http://192.168.2.26:2026/home.aspx?scope=sys&lang=vi&wpid=phauthuatdraw&phauthuatid=0097144d-47e5-45e2-93e2-b45e009d6c98&keyword=nguy%E1%BB%85n%20ng%E1%BB%8Dc%20qu%C3%BD&tg=6&tungay=01/04/2026&denngay=24/07/2026&usid=172.31.255.1_mizoky1g35oz4drputdklt4yb4cf4523&st=133704",
        "onclick": ""
      },
      {
        "text": "51 tuổi",
        "href": "http://192.168.2.26:2026/home.aspx?scope=sys&lang=vi&wpid=phauthuatdraw&phauthuatid=0097144d-47e5-45e2-93e2-b45e009d6c98&keyword=nguy%E1%BB%85n%20ng%E1%BB%8Dc%20qu%C3%BD&tg=6&tungay=01/04/2026&denngay=24/07/2026&usid=172.31.255.1_mizoky1g35oz4drputdklt4yb4cf4523&st=133704",
        "onclick": ""
      },
      {
        "text": "PHÒNG PHẪU THUẬT",
        "href": "http://192.168.2.26:2026/home.aspx?scope=sys&lang=vi&wpid=phauthuatdraw&phauthuatid=0097144d-47e5-45e2-93e2-b45e009d6c98&keyword=nguy%E1%BB%85n%20ng%E1%BB%8Dc%20qu%C3%BD&tg=6&tungay=01/04/2026&denngay=24/07/2026&usid=172.31.255.1_mizoky1g35oz4drputdklt4yb4cf4523&st=133704",
        "onclick": ""
      },
      {
        "text": "Khoa Khám Bệnh",
        "href": "http://192.168.2.26:2026/home.aspx?scope=sys&lang=vi&wpid=phauthuatdraw&phauthuatid=0097144d-47e5-45e2-93e2-b45e009d6c98&keyword=nguy%E1%BB%85n%20ng%E1%BB%8Dc%20qu%C3%BD&tg=6&tungay=01/04/2026&denngay=24/07/2026&usid=172.31.255.1_mizoky1g35oz4drputdklt4yb4cf4523&st=133704",
        "onclick": ""
      },
      {
        "text": "Phẫu thuật điều trị ngón tay cò súng (1 ngón)",
        "href": "http://192.168.2.26:2026/home.aspx?scope=sys&lang=vi&wpid=phauthuatdraw&phauthuatid=0097144d-47e5-45e2-93e2-b45e009d6c98&keyword=nguy%E1%BB%85n%20ng%E1%BB%8Dc%20qu%C3%BD&tg=6&tungay=01/04/2026&denngay=24/07/2026&usid=172.31.255.1_mizoky1g35oz4drputdklt4yb4cf4523&st=133704",
        "onclick": ""
      },
      {
        "text": "Thường",
        "href": "http://192.168.2.26:2026/home.aspx?scope=sys&lang=vi&wpid=phauthuatdraw&phauthuatid=0097144d-47e5-45e2-93e2-b45e009d6c98&keyword=nguy%E1%BB%85n%20ng%E1%BB%8Dc%20qu%C3%BD&tg=6&tungay=01/04/2026&denngay=24/07/2026&usid=172.31.255.1_mizoky1g35oz4drputdklt4yb4cf4523&st=133704",
        "onclick": ""
      },
      {
        "text": "03/06/2026",
        "href": "http://192.168.2.26:2026/home.aspx?scope=sys&lang=vi&wpid=phauthuatdraw&phauthuatid=0097144d-47e5-45e2-93e2-b45e009d6c98&keyword=nguy%E1%BB%85n%20ng%E1%BB%8Dc%20qu%C3%BD&tg=6&tungay=01/04/2026&denngay=24/07/2026&usid=172.31.255.1_mizoky1g35oz4drputdklt4yb4cf4523&st=133704",
        "onclick": ""
      }
    ]
  }
}
[2026-07-23 13:37:07.564] [BROWSER] [DETAIL] kind=surgery; access_id=0097144d-47e5-45e2-93e2-b45e009d6c98; direct_url=yes; onclick=no
[2026-07-23 13:37:07.565] [BROWSER] [DETAIL] Mở liên kết trực tiếp: http://192.168.2.26:2026/home.aspx?scope=sys&lang=vi&wpid=phauthuatdraw&phauthuatid=0097144d-47e5-45e2-93e2-b45e009d6c98&keyword=nguy%E1%BB%85n%20ng%E1%BB%8Dc%20qu%C3%BD&tg=6&tungay=01/04/2026&denngay=24/07/2026&usid=172.31.255.1_mizoky1g35oz4drputdklt4yb4cf4523&st=133704
[2026-07-23 13:37:08.586] [BROWSER] [DETAIL] Dữ liệu đọc được: {"complete_info": "Người hoàn tất: Hoàng Minh Tú (hmtu) | TG nhấn hoàn tất: 17:08 03/06/2026", "current_url": "http://192.168.2.26:2026/home.aspx?scope=sys&lang=vi&wpid=phauthuatdraw&phauthuatid=0097144d-47e5-45e2-93e2-b45e009d6c98&keyword=nguy%E1%BB%85n%20ng%E1%BB%8Dc%20qu%C3%BD&tg=6&tungay=01/04/2026&denngay=24/07/2026&usid=172.31.255.1_mizoky1g35oz4drputdklt4yb4cf4523&st=133704", "doctor": "Hoàng Minh Tú", "doctor_field": "cbbBacSiPT", "doctor_found": true, "method": "Phẫu thuật điều trị ngón tay cò súng (1 ngón)", "patient_info": "", "root_found": true, "start_time": "09:45 03/06/2026"}
[2026-07-23 13:37:08.587] [BROWSER] [DETAIL] Nguồn bác sĩ: BS mổ chính; field=cbbBacSiPT; value=Hoàng Minh Tú
[2026-07-23 13:37:08.590] [DETAIL_OK] D/s Phẫu thuật: đọc được hồ sơ chi tiết
{
  "doctor_from_emr": "Hoàng Minh Tú",
  "mapped_alias": null,
  "mapped_name": null,
  "start_time": "09:45 03/06/2026",
  "method": "Phẫu thuật điều trị ngón tay cò súng (1 ngón)",
  "current_url": "http://192.168.2.26:2026/home.aspx?scope=sys&lang=vi&wpid=phauthuatdraw&phauthuatid=0097144d-47e5-45e2-93e2-b45e009d6c98&keyword=nguy%E1%BB%85n%20ng%E1%BB%8Dc%20qu%C3%BD&tg=6&tungay=01/04/2026&denngay=24/07/2026&usid=172.31.255.1_mizoky1g35oz4drputdklt4yb4cf4523&st=133704",
  "total_score": 355.0,
  "method_score": 1.0
}
[2026-07-23 13:37:08.592] [EVALUATED] D/s Phẫu thuật: đánh giá 1 hồ sơ
{
  "items": [
    {
      "doctor": "Hoàng Minh Tú",
      "alias": null,
      "detail_datetime": "2026-06-03 09:45:00",
      "method_score": 1.0,
      "total_score": 355.0,
      "confidence_ok": false
    }
  ]
}
[2026-07-23 13:37:08.593] [STOP_AT_SOURCE] D/s Phẫu thuật: đã thấy ca cùng ngày nên không sang nguồn khác
{
  "reason": "surgery: đã có ca cùng ngày nhưng chưa lấy được bác sĩ"
}
[2026-07-23 13:37:08.593] [ROW_UNMATCHED] Dòng 12: surgery: đã có ca cùng ngày nhưng chưa lấy được bác sĩ
{
  "rowNumber": 12,
  "patient": "NGUYỄN NGỌC QUÝ",
  "time": "09:45 03/06/2026",
  "method": "Phẫu thuật điều trị ngón tay cò súng (1 ngón)",
  "oldValue": "",
  "status": "unmatched",
  "reason": "surgery: đã có ca cùng ngày nhưng chưa lấy được bác sĩ"
}
[2026-07-23 13:37:08.594] [ROW_END] Kết thúc dòng 12
{
  "status": "unmatched",
  "new_value": null,
  "reason": "surgery: đã có ca cùng ngày nhưng chưa lấy được bác sĩ"
}
[2026-07-23 13:37:08.595] [ROW_BEGIN] [3/20] Bắt đầu dòng 14: VÕ KIM ANH
{
  "raw_time": "2026/06/07 21:33",
  "parsed_time": "21:33 07/06/2026",
  "method": "Tạo hình và đổ xi măng cột sống (kyphoplasty)",
  "old_value": ""
}
[2026-07-23 13:37:08.596] [SEARCH_BEGIN] dòng 14: tìm VÕ KIM ANH tại D/s Thủ thuật
{
  "patient": "VÕ KIM ANH",
  "target_time": "2026-06-07 21:33:00",
  "target_method": "Tạo hình và đổ xi măng cột sống (kyphoplasty)",
  "source": "procedure"
}
[2026-07-23 13:37:09.013] [BROWSER] [NAV] D/s Thủ thuật: http://192.168.2.26:2026/home.aspx?scope=sys&lang=vi&wpid=danhsachthuthuatdraw&role=323&usid=172.31.255.1_mizoky1g35oz4drputdklt4yb4cf4523&st=133705
[2026-07-23 13:37:10.920] [BROWSER] [FILTER] 3 tháng
[2026-07-23 13:37:11.458] [BROWSER] [SEARCH] Nhập 'VÕ KIM ANH' vào #txtTimKiem
[2026-07-23 13:37:11.746] [BROWSER] [SEARCH] Đã bấm Tìm kiếm bằng #btnTimKiem
[2026-07-23 13:37:11.778] [BROWSER] [RESULT] D/s Thủ thuật: 6 dòng
[2026-07-23 13:37:11.786] [SEARCH_RESULT] D/s Thủ thuật: nhận 6 dòng
{
  "current_url": "http://192.168.2.26:2026/home.aspx?scope=sys&lang=vi&wpid=danhsachthuthuatdraw&role=323&usid=172.31.255.1_mizoky1g35oz4drputdklt4yb4cf4523&st=133705",
  "search_input_id": "txtTimKiem",
  "search_trigger": "#btnTimKiem",
  "headers": [
    "STT",
    "Ngày thủ thuật",
    "Mã BN",
    "Họ tên",
    "Giới tính",
    "Tuổi",
    "Đối tượng",
    "Nơi chỉ định",
    "Chỉ định thủ thuật",
    "Tạm ứng",
    "Phải thanh toán",
    "Tình trạng",
    "Thời gian chỉ định",
    "Trạng thái"
  ],
  "rows": [
    {
      "access_id": "2d53194f-e5e8-4a44-bca0-b46201644a41",
      "known_fields": {
        "stt": "1",
        "ngay_thu_thuat": "16:30 08/06/2026",
        "ma_bn": "26061296",
        "ho_ten": "VÕ KIM ANH",
        "gioi_tinh": "Nữ",
        "tuoi": "87 tuổi",
        "doi_tuong": "Viện phí",
        "noi_chi_dinh": "Khoa Ngoại Chấn Thương Chỉnh Hình và Thần Kinh",
        "chi_dinh_thu_thuat": "Tạo hình và đổ xi măng cột sống (kyphoplasty)",
        "tam_ung": "0",
        "phai_thanh_toan": "0",
        "tinh_trang": "Thường",
        "thoi_gian_chi_dinh": "21:33 07/06/2026",
        "trang_thai": "Hoàn tất"
      },
      "raw_text": "1 16:30 08/06/2026 26061296 VÕ KIM ANH Nữ 87 tuổi Viện phí Khoa Ngoại Chấn Thương Chỉnh Hình và Thần Kinh Tạo hình và đổ xi măng cột sống (kyphoplasty) 0 0 Thường 21:33 07/06/2026 Hoàn tất",
      "links": [
        {
          "text": "1",
          "href": "http://192.168.2.26:2026/home.aspx?scope=sys&lang=vi&wpid=thuthuatnewdraw&thuthuatid=2d53194f-e5e8-4a44-bca0-b46201644a41&usid=172.31.255.1_mizoky1g35oz4drputdklt4yb4cf4523&st=133709",
          "onclick": ""
        },
        {
          "text": "16:30 08/06/2026",
          "href": "http://192.168.2.26:2026/home.aspx?scope=sys&lang=vi&wpid=thuthuatnewdraw&thuthuatid=2d53194f-e5e8-4a44-bca0-b46201644a41&usid=172.31.255.1_mizoky1g35oz4drputdklt4yb4cf4523&st=133709",
          "onclick": ""
        },
        {
          "text": "26061296",
          "href": "http://192.168.2.26:2026/home.aspx?scope=sys&lang=vi&wpid=thuthuatnewdraw&thuthuatid=2d53194f-e5e8-4a44-bca0-b46201644a41&usid=172.31.255.1_mizoky1g35oz4drputdklt4yb4cf4523&st=133709",
          "onclick": ""
        },
        {
          "text": "VÕ KIM ANH",
          "href": "http://192.168.2.26:2026/home.aspx?scope=sys&lang=vi&wpid=thuthuatnewdraw&thuthuatid=2d53194f-e5e8-4a44-bca0-b46201644a41&usid=172.31.255.1_mizoky1g35oz4drputdklt4yb4cf4523&st=133709",
          "onclick": ""
        },
        {
          "text": "Nữ",
          "href": "http://192.168.2.26:2026/home.aspx?scope=sys&lang=vi&wpid=thuthuatnewdraw&thuthuatid=2d53194f-e5e8-4a44-bca0-b46201644a41&usid=172.31.255.1_mizoky1g35oz4drputdklt4yb4cf4523&st=133709",
          "onclick": ""
        },
        {
          "text": "87 tuổi",
          "href": "http://192.168.2.26:2026/home.aspx?scope=sys&lang=vi&wpid=thuthuatnewdraw&thuthuatid=2d53194f-e5e8-4a44-bca0-b46201644a41&usid=172.31.255.1_mizoky1g35oz4drputdklt4yb4cf4523&st=133709",
          "onclick": ""
        },
        {
          "text": "Viện phí",
          "href": "http://192.168.2.26:2026/home.aspx?scope=sys&lang=vi&wpid=thuthuatnewdraw&thuthuatid=2d53194f-e5e8-4a44-bca0-b46201644a41&usid=172.31.255.1_mizoky1g35oz4drputdklt4yb4cf4523&st=133709",
          "onclick": ""
        },
        {
          "text": "Khoa Ngoại Chấn Thương Chỉnh Hình và Thần Kinh",
          "href": "http://192.168.2.26:2026/home.aspx?scope=sys&lang=vi&wpid=thuthuatnewdraw&thuthuatid=2d53194f-e5e8-4a44-bca0-b46201644a41&usid=172.31.255.1_mizoky1g35oz4drputdklt4yb4cf4523&st=133709",
          "onclick": ""
        },
        {
          "text": "Tạo hình và đổ xi măng cột sống (kyphoplasty)",
          "href": "http://192.168.2.26:2026/home.aspx?scope=sys&lang=vi&wpid=thuthuatnewdraw&thuthuatid=2d53194f-e5e8-4a44-bca0-b46201644a41&usid=172.31.255.1_mizoky1g35oz4drputdklt4yb4cf4523&st=133709",
          "onclick": ""
        },
        {
          "text": "0",
          "href": "http://192.168.2.26:2026/home.aspx?scope=sys&lang=vi&wpid=thuthuatnewdraw&thuthuatid=2d53194f-e5e8-4a44-bca0-b46201644a41&usid=172.31.255.1_mizoky1g35oz4drputdklt4yb4cf4523&st=133709",
          "onclick": ""
        },
        {
          "text": "0",
          "href": "http://192.168.2.26:2026/home.aspx?scope=sys&lang=vi&wpid=thuthuatnewdraw&thuthuatid=2d53194f-e5e8-4a44-bca0-b46201644a41&usid=172.31.255.1_mizoky1g35oz4drputdklt4yb4cf4523&st=133709",
          "onclick": ""
        },
        {
          "text": "Thường",
          "href": "http://192.168.2.26:2026/home.aspx?scope=sys&lang=vi&wpid=thuthuatnewdraw&thuthuatid=2d53194f-e5e8-4a44-bca0-b46201644a41&usid=172.31.255.1_mizoky1g35oz4drputdklt4yb4cf4523&st=133709",
          "onclick": ""
        },
        {
          "text": "21:33 07/06/2026",
          "href": "http://192.168.2.26:2026/home.aspx?scope=sys&lang=vi&wpid=thuthuatnewdraw&thuthuatid=2d53194f-e5e8-4a44-bca0-b46201644a41&usid=172.31.255.1_mizoky1g35oz4drputdklt4yb4cf4523&st=133709",
          "onclick": ""
        },
        {
          "text": "Hoàn tất",
          "href": "http://192.168.2.26:2026/home.aspx?scope=sys&lang=vi&wpid=thuthuatnewdraw&thuthuatid=2d53194f-e5e8-4a44-bca0-b46201644a41&usid=172.31.255.1_mizoky1g35oz4drputdklt4yb4cf4523&st=133709",
          "onclick": ""
        }
      ]
    },
    {
      "access_id": "8757d047-b060-4cb7-afa4-b46700ac720f",
      "known_fields": {
        "stt": "2",
        "ngay_thu_thuat": "08:00 10/06/2026",
        "ma_bn": "26061296",
        "ho_ten": "VÕ KIM ANH",
        "gioi_tinh": "Nữ",
        "tuoi": "87 tuổi",
        "doi_tuong": "Viện phí",
        "noi_chi_dinh": "Khoa Ngoại Chấn Thương Chỉnh Hình và Thần Kinh",
        "chi_dinh_thu_thuat": "Truyền hóa chất tĩnh mạch [nội trú]",
        "tam_ung": "0",
        "phai_thanh_toan": "0",
        "tinh_trang": "Thường",
        "thoi_gian_chi_dinh": "06:20 10/06/2026",
        "trang_thai": "Hoàn tất"
      },
      "raw_text": "2 08:00 10/06/2026 26061296 VÕ KIM ANH Nữ 87 tuổi Viện phí Khoa Ngoại Chấn Thương Chỉnh Hình và Thần Kinh Truyền hóa chất tĩnh mạch [nội trú] 0 0 Thường 06:20 10/06/2026 Hoàn tất",
      "links": [
        {
          "text": "2",
          "href": "http://192.168.2.26:2026/home.aspx?scope=sys&lang=vi&wpid=thuthuatnewdraw&thuthuatid=8757d047-b060-4cb7-afa4-b46700ac720f&usid=172.31.255.1_mizoky1g35oz4drputdklt4yb4cf4523&st=133709",
          "onclick": ""
        },
        {
          "text": "08:00 10/06/2026",
          "href": "http://192.168.2.26:2026/home.aspx?scope=sys&lang=vi&wpid=thuthuatnewdraw&thuthuatid=8757d047-b060-4cb7-afa4-b46700ac720f&usid=172.31.255.1_mizoky1g35oz4drputdklt4yb4cf4523&st=133709",
          "onclick": ""
        },
        {
          "text": "26061296",
          "href": "http://192.168.2.26:2026/home.aspx?scope=sys&lang=vi&wpid=thuthuatnewdraw&thuthuatid=8757d047-b060-4cb7-afa4-b46700ac720f&usid=172.31.255.1_mizoky1g35oz4drputdklt4yb4cf4523&st=133709",
          "onclick": ""
        },
        {
          "text": "VÕ KIM ANH",
          "href": "http://192.168.2.26:2026/home.aspx?scope=sys&lang=vi&wpid=thuthuatnewdraw&thuthuatid=8757d047-b060-4cb7-afa4-b46700ac720f&usid=172.31.255.1_mizoky1g35oz4drputdklt4yb4cf4523&st=133709",
          "onclick": ""
        },
        {
          "text": "Nữ",
          "href": "http://192.168.2.26:2026/home.aspx?scope=sys&lang=vi&wpid=thuthuatnewdraw&thuthuatid=8757d047-b060-4cb7-afa4-b46700ac720f&usid=172.31.255.1_mizoky1g35oz4drputdklt4yb4cf4523&st=133709",
          "onclick": ""
        },
        {
          "text": "87 tuổi",
          "href": "http://192.168.2.26:2026/home.aspx?scope=sys&lang=vi&wpid=thuthuatnewdraw&thuthuatid=8757d047-b060-4cb7-afa4-b46700ac720f&usid=172.31.255.1_mizoky1g35oz4drputdklt4yb4cf4523&st=133709",
          "onclick": ""
        },
        {
          "text": "Viện phí",
          "href": "http://192.168.2.26:2026/home.aspx?scope=sys&lang=vi&wpid=thuthuatnewdraw&thuthuatid=8757d047-b060-4cb7-afa4-b46700ac720f&usid=172.31.255.1_mizoky1g35oz4drputdklt4yb4cf4523&st=133709",
          "onclick": ""
        },
        {
          "text": "Khoa Ngoại Chấn Thương Chỉnh Hình và Thần Kinh",
          "href": "http://192.168.2.26:2026/home.aspx?scope=sys&lang=vi&wpid=thuthuatnewdraw&thuthuatid=8757d047-b060-4cb7-afa4-b46700ac720f&usid=172.31.255.1_mizoky1g35oz4drputdklt4yb4cf4523&st=133709",
          "onclick": ""
        },
        {
          "text": "Truyền hóa chất tĩnh mạch [nội trú]",
          "href": "http://192.168.2.26:2026/home.aspx?scope=sys&lang=vi&wpid=thuthuatnewdraw&thuthuatid=8757d047-b060-4cb7-afa4-b46700ac720f&usid=172.31.255.1_mizoky1g35oz4drputdklt4yb4cf4523&st=133709",
          "onclick": ""
        },
        {
          "text": "0",
          "href": "http://192.168.2.26:2026/home.aspx?scope=sys&lang=vi&wpid=thuthuatnewdraw&thuthuatid=8757d047-b060-4cb7-afa4-b46700ac720f&usid=172.31.255.1_mizoky1g35oz4drputdklt4yb4cf4523&st=133709",
          "onclick": ""
        },
        {
          "text": "0",
          "href": "http://192.168.2.26:2026/home.aspx?scope=sys&lang=vi&wpid=thuthuatnewdraw&thuthuatid=8757d047-b060-4cb7-afa4-b46700ac720f&usid=172.31.255.1_mizoky1g35oz4drputdklt4yb4cf4523&st=133709",
          "onclick": ""
        },
        {
          "text": "Thường",
          "href": "http://192.168.2.26:2026/home.aspx?scope=sys&lang=vi&wpid=thuthuatnewdraw&thuthuatid=8757d047-b060-4cb7-afa4-b46700ac720f&usid=172.31.255.1_mizoky1g35oz4drputdklt4yb4cf4523&st=133709",
          "onclick": ""
        },
        {
          "text": "06:20 10/06/2026",
          "href": "http://192.168.2.26:2026/home.aspx?scope=sys&lang=vi&wpid=thuthuatnewdraw&thuthuatid=8757d047-b060-4cb7-afa4-b46700ac720f&usid=172.31.255.1_mizoky1g35oz4drputdklt4yb4cf4523&st=133709",
          "onclick": ""
        },
        {
          "text": "Hoàn tất",
          "href": "http://192.168.2.26:2026/home.aspx?scope=sys&lang=vi&wpid=thuthuatnewdraw&thuthuatid=8757d047-b060-4cb7-afa4-b46700ac720f&usid=172.31.255.1_mizoky1g35oz4drputdklt4yb4cf4523&st=133709",
          "onclick": ""
        }
      ]
    },
    {
      "access_id": "6a803767-4019-4eae-a143-b4650069e470",
      "known_fields": {
        "stt": "3",
        "ngay_thu_thuat": "09:02 10/06/2026",
        "ma_bn": "26061296",
        "ho_ten": "VÕ KIM ANH",
        "gioi_tinh": "Nữ",
        "tuoi": "87 tuổi",
        "doi_tuong": "Viện phí",
        "noi_chi_dinh": "Khoa Ngoại Chấn Thương Chỉnh Hình và Thần Kinh",
        "chi_dinh_thu_thuat": "Tập vận động thụ động",
        "tam_ung": "0",
        "phai_thanh_toan": "0",
        "tinh_trang": "Thường",
        "thoi_gian_chi_dinh": "06:20 10/06/2026",
        "trang_thai": "Hoàn tất"
      },
      "raw_text": "3 09:02 10/06/2026 26061296 VÕ KIM ANH Nữ 87 tuổi Viện phí Khoa Ngoại Chấn Thương Chỉnh Hình và Thần Kinh Tập vận động thụ động 0 0 Thường 06:20 10/06/2026 Hoàn tất",
      "links": [
        {
          "text": "3",
          "href": "http://192.168.2.26:2026/home.aspx?scope=sys&lang=vi&wpid=thuthuatnewdraw&thuthuatid=6a803767-4019-4eae-a143-b4650069e470&usid=172.31.255.1_mizoky1g35oz4drputdklt4yb4cf4523&st=133709",
          "onclick": ""
        },
        {
          "text": "09:02 10/06/2026",
          "href": "http://192.168.2.26:2026/home.aspx?scope=sys&lang=vi&wpid=thuthuatnewdraw&thuthuatid=6a803767-4019-4eae-a143-b4650069e470&usid=172.31.255.1_mizoky1g35oz4drputdklt4yb4cf4523&st=133709",
          "onclick": ""
        },
        {
          "text": "26061296",
          "href": "http://192.168.2.26:2026/home.aspx?scope=sys&lang=vi&wpid=thuthuatnewdraw&thuthuatid=6a803767-4019-4eae-a143-b4650069e470&usid=172.31.255.1_mizoky1g35oz4drputdklt4yb4cf4523&st=133709",
          "onclick": ""
        },
        {
          "text": "VÕ KIM ANH",
          "href": "http://192.168.2.26:2026/home.aspx?scope=sys&lang=vi&wpid=thuthuatnewdraw&thuthuatid=6a803767-4019-4eae-a143-b4650069e470&usid=172.31.255.1_mizoky1g35oz4drputdklt4yb4cf4523&st=133709",
          "onclick": ""
        },
        {
          "text": "Nữ",
          "href": "http://192.168.2.26:2026/home.aspx?scope=sys&lang=vi&wpid=thuthuatnewdraw&thuthuatid=6a803767-4019-4eae-a143-b4650069e470&usid=172.31.255.1_mizoky1g35oz4drputdklt4yb4cf4523&st=133709",
          "onclick": ""
        },
        {
          "text": "87 tuổi",
          "href": "http://192.168.2.26:2026/home.aspx?scope=sys&lang=vi&wpid=thuthuatnewdraw&thuthuatid=6a803767-4019-4eae-a143-b4650069e470&usid=172.31.255.1_mizoky1g35oz4drputdklt4yb4cf4523&st=133709",
          "onclick": ""
        },
        {
          "text": "Viện phí",
          "href": "http://192.168.2.26:2026/home.aspx?scope=sys&lang=vi&wpid=thuthuatnewdraw&thuthuatid=6a803767-4019-4eae-a143-b4650069e470&usid=172.31.255.1_mizoky1g35oz4drputdklt4yb4cf4523&st=133709",
          "onclick": ""
        },
        {
          "text": "Khoa Ngoại Chấn Thương Chỉnh Hình và Thần Kinh",
          "href": "http://192.168.2.26:2026/home.aspx?scope=sys&lang=vi&wpid=thuthuatnewdraw&thuthuatid=6a803767-4019-4eae-a143-b4650069e470&usid=172.31.255.1_mizoky1g35oz4drputdklt4yb4cf4523&st=133709",
          "onclick": ""
        },
        {
          "text": "Tập vận động thụ động",
          "href": "http://192.168.2.26:2026/home.aspx?scope=sys&lang=vi&wpid=thuthuatnewdraw&thuthuatid=6a803767-4019-4eae-a143-b4650069e470&usid=172.31.255.1_mizoky1g35oz4drputdklt4yb4cf4523&st=133709",
          "onclick": ""
        },
        {
          "text": "0",
          "href": "http://192.168.2.26:2026/home.aspx?scope=sys&lang=vi&wpid=thuthuatnewdraw&thuthuatid=6a803767-4019-4eae-a143-b4650069e470&usid=172.31.255.1_mizoky1g35oz4drputdklt4yb4cf4523&st=133709",
          "onclick": ""
        },
        {
          "text": "0",
          "href": "http://192.168.2.26:2026/home.aspx?scope=sys&lang=vi&wpid=thuthuatnewdraw&thuthuatid=6a803767-4019-4eae-a143-b4650069e470&usid=172.31.255.1_mizoky1g35oz4drputdklt4yb4cf4523&st=133709",
          "onclick": ""
        },
        {
          "text": "Thường",
          "href": "http://192.168.2.26:2026/home.aspx?scope=sys&lang=vi&wpid=thuthuatnewdraw&thuthuatid=6a803767-4019-4eae-a143-b4650069e470&usid=172.31.255.1_mizoky1g35oz4drputdklt4yb4cf4523&st=133709",
          "onclick": ""
        },
        {
          "text": "06:20 10/06/2026",
          "href": "http://192.168.2.26:2026/home.aspx?scope=sys&lang=vi&wpid=thuthuatnewdraw&thuthuatid=6a803767-4019-4eae-a143-b4650069e470&usid=172.31.255.1_mizoky1g35oz4drputdklt4yb4cf4523&st=133709",
          "onclick": ""
        },
        {
          "text": "Hoàn tất",
          "href": "http://192.168.2.26:2026/home.aspx?scope=sys&lang=vi&wpid=thuthuatnewdraw&thuthuatid=6a803767-4019-4eae-a143-b4650069e470&usid=172.31.255.1_mizoky1g35oz4drputdklt4yb4cf4523&st=133709",
          "onclick": ""
        }
      ]
    },
    {
      "access_id": "34596bd5-690d-4c90-98b5-b4650069e470",
      "known_fields": {
        "stt": "4",
        "ngay_thu_thuat": "09:02 10/06/2026",
        "ma_bn": "26061296",
        "ho_ten": "VÕ KIM ANH",
        "gioi_tinh": "Nữ",
        "tuoi": "87 tuổi",
        "doi_tuong": "Viện phí",
        "noi_chi_dinh": "Khoa Ngoại Chấn Thương Chỉnh Hình và Thần Kinh",
        "chi_dinh_thu_thuat": "Tập vận động thụ động",
        "tam_ung": "0",
        "phai_thanh_toan": "0",
        "tinh_trang": "Thường",
        "thoi_gian_chi_dinh": "06:20 10/06/2026",
        "trang_thai": "Hoàn tất"
      },
      "raw_text": "4 09:02 10/06/2026 26061296 VÕ KIM ANH Nữ 87 tuổi Viện phí Khoa Ngoại Chấn Thương Chỉnh Hình và Thần Kinh Tập vận động thụ động 0 0 Thường 06:20 10/06/2026 Hoàn tất",
      "links": [
        {
          "text": "4",
          "href": "http://192.168.2.26:2026/home.aspx?scope=sys&lang=vi&wpid=thuthuatnewdraw&thuthuatid=34596bd5-690d-4c90-98b5-b4650069e470&usid=172.31.255.1_mizoky1g35oz4drputdklt4yb4cf4523&st=133709",
          "onclick": ""
        },
        {
          "text": "09:02 10/06/2026",
          "href": "http://192.168.2.26:2026/home.aspx?scope=sys&lang=vi&wpid=thuthuatnewdraw&thuthuatid=34596bd5-690d-4c90-98b5-b4650069e470&usid=172.31.255.1_mizoky1g35oz4drputdklt4yb4cf4523&st=133709",
          "onclick": ""
        },
        {
          "text": "26061296",
          "href": "http://192.168.2.26:2026/home.aspx?scope=sys&lang=vi&wpid=thuthuatnewdraw&thuthuatid=34596bd5-690d-4c90-98b5-b4650069e470&usid=172.31.255.1_mizoky1g35oz4drputdklt4yb4cf4523&st=133709",
          "onclick": ""
        },
        {
          "text": "VÕ KIM ANH",
          "href": "http://192.168.2.26:2026/home.aspx?scope=sys&lang=vi&wpid=thuthuatnewdraw&thuthuatid=34596bd5-690d-4c90-98b5-b4650069e470&usid=172.31.255.1_mizoky1g35oz4drputdklt4yb4cf4523&st=133709",
          "onclick": ""
        },
        {
          "text": "Nữ",
          "href": "http://192.168.2.26:2026/home.aspx?scope=sys&lang=vi&wpid=thuthuatnewdraw&thuthuatid=34596bd5-690d-4c90-98b5-b4650069e470&usid=172.31.255.1_mizoky1g35oz4drputdklt4yb4cf4523&st=133709",
          "onclick": ""
        },
        {
          "text": "87 tuổi",
          "href": "http://192.168.2.26:2026/home.aspx?scope=sys&lang=vi&wpid=thuthuatnewdraw&thuthuatid=34596bd5-690d-4c90-98b5-b4650069e470&usid=172.31.255.1_mizoky1g35oz4drputdklt4yb4cf4523&st=133709",
          "onclick": ""
        },
        {
          "text": "Viện phí",
          "href": "http://192.168.2.26:2026/home.aspx?scope=sys&lang=vi&wpid=thuthuatnewdraw&thuthuatid=34596bd5-690d-4c90-98b5-b4650069e470&usid=172.31.255.1_mizoky1g35oz4drputdklt4yb4cf4523&st=133709",
          "onclick": ""
        },
        {
          "text": "Khoa Ngoại Chấn Thương Chỉnh Hình và Thần Kinh",
          "href": "http://192.168.2.26:2026/home.aspx?scope=sys&lang=vi&wpid=thuthuatnewdraw&thuthuatid=34596bd5-690d-4c90-98b5-b4650069e470&usid=172.31.255.1_mizoky1g35oz4drputdklt4yb4cf4523&st=133709",
          "onclick": ""
        },
        {
          "text": "Tập vận động thụ động",
          "href": "http://192.168.2.26:2026/home.aspx?scope=sys&lang=vi&wpid=thuthuatnewdraw&thuthuatid=34596bd5-690d-4c90-98b5-b4650069e470&usid=172.31.255.1_mizoky1g35oz4drputdklt4yb4cf4523&st=133709",
          "onclick": ""
        },
        {
          "text": "0",
          "href": "http://192.168.2.26:2026/home.aspx?scope=sys&lang=vi&wpid=thuthuatnewdraw&thuthuatid=34596bd5-690d-4c90-98b5-b4650069e470&usid=172.31.255.1_mizoky1g35oz4drputdklt4yb4cf4523&st=133709",
          "onclick": ""
        },
        {
          "text": "0",
          "href": "http://192.168.2.26:2026/home.aspx?scope=sys&lang=vi&wpid=thuthuatnewdraw&thuthuatid=34596bd5-690d-4c90-98b5-b4650069e470&usid=172.31.255.1_mizoky1g35oz4drputdklt4yb4cf4523&st=133709",
          "onclick": ""
        },
        {
          "text": "Thường",
          "href": "http://192.168.2.26:2026/home.aspx?scope=sys&lang=vi&wpid=thuthuatnewdraw&thuthuatid=34596bd5-690d-4c90-98b5-b4650069e470&usid=172.31.255.1_mizoky1g35oz4drputdklt4yb4cf4523&st=133709",
          "onclick": ""
        },
        {
          "text": "06:20 10/06/2026",
          "href": "http://192.168.2.26:2026/home.aspx?scope=sys&lang=vi&wpid=thuthuatnewdraw&thuthuatid=34596bd5-690d-4c90-98b5-b4650069e470&usid=172.31.255.1_mizoky1g35oz4drputdklt4yb4cf4523&st=133709",
          "onclick": ""
        },
        {
          "text": "Hoàn tất",
          "href": "http://192.168.2.26:2026/home.aspx?scope=sys&lang=vi&wpid=thuthuatnewdraw&thuthuatid=34596bd5-690d-4c90-98b5-b4650069e470&usid=172.31.255.1_mizoky1g35oz4drputdklt4yb4cf4523&st=133709",
          "onclick": ""
        }
      ]
    },
    {
      "access_id": "32f2312b-3456-4cea-a937-b466006adfba",
      "known_fields": {
        "stt": "5",
        "ngay_thu_thuat": "08:33 11/06/2026",
        "ma_bn": "26061296",
        "ho_ten": "VÕ KIM ANH",
        "gioi_tinh": "Nữ",
        "tuoi": "87 tuổi",
        "doi_tuong": "Viện phí",
        "noi_chi_dinh": "Khoa Ngoại Chấn Thương Chỉnh Hình và Thần Kinh",
        "chi_dinh_thu_thuat": "Tập đi với khung tập đi",
        "tam_ung": "0",
        "phai_thanh_toan": "0",
        "tinh_trang": "Thường",
        "thoi_gian_chi_dinh": "06:24 11/06/2026",
        "trang_thai": "Hoàn tất"
      },
      "raw_text": "5 08:33 11/06/2026 26061296 VÕ KIM ANH Nữ 87 tuổi Viện phí Khoa Ngoại Chấn Thương Chỉnh Hình và Thần Kinh Tập đi với khung tập đi 0 0 Thường 06:24 11/06/2026 Hoàn tất",
      "links": [
        {
          "text": "5",
          "href": "http://192.168.2.26:2026/home.aspx?scope=sys&lang=vi&wpid=thuthuatnewdraw&thuthuatid=32f2312b-3456-4cea-a937-b466006adfba&usid=172.31.255.1_mizoky1g35oz4drputdklt4yb4cf4523&st=133709",
          "onclick": ""
        },
        {
          "text": "08:33 11/06/2026",
          "href": "http://192.168.2.26:2026/home.aspx?scope=sys&lang=vi&wpid=thuthuatnewdraw&thuthuatid=32f2312b-3456-4cea-a937-b466006adfba&usid=172.31.255.1_mizoky1g35oz4drputdklt4yb4cf4523&st=133709",
          "onclick": ""
        },
        {
          "text": "26061296",
          "href": "http://192.168.2.26:2026/home.aspx?scope=sys&lang=vi&wpid=thuthuatnewdraw&thuthuatid=32f2312b-3456-4cea-a937-b466006adfba&usid=172.31.255.1_mizoky1g35oz4drputdklt4yb4cf4523&st=133709",
          "onclick": ""
        },
        {
          "text": "VÕ KIM ANH",
          "href": "http://192.168.2.26:2026/home.aspx?scope=sys&lang=vi&wpid=thuthuatnewdraw&thuthuatid=32f2312b-3456-4cea-a937-b466006adfba&usid=172.31.255.1_mizoky1g35oz4drputdklt4yb4cf4523&st=133709",
          "onclick": ""
        },
        {
          "text": "Nữ",
          "href": "http://192.168.2.26:2026/home.aspx?scope=sys&lang=vi&wpid=thuthuatnewdraw&thuthuatid=32f2312b-3456-4cea-a937-b466006adfba&usid=172.31.255.1_mizoky1g35oz4drputdklt4yb4cf4523&st=133709",
          "onclick": ""
        },
        {
          "text": "87 tuổi",
          "href": "http://192.168.2.26:2026/home.aspx?scope=sys&lang=vi&wpid=thuthuatnewdraw&thuthuatid=32f2312b-3456-4cea-a937-b466006adfba&usid=172.31.255.1_mizoky1g35oz4drputdklt4yb4cf4523&st=133709",
          "onclick": ""
        },
        {
          "text": "Viện phí",
          "href": "http://192.168.2.26:2026/home.aspx?scope=sys&lang=vi&wpid=thuthuatnewdraw&thuthuatid=32f2312b-3456-4cea-a937-b466006adfba&usid=172.31.255.1_mizoky1g35oz4drputdklt4yb4cf4523&st=133709",
          "onclick": ""
        },
        {
          "text": "Khoa Ngoại Chấn Thương Chỉnh Hình và Thần Kinh",
          "href": "http://192.168.2.26:2026/home.aspx?scope=sys&lang=vi&wpid=thuthuatnewdraw&thuthuatid=32f2312b-3456-4cea-a937-b466006adfba&usid=172.31.255.1_mizoky1g35oz4drputdklt4yb4cf4523&st=133709",
          "onclick": ""
        },
        {
          "text": "Tập đi với khung tập đi",
          "href": "http://192.168.2.26:2026/home.aspx?scope=sys&lang=vi&wpid=thuthuatnewdraw&thuthuatid=32f2312b-3456-4cea-a937-b466006adfba&usid=172.31.255.1_mizoky1g35oz4drputdklt4yb4cf4523&st=133709",
          "onclick": ""
        },
        {
          "text": "0",
          "href": "http://192.168.2.26:2026/home.aspx?scope=sys&lang=vi&wpid=thuthuatnewdraw&thuthuatid=32f2312b-3456-4cea-a937-b466006adfba&usid=172.31.255.1_mizoky1g35oz4drputdklt4yb4cf4523&st=133709",
          "onclick": ""
        },
        {
          "text": "0",
          "href": "http://192.168.2.26:2026/home.aspx?scope=sys&lang=vi&wpid=thuthuatnewdraw&thuthuatid=32f2312b-3456-4cea-a937-b466006adfba&usid=172.31.255.1_mizoky1g35oz4drputdklt4yb4cf4523&st=133709",
          "onclick": ""
        },
        {
          "text": "Thường",
          "href": "http://192.168.2.26:2026/home.aspx?scope=sys&lang=vi&wpid=thuthuatnewdraw&thuthuatid=32f2312b-3456-4cea-a937-b466006adfba&usid=172.31.255.1_mizoky1g35oz4drputdklt4yb4cf4523&st=133709",
          "onclick": ""
        },
        {
          "text": "06:24 11/06/2026",
          "href": "http://192.168.2.26:2026/home.aspx?scope=sys&lang=vi&wpid=thuthuatnewdraw&thuthuatid=32f2312b-3456-4cea-a937-b466006adfba&usid=172.31.255.1_mizoky1g35oz4drputdklt4yb4cf4523&st=133709",
          "onclick": ""
        },
        {
          "text": "Hoàn tất",
          "href": "http://192.168.2.26:2026/home.aspx?scope=sys&lang=vi&wpid=thuthuatnewdraw&thuthuatid=32f2312b-3456-4cea-a937-b466006adfba&usid=172.31.255.1_mizoky1g35oz4drputdklt4yb4cf4523&st=133709",
          "onclick": ""
        }
      ]
    },
    {
      "access_id": "72035428-7e33-4c74-a2a4-b466006adfba",
      "known_fields": {
        "stt": "6",
        "ngay_thu_thuat": "09:07 11/06/2026",
        "ma_bn": "26061296",
        "ho_ten": "VÕ KIM ANH",
        "gioi_tinh": "Nữ",
        "tuoi": "87 tuổi",
        "doi_tuong": "Viện phí",
        "noi_chi_dinh": "Khoa Ngoại Chấn Thương Chỉnh Hình và Thần Kinh",
        "chi_dinh_thu_thuat": "Tập đi với khung tập đi",
        "tam_ung": "0",
        "phai_thanh_toan": "0",
        "tinh_trang": "Thường",
        "thoi_gian_chi_dinh": "06:24 11/06/2026",
        "trang_thai": "Hoàn tất"
      },
      "raw_text": "6 09:07 11/06/2026 26061296 VÕ KIM ANH Nữ 87 tuổi Viện phí Khoa Ngoại Chấn Thương Chỉnh Hình và Thần Kinh Tập đi với khung tập đi 0 0 Thường 06:24 11/06/2026 Hoàn tất",
      "links": [
        {
          "text": "6",
          "href": "http://192.168.2.26:2026/home.aspx?scope=sys&lang=vi&wpid=thuthuatnewdraw&thuthuatid=72035428-7e33-4c74-a2a4-b466006adfba&usid=172.31.255.1_mizoky1g35oz4drputdklt4yb4cf4523&st=133709",
          "onclick": ""
        },
        {
          "text": "09:07 11/06/2026",
          "href": "http://192.168.2.26:2026/home.aspx?scope=sys&lang=vi&wpid=thuthuatnewdraw&thuthuatid=72035428-7e33-4c74-a2a4-b466006adfba&usid=172.31.255.1_mizoky1g35oz4drputdklt4yb4cf4523&st=133709",
          "onclick": ""
        },
        {
          "text": "26061296",
          "href": "http://192.168.2.26:2026/home.aspx?scope=sys&lang=vi&wpid=thuthuatnewdraw&thuthuatid=72035428-7e33-4c74-a2a4-b466006adfba&usid=172.31.255.1_mizoky1g35oz4drputdklt4yb4cf4523&st=133709",
          "onclick": ""
        },
        {
          "text": "VÕ KIM ANH",
          "href": "http://192.168.2.26:2026/home.aspx?scope=sys&lang=vi&wpid=thuthuatnewdraw&thuthuatid=72035428-7e33-4c74-a2a4-b466006adfba&usid=172.31.255.1_mizoky1g35oz4drputdklt4yb4cf4523&st=133709",
          "onclick": ""
        },
        {
          "text": "Nữ",
          "href": "http://192.168.2.26:2026/home.aspx?scope=sys&lang=vi&wpid=thuthuatnewdraw&thuthuatid=72035428-7e33-4c74-a2a4-b466006adfba&usid=172.31.255.1_mizoky1g35oz4drputdklt4yb4cf4523&st=133709",
          "onclick": ""
        },
        {
          "text": "87 tuổi",
          "href": "http://192.168.2.26:2026/home.aspx?scope=sys&lang=vi&wpid=thuthuatnewdraw&thuthuatid=72035428-7e33-4c74-a2a4-b466006adfba&usid=172.31.255.1_mizoky1g35oz4drputdklt4yb4cf4523&st=133709",
          "onclick": ""
        },
        {
          "text": "Viện phí",
          "href": "http://192.168.2.26:2026/home.aspx?scope=sys&lang=vi&wpid=thuthuatnewdraw&thuthuatid=72035428-7e33-4c74-a2a4-b466006adfba&usid=172.31.255.1_mizoky1g35oz4drputdklt4yb4cf4523&st=133709",
          "onclick": ""
        },
        {
          "text": "Khoa Ngoại Chấn Thương Chỉnh Hình và Thần Kinh",
          "href": "http://192.168.2.26:2026/home.aspx?scope=sys&lang=vi&wpid=thuthuatnewdraw&thuthuatid=72035428-7e33-4c74-a2a4-b466006adfba&usid=172.31.255.1_mizoky1g35oz4drputdklt4yb4cf4523&st=133709",
          "onclick": ""
        },
        {
          "text": "Tập đi với khung tập đi",
          "href": "http://192.168.2.26:2026/home.aspx?scope=sys&lang=vi&wpid=thuthuatnewdraw&thuthuatid=72035428-7e33-4c74-a2a4-b466006adfba&usid=172.31.255.1_mizoky1g35oz4drputdklt4yb4cf4523&st=133709",
          "onclick": ""
        },
        {
          "text": "0",
          "href": "http://192.168.2.26:2026/home.aspx?scope=sys&lang=vi&wpid=thuthuatnewdraw&thuthuatid=72035428-7e33-4c74-a2a4-b466006adfba&usid=172.31.255.1_mizoky1g35oz4drputdklt4yb4cf4523&st=133709",
          "onclick": ""
        },
        {
          "text": "0",
          "href": "http://192.168.2.26:2026/home.aspx?scope=sys&lang=vi&wpid=thuthuatnewdraw&thuthuatid=72035428-7e33-4c74-a2a4-b466006adfba&usid=172.31.255.1_mizoky1g35oz4drputdklt4yb4cf4523&st=133709",
          "onclick": ""
        },
        {
          "text": "Thường",
          "href": "http://192.168.2.26:2026/home.aspx?scope=sys&lang=vi&wpid=thuthuatnewdraw&thuthuatid=72035428-7e33-4c74-a2a4-b466006adfba&usid=172.31.255.1_mizoky1g35oz4drputdklt4yb4cf4523&st=133709",
          "onclick": ""
        },
        {
          "text": "06:24 11/06/2026",
          "href": "http://192.168.2.26:2026/home.aspx?scope=sys&lang=vi&wpid=thuthuatnewdraw&thuthuatid=72035428-7e33-4c74-a2a4-b466006adfba&usid=172.31.255.1_mizoky1g35oz4drputdklt4yb4cf4523&st=133709",
          "onclick": ""
        },
        {
          "text": "Hoàn tất",
          "href": "http://192.168.2.26:2026/home.aspx?scope=sys&lang=vi&wpid=thuthuatnewdraw&thuthuatid=72035428-7e33-4c74-a2a4-b466006adfba&usid=172.31.255.1_mizoky1g35oz4drputdklt4yb4cf4523&st=133709",
          "onclick": ""
        }
      ]
    }
  ]
}
[2026-07-23 13:37:11.789] [CANDIDATES] D/s Thủ thuật: có 6 ứng viên cùng người bệnh
{
  "candidates": [
    {
      "list_score": 80.0,
      "list_datetime": "2026-06-08 16:30:00",
      "list_method": "Tạo hình và đổ xi măng cột sống (kyphoplasty)",
      "detail_marker": "http://192.168.2.26:2026/home.aspx?scope=sys&lang=vi&wpid=thuthuatnewdraw&thuthuatid=2d53194f-e5e8-4a44-bca0-b46201644a41&usid=172.31.255.1_mizoky1g35oz4drputdklt4yb4cf4523&st=133709",
      "row": {
        "access_id": "2d53194f-e5e8-4a44-bca0-b46201644a41",
        "known_fields": {
          "stt": "1",
          "ngay_thu_thuat": "16:30 08/06/2026",
          "ma_bn": "26061296",
          "ho_ten": "VÕ KIM ANH",
          "gioi_tinh": "Nữ",
          "tuoi": "87 tuổi",
          "doi_tuong": "Viện phí",
          "noi_chi_dinh": "Khoa Ngoại Chấn Thương Chỉnh Hình và Thần Kinh",
          "chi_dinh_thu_thuat": "Tạo hình và đổ xi măng cột sống (kyphoplasty)",
          "tam_ung": "0",
          "phai_thanh_toan": "0",
          "tinh_trang": "Thường",
          "thoi_gian_chi_dinh": "21:33 07/06/2026",
          "trang_thai": "Hoàn tất"
        },
        "raw_text": "1 16:30 08/06/2026 26061296 VÕ KIM ANH Nữ 87 tuổi Viện phí Khoa Ngoại Chấn Thương Chỉnh Hình và Thần Kinh Tạo hình và đổ xi măng cột sống (kyphoplasty) 0 0 Thường 21:33 07/06/2026 Hoàn tất",
        "links": [
          {
            "text": "1",
            "href": "http://192.168.2.26:2026/home.aspx?scope=sys&lang=vi&wpid=thuthuatnewdraw&thuthuatid=2d53194f-e5e8-4a44-bca0-b46201644a41&usid=172.31.255.1_mizoky1g35oz4drputdklt4yb4cf4523&st=133709",
            "onclick": ""
          },
          {
            "text": "16:30 08/06/2026",
            "href": "http://192.168.2.26:2026/home.aspx?scope=sys&lang=vi&wpid=thuthuatnewdraw&thuthuatid=2d53194f-e5e8-4a44-bca0-b46201644a41&usid=172.31.255.1_mizoky1g35oz4drputdklt4yb4cf4523&st=133709",
            "onclick": ""
          },
          {
            "text": "26061296",
            "href": "http://192.168.2.26:2026/home.aspx?scope=sys&lang=vi&wpid=thuthuatnewdraw&thuthuatid=2d53194f-e5e8-4a44-bca0-b46201644a41&usid=172.31.255.1_mizoky1g35oz4drputdklt4yb4cf4523&st=133709",
            "onclick": ""
          },
          {
            "text": "VÕ KIM ANH",
            "href": "http://192.168.2.26:2026/home.aspx?scope=sys&lang=vi&wpid=thuthuatnewdraw&thuthuatid=2d53194f-e5e8-4a44-bca0-b46201644a41&usid=172.31.255.1_mizoky1g35oz4drputdklt4yb4cf4523&st=133709",
            "onclick": ""
          },
          {
            "text": "Nữ",
            "href": "http://192.168.2.26:2026/home.aspx?scope=sys&lang=vi&wpid=thuthuatnewdraw&thuthuatid=2d53194f-e5e8-4a44-bca0-b46201644a41&usid=172.31.255.1_mizoky1g35oz4drputdklt4yb4cf4523&st=133709",
            "onclick": ""
          },
          {
            "text": "87 tuổi",
            "href": "http://192.168.2.26:2026/home.aspx?scope=sys&lang=vi&wpid=thuthuatnewdraw&thuthuatid=2d53194f-e5e8-4a44-bca0-b46201644a41&usid=172.31.255.1_mizoky1g35oz4drputdklt4yb4cf4523&st=133709",
            "onclick": ""
          },
          {
            "text": "Viện phí",
            "href": "http://192.168.2.26:2026/home.aspx?scope=sys&lang=vi&wpid=thuthuatnewdraw&thuthuatid=2d53194f-e5e8-4a44-bca0-b46201644a41&usid=172.31.255.1_mizoky1g35oz4drputdklt4yb4cf4523&st=133709",
            "onclick": ""
          },
          {
            "text": "Khoa Ngoại Chấn Thương Chỉnh Hình và Thần Kinh",
            "href": "http://192.168.2.26:2026/home.aspx?scope=sys&lang=vi&wpid=thuthuatnewdraw&thuthuatid=2d53194f-e5e8-4a44-bca0-b46201644a41&usid=172.31.255.1_mizoky1g35oz4drputdklt4yb4cf4523&st=133709",
            "onclick": ""
          },
          {
            "text": "Tạo hình và đổ xi măng cột sống (kyphoplasty)",
            "href": "http://192.168.2.26:2026/home.aspx?scope=sys&lang=vi&wpid=thuthuatnewdraw&thuthuatid=2d53194f-e5e8-4a44-bca0-b46201644a41&usid=172.31.255.1_mizoky1g35oz4drputdklt4yb4cf4523&st=133709",
            "onclick": ""
          },
          {
            "text": "0",
            "href": "http://192.168.2.26:2026/home.aspx?scope=sys&lang=vi&wpid=thuthuatnewdraw&thuthuatid=2d53194f-e5e8-4a44-bca0-b46201644a41&usid=172.31.255.1_mizoky1g35oz4drputdklt4yb4cf4523&st=133709",
            "onclick": ""
          },
          {
            "text": "0",
            "href": "http://192.168.2.26:2026/home.aspx?scope=sys&lang=vi&wpid=thuthuatnewdraw&thuthuatid=2d53194f-e5e8-4a44-bca0-b46201644a41&usid=172.31.255.1_mizoky1g35oz4drputdklt4yb4cf4523&st=133709",
            "onclick": ""
          },
          {
            "text": "Thường",
            "href": "http://192.168.2.26:2026/home.aspx?scope=sys&lang=vi&wpid=thuthuatnewdraw&thuthuatid=2d53194f-e5e8-4a44-bca0-b46201644a41&usid=172.31.255.1_mizoky1g35oz4drputdklt4yb4cf4523&st=133709",
            "onclick": ""
          },
          {
            "text": "21:33 07/06/2026",
            "href": "http://192.168.2.26:2026/home.aspx?scope=sys&lang=vi&wpid=thuthuatnewdraw&thuthuatid=2d53194f-e5e8-4a44-bca0-b46201644a41&usid=172.31.255.1_mizoky1g35oz4drputdklt4yb4cf4523&st=133709",
            "onclick": ""
          },
          {
            "text": "Hoàn tất",
            "href": "http://192.168.2.26:2026/home.aspx?scope=sys&lang=vi&wpid=thuthuatnewdraw&thuthuatid=2d53194f-e5e8-4a44-bca0-b46201644a41&usid=172.31.255.1_mizoky1g35oz4drputdklt4yb4cf4523&st=133709",
            "onclick": ""
          }
        ]
      }
    },
    {
      "list_score": 48.333333333333336,
      "list_datetime": "2026-06-11 08:33:00",
      "list_method": "Tập đi với khung tập đi",
      "detail_marker": "http://192.168.2.26:2026/home.aspx?scope=sys&lang=vi&wpid=thuthuatnewdraw&thuthuatid=32f2312b-3456-4cea-a937-b466006adfba&usid=172.31.255.1_mizoky1g35oz4drputdklt4yb4cf4523&st=133709",
      "row": {
        "access_id": "32f2312b-3456-4cea-a937-b466006adfba",
        "known_fields": {
          "stt": "5",
          "ngay_thu_thuat": "08:33 11/06/2026",
          "ma_bn": "26061296",
          "ho_ten": "VÕ KIM ANH",
          "gioi_tinh": "Nữ",
          "tuoi": "87 tuổi",
          "doi_tuong": "Viện phí",
          "noi_chi_dinh": "Khoa Ngoại Chấn Thương Chỉnh Hình và Thần Kinh",
          "chi_dinh_thu_thuat": "Tập đi với khung tập đi",
          "tam_ung": "0",
          "phai_thanh_toan": "0",
          "tinh_trang": "Thường",
          "thoi_gian_chi_dinh": "06:24 11/06/2026",
          "trang_thai": "Hoàn tất"
        },
        "raw_text": "5 08:33 11/06/2026 26061296 VÕ KIM ANH Nữ 87 tuổi Viện phí Khoa Ngoại Chấn Thương Chỉnh Hình và Thần Kinh Tập đi với khung tập đi 0 0 Thường 06:24 11/06/2026 Hoàn tất",
        "links": [
          {
            "text": "5",
            "href": "http://192.168.2.26:2026/home.aspx?scope=sys&lang=vi&wpid=thuthuatnewdraw&thuthuatid=32f2312b-3456-4cea-a937-b466006adfba&usid=172.31.255.1_mizoky1g35oz4drputdklt4yb4cf4523&st=133709",
            "onclick": ""
          },
          {
            "text": "08:33 11/06/2026",
            "href": "http://192.168.2.26:2026/home.aspx?scope=sys&lang=vi&wpid=thuthuatnewdraw&thuthuatid=32f2312b-3456-4cea-a937-b466006adfba&usid=172.31.255.1_mizoky1g35oz4drputdklt4yb4cf4523&st=133709",
            "onclick": ""
          },
          {
            "text": "26061296",
            "href": "http://192.168.2.26:2026/home.aspx?scope=sys&lang=vi&wpid=thuthuatnewdraw&thuthuatid=32f2312b-3456-4cea-a937-b466006adfba&usid=172.31.255.1_mizoky1g35oz4drputdklt4yb4cf4523&st=133709",
            "onclick": ""
          },
          {
            "text": "VÕ KIM ANH",
            "href": "http://192.168.2.26:2026/home.aspx?scope=sys&lang=vi&wpid=thuthuatnewdraw&thuthuatid=32f2312b-3456-4cea-a937-b466006adfba&usid=172.31.255.1_mizoky1g35oz4drputdklt4yb4cf4523&st=133709",
            "onclick": ""
          },
          {
            "text": "Nữ",
            "href": "http://192.168.2.26:2026/home.aspx?scope=sys&lang=vi&wpid=thuthuatnewdraw&thuthuatid=32f2312b-3456-4cea-a937-b466006adfba&usid=172.31.255.1_mizoky1g35oz4drputdklt4yb4cf4523&st=133709",
            "onclick": ""
          },
          {
            "text": "87 tuổi",
            "href": "http://192.168.2.26:2026/home.aspx?scope=sys&lang=vi&wpid=thuthuatnewdraw&thuthuatid=32f2312b-3456-4cea-a937-b466006adfba&usid=172.31.255.1_mizoky1g35oz4drputdklt4yb4cf4523&st=133709",
            "onclick": ""
          },
          {
            "text": "Viện phí",
            "href": "http://192.168.2.26:2026/home.aspx?scope=sys&lang=vi&wpid=thuthuatnewdraw&thuthuatid=32f2312b-3456-4cea-a937-b466006adfba&usid=172.31.255.1_mizoky1g35oz4drputdklt4yb4cf4523&st=133709",
            "onclick": ""
          },
          {
            "text": "Khoa Ngoại Chấn Thương Chỉnh Hình và Thần Kinh",
            "href": "http://192.168.2.26:2026/home.aspx?scope=sys&lang=vi&wpid=thuthuatnewdraw&thuthuatid=32f2312b-3456-4cea-a937-b466006adfba&usid=172.31.255.1_mizoky1g35oz4drputdklt4yb4cf4523&st=133709",
            "onclick": ""
          },
          {
            "text": "Tập đi với khung tập đi",
            "href": "http://192.168.2.26:2026/home.aspx?scope=sys&lang=vi&wpid=thuthuatnewdraw&thuthuatid=32f2312b-3456-4cea-a937-b466006adfba&usid=172.31.255.1_mizoky1g35oz4drputdklt4yb4cf4523&st=133709",
            "onclick": ""
          },
          {
            "text": "0",
            "href": "http://192.168.2.26:2026/home.aspx?scope=sys&lang=vi&wpid=thuthuatnewdraw&thuthuatid=32f2312b-3456-4cea-a937-b466006adfba&usid=172.31.255.1_mizoky1g35oz4drputdklt4yb4cf4523&st=133709",
            "onclick": ""
          },
          {
            "text": "0",
            "href": "http://192.168.2.26:2026/home.aspx?scope=sys&lang=vi&wpid=thuthuatnewdraw&thuthuatid=32f2312b-3456-4cea-a937-b466006adfba&usid=172.31.255.1_mizoky1g35oz4drputdklt4yb4cf4523&st=133709",
            "onclick": ""
          },
          {
            "text": "Thường",
            "href": "http://192.168.2.26:2026/home.aspx?scope=sys&lang=vi&wpid=thuthuatnewdraw&thuthuatid=32f2312b-3456-4cea-a937-b466006adfba&usid=172.31.255.1_mizoky1g35oz4drputdklt4yb4cf4523&st=133709",
            "onclick": ""
          },
          {
            "text": "06:24 11/06/2026",
            "href": "http://192.168.2.26:2026/home.aspx?scope=sys&lang=vi&wpid=thuthuatnewdraw&thuthuatid=32f2312b-3456-4cea-a937-b466006adfba&usid=172.31.255.1_mizoky1g35oz4drputdklt4yb4cf4523&st=133709",
            "onclick": ""
          },
          {
            "text": "Hoàn tất",
            "href": "http://192.168.2.26:2026/home.aspx?scope=sys&lang=vi&wpid=thuthuatnewdraw&thuthuatid=32f2312b-3456-4cea-a937-b466006adfba&usid=172.31.255.1_mizoky1g35oz4drputdklt4yb4cf4523&st=133709",
            "onclick": ""
          }
        ]
      }
    },
    {
      "list_score": 48.333333333333336,
      "list_datetime": "2026-06-11 09:07:00",
      "list_method": "Tập đi với khung tập đi",
      "detail_marker": "http://192.168.2.26:2026/home.aspx?scope=sys&lang=vi&wpid=thuthuatnewdraw&thuthuatid=72035428-7e33-4c74-a2a4-b466006adfba&usid=172.31.255.1_mizoky1g35oz4drputdklt4yb4cf4523&st=133709",
      "row": {
        "access_id": "72035428-7e33-4c74-a2a4-b466006adfba",
        "known_fields": {
          "stt": "6",
          "ngay_thu_thuat": "09:07 11/06/2026",
          "ma_bn": "26061296",
          "ho_ten": "VÕ KIM ANH",
          "gioi_tinh": "Nữ",
          "tuoi": "87 tuổi",
          "doi_tuong": "Viện phí",
          "noi_chi_dinh": "Khoa Ngoại Chấn Thương Chỉnh Hình và Thần Kinh",
          "chi_dinh_thu_thuat": "Tập đi với khung tập đi",
          "tam_ung": "0",
          "phai_thanh_toan": "0",
          "tinh_trang": "Thường",
          "thoi_gian_chi_dinh": "06:24 11/06/2026",
          "trang_thai": "Hoàn tất"
        },
        "raw_text": "6 09:07 11/06/2026 26061296 VÕ KIM ANH Nữ 87 tuổi Viện phí Khoa Ngoại Chấn Thương Chỉnh Hình và Thần Kinh Tập đi với khung tập đi 0 0 Thường 06:24 11/06/2026 Hoàn tất",
        "links": [
          {
            "text": "6",
            "href": "http://192.168.2.26:2026/home.aspx?scope=sys&lang=vi&wpid=thuthuatnewdraw&thuthuatid=72035428-7e33-4c74-a2a4-b466006adfba&usid=172.31.255.1_mizoky1g35oz4drputdklt4yb4cf4523&st=133709",
            "onclick": ""
          },
          {
            "text": "09:07 11/06/2026",
            "href": "http://192.168.2.26:2026/home.aspx?scope=sys&lang=vi&wpid=thuthuatnewdraw&thuthuatid=72035428-7e33-4c74-a2a4-b466006adfba&usid=172.31.255.1_mizoky1g35oz4drputdklt4yb4cf4523&st=133709",
            "onclick": ""
          },
          {
            "text": "26061296",
            "href": "http://192.168.2.26:2026/home.aspx?scope=sys&lang=vi&wpid=thuthuatnewdraw&thuthuatid=72035428-7e33-4c74-a2a4-b466006adfba&usid=172.31.255.1_mizoky1g35oz4drputdklt4yb4cf4523&st=133709",
            "onclick": ""
          },
          {
            "text": "VÕ KIM ANH",
            "href": "http://192.168.2.26:2026/home.aspx?scope=sys&lang=vi&wpid=thuthuatnewdraw&thuthuatid=72035428-7e33-4c74-a2a4-b466006adfba&usid=172.31.255.1_mizoky1g35oz4drputdklt4yb4cf4523&st=133709",
            "onclick": ""
          },
          {
            "text": "Nữ",
            "href": "http://192.168.2.26:2026/home.aspx?scope=sys&lang=vi&wpid=thuthuatnewdraw&thuthuatid=72035428-7e33-4c74-a2a4-b466006adfba&usid=172.31.255.1_mizoky1g35oz4drputdklt4yb4cf4523&st=133709",
            "onclick": ""
          },
          {
            "text": "87 tuổi",
            "href": "http://192.168.2.26:2026/home.aspx?scope=sys&lang=vi&wpid=thuthuatnewdraw&thuthuatid=72035428-7e33-4c74-a2a4-b466006adfba&usid=172.31.255.1_mizoky1g35oz4drputdklt4yb4cf4523&st=133709",
            "onclick": ""
          },
          {
            "text": "Viện phí",
            "href": "http://192.168.2.26:2026/home.aspx?scope=sys&lang=vi&wpid=thuthuatnewdraw&thuthuatid=72035428-7e33-4c74-a2a4-b466006adfba&usid=172.31.255.1_mizoky1g35oz4drputdklt4yb4cf4523&st=133709",
            "onclick": ""
          },
          {
            "text": "Khoa Ngoại Chấn Thương Chỉnh Hình và Thần Kinh",
            "href": "http://192.168.2.26:2026/home.aspx?scope=sys&lang=vi&wpid=thuthuatnewdraw&thuthuatid=72035428-7e33-4c74-a2a4-b466006adfba&usid=172.31.255.1_mizoky1g35oz4drputdklt4yb4cf4523&st=133709",
            "onclick": ""
          },
          {
            "text": "Tập đi với khung tập đi",
            "href": "http://192.168.2.26:2026/home.aspx?scope=sys&lang=vi&wpid=thuthuatnewdraw&thuthuatid=72035428-7e33-4c74-a2a4-b466006adfba&usid=172.31.255.1_mizoky1g35oz4drputdklt4yb4cf4523&st=133709",
            "onclick": ""
          },
          {
            "text": "0",
            "href": "http://192.168.2.26:2026/home.aspx?scope=sys&lang=vi&wpid=thuthuatnewdraw&thuthuatid=72035428-7e33-4c74-a2a4-b466006adfba&usid=172.31.255.1_mizoky1g35oz4drputdklt4yb4cf4523&st=133709",
            "onclick": ""
          },
          {
            "text": "0",
            "href": "http://192.168.2.26:2026/home.aspx?scope=sys&lang=vi&wpid=thuthuatnewdraw&thuthuatid=72035428-7e33-4c74-a2a4-b466006adfba&usid=172.31.255.1_mizoky1g35oz4drputdklt4yb4cf4523&st=133709",
            "onclick": ""
          },
          {
            "text": "Thường",
            "href": "http://192.168.2.26:2026/home.aspx?scope=sys&lang=vi&wpid=thuthuatnewdraw&thuthuatid=72035428-7e33-4c74-a2a4-b466006adfba&usid=172.31.255.1_mizoky1g35oz4drputdklt4yb4cf4523&st=133709",
            "onclick": ""
          },
          {
            "text": "06:24 11/06/2026",
            "href": "http://192.168.2.26:2026/home.aspx?scope=sys&lang=vi&wpid=thuthuatnewdraw&thuthuatid=72035428-7e33-4c74-a2a4-b466006adfba&usid=172.31.255.1_mizoky1g35oz4drputdklt4yb4cf4523&st=133709",
            "onclick": ""
          },
          {
            "text": "Hoàn tất",
            "href": "http://192.168.2.26:2026/home.aspx?scope=sys&lang=vi&wpid=thuthuatnewdraw&thuthuatid=72035428-7e33-4c74-a2a4-b466006adfba&usid=172.31.255.1_mizoky1g35oz4drputdklt4yb4cf4523&st=133709",
            "onclick": ""
          }
        ]
      }
    },
    {
      "list_score": 47.34375,
      "list_datetime": "2026-06-10 09:02:00",
      "list_method": "Tập vận động thụ động",
      "detail_marker": "http://192.168.2.26:2026/home.aspx?scope=sys&lang=vi&wpid=thuthuatnewdraw&thuthuatid=6a803767-4019-4eae-a143-b4650069e470&usid=172.31.255.1_mizoky1g35oz4drputdklt4yb4cf4523&st=133709",
      "row": {
        "access_id": "6a803767-4019-4eae-a143-b4650069e470",
        "known_fields": {
          "stt": "3",
          "ngay_thu_thuat": "09:02 10/06/2026",
          "ma_bn": "26061296",
          "ho_ten": "VÕ KIM ANH",
          "gioi_tinh": "Nữ",
          "tuoi": "87 tuổi",
          "doi_tuong": "Viện phí",
          "noi_chi_dinh": "Khoa Ngoại Chấn Thương Chỉnh Hình và Thần Kinh",
          "chi_dinh_thu_thuat": "Tập vận động thụ động",
          "tam_ung": "0",
          "phai_thanh_toan": "0",
          "tinh_trang": "Thường",
          "thoi_gian_chi_dinh": "06:20 10/06/2026",
          "trang_thai": "Hoàn tất"
        },
        "raw_text": "3 09:02 10/06/2026 26061296 VÕ KIM ANH Nữ 87 tuổi Viện phí Khoa Ngoại Chấn Thương Chỉnh Hình và Thần Kinh Tập vận động thụ động 0 0 Thường 06:20 10/06/2026 Hoàn tất",
        "links": [
          {
            "text": "3",
            "href": "http://192.168.2.26:2026/home.aspx?scope=sys&lang=vi&wpid=thuthuatnewdraw&thuthuatid=6a803767-4019-4eae-a143-b4650069e470&usid=172.31.255.1_mizoky1g35oz4drputdklt4yb4cf4523&st=133709",
            "onclick": ""
          },
          {
            "text": "09:02 10/06/2026",
            "href": "http://192.168.2.26:2026/home.aspx?scope=sys&lang=vi&wpid=thuthuatnewdraw&thuthuatid=6a803767-4019-4eae-a143-b4650069e470&usid=172.31.255.1_mizoky1g35oz4drputdklt4yb4cf4523&st=133709",
            "onclick": ""
          },
          {
            "text": "26061296",
            "href": "http://192.168.2.26:2026/home.aspx?scope=sys&lang=vi&wpid=thuthuatnewdraw&thuthuatid=6a803767-4019-4eae-a143-b4650069e470&usid=172.31.255.1_mizoky1g35oz4drputdklt4yb4cf4523&st=133709",
            "onclick": ""
          },
          {
            "text": "VÕ KIM ANH",
            "href": "http://192.168.2.26:2026/home.aspx?scope=sys&lang=vi&wpid=thuthuatnewdraw&thuthuatid=6a803767-4019-4eae-a143-b4650069e470&usid=172.31.255.1_mizoky1g35oz4drputdklt4yb4cf4523&st=133709",
            "onclick": ""
          },
          {
            "text": "Nữ",
            "href": "http://192.168.2.26:2026/home.aspx?scope=sys&lang=vi&wpid=thuthuatnewdraw&thuthuatid=6a803767-4019-4eae-a143-b4650069e470&usid=172.31.255.1_mizoky1g35oz4drputdklt4yb4cf4523&st=133709",
            "onclick": ""
          },
          {
            "text": "87 tuổi",
            "href": "http://192.168.2.26:2026/home.aspx?scope=sys&lang=vi&wpid=thuthuatnewdraw&thuthuatid=6a803767-4019-4eae-a143-b4650069e470&usid=172.31.255.1_mizoky1g35oz4drputdklt4yb4cf4523&st=133709",
            "onclick": ""
          },
          {
            "text": "Viện phí",
            "href": "http://192.168.2.26:2026/home.aspx?scope=sys&lang=vi&wpid=thuthuatnewdraw&thuthuatid=6a803767-4019-4eae-a143-b4650069e470&usid=172.31.255.1_mizoky1g35oz4drputdklt4yb4cf4523&st=133709",
            "onclick": ""
          },
          {
            "text": "Khoa Ngoại Chấn Thương Chỉnh Hình và Thần Kinh",
            "href": "http://192.168.2.26:2026/home.aspx?scope=sys&lang=vi&wpid=thuthuatnewdraw&thuthuatid=6a803767-4019-4eae-a143-b4650069e470&usid=172.31.255.1_mizoky1g35oz4drputdklt4yb4cf4523&st=133709",
            "onclick": ""
          },
          {
            "text": "Tập vận động thụ động",
            "href": "http://192.168.2.26:2026/home.aspx?scope=sys&lang=vi&wpid=thuthuatnewdraw&thuthuatid=6a803767-4019-4eae-a143-b4650069e470&usid=172.31.255.1_mizoky1g35oz4drputdklt4yb4cf4523&st=133709",
            "onclick": ""
          },
          {
            "text": "0",
            "href": "http://192.168.2.26:2026/home.aspx?scope=sys&lang=vi&wpid=thuthuatnewdraw&thuthuatid=6a803767-4019-4eae-a143-b4650069e470&usid=172.31.255.1_mizoky1g35oz4drputdklt4yb4cf4523&st=133709",
            "onclick": ""
          },
          {
            "text": "0",
            "href": "http://192.168.2.26:2026/home.aspx?scope=sys&lang=vi&wpid=thuthuatnewdraw&thuthuatid=6a803767-4019-4eae-a143-b4650069e470&usid=172.31.255.1_mizoky1g35oz4drputdklt4yb4cf4523&st=133709",
            "onclick": ""
          },
          {
            "text": "Thường",
            "href": "http://192.168.2.26:2026/home.aspx?scope=sys&lang=vi&wpid=thuthuatnewdraw&thuthuatid=6a803767-4019-4eae-a143-b4650069e470&usid=172.31.255.1_mizoky1g35oz4drputdklt4yb4cf4523&st=133709",
            "onclick": ""
          },
          {
            "text": "06:20 10/06/2026",
            "href": "http://192.168.2.26:2026/home.aspx?scope=sys&lang=vi&wpid=thuthuatnewdraw&thuthuatid=6a803767-4019-4eae-a143-b4650069e470&usid=172.31.255.1_mizoky1g35oz4drputdklt4yb4cf4523&st=133709",
            "onclick": ""
          },
          {
            "text": "Hoàn tất",
            "href": "http://192.168.2.26:2026/home.aspx?scope=sys&lang=vi&wpid=thuthuatnewdraw&thuthuatid=6a803767-4019-4eae-a143-b4650069e470&usid=172.31.255.1_mizoky1g35oz4drputdklt4yb4cf4523&st=133709",
            "onclick": ""
          }
        ]
      }
    },
    {
      "list_score": 47.34375,
      "list_datetime": "2026-06-10 09:02:00",
      "list_method": "Tập vận động thụ động",
      "detail_marker": "http://192.168.2.26:2026/home.aspx?scope=sys&lang=vi&wpid=thuthuatnewdraw&thuthuatid=34596bd5-690d-4c90-98b5-b4650069e470&usid=172.31.255.1_mizoky1g35oz4drputdklt4yb4cf4523&st=133709",
      "row": {
        "access_id": "34596bd5-690d-4c90-98b5-b4650069e470",
        "known_fields": {
          "stt": "4",
          "ngay_thu_thuat": "09:02 10/06/2026",
          "ma_bn": "26061296",
          "ho_ten": "VÕ KIM ANH",
          "gioi_tinh": "Nữ",
          "tuoi": "87 tuổi",
          "doi_tuong": "Viện phí",
          "noi_chi_dinh": "Khoa Ngoại Chấn Thương Chỉnh Hình và Thần Kinh",
          "chi_dinh_thu_thuat": "Tập vận động thụ động",
          "tam_ung": "0",
          "phai_thanh_toan": "0",
          "tinh_trang": "Thường",
          "thoi_gian_chi_dinh": "06:20 10/06/2026",
          "trang_thai": "Hoàn tất"
        },
        "raw_text": "4 09:02 10/06/2026 26061296 VÕ KIM ANH Nữ 87 tuổi Viện phí Khoa Ngoại Chấn Thương Chỉnh Hình và Thần Kinh Tập vận động thụ động 0 0 Thường 06:20 10/06/2026 Hoàn tất",
        "links": [
          {
            "text": "4",
            "href": "http://192.168.2.26:2026/home.aspx?scope=sys&lang=vi&wpid=thuthuatnewdraw&thuthuatid=34596bd5-690d-4c90-98b5-b4650069e470&usid=172.31.255.1_mizoky1g35oz4drputdklt4yb4cf4523&st=133709",
            "onclick": ""
          },
          {
            "text": "09:02 10/06/2026",
            "href": "http://192.168.2.26:2026/home.aspx?scope=sys&lang=vi&wpid=thuthuatnewdraw&thuthuatid=34596bd5-690d-4c90-98b5-b4650069e470&usid=172.31.255.1_mizoky1g35oz4drputdklt4yb4cf4523&st=133709",
            "onclick": ""
          },
          {
            "text": "26061296",
            "href": "http://192.168.2.26:2026/home.aspx?scope=sys&lang=vi&wpid=thuthuatnewdraw&thuthuatid=34596bd5-690d-4c90-98b5-b4650069e470&usid=172.31.255.1_mizoky1g35oz4drputdklt4yb4cf4523&st=133709",
            "onclick": ""
          },
          {
            "text": "VÕ KIM ANH",
            "href": "http://192.168.2.26:2026/home.aspx?scope=sys&lang=vi&wpid=thuthuatnewdraw&thuthuatid=34596bd5-690d-4c90-98b5-b4650069e470&usid=172.31.255.1_mizoky1g35oz4drputdklt4yb4cf4523&st=133709",
            "onclick": ""
          },
          {
            "text": "Nữ",
            "href": "http://192.168.2.26:2026/home.aspx?scope=sys&lang=vi&wpid=thuthuatnewdraw&thuthuatid=34596bd5-690d-4c90-98b5-b4650069e470&usid=172.31.255.1_mizoky1g35oz4drputdklt4yb4cf4523&st=133709",
            "onclick": ""
          },
          {
            "text": "87 tuổi",
            "href": "http://192.168.2.26:2026/home.aspx?scope=sys&lang=vi&wpid=thuthuatnewdraw&thuthuatid=34596bd5-690d-4c90-98b5-b4650069e470&usid=172.31.255.1_mizoky1g35oz4drputdklt4yb4cf4523&st=133709",
            "onclick": ""
          },
          {
            "text": "Viện phí",
            "href": "http://192.168.2.26:2026/home.aspx?scope=sys&lang=vi&wpid=thuthuatnewdraw&thuthuatid=34596bd5-690d-4c90-98b5-b4650069e470&usid=172.31.255.1_mizoky1g35oz4drputdklt4yb4cf4523&st=133709",
            "onclick": ""
          },
          {
            "text": "Khoa Ngoại Chấn Thương Chỉnh Hình và Thần Kinh",
            "href": "http://192.168.2.26:2026/home.aspx?scope=sys&lang=vi&wpid=thuthuatnewdraw&thuthuatid=34596bd5-690d-4c90-98b5-b4650069e470&usid=172.31.255.1_mizoky1g35oz4drputdklt4yb4cf4523&st=133709",
            "onclick": ""
          },
          {
            "text": "Tập vận động thụ động",
            "href": "http://192.168.2.26:2026/home.aspx?scope=sys&lang=vi&wpid=thuthuatnewdraw&thuthuatid=34596bd5-690d-4c90-98b5-b4650069e470&usid=172.31.255.1_mizoky1g35oz4drputdklt4yb4cf4523&st=133709",
            "onclick": ""
          },
          {
            "text": "0",
            "href": "http://192.168.2.26:2026/home.aspx?scope=sys&lang=vi&wpid=thuthuatnewdraw&thuthuatid=34596bd5-690d-4c90-98b5-b4650069e470&usid=172.31.255.1_mizoky1g35oz4drputdklt4yb4cf4523&st=133709",
            "onclick": ""
          },
          {
            "text": "0",
            "href": "http://192.168.2.26:2026/home.aspx?scope=sys&lang=vi&wpid=thuthuatnewdraw&thuthuatid=34596bd5-690d-4c90-98b5-b4650069e470&usid=172.31.255.1_mizoky1g35oz4drputdklt4yb4cf4523&st=133709",
            "onclick": ""
          },
          {
            "text": "Thường",
            "href": "http://192.168.2.26:2026/home.aspx?scope=sys&lang=vi&wpid=thuthuatnewdraw&thuthuatid=34596bd5-690d-4c90-98b5-b4650069e470&usid=172.31.255.1_mizoky1g35oz4drputdklt4yb4cf4523&st=133709",
            "onclick": ""
          },
          {
            "text": "06:20 10/06/2026",
            "href": "http://192.168.2.26:2026/home.aspx?scope=sys&lang=vi&wpid=thuthuatnewdraw&thuthuatid=34596bd5-690d-4c90-98b5-b4650069e470&usid=172.31.255.1_mizoky1g35oz4drputdklt4yb4cf4523&st=133709",
            "onclick": ""
          },
          {
            "text": "Hoàn tất",
            "href": "http://192.168.2.26:2026/home.aspx?scope=sys&lang=vi&wpid=thuthuatnewdraw&thuthuatid=34596bd5-690d-4c90-98b5-b4650069e470&usid=172.31.255.1_mizoky1g35oz4drputdklt4yb4cf4523&st=133709",
            "onclick": ""
          }
        ]
      }
    },
    {
      "list_score": 43.81578947368421,
      "list_datetime": "2026-06-10 08:00:00",
      "list_method": "Truyền hóa chất tĩnh mạch [nội trú]",
      "detail_marker": "http://192.168.2.26:2026/home.aspx?scope=sys&lang=vi&wpid=thuthuatnewdraw&thuthuatid=8757d047-b060-4cb7-afa4-b46700ac720f&usid=172.31.255.1_mizoky1g35oz4drputdklt4yb4cf4523&st=133709",
      "row": {
        "access_id": "8757d047-b060-4cb7-afa4-b46700ac720f",
        "known_fields": {
          "stt": "2",
          "ngay_thu_thuat": "08:00 10/06/2026",
          "ma_bn": "26061296",
          "ho_ten": "VÕ KIM ANH",
          "gioi_tinh": "Nữ",
          "tuoi": "87 tuổi",
          "doi_tuong": "Viện phí",
          "noi_chi_dinh": "Khoa Ngoại Chấn Thương Chỉnh Hình và Thần Kinh",
          "chi_dinh_thu_thuat": "Truyền hóa chất tĩnh mạch [nội trú]",
          "tam_ung": "0",
          "phai_thanh_toan": "0",
          "tinh_trang": "Thường",
          "thoi_gian_chi_dinh": "06:20 10/06/2026",
          "trang_thai": "Hoàn tất"
        },
        "raw_text": "2 08:00 10/06/2026 26061296 VÕ KIM ANH Nữ 87 tuổi Viện phí Khoa Ngoại Chấn Thương Chỉnh Hình và Thần Kinh Truyền hóa chất tĩnh mạch [nội trú] 0 0 Thường 06:20 10/06/2026 Hoàn tất",
        "links": [
          {
            "text": "2",
            "href": "http://192.168.2.26:2026/home.aspx?scope=sys&lang=vi&wpid=thuthuatnewdraw&thuthuatid=8757d047-b060-4cb7-afa4-b46700ac720f&usid=172.31.255.1_mizoky1g35oz4drputdklt4yb4cf4523&st=133709",
            "onclick": ""
          },
          {
            "text": "08:00 10/06/2026",
            "href": "http://192.168.2.26:2026/home.aspx?scope=sys&lang=vi&wpid=thuthuatnewdraw&thuthuatid=8757d047-b060-4cb7-afa4-b46700ac720f&usid=172.31.255.1_mizoky1g35oz4drputdklt4yb4cf4523&st=133709",
            "onclick": ""
          },
          {
            "text": "26061296",
            "href": "http://192.168.2.26:2026/home.aspx?scope=sys&lang=vi&wpid=thuthuatnewdraw&thuthuatid=8757d047-b060-4cb7-afa4-b46700ac720f&usid=172.31.255.1_mizoky1g35oz4drputdklt4yb4cf4523&st=133709",
            "onclick": ""
          },
          {
            "text": "VÕ KIM ANH",
            "href": "http://192.168.2.26:2026/home.aspx?scope=sys&lang=vi&wpid=thuthuatnewdraw&thuthuatid=8757d047-b060-4cb7-afa4-b46700ac720f&usid=172.31.255.1_mizoky1g35oz4drputdklt4yb4cf4523&st=133709",
            "onclick": ""
          },
          {
            "text": "Nữ",
            "href": "http://192.168.2.26:2026/home.aspx?scope=sys&lang=vi&wpid=thuthuatnewdraw&thuthuatid=8757d047-b060-4cb7-afa4-b46700ac720f&usid=172.31.255.1_mizoky1g35oz4drputdklt4yb4cf4523&st=133709",
            "onclick": ""
          },
          {
            "text": "87 tuổi",
            "href": "http://192.168.2.26:2026/home.aspx?scope=sys&lang=vi&wpid=thuthuatnewdraw&thuthuatid=8757d047-b060-4cb7-afa4-b46700ac720f&usid=172.31.255.1_mizoky1g35oz4drputdklt4yb4cf4523&st=133709",
            "onclick": ""
          },
          {
            "text": "Viện phí",
            "href": "http://192.168.2.26:2026/home.aspx?scope=sys&lang=vi&wpid=thuthuatnewdraw&thuthuatid=8757d047-b060-4cb7-afa4-b46700ac720f&usid=172.31.255.1_mizoky1g35oz4drputdklt4yb4cf4523&st=133709",
            "onclick": ""
          },
          {
            "text": "Khoa Ngoại Chấn Thương Chỉnh Hình và Thần Kinh",
            "href": "http://192.168.2.26:2026/home.aspx?scope=sys&lang=vi&wpid=thuthuatnewdraw&thuthuatid=8757d047-b060-4cb7-afa4-b46700ac720f&usid=172.31.255.1_mizoky1g35oz4drputdklt4yb4cf4523&st=133709",
            "onclick": ""
          },
          {
            "text": "Truyền hóa chất tĩnh mạch [nội trú]",
            "href": "http://192.168.2.26:2026/home.aspx?scope=sys&lang=vi&wpid=thuthuatnewdraw&thuthuatid=8757d047-b060-4cb7-afa4-b46700ac720f&usid=172.31.255.1_mizoky1g35oz4drputdklt4yb4cf4523&st=133709",
            "onclick": ""
          },
          {
            "text": "0",
            "href": "http://192.168.2.26:2026/home.aspx?scope=sys&lang=vi&wpid=thuthuatnewdraw&thuthuatid=8757d047-b060-4cb7-afa4-b46700ac720f&usid=172.31.255.1_mizoky1g35oz4drputdklt4yb4cf4523&st=133709",
            "onclick": ""
          },
          {
            "text": "0",
            "href": "http://192.168.2.26:2026/home.aspx?scope=sys&lang=vi&wpid=thuthuatnewdraw&thuthuatid=8757d047-b060-4cb7-afa4-b46700ac720f&usid=172.31.255.1_mizoky1g35oz4drputdklt4yb4cf4523&st=133709",
            "onclick": ""
          },
          {
            "text": "Thường",
            "href": "http://192.168.2.26:2026/home.aspx?scope=sys&lang=vi&wpid=thuthuatnewdraw&thuthuatid=8757d047-b060-4cb7-afa4-b46700ac720f&usid=172.31.255.1_mizoky1g35oz4drputdklt4yb4cf4523&st=133709",
            "onclick": ""
          },
          {
            "text": "06:20 10/06/2026",
            "href": "http://192.168.2.26:2026/home.aspx?scope=sys&lang=vi&wpid=thuthuatnewdraw&thuthuatid=8757d047-b060-4cb7-afa4-b46700ac720f&usid=172.31.255.1_mizoky1g35oz4drputdklt4yb4cf4523&st=133709",
            "onclick": ""
          },
          {
            "text": "Hoàn tất",
            "href": "http://192.168.2.26:2026/home.aspx?scope=sys&lang=vi&wpid=thuthuatnewdraw&thuthuatid=8757d047-b060-4cb7-afa4-b46700ac720f&usid=172.31.255.1_mizoky1g35oz4drputdklt4yb4cf4523&st=133709",
            "onclick": ""
          }
        ]
      }
    }
  ]
}
[2026-07-23 13:37:11.791] [DETAIL_BEGIN] D/s Thủ thuật: mở ứng viên 1
{
  "detail_marker": "http://192.168.2.26:2026/home.aspx?scope=sys&lang=vi&wpid=thuthuatnewdraw&thuthuatid=2d53194f-e5e8-4a44-bca0-b46201644a41&usid=172.31.255.1_mizoky1g35oz4drputdklt4yb4cf4523&st=133709",
  "list_datetime": "2026-06-08 16:30:00",
  "list_method": "Tạo hình và đổ xi măng cột sống (kyphoplasty)",
  "row": {
    "access_id": "2d53194f-e5e8-4a44-bca0-b46201644a41",
    "known_fields": {
      "stt": "1",
      "ngay_thu_thuat": "16:30 08/06/2026",
      "ma_bn": "26061296",
      "ho_ten": "VÕ KIM ANH",
      "gioi_tinh": "Nữ",
      "tuoi": "87 tuổi",
      "doi_tuong": "Viện phí",
      "noi_chi_dinh": "Khoa Ngoại Chấn Thương Chỉnh Hình và Thần Kinh",
      "chi_dinh_thu_thuat": "Tạo hình và đổ xi măng cột sống (kyphoplasty)",
      "tam_ung": "0",
      "phai_thanh_toan": "0",
      "tinh_trang": "Thường",
      "thoi_gian_chi_dinh": "21:33 07/06/2026",
      "trang_thai": "Hoàn tất"
    },
    "raw_text": "1 16:30 08/06/2026 26061296 VÕ KIM ANH Nữ 87 tuổi Viện phí Khoa Ngoại Chấn Thương Chỉnh Hình và Thần Kinh Tạo hình và đổ xi măng cột sống (kyphoplasty) 0 0 Thường 21:33 07/06/2026 Hoàn tất",
    "links": [
      {
        "text": "1",
        "href": "http://192.168.2.26:2026/home.aspx?scope=sys&lang=vi&wpid=thuthuatnewdraw&thuthuatid=2d53194f-e5e8-4a44-bca0-b46201644a41&usid=172.31.255.1_mizoky1g35oz4drputdklt4yb4cf4523&st=133709",
        "onclick": ""
      },
      {
        "text": "16:30 08/06/2026",
        "href": "http://192.168.2.26:2026/home.aspx?scope=sys&lang=vi&wpid=thuthuatnewdraw&thuthuatid=2d53194f-e5e8-4a44-bca0-b46201644a41&usid=172.31.255.1_mizoky1g35oz4drputdklt4yb4cf4523&st=133709",
        "onclick": ""
      },
      {
        "text": "26061296",
        "href": "http://192.168.2.26:2026/home.aspx?scope=sys&lang=vi&wpid=thuthuatnewdraw&thuthuatid=2d53194f-e5e8-4a44-bca0-b46201644a41&usid=172.31.255.1_mizoky1g35oz4drputdklt4yb4cf4523&st=133709",
        "onclick": ""
      },
      {
        "text": "VÕ KIM ANH",
        "href": "http://192.168.2.26:2026/home.aspx?scope=sys&lang=vi&wpid=thuthuatnewdraw&thuthuatid=2d53194f-e5e8-4a44-bca0-b46201644a41&usid=172.31.255.1_mizoky1g35oz4drputdklt4yb4cf4523&st=133709",
        "onclick": ""
      },
      {
        "text": "Nữ",
        "href": "http://192.168.2.26:2026/home.aspx?scope=sys&lang=vi&wpid=thuthuatnewdraw&thuthuatid=2d53194f-e5e8-4a44-bca0-b46201644a41&usid=172.31.255.1_mizoky1g35oz4drputdklt4yb4cf4523&st=133709",
        "onclick": ""
      },
      {
        "text": "87 tuổi",
        "href": "http://192.168.2.26:2026/home.aspx?scope=sys&lang=vi&wpid=thuthuatnewdraw&thuthuatid=2d53194f-e5e8-4a44-bca0-b46201644a41&usid=172.31.255.1_mizoky1g35oz4drputdklt4yb4cf4523&st=133709",
        "onclick": ""
      },
      {
        "text": "Viện phí",
        "href": "http://192.168.2.26:2026/home.aspx?scope=sys&lang=vi&wpid=thuthuatnewdraw&thuthuatid=2d53194f-e5e8-4a44-bca0-b46201644a41&usid=172.31.255.1_mizoky1g35oz4drputdklt4yb4cf4523&st=133709",
        "onclick": ""
      },
      {
        "text": "Khoa Ngoại Chấn Thương Chỉnh Hình và Thần Kinh",
        "href": "http://192.168.2.26:2026/home.aspx?scope=sys&lang=vi&wpid=thuthuatnewdraw&thuthuatid=2d53194f-e5e8-4a44-bca0-b46201644a41&usid=172.31.255.1_mizoky1g35oz4drputdklt4yb4cf4523&st=133709",
        "onclick": ""
      },
      {
        "text": "Tạo hình và đổ xi măng cột sống (kyphoplasty)",
        "href": "http://192.168.2.26:2026/home.aspx?scope=sys&lang=vi&wpid=thuthuatnewdraw&thuthuatid=2d53194f-e5e8-4a44-bca0-b46201644a41&usid=172.31.255.1_mizoky1g35oz4drputdklt4yb4cf4523&st=133709",
        "onclick": ""
      },
      {
        "text": "0",
        "href": "http://192.168.2.26:2026/home.aspx?scope=sys&lang=vi&wpid=thuthuatnewdraw&thuthuatid=2d53194f-e5e8-4a44-bca0-b46201644a41&usid=172.31.255.1_mizoky1g35oz4drputdklt4yb4cf4523&st=133709",
        "onclick": ""
      },
      {
        "text": "0",
        "href": "http://192.168.2.26:2026/home.aspx?scope=sys&lang=vi&wpid=thuthuatnewdraw&thuthuatid=2d53194f-e5e8-4a44-bca0-b46201644a41&usid=172.31.255.1_mizoky1g35oz4drputdklt4yb4cf4523&st=133709",
        "onclick": ""
      },
      {
        "text": "Thường",
        "href": "http://192.168.2.26:2026/home.aspx?scope=sys&lang=vi&wpid=thuthuatnewdraw&thuthuatid=2d53194f-e5e8-4a44-bca0-b46201644a41&usid=172.31.255.1_mizoky1g35oz4drputdklt4yb4cf4523&st=133709",
        "onclick": ""
      },
      {
        "text": "21:33 07/06/2026",
        "href": "http://192.168.2.26:2026/home.aspx?scope=sys&lang=vi&wpid=thuthuatnewdraw&thuthuatid=2d53194f-e5e8-4a44-bca0-b46201644a41&usid=172.31.255.1_mizoky1g35oz4drputdklt4yb4cf4523&st=133709",
        "onclick": ""
      },
      {
        "text": "Hoàn tất",
        "href": "http://192.168.2.26:2026/home.aspx?scope=sys&lang=vi&wpid=thuthuatnewdraw&thuthuatid=2d53194f-e5e8-4a44-bca0-b46201644a41&usid=172.31.255.1_mizoky1g35oz4drputdklt4yb4cf4523&st=133709",
        "onclick": ""
      }
    ]
  }
}
[2026-07-23 13:37:11.801] [BROWSER] [DETAIL] kind=procedure; access_id=2d53194f-e5e8-4a44-bca0-b46201644a41; direct_url=yes; onclick=no
[2026-07-23 13:37:11.801] [BROWSER] [DETAIL] Mở liên kết trực tiếp: http://192.168.2.26:2026/home.aspx?scope=sys&lang=vi&wpid=thuthuatnewdraw&thuthuatid=2d53194f-e5e8-4a44-bca0-b46201644a41&usid=172.31.255.1_mizoky1g35oz4drputdklt4yb4cf4523&st=133709
[2026-07-23 13:37:12.819] [BROWSER] [DETAIL] Dữ liệu đọc được: {"complete_info": "Người hoàn tất: Trần Quang Sơn (tqson) | TG nhấn hoàn tất: 17:18 11/06/2026", "current_url": "http://192.168.2.26:2026/home.aspx?scope=sys&lang=vi&wpid=thuthuatnewdraw&thuthuatid=2d53194f-e5e8-4a44-bca0-b46201644a41&usid=172.31.255.1_mizoky1g35oz4drputdklt4yb4cf4523&st=133709", "doctor": "Hồ Điền", "doctor_field": "txtBacSyChiDinh", "doctor_found": true, "method": "Tạo hình và đổ xi măng cột sống (kyphoplasty)", "patient_info": "(26061296 | VÕ KIM ANH, 31/12/1939, Nữ, 87 tuổi | Viện phí)", "root_found": true, "start_time": "16:30 08/06/2026"}
[2026-07-23 13:37:12.821] [BROWSER] [DETAIL] Nguồn bác sĩ: Bác sĩ chỉ định; field=txtBacSyChiDinh; value=Hồ Điền
[2026-07-23 13:37:12.822] [DETAIL_OK] D/s Thủ thuật: đọc được hồ sơ chi tiết
{
  "doctor_from_emr": "Hồ Điền",
  "mapped_alias": "ĐIỀN",
  "mapped_name": "Hồ Điền",
  "start_time": "16:30 08/06/2026",
  "method": "Tạo hình và đổ xi măng cột sống (kyphoplasty)",
  "current_url": "http://192.168.2.26:2026/home.aspx?scope=sys&lang=vi&wpid=thuthuatnewdraw&thuthuatid=2d53194f-e5e8-4a44-bca0-b46201644a41&usid=172.31.255.1_mizoky1g35oz4drputdklt4yb4cf4523&st=133709",
  "total_score": 150.0,
  "method_score": 1.0
}
[2026-07-23 13:37:12.822] [DETAIL_BEGIN] D/s Thủ thuật: mở ứng viên 2
{
  "detail_marker": "http://192.168.2.26:2026/home.aspx?scope=sys&lang=vi&wpid=thuthuatnewdraw&thuthuatid=32f2312b-3456-4cea-a937-b466006adfba&usid=172.31.255.1_mizoky1g35oz4drputdklt4yb4cf4523&st=133709",
  "list_datetime": "2026-06-11 08:33:00",
  "list_method": "Tập đi với khung tập đi",
  "row": {
    "access_id": "32f2312b-3456-4cea-a937-b466006adfba",
    "known_fields": {
      "stt": "5",
      "ngay_thu_thuat": "08:33 11/06/2026",
      "ma_bn": "26061296",
      "ho_ten": "VÕ KIM ANH",
      "gioi_tinh": "Nữ",
      "tuoi": "87 tuổi",
      "doi_tuong": "Viện phí",
      "noi_chi_dinh": "Khoa Ngoại Chấn Thương Chỉnh Hình và Thần Kinh",
      "chi_dinh_thu_thuat": "Tập đi với khung tập đi",
      "tam_ung": "0",
      "phai_thanh_toan": "0",
      "tinh_trang": "Thường",
      "thoi_gian_chi_dinh": "06:24 11/06/2026",
      "trang_thai": "Hoàn tất"
    },
    "raw_text": "5 08:33 11/06/2026 26061296 VÕ KIM ANH Nữ 87 tuổi Viện phí Khoa Ngoại Chấn Thương Chỉnh Hình và Thần Kinh Tập đi với khung tập đi 0 0 Thường 06:24 11/06/2026 Hoàn tất",
    "links": [
      {
        "text": "5",
        "href": "http://192.168.2.26:2026/home.aspx?scope=sys&lang=vi&wpid=thuthuatnewdraw&thuthuatid=32f2312b-3456-4cea-a937-b466006adfba&usid=172.31.255.1_mizoky1g35oz4drputdklt4yb4cf4523&st=133709",
        "onclick": ""
      },
      {
        "text": "08:33 11/06/2026",
        "href": "http://192.168.2.26:2026/home.aspx?scope=sys&lang=vi&wpid=thuthuatnewdraw&thuthuatid=32f2312b-3456-4cea-a937-b466006adfba&usid=172.31.255.1_mizoky1g35oz4drputdklt4yb4cf4523&st=133709",
        "onclick": ""
      },
      {
        "text": "26061296",
        "href": "http://192.168.2.26:2026/home.aspx?scope=sys&lang=vi&wpid=thuthuatnewdraw&thuthuatid=32f2312b-3456-4cea-a937-b466006adfba&usid=172.31.255.1_mizoky1g35oz4drputdklt4yb4cf4523&st=133709",
        "onclick": ""
      },
      {
        "text": "VÕ KIM ANH",
        "href": "http://192.168.2.26:2026/home.aspx?scope=sys&lang=vi&wpid=thuthuatnewdraw&thuthuatid=32f2312b-3456-4cea-a937-b466006adfba&usid=172.31.255.1_mizoky1g35oz4drputdklt4yb4cf4523&st=133709",
        "onclick": ""
      },
      {
        "text": "Nữ",
        "href": "http://192.168.2.26:2026/home.aspx?scope=sys&lang=vi&wpid=thuthuatnewdraw&thuthuatid=32f2312b-3456-4cea-a937-b466006adfba&usid=172.31.255.1_mizoky1g35oz4drputdklt4yb4cf4523&st=133709",
        "onclick": ""
      },
      {
        "text": "87 tuổi",
        "href": "http://192.168.2.26:2026/home.aspx?scope=sys&lang=vi&wpid=thuthuatnewdraw&thuthuatid=32f2312b-3456-4cea-a937-b466006adfba&usid=172.31.255.1_mizoky1g35oz4drputdklt4yb4cf4523&st=133709",
        "onclick": ""
      },
      {
        "text": "Viện phí",
        "href": "http://192.168.2.26:2026/home.aspx?scope=sys&lang=vi&wpid=thuthuatnewdraw&thuthuatid=32f2312b-3456-4cea-a937-b466006adfba&usid=172.31.255.1_mizoky1g35oz4drputdklt4yb4cf4523&st=133709",
        "onclick": ""
      },
      {
        "text": "Khoa Ngoại Chấn Thương Chỉnh Hình và Thần Kinh",
        "href": "http://192.168.2.26:2026/home.aspx?scope=sys&lang=vi&wpid=thuthuatnewdraw&thuthuatid=32f2312b-3456-4cea-a937-b466006adfba&usid=172.31.255.1_mizoky1g35oz4drputdklt4yb4cf4523&st=133709",
        "onclick": ""
      },
      {
        "text": "Tập đi với khung tập đi",
        "href": "http://192.168.2.26:2026/home.aspx?scope=sys&lang=vi&wpid=thuthuatnewdraw&thuthuatid=32f2312b-3456-4cea-a937-b466006adfba&usid=172.31.255.1_mizoky1g35oz4drputdklt4yb4cf4523&st=133709",
        "onclick": ""
      },
      {
        "text": "0",
        "href": "http://192.168.2.26:2026/home.aspx?scope=sys&lang=vi&wpid=thuthuatnewdraw&thuthuatid=32f2312b-3456-4cea-a937-b466006adfba&usid=172.31.255.1_mizoky1g35oz4drputdklt4yb4cf4523&st=133709",
        "onclick": ""
      },
      {
        "text": "0",
        "href": "http://192.168.2.26:2026/home.aspx?scope=sys&lang=vi&wpid=thuthuatnewdraw&thuthuatid=32f2312b-3456-4cea-a937-b466006adfba&usid=172.31.255.1_mizoky1g35oz4drputdklt4yb4cf4523&st=133709",
        "onclick": ""
      },
      {
        "text": "Thường",
        "href": "http://192.168.2.26:2026/home.aspx?scope=sys&lang=vi&wpid=thuthuatnewdraw&thuthuatid=32f2312b-3456-4cea-a937-b466006adfba&usid=172.31.255.1_mizoky1g35oz4drputdklt4yb4cf4523&st=133709",
        "onclick": ""
      },
      {
        "text": "06:24 11/06/2026",
        "href": "http://192.168.2.26:2026/home.aspx?scope=sys&lang=vi&wpid=thuthuatnewdraw&thuthuatid=32f2312b-3456-4cea-a937-b466006adfba&usid=172.31.255.1_mizoky1g35oz4drputdklt4yb4cf4523&st=133709",
        "onclick": ""
      },
      {
        "text": "Hoàn tất",
        "href": "http://192.168.2.26:2026/home.aspx?scope=sys&lang=vi&wpid=thuthuatnewdraw&thuthuatid=32f2312b-3456-4cea-a937-b466006adfba&usid=172.31.255.1_mizoky1g35oz4drputdklt4yb4cf4523&st=133709",
        "onclick": ""
      }
    ]
  }
}
[2026-07-23 13:37:12.834] [BROWSER] [DETAIL] kind=procedure; access_id=32f2312b-3456-4cea-a937-b466006adfba; direct_url=yes; onclick=no
[2026-07-23 13:37:12.835] [BROWSER] [DETAIL] Mở liên kết trực tiếp: http://192.168.2.26:2026/home.aspx?scope=sys&lang=vi&wpid=thuthuatnewdraw&thuthuatid=32f2312b-3456-4cea-a937-b466006adfba&usid=172.31.255.1_mizoky1g35oz4drputdklt4yb4cf4523&st=133709
[2026-07-23 13:37:13.768] [BROWSER] [DETAIL] Dữ liệu đọc được: {"complete_info": "Người hoàn tất: Lê Thị Mỹ Tiên (ltmtien) | TG nhấn hoàn tất: 09:07 11/06/2026", "current_url": "http://192.168.2.26:2026/home.aspx?scope=sys&lang=vi&wpid=thuthuatnewdraw&thuthuatid=32f2312b-3456-4cea-a937-b466006adfba&usid=172.31.255.1_mizoky1g35oz4drputdklt4yb4cf4523&st=133709", "doctor": "Nguyễn Tư Thái Bảo", "doctor_field": "txtBacSyChiDinh", "doctor_found": true, "method": "Tập đi với khung tập đi", "patient_info": "(26061296 | VÕ KIM ANH, 31/12/1939, Nữ, 87 tuổi | Viện phí)", "root_found": true, "start_time": "08:33 11/06/2026"}
[2026-07-23 13:37:13.769] [BROWSER] [DETAIL] Nguồn bác sĩ: Bác sĩ chỉ định; field=txtBacSyChiDinh; value=Nguyễn Tư Thái Bảo
[2026-07-23 13:37:13.771] [DETAIL_OK] D/s Thủ thuật: đọc được hồ sơ chi tiết
{
  "doctor_from_emr": "Nguyễn Tư Thái Bảo",
  "mapped_alias": "BẢO",
  "mapped_name": "Nguyễn Tư Thái Bảo",
  "start_time": "08:33 11/06/2026",
  "method": "Tập đi với khung tập đi",
  "current_url": "http://192.168.2.26:2026/home.aspx?scope=sys&lang=vi&wpid=thuthuatnewdraw&thuthuatid=32f2312b-3456-4cea-a937-b466006adfba&usid=172.31.255.1_mizoky1g35oz4drputdklt4yb4cf4523&st=133709",
  "total_score": 55.000000000000014,
  "method_score": 0.42424242424242425
}
[2026-07-23 13:37:13.772] [DETAIL_BEGIN] D/s Thủ thuật: mở ứng viên 3
{
  "detail_marker": "http://192.168.2.26:2026/home.aspx?scope=sys&lang=vi&wpid=thuthuatnewdraw&thuthuatid=72035428-7e33-4c74-a2a4-b466006adfba&usid=172.31.255.1_mizoky1g35oz4drputdklt4yb4cf4523&st=133709",
  "list_datetime": "2026-06-11 09:07:00",
  "list_method": "Tập đi với khung tập đi",
  "row": {
    "access_id": "72035428-7e33-4c74-a2a4-b466006adfba",
    "known_fields": {
      "stt": "6",
      "ngay_thu_thuat": "09:07 11/06/2026",
      "ma_bn": "26061296",
      "ho_ten": "VÕ KIM ANH",
      "gioi_tinh": "Nữ",
      "tuoi": "87 tuổi",
      "doi_tuong": "Viện phí",
      "noi_chi_dinh": "Khoa Ngoại Chấn Thương Chỉnh Hình và Thần Kinh",
      "chi_dinh_thu_thuat": "Tập đi với khung tập đi",
      "tam_ung": "0",
      "phai_thanh_toan": "0",
      "tinh_trang": "Thường",
      "thoi_gian_chi_dinh": "06:24 11/06/2026",
      "trang_thai": "Hoàn tất"
    },
    "raw_text": "6 09:07 11/06/2026 26061296 VÕ KIM ANH Nữ 87 tuổi Viện phí Khoa Ngoại Chấn Thương Chỉnh Hình và Thần Kinh Tập đi với khung tập đi 0 0 Thường 06:24 11/06/2026 Hoàn tất",
    "links": [
      {
        "text": "6",
        "href": "http://192.168.2.26:2026/home.aspx?scope=sys&lang=vi&wpid=thuthuatnewdraw&thuthuatid=72035428-7e33-4c74-a2a4-b466006adfba&usid=172.31.255.1_mizoky1g35oz4drputdklt4yb4cf4523&st=133709",
        "onclick": ""
      },
      {
        "text": "09:07 11/06/2026",
        "href": "http://192.168.2.26:2026/home.aspx?scope=sys&lang=vi&wpid=thuthuatnewdraw&thuthuatid=72035428-7e33-4c74-a2a4-b466006adfba&usid=172.31.255.1_mizoky1g35oz4drputdklt4yb4cf4523&st=133709",
        "onclick": ""
      },
      {
        "text": "26061296",
        "href": "http://192.168.2.26:2026/home.aspx?scope=sys&lang=vi&wpid=thuthuatnewdraw&thuthuatid=72035428-7e33-4c74-a2a4-b466006adfba&usid=172.31.255.1_mizoky1g35oz4drputdklt4yb4cf4523&st=133709",
        "onclick": ""
      },
      {
        "text": "VÕ KIM ANH",
        "href": "http://192.168.2.26:2026/home.aspx?scope=sys&lang=vi&wpid=thuthuatnewdraw&thuthuatid=72035428-7e33-4c74-a2a4-b466006adfba&usid=172.31.255.1_mizoky1g35oz4drputdklt4yb4cf4523&st=133709",
        "onclick": ""
      },
      {
        "text": "Nữ",
        "href": "http://192.168.2.26:2026/home.aspx?scope=sys&lang=vi&wpid=thuthuatnewdraw&thuthuatid=72035428-7e33-4c74-a2a4-b466006adfba&usid=172.31.255.1_mizoky1g35oz4drputdklt4yb4cf4523&st=133709",
        "onclick": ""
      },
      {
        "text": "87 tuổi",
        "href": "http://192.168.2.26:2026/home.aspx?scope=sys&lang=vi&wpid=thuthuatnewdraw&thuthuatid=72035428-7e33-4c74-a2a4-b466006adfba&usid=172.31.255.1_mizoky1g35oz4drputdklt4yb4cf4523&st=133709",
        "onclick": ""
      },
      {
        "text": "Viện phí",
        "href": "http://192.168.2.26:2026/home.aspx?scope=sys&lang=vi&wpid=thuthuatnewdraw&thuthuatid=72035428-7e33-4c74-a2a4-b466006adfba&usid=172.31.255.1_mizoky1g35oz4drputdklt4yb4cf4523&st=133709",
        "onclick": ""
      },
      {
        "text": "Khoa Ngoại Chấn Thương Chỉnh Hình và Thần Kinh",
        "href": "http://192.168.2.26:2026/home.aspx?scope=sys&lang=vi&wpid=thuthuatnewdraw&thuthuatid=72035428-7e33-4c74-a2a4-b466006adfba&usid=172.31.255.1_mizoky1g35oz4drputdklt4yb4cf4523&st=133709",
        "onclick": ""
      },
      {
        "text": "Tập đi với khung tập đi",
        "href": "http://192.168.2.26:2026/home.aspx?scope=sys&lang=vi&wpid=thuthuatnewdraw&thuthuatid=72035428-7e33-4c74-a2a4-b466006adfba&usid=172.31.255.1_mizoky1g35oz4drputdklt4yb4cf4523&st=133709",
        "onclick": ""
      },
      {
        "text": "0",
        "href": "http://192.168.2.26:2026/home.aspx?scope=sys&lang=vi&wpid=thuthuatnewdraw&thuthuatid=72035428-7e33-4c74-a2a4-b466006adfba&usid=172.31.255.1_mizoky1g35oz4drputdklt4yb4cf4523&st=133709",
        "onclick": ""
      },
      {
        "text": "0",
        "href": "http://192.168.2.26:2026/home.aspx?scope=sys&lang=vi&wpid=thuthuatnewdraw&thuthuatid=72035428-7e33-4c74-a2a4-b466006adfba&usid=172.31.255.1_mizoky1g35oz4drputdklt4yb4cf4523&st=133709",
        "onclick": ""
      },
      {
        "text": "Thường",
        "href": "http://192.168.2.26:2026/home.aspx?scope=sys&lang=vi&wpid=thuthuatnewdraw&thuthuatid=72035428-7e33-4c74-a2a4-b466006adfba&usid=172.31.255.1_mizoky1g35oz4drputdklt4yb4cf4523&st=133709",
        "onclick": ""
      },
      {
        "text": "06:24 11/06/2026",
        "href": "http://192.168.2.26:2026/home.aspx?scope=sys&lang=vi&wpid=thuthuatnewdraw&thuthuatid=72035428-7e33-4c74-a2a4-b466006adfba&usid=172.31.255.1_mizoky1g35oz4drputdklt4yb4cf4523&st=133709",
        "onclick": ""
      },
      {
        "text": "Hoàn tất",
        "href": "http://192.168.2.26:2026/home.aspx?scope=sys&lang=vi&wpid=thuthuatnewdraw&thuthuatid=72035428-7e33-4c74-a2a4-b466006adfba&usid=172.31.255.1_mizoky1g35oz4drputdklt4yb4cf4523&st=133709",
        "onclick": ""
      }
    ]
  }
}
[2026-07-23 13:37:13.783] [BROWSER] [DETAIL] kind=procedure; access_id=72035428-7e33-4c74-a2a4-b466006adfba; direct_url=yes; onclick=no
[2026-07-23 13:37:13.785] [BROWSER] [DETAIL] Mở liên kết trực tiếp: http://192.168.2.26:2026/home.aspx?scope=sys&lang=vi&wpid=thuthuatnewdraw&thuthuatid=72035428-7e33-4c74-a2a4-b466006adfba&usid=172.31.255.1_mizoky1g35oz4drputdklt4yb4cf4523&st=133709
[2026-07-23 13:37:14.722] [BROWSER] [DETAIL] Dữ liệu đọc được: {"complete_info": "Người hoàn tất: Lê Thị Mỹ Tiên (ltmtien) | TG nhấn hoàn tất: 09:07 11/06/2026", "current_url": "http://192.168.2.26:2026/home.aspx?scope=sys&lang=vi&wpid=thuthuatnewdraw&thuthuatid=72035428-7e33-4c74-a2a4-b466006adfba&usid=172.31.255.1_mizoky1g35oz4drputdklt4yb4cf4523&st=133709", "doctor": "Nguyễn Tư Thái Bảo", "doctor_field": "txtBacSyChiDinh", "doctor_found": true, "method": "Tập đi với khung tập đi", "patient_info": "(26061296 | VÕ KIM ANH, 31/12/1939, Nữ, 87 tuổi | Viện phí)", "root_found": true, "start_time": "09:07 11/06/2026"}
[2026-07-23 13:37:14.723] [BROWSER] [DETAIL] Nguồn bác sĩ: Bác sĩ chỉ định; field=txtBacSyChiDinh; value=Nguyễn Tư Thái Bảo
[2026-07-23 13:37:14.724] [DETAIL_OK] D/s Thủ thuật: đọc được hồ sơ chi tiết
{
  "doctor_from_emr": "Nguyễn Tư Thái Bảo",
  "mapped_alias": "BẢO",
  "mapped_name": "Nguyễn Tư Thái Bảo",
  "start_time": "09:07 11/06/2026",
  "method": "Tập đi với khung tập đi",
  "current_url": "http://192.168.2.26:2026/home.aspx?scope=sys&lang=vi&wpid=thuthuatnewdraw&thuthuatid=72035428-7e33-4c74-a2a4-b466006adfba&usid=172.31.255.1_mizoky1g35oz4drputdklt4yb4cf4523&st=133709",
  "total_score": 55.000000000000014,
  "method_score": 0.42424242424242425
}
[2026-07-23 13:37:14.725] [EVALUATED] D/s Thủ thuật: đánh giá 3 hồ sơ
{
  "items": [
    {
      "doctor": "Hồ Điền",
      "alias": "ĐIỀN",
      "detail_datetime": "2026-06-08 16:30:00",
      "method_score": 1.0,
      "total_score": 150.0,
      "confidence_ok": false
    },
    {
      "doctor": "Nguyễn Tư Thái Bảo",
      "alias": "BẢO",
      "detail_datetime": "2026-06-11 08:33:00",
      "method_score": 0.42424242424242425,
      "total_score": 55.000000000000014,
      "confidence_ok": false
    },
    {
      "doctor": "Nguyễn Tư Thái Bảo",
      "alias": "BẢO",
      "detail_datetime": "2026-06-11 09:07:00",
      "method_score": 0.42424242424242425,
      "total_score": 55.000000000000014,
      "confidence_ok": false
    }
  ]
}
[2026-07-23 13:37:14.725] [SEARCH_BEGIN] dòng 14: tìm VÕ KIM ANH tại D/s Phẫu thuật
{
  "patient": "VÕ KIM ANH",
  "target_time": "2026-06-07 21:33:00",
  "target_method": "Tạo hình và đổ xi măng cột sống (kyphoplasty)",
  "source": "surgery"
}
[2026-07-23 13:37:15.078] [BROWSER] [NAV] D/s Phẫu thuật: http://192.168.2.26:2026/home.aspx?scope=sys&lang=vi&wpid=danhsachphauthuatdraw&role=323&usid=172.31.255.1_mizoky1g35oz4drputdklt4yb4cf4523&st=133711
[2026-07-23 13:37:17.192] [BROWSER] [FILTER] 3 tháng
[2026-07-23 13:37:17.764] [BROWSER] [SEARCH] Nhập 'VÕ KIM ANH' vào #txtTimKiem
[2026-07-23 13:37:17.879] [BROWSER] [SEARCH] Đã bấm Tìm kiếm bằng #btnTimKiem
[2026-07-23 13:37:37.039] [BROWSER] [RESULT] D/s Phẫu thuật: 0 dòng
[2026-07-23 13:37:37.047] [SEARCH_RESULT] D/s Phẫu thuật: nhận 0 dòng
{
  "current_url": "http://192.168.2.26:2026/home.aspx?scope=sys&lang=vi&wpid=danhsachphauthuatdraw&role=323&usid=172.31.255.1_mizoky1g35oz4drputdklt4yb4cf4523&st=133711",
  "search_input_id": "txtTimKiem",
  "search_trigger": "#btnTimKiem",
  "headers": [],
  "rows": []
}
[2026-07-23 13:37:37.048] [CANDIDATES] D/s Phẫu thuật: có 0 ứng viên cùng người bệnh
{
  "candidates": []
}
[2026-07-23 13:37:37.049] [ROW_UNMATCHED] Dòng 14: procedure: có kết quả nhưng không khớp ngày; surgery: không có dòng cùng người bệnh
{
  "rowNumber": 14,
  "patient": "VÕ KIM ANH",
  "time": "21:33 07/06/2026",
  "method": "Tạo hình và đổ xi măng cột sống (kyphoplasty)",
  "oldValue": "",
  "status": "unmatched",
  "reason": "procedure: có kết quả nhưng không khớp ngày; surgery: không có dòng cùng người bệnh"
}
[2026-07-23 13:37:37.049] [ROW_END] Kết thúc dòng 14
{
  "status": "unmatched",
  "new_value": null,
  "reason": "procedure: có kết quả nhưng không khớp ngày; surgery: không có dòng cùng người bệnh"
}
[2026-07-23 13:37:37.050] [ROW_BEGIN] [4/20] Bắt đầu dòng 17: PHẠM THỊ NGUYỆT CHÂU
{
  "raw_time": "2026/06/10 09:31",
  "parsed_time": "09:31 10/06/2026",
  "method": "Phẫu thuật điều trị hội chứng ống cổ tay",
  "old_value": ""
}
[2026-07-23 13:37:37.050] [SEARCH_BEGIN] dòng 17: tìm PHẠM THỊ NGUYỆT CHÂU tại D/s Phẫu thuật
{
  "patient": "PHẠM THỊ NGUYỆT CHÂU",
  "target_time": "2026-06-10 09:31:00",
  "target_method": "Phẫu thuật điều trị hội chứng ống cổ tay",
  "source": "surgery"
}
[2026-07-23 13:37:37.112] [BROWSER] [NAV] D/s Phẫu thuật: http://192.168.2.26:2026/home.aspx?scope=sys&lang=vi&wpid=danhsachphauthuatdraw&role=323&usid=172.31.255.1_mizoky1g35oz4drputdklt4yb4cf4523&st=133711#
[2026-07-23 13:37:39.109] [BROWSER] [FILTER] 3 tháng
[2026-07-23 13:37:39.662] [BROWSER] [SEARCH] Nhập 'PHẠM THỊ NGUYỆT CHÂU' vào #txtTimKiem
[2026-07-23 13:37:39.779] [BROWSER] [SEARCH] Đã bấm Tìm kiếm bằng #btnTimKiem
[2026-07-23 13:37:39.805] [BROWSER] [RESULT] D/s Phẫu thuật: 1 dòng
[2026-07-23 13:37:39.818] [SEARCH_RESULT] D/s Phẫu thuật: nhận 1 dòng
{
  "current_url": "http://192.168.2.26:2026/home.aspx?scope=sys&lang=vi&wpid=danhsachphauthuatdraw&role=323&usid=172.31.255.1_mizoky1g35oz4drputdklt4yb4cf4523&st=133712",
  "search_input_id": "txtTimKiem",
  "search_trigger": "#btnTimKiem",
  "headers": [
    "STT",
    "Mã BN",
    "Họ tên",
    "Giới tính",
    "Tuổi",
    "Phòng mổ",
    "Nơi chuyển mổ",
    "Nội dung phẫu thuật",
    "Tình trạng",
    "Thời gian",
    "Trạng thái",
    "Đối tượng",
    "Đã tạm ứng"
  ],
  "rows": [
    {
      "access_id": "e6b5fea5-b3a4-46b3-b1ee-b4650094e204",
      "known_fields": {
        "stt": "1",
        "ma_bn": "26059835",
        "ho_ten": "PHẠM THỊ NGUYỆT CHÂU (Phẫu thuật tại khoa)",
        "gioi_tinh": "Nữ",
        "tuoi": "65 tuổi",
        "phong_mo": "PHÒNG PHẪU THUẬT",
        "noi_chuyen_mo": "Khoa Khám Bệnh",
        "noi_dung_phau_thuat": "Phẫu thuật điều trị hội chứng ống cổ tay",
        "tinh_trang": "Thường",
        "thoi_gian": "10/06/2026",
        "trang_thai": "Hoàn tất",
        "doi_tuong": "Viện phí",
        "tam_ung": "0"
      },
      "raw_text": "1 26059835 PHẠM THỊ NGUYỆT CHÂU (Phẫu thuật tại khoa) Nữ 65 tuổi PHÒNG PHẪU THUẬT Khoa Khám Bệnh Phẫu thuật điều trị hội chứng ống cổ tay Thường 10/06/2026 Hoàn tất Viện phí 0",
      "links": [
        {
          "text": "1",
          "href": "http://192.168.2.26:2026/home.aspx?scope=sys&lang=vi&wpid=phauthuatdraw&phauthuatid=e6b5fea5-b3a4-46b3-b1ee-b4650094e204&keyword=ph%E1%BA%A1m%20th%E1%BB%8B%20nguy%E1%BB%87t%20ch%C3%A2u&tg=6&tungay=01/04/2026&denngay=24/07/2026&usid=172.31.255.1_mizoky1g35oz4drputdklt4yb4cf4523&st=133737",
          "onclick": ""
        },
        {
          "text": "26059835",
          "href": "http://192.168.2.26:2026/home.aspx?scope=sys&lang=vi&wpid=phauthuatdraw&phauthuatid=e6b5fea5-b3a4-46b3-b1ee-b4650094e204&keyword=ph%E1%BA%A1m%20th%E1%BB%8B%20nguy%E1%BB%87t%20ch%C3%A2u&tg=6&tungay=01/04/2026&denngay=24/07/2026&usid=172.31.255.1_mizoky1g35oz4drputdklt4yb4cf4523&st=133737",
          "onclick": ""
        },
        {
          "text": "PHẠM THỊ NGUYỆT CHÂU (Phẫu thuật tại khoa)",
          "href": "http://192.168.2.26:2026/home.aspx?scope=sys&lang=vi&wpid=phauthuatdraw&phauthuatid=e6b5fea5-b3a4-46b3-b1ee-b4650094e204&keyword=ph%E1%BA%A1m%20th%E1%BB%8B%20nguy%E1%BB%87t%20ch%C3%A2u&tg=6&tungay=01/04/2026&denngay=24/07/2026&usid=172.31.255.1_mizoky1g35oz4drputdklt4yb4cf4523&st=133737",
          "onclick": ""
        },
        {
          "text": "Nữ",
          "href": "http://192.168.2.26:2026/home.aspx?scope=sys&lang=vi&wpid=phauthuatdraw&phauthuatid=e6b5fea5-b3a4-46b3-b1ee-b4650094e204&keyword=ph%E1%BA%A1m%20th%E1%BB%8B%20nguy%E1%BB%87t%20ch%C3%A2u&tg=6&tungay=01/04/2026&denngay=24/07/2026&usid=172.31.255.1_mizoky1g35oz4drputdklt4yb4cf4523&st=133737",
          "onclick": ""
        },
        {
          "text": "65 tuổi",
          "href": "http://192.168.2.26:2026/home.aspx?scope=sys&lang=vi&wpid=phauthuatdraw&phauthuatid=e6b5fea5-b3a4-46b3-b1ee-b4650094e204&keyword=ph%E1%BA%A1m%20th%E1%BB%8B%20nguy%E1%BB%87t%20ch%C3%A2u&tg=6&tungay=01/04/2026&denngay=24/07/2026&usid=172.31.255.1_mizoky1g35oz4drputdklt4yb4cf4523&st=133737",
          "onclick": ""
        },
        {
          "text": "PHÒNG PHẪU THUẬT",
          "href": "http://192.168.2.26:2026/home.aspx?scope=sys&lang=vi&wpid=phauthuatdraw&phauthuatid=e6b5fea5-b3a4-46b3-b1ee-b4650094e204&keyword=ph%E1%BA%A1m%20th%E1%BB%8B%20nguy%E1%BB%87t%20ch%C3%A2u&tg=6&tungay=01/04/2026&denngay=24/07/2026&usid=172.31.255.1_mizoky1g35oz4drputdklt4yb4cf4523&st=133737",
          "onclick": ""
        },
        {
          "text": "Khoa Khám Bệnh",
          "href": "http://192.168.2.26:2026/home.aspx?scope=sys&lang=vi&wpid=phauthuatdraw&phauthuatid=e6b5fea5-b3a4-46b3-b1ee-b4650094e204&keyword=ph%E1%BA%A1m%20th%E1%BB%8B%20nguy%E1%BB%87t%20ch%C3%A2u&tg=6&tungay=01/04/2026&denngay=24/07/2026&usid=172.31.255.1_mizoky1g35oz4drputdklt4yb4cf4523&st=133737",
          "onclick": ""
        },
        {
          "text": "Phẫu thuật điều trị hội chứng ống cổ tay",
          "href": "http://192.168.2.26:2026/home.aspx?scope=sys&lang=vi&wpid=phauthuatdraw&phauthuatid=e6b5fea5-b3a4-46b3-b1ee-b4650094e204&keyword=ph%E1%BA%A1m%20th%E1%BB%8B%20nguy%E1%BB%87t%20ch%C3%A2u&tg=6&tungay=01/04/2026&denngay=24/07/2026&usid=172.31.255.1_mizoky1g35oz4drputdklt4yb4cf4523&st=133737",
          "onclick": ""
        },
        {
          "text": "Thường",
          "href": "http://192.168.2.26:2026/home.aspx?scope=sys&lang=vi&wpid=phauthuatdraw&phauthuatid=e6b5fea5-b3a4-46b3-b1ee-b4650094e204&keyword=ph%E1%BA%A1m%20th%E1%BB%8B%20nguy%E1%BB%87t%20ch%C3%A2u&tg=6&tungay=01/04/2026&denngay=24/07/2026&usid=172.31.255.1_mizoky1g35oz4drputdklt4yb4cf4523&st=133737",
          "onclick": ""
        },
        {
          "text": "10/06/2026",
          "href": "http://192.168.2.26:2026/home.aspx?scope=sys&lang=vi&wpid=phauthuatdraw&phauthuatid=e6b5fea5-b3a4-46b3-b1ee-b4650094e204&keyword=ph%E1%BA%A1m%20th%E1%BB%8B%20nguy%E1%BB%87t%20ch%C3%A2u&tg=6&tungay=01/04/2026&denngay=24/07/2026&usid=172.31.255.1_mizoky1g35oz4drputdklt4yb4cf4523&st=133737",
          "onclick": ""
        }
      ]
    }
  ]
}
[2026-07-23 13:37:39.820] [CANDIDATES] D/s Phẫu thuật: có 1 ứng viên cùng người bệnh
{
  "candidates": [
    {
      "list_score": 125.0,
      "list_datetime": "2026-06-10 00:00:00",
      "list_method": "Phẫu thuật điều trị hội chứng ống cổ tay",
      "detail_marker": "http://192.168.2.26:2026/home.aspx?scope=sys&lang=vi&wpid=phauthuatdraw&phauthuatid=e6b5fea5-b3a4-46b3-b1ee-b4650094e204&keyword=ph%E1%BA%A1m%20th%E1%BB%8B%20nguy%E1%BB%87t%20ch%C3%A2u&tg=6&tungay=01/04/2026&denngay=24/07/2026&usid=172.31.255.1_mizoky1g35oz4drputdklt4yb4cf4523&st=133737",
      "row": {
        "access_id": "e6b5fea5-b3a4-46b3-b1ee-b4650094e204",
        "known_fields": {
          "stt": "1",
          "ma_bn": "26059835",
          "ho_ten": "PHẠM THỊ NGUYỆT CHÂU (Phẫu thuật tại khoa)",
          "gioi_tinh": "Nữ",
          "tuoi": "65 tuổi",
          "phong_mo": "PHÒNG PHẪU THUẬT",
          "noi_chuyen_mo": "Khoa Khám Bệnh",
          "noi_dung_phau_thuat": "Phẫu thuật điều trị hội chứng ống cổ tay",
          "tinh_trang": "Thường",
          "thoi_gian": "10/06/2026",
          "trang_thai": "Hoàn tất",
          "doi_tuong": "Viện phí",
          "tam_ung": "0"
        },
        "raw_text": "1 26059835 PHẠM THỊ NGUYỆT CHÂU (Phẫu thuật tại khoa) Nữ 65 tuổi PHÒNG PHẪU THUẬT Khoa Khám Bệnh Phẫu thuật điều trị hội chứng ống cổ tay Thường 10/06/2026 Hoàn tất Viện phí 0",
        "links": [
          {
            "text": "1",
            "href": "http://192.168.2.26:2026/home.aspx?scope=sys&lang=vi&wpid=phauthuatdraw&phauthuatid=e6b5fea5-b3a4-46b3-b1ee-b4650094e204&keyword=ph%E1%BA%A1m%20th%E1%BB%8B%20nguy%E1%BB%87t%20ch%C3%A2u&tg=6&tungay=01/04/2026&denngay=24/07/2026&usid=172.31.255.1_mizoky1g35oz4drputdklt4yb4cf4523&st=133737",
            "onclick": ""
          },
          {
            "text": "26059835",
            "href": "http://192.168.2.26:2026/home.aspx?scope=sys&lang=vi&wpid=phauthuatdraw&phauthuatid=e6b5fea5-b3a4-46b3-b1ee-b4650094e204&keyword=ph%E1%BA%A1m%20th%E1%BB%8B%20nguy%E1%BB%87t%20ch%C3%A2u&tg=6&tungay=01/04/2026&denngay=24/07/2026&usid=172.31.255.1_mizoky1g35oz4drputdklt4yb4cf4523&st=133737",
            "onclick": ""
          },
          {
            "text": "PHẠM THỊ NGUYỆT CHÂU (Phẫu thuật tại khoa)",
            "href": "http://192.168.2.26:2026/home.aspx?scope=sys&lang=vi&wpid=phauthuatdraw&phauthuatid=e6b5fea5-b3a4-46b3-b1ee-b4650094e204&keyword=ph%E1%BA%A1m%20th%E1%BB%8B%20nguy%E1%BB%87t%20ch%C3%A2u&tg=6&tungay=01/04/2026&denngay=24/07/2026&usid=172.31.255.1_mizoky1g35oz4drputdklt4yb4cf4523&st=133737",
            "onclick": ""
          },
          {
            "text": "Nữ",
            "href": "http://192.168.2.26:2026/home.aspx?scope=sys&lang=vi&wpid=phauthuatdraw&phauthuatid=e6b5fea5-b3a4-46b3-b1ee-b4650094e204&keyword=ph%E1%BA%A1m%20th%E1%BB%8B%20nguy%E1%BB%87t%20ch%C3%A2u&tg=6&tungay=01/04/2026&denngay=24/07/2026&usid=172.31.255.1_mizoky1g35oz4drputdklt4yb4cf4523&st=133737",
            "onclick": ""
          },
          {
            "text": "65 tuổi",
            "href": "http://192.168.2.26:2026/home.aspx?scope=sys&lang=vi&wpid=phauthuatdraw&phauthuatid=e6b5fea5-b3a4-46b3-b1ee-b4650094e204&keyword=ph%E1%BA%A1m%20th%E1%BB%8B%20nguy%E1%BB%87t%20ch%C3%A2u&tg=6&tungay=01/04/2026&denngay=24/07/2026&usid=172.31.255.1_mizoky1g35oz4drputdklt4yb4cf4523&st=133737",
            "onclick": ""
          },
          {
            "text": "PHÒNG PHẪU THUẬT",
            "href": "http://192.168.2.26:2026/home.aspx?scope=sys&lang=vi&wpid=phauthuatdraw&phauthuatid=e6b5fea5-b3a4-46b3-b1ee-b4650094e204&keyword=ph%E1%BA%A1m%20th%E1%BB%8B%20nguy%E1%BB%87t%20ch%C3%A2u&tg=6&tungay=01/04/2026&denngay=24/07/2026&usid=172.31.255.1_mizoky1g35oz4drputdklt4yb4cf4523&st=133737",
            "onclick": ""
          },
          {
            "text": "Khoa Khám Bệnh",
            "href": "http://192.168.2.26:2026/home.aspx?scope=sys&lang=vi&wpid=phauthuatdraw&phauthuatid=e6b5fea5-b3a4-46b3-b1ee-b4650094e204&keyword=ph%E1%BA%A1m%20th%E1%BB%8B%20nguy%E1%BB%87t%20ch%C3%A2u&tg=6&tungay=01/04/2026&denngay=24/07/2026&usid=172.31.255.1_mizoky1g35oz4drputdklt4yb4cf4523&st=133737",
            "onclick": ""
          },
          {
            "text": "Phẫu thuật điều trị hội chứng ống cổ tay",
            "href": "http://192.168.2.26:2026/home.aspx?scope=sys&lang=vi&wpid=phauthuatdraw&phauthuatid=e6b5fea5-b3a4-46b3-b1ee-b4650094e204&keyword=ph%E1%BA%A1m%20th%E1%BB%8B%20nguy%E1%BB%87t%20ch%C3%A2u&tg=6&tungay=01/04/2026&denngay=24/07/2026&usid=172.31.255.1_mizoky1g35oz4drputdklt4yb4cf4523&st=133737",
            "onclick": ""
          },
          {
            "text": "Thường",
            "href": "http://192.168.2.26:2026/home.aspx?scope=sys&lang=vi&wpid=phauthuatdraw&phauthuatid=e6b5fea5-b3a4-46b3-b1ee-b4650094e204&keyword=ph%E1%BA%A1m%20th%E1%BB%8B%20nguy%E1%BB%87t%20ch%C3%A2u&tg=6&tungay=01/04/2026&denngay=24/07/2026&usid=172.31.255.1_mizoky1g35oz4drputdklt4yb4cf4523&st=133737",
            "onclick": ""
          },
          {
            "text": "10/06/2026",
            "href": "http://192.168.2.26:2026/home.aspx?scope=sys&lang=vi&wpid=phauthuatdraw&phauthuatid=e6b5fea5-b3a4-46b3-b1ee-b4650094e204&keyword=ph%E1%BA%A1m%20th%E1%BB%8B%20nguy%E1%BB%87t%20ch%C3%A2u&tg=6&tungay=01/04/2026&denngay=24/07/2026&usid=172.31.255.1_mizoky1g35oz4drputdklt4yb4cf4523&st=133737",
            "onclick": ""
          }
        ]
      }
    }
  ]
}
[2026-07-23 13:37:39.821] [DETAIL_BEGIN] D/s Phẫu thuật: mở ứng viên 1
{
  "detail_marker": "http://192.168.2.26:2026/home.aspx?scope=sys&lang=vi&wpid=phauthuatdraw&phauthuatid=e6b5fea5-b3a4-46b3-b1ee-b4650094e204&keyword=ph%E1%BA%A1m%20th%E1%BB%8B%20nguy%E1%BB%87t%20ch%C3%A2u&tg=6&tungay=01/04/2026&denngay=24/07/2026&usid=172.31.255.1_mizoky1g35oz4drputdklt4yb4cf4523&st=133737",
  "list_datetime": "2026-06-10 00:00:00",
  "list_method": "Phẫu thuật điều trị hội chứng ống cổ tay",
  "row": {
    "access_id": "e6b5fea5-b3a4-46b3-b1ee-b4650094e204",
    "known_fields": {
      "stt": "1",
      "ma_bn": "26059835",
      "ho_ten": "PHẠM THỊ NGUYỆT CHÂU (Phẫu thuật tại khoa)",
      "gioi_tinh": "Nữ",
      "tuoi": "65 tuổi",
      "phong_mo": "PHÒNG PHẪU THUẬT",
      "noi_chuyen_mo": "Khoa Khám Bệnh",
      "noi_dung_phau_thuat": "Phẫu thuật điều trị hội chứng ống cổ tay",
      "tinh_trang": "Thường",
      "thoi_gian": "10/06/2026",
      "trang_thai": "Hoàn tất",
      "doi_tuong": "Viện phí",
      "tam_ung": "0"
    },
    "raw_text": "1 26059835 PHẠM THỊ NGUYỆT CHÂU (Phẫu thuật tại khoa) Nữ 65 tuổi PHÒNG PHẪU THUẬT Khoa Khám Bệnh Phẫu thuật điều trị hội chứng ống cổ tay Thường 10/06/2026 Hoàn tất Viện phí 0",
    "links": [
      {
        "text": "1",
        "href": "http://192.168.2.26:2026/home.aspx?scope=sys&lang=vi&wpid=phauthuatdraw&phauthuatid=e6b5fea5-b3a4-46b3-b1ee-b4650094e204&keyword=ph%E1%BA%A1m%20th%E1%BB%8B%20nguy%E1%BB%87t%20ch%C3%A2u&tg=6&tungay=01/04/2026&denngay=24/07/2026&usid=172.31.255.1_mizoky1g35oz4drputdklt4yb4cf4523&st=133737",
        "onclick": ""
      },
      {
        "text": "26059835",
        "href": "http://192.168.2.26:2026/home.aspx?scope=sys&lang=vi&wpid=phauthuatdraw&phauthuatid=e6b5fea5-b3a4-46b3-b1ee-b4650094e204&keyword=ph%E1%BA%A1m%20th%E1%BB%8B%20nguy%E1%BB%87t%20ch%C3%A2u&tg=6&tungay=01/04/2026&denngay=24/07/2026&usid=172.31.255.1_mizoky1g35oz4drputdklt4yb4cf4523&st=133737",
        "onclick": ""
      },
      {
        "text": "PHẠM THỊ NGUYỆT CHÂU (Phẫu thuật tại khoa)",
        "href": "http://192.168.2.26:2026/home.aspx?scope=sys&lang=vi&wpid=phauthuatdraw&phauthuatid=e6b5fea5-b3a4-46b3-b1ee-b4650094e204&keyword=ph%E1%BA%A1m%20th%E1%BB%8B%20nguy%E1%BB%87t%20ch%C3%A2u&tg=6&tungay=01/04/2026&denngay=24/07/2026&usid=172.31.255.1_mizoky1g35oz4drputdklt4yb4cf4523&st=133737",
        "onclick": ""
      },
      {
        "text": "Nữ",
        "href": "http://192.168.2.26:2026/home.aspx?scope=sys&lang=vi&wpid=phauthuatdraw&phauthuatid=e6b5fea5-b3a4-46b3-b1ee-b4650094e204&keyword=ph%E1%BA%A1m%20th%E1%BB%8B%20nguy%E1%BB%87t%20ch%C3%A2u&tg=6&tungay=01/04/2026&denngay=24/07/2026&usid=172.31.255.1_mizoky1g35oz4drputdklt4yb4cf4523&st=133737",
        "onclick": ""
      },
      {
        "text": "65 tuổi",
        "href": "http://192.168.2.26:2026/home.aspx?scope=sys&lang=vi&wpid=phauthuatdraw&phauthuatid=e6b5fea5-b3a4-46b3-b1ee-b4650094e204&keyword=ph%E1%BA%A1m%20th%E1%BB%8B%20nguy%E1%BB%87t%20ch%C3%A2u&tg=6&tungay=01/04/2026&denngay=24/07/2026&usid=172.31.255.1_mizoky1g35oz4drputdklt4yb4cf4523&st=133737",
        "onclick": ""
      },
      {
        "text": "PHÒNG PHẪU THUẬT",
        "href": "http://192.168.2.26:2026/home.aspx?scope=sys&lang=vi&wpid=phauthuatdraw&phauthuatid=e6b5fea5-b3a4-46b3-b1ee-b4650094e204&keyword=ph%E1%BA%A1m%20th%E1%BB%8B%20nguy%E1%BB%87t%20ch%C3%A2u&tg=6&tungay=01/04/2026&denngay=24/07/2026&usid=172.31.255.1_mizoky1g35oz4drputdklt4yb4cf4523&st=133737",
        "onclick": ""
      },
      {
        "text": "Khoa Khám Bệnh",
        "href": "http://192.168.2.26:2026/home.aspx?scope=sys&lang=vi&wpid=phauthuatdraw&phauthuatid=e6b5fea5-b3a4-46b3-b1ee-b4650094e204&keyword=ph%E1%BA%A1m%20th%E1%BB%8B%20nguy%E1%BB%87t%20ch%C3%A2u&tg=6&tungay=01/04/2026&denngay=24/07/2026&usid=172.31.255.1_mizoky1g35oz4drputdklt4yb4cf4523&st=133737",
        "onclick": ""
      },
      {
        "text": "Phẫu thuật điều trị hội chứng ống cổ tay",
        "href": "http://192.168.2.26:2026/home.aspx?scope=sys&lang=vi&wpid=phauthuatdraw&phauthuatid=e6b5fea5-b3a4-46b3-b1ee-b4650094e204&keyword=ph%E1%BA%A1m%20th%E1%BB%8B%20nguy%E1%BB%87t%20ch%C3%A2u&tg=6&tungay=01/04/2026&denngay=24/07/2026&usid=172.31.255.1_mizoky1g35oz4drputdklt4yb4cf4523&st=133737",
        "onclick": ""
      },
      {
        "text": "Thường",
        "href": "http://192.168.2.26:2026/home.aspx?scope=sys&lang=vi&wpid=phauthuatdraw&phauthuatid=e6b5fea5-b3a4-46b3-b1ee-b4650094e204&keyword=ph%E1%BA%A1m%20th%E1%BB%8B%20nguy%E1%BB%87t%20ch%C3%A2u&tg=6&tungay=01/04/2026&denngay=24/07/2026&usid=172.31.255.1_mizoky1g35oz4drputdklt4yb4cf4523&st=133737",
        "onclick": ""
      },
      {
        "text": "10/06/2026",
        "href": "http://192.168.2.26:2026/home.aspx?scope=sys&lang=vi&wpid=phauthuatdraw&phauthuatid=e6b5fea5-b3a4-46b3-b1ee-b4650094e204&keyword=ph%E1%BA%A1m%20th%E1%BB%8B%20nguy%E1%BB%87t%20ch%C3%A2u&tg=6&tungay=01/04/2026&denngay=24/07/2026&usid=172.31.255.1_mizoky1g35oz4drputdklt4yb4cf4523&st=133737",
        "onclick": ""
      }
    ]
  }
}
[2026-07-23 13:37:39.831] [BROWSER] [DETAIL] kind=surgery; access_id=e6b5fea5-b3a4-46b3-b1ee-b4650094e204; direct_url=yes; onclick=no
[2026-07-23 13:37:39.832] [BROWSER] [DETAIL] Mở liên kết trực tiếp: http://192.168.2.26:2026/home.aspx?scope=sys&lang=vi&wpid=phauthuatdraw&phauthuatid=e6b5fea5-b3a4-46b3-b1ee-b4650094e204&keyword=ph%E1%BA%A1m%20th%E1%BB%8B%20nguy%E1%BB%87t%20ch%C3%A2u&tg=6&tungay=01/04/2026&denngay=24/07/2026&usid=172.31.255.1_mizoky1g35oz4drputdklt4yb4cf4523&st=133737
[2026-07-23 13:37:42.129] [BROWSER] [DETAIL] Dữ liệu đọc được: {"complete_info": "Người hoàn tất: Hoàng Minh Tú (hmtu) | TG nhấn hoàn tất: 09:49 10/06/2026", "current_url": "http://192.168.2.26:2026/home.aspx?scope=sys&lang=vi&wpid=phauthuatdraw&phauthuatid=e6b5fea5-b3a4-46b3-b1ee-b4650094e204&keyword=ph%E1%BA%A1m%20th%E1%BB%8B%20nguy%E1%BB%87t%20ch%C3%A2u&tg=6&tungay=01/04/2026&denngay=24/07/2026&usid=172.31.255.1_mizoky1g35oz4drputdklt4yb4cf4523&st=133737", "doctor": "Hoàng Minh Tú", "doctor_field": "cbbBacSiPT", "doctor_found": true, "method": "Phẫu thuật điều trị hội chứng ống cổ tay", "patient_info": "", "root_found": true, "start_time": "09:35 10/06/2026"}
[2026-07-23 13:37:42.130] [BROWSER] [DETAIL] Nguồn bác sĩ: BS mổ chính; field=cbbBacSiPT; value=Hoàng Minh Tú
[2026-07-23 13:37:42.133] [DETAIL_OK] D/s Phẫu thuật: đọc được hồ sơ chi tiết
{
  "doctor_from_emr": "Hoàng Minh Tú",
  "mapped_alias": null,
  "mapped_name": null,
  "start_time": "09:35 10/06/2026",
  "method": "Phẫu thuật điều trị hội chứng ống cổ tay",
  "current_url": "http://192.168.2.26:2026/home.aspx?scope=sys&lang=vi&wpid=phauthuatdraw&phauthuatid=e6b5fea5-b3a4-46b3-b1ee-b4650094e204&keyword=ph%E1%BA%A1m%20th%E1%BB%8B%20nguy%E1%BB%87t%20ch%C3%A2u&tg=6&tungay=01/04/2026&denngay=24/07/2026&usid=172.31.255.1_mizoky1g35oz4drputdklt4yb4cf4523&st=133737",
  "total_score": 315.0,
  "method_score": 1.0
}
[2026-07-23 13:37:42.134] [EVALUATED] D/s Phẫu thuật: đánh giá 1 hồ sơ
{
  "items": [
    {
      "doctor": "Hoàng Minh Tú",
      "alias": null,
      "detail_datetime": "2026-06-10 09:35:00",
      "method_score": 1.0,
      "total_score": 315.0,
      "confidence_ok": false
    }
  ]
}
[2026-07-23 13:37:42.136] [STOP_AT_SOURCE] D/s Phẫu thuật: đã thấy ca cùng ngày nên không sang nguồn khác
{
  "reason": "surgery: đã có ca cùng ngày nhưng chưa lấy được bác sĩ"
}
[2026-07-23 13:37:42.139] [ROW_UNMATCHED] Dòng 17: surgery: đã có ca cùng ngày nhưng chưa lấy được bác sĩ
{
  "rowNumber": 17,
  "patient": "PHẠM THỊ NGUYỆT CHÂU",
  "time": "09:31 10/06/2026",
  "method": "Phẫu thuật điều trị hội chứng ống cổ tay",
  "oldValue": "",
  "status": "unmatched",
  "reason": "surgery: đã có ca cùng ngày nhưng chưa lấy được bác sĩ"
}
[2026-07-23 13:37:42.140] [ROW_END] Kết thúc dòng 17
{
  "status": "unmatched",
  "new_value": null,
  "reason": "surgery: đã có ca cùng ngày nhưng chưa lấy được bác sĩ"
}
[2026-07-23 13:37:42.141] [ROW_BEGIN] [5/20] Bắt đầu dòng 18: PHẠM THỊ LỆ
{
  "raw_time": "2026/06/10 10:10",
  "parsed_time": "10:10 10/06/2026",
  "method": "Phẫu thuật điều trị ngón tay cò súng (1 ngón)",
  "old_value": ""
}
[2026-07-23 13:37:42.142] [SEARCH_BEGIN] dòng 18: tìm PHẠM THỊ LỆ tại D/s Phẫu thuật
{
  "patient": "PHẠM THỊ LỆ",
  "target_time": "2026-06-10 10:10:00",
  "target_method": "Phẫu thuật điều trị ngón tay cò súng (1 ngón)",
  "source": "surgery"
}
[2026-07-23 13:37:42.668] [BROWSER] [NAV] D/s Phẫu thuật: http://192.168.2.26:2026/home.aspx?scope=sys&lang=vi&wpid=danhsachphauthuatdraw&role=323&usid=172.31.255.1_mizoky1g35oz4drputdklt4yb4cf4523&st=133737
[2026-07-23 13:37:45.370] [BROWSER] [FILTER] 3 tháng
[2026-07-23 13:37:45.871] [BROWSER] [SEARCH] Nhập 'PHẠM THỊ LỆ' vào #txtTimKiem
[2026-07-23 13:37:46.017] [BROWSER] [SEARCH] Đã bấm Tìm kiếm bằng #btnTimKiem
[2026-07-23 13:37:46.044] [BROWSER] [RESULT] D/s Phẫu thuật: 3 dòng
[2026-07-23 13:37:46.055] [SEARCH_RESULT] D/s Phẫu thuật: nhận 3 dòng
{
  "current_url": "http://192.168.2.26:2026/home.aspx?scope=sys&lang=vi&wpid=danhsachphauthuatdraw&role=323&usid=172.31.255.1_mizoky1g35oz4drputdklt4yb4cf4523&st=133737",
  "search_input_id": "txtTimKiem",
  "search_trigger": "#btnTimKiem",
  "headers": [
    "STT",
    "Mã BN",
    "Họ tên",
    "Giới tính",
    "Tuổi",
    "Phòng mổ",
    "Nơi chuyển mổ",
    "Nội dung phẫu thuật",
    "Tình trạng",
    "Thời gian",
    "Trạng thái",
    "Đối tượng",
    "Đã tạm ứng"
  ],
  "rows": [
    {
      "access_id": "ffceed14-7f35-4312-9db6-b46500a7e799",
      "known_fields": {
        "stt": "1",
        "ma_bn": "26063337",
        "ho_ten": "PHẠM THỊ LỆ (Phẫu thuật tại khoa)",
        "gioi_tinh": "Nữ",
        "tuoi": "57 tuổi",
        "phong_mo": "PHÒNG PHẪU THUẬT",
        "noi_chuyen_mo": "Khoa Khám Bệnh",
        "noi_dung_phau_thuat": "",
        "tinh_trang": "Thường",
        "thoi_gian": "10/06/2026",
        "trang_thai": "Chờ thực hiện",
        "doi_tuong": "Viện phí",
        "tam_ung": "0"
      },
      "raw_text": "1 26063337 PHẠM THỊ LỆ (Phẫu thuật tại khoa) Nữ 57 tuổi PHÒNG PHẪU THUẬT Khoa Khám Bệnh Thường 10/06/2026 Chờ thực hiện Viện phí 0",
      "links": [
        {
          "text": "1",
          "href": "javascript:void(0);",
          "onclick": "checkBanGiaoPT('ffceed14-7f35-4312-9db6-b46500a7e799'); return false;"
        },
        {
          "text": "26063337",
          "href": "javascript:void(0);",
          "onclick": "checkBanGiaoPT('ffceed14-7f35-4312-9db6-b46500a7e799'); return false;"
        },
        {
          "text": "PHẠM THỊ LỆ (Phẫu thuật tại khoa)",
          "href": "javascript:void(0);",
          "onclick": "checkBanGiaoPT('ffceed14-7f35-4312-9db6-b46500a7e799'); return false;"
        },
        {
          "text": "Nữ",
          "href": "javascript:void(0);",
          "onclick": "checkBanGiaoPT('ffceed14-7f35-4312-9db6-b46500a7e799'); return false;"
        },
        {
          "text": "57 tuổi",
          "href": "javascript:void(0);",
          "onclick": "checkBanGiaoPT('ffceed14-7f35-4312-9db6-b46500a7e799'); return false;"
        },
        {
          "text": "PHÒNG PHẪU THUẬT",
          "href": "javascript:void(0);",
          "onclick": "checkBanGiaoPT('ffceed14-7f35-4312-9db6-b46500a7e799'); return false;"
        },
        {
          "text": "Khoa Khám Bệnh",
          "href": "javascript:void(0);",
          "onclick": "checkBanGiaoPT('ffceed14-7f35-4312-9db6-b46500a7e799'); return false;"
        },
        {
          "text": "",
          "href": "javascript:void(0);",
          "onclick": "checkBanGiaoPT('ffceed14-7f35-4312-9db6-b46500a7e799'); return false;"
        },
        {
          "text": "Thường",
          "href": "javascript:void(0);",
          "onclick": "checkBanGiaoPT('ffceed14-7f35-4312-9db6-b46500a7e799'); return false;"
        },
        {
          "text": "10/06/2026",
          "href": "javascript:void(0);",
          "onclick": "checkBanGiaoPT('ffceed14-7f35-4312-9db6-b46500a7e799'); return false;"
        }
      ]
    },
    {
      "access_id": "3630558f-ddce-4a8d-aee9-b44701207366",
      "known_fields": {
        "stt": "2",
        "ma_bn": "26051294",
        "ho_ten": "PHẠM THỊ LỆ",
        "gioi_tinh": "Nữ",
        "tuoi": "62 tuổi",
        "phong_mo": "PHÒNG PHẪU THUẬT",
        "noi_chuyen_mo": "Khoa Ngoại Chấn Thương Chỉnh Hình và Thần Kinh",
        "noi_dung_phau_thuat": "Phẫu thuật nội soi khâu sụn chêm",
        "tinh_trang": "Thường",
        "thoi_gian": "12/05/2026",
        "trang_thai": "Hoàn tất",
        "doi_tuong": "Bảo hiểm",
        "tam_ung": "18,000,000"
      },
      "raw_text": "2 26051294 PHẠM THỊ LỆ Nữ 62 tuổi PHÒNG PHẪU THUẬT Khoa Ngoại Chấn Thương Chỉnh Hình và Thần Kinh Phẫu thuật nội soi khâu sụn chêm Thường 12/05/2026 Hoàn tất Bảo hiểm 18,000,000",
      "links": [
        {
          "text": "2",
          "href": "http://192.168.2.26:2026/home.aspx?scope=sys&lang=vi&wpid=phauthuatdraw&phauthuatid=3630558f-ddce-4a8d-aee9-b44701207366&keyword=ph%E1%BA%A1m%20th%E1%BB%8B%20l%E1%BB%87&tg=6&tungay=01/04/2026&denngay=24/07/2026&usid=172.31.255.1_mizoky1g35oz4drputdklt4yb4cf4523&st=133743",
          "onclick": ""
        },
        {
          "text": "26051294",
          "href": "http://192.168.2.26:2026/home.aspx?scope=sys&lang=vi&wpid=phauthuatdraw&phauthuatid=3630558f-ddce-4a8d-aee9-b44701207366&keyword=ph%E1%BA%A1m%20th%E1%BB%8B%20l%E1%BB%87&tg=6&tungay=01/04/2026&denngay=24/07/2026&usid=172.31.255.1_mizoky1g35oz4drputdklt4yb4cf4523&st=133743",
          "onclick": ""
        },
        {
          "text": "PHẠM THỊ LỆ",
          "href": "http://192.168.2.26:2026/home.aspx?scope=sys&lang=vi&wpid=phauthuatdraw&phauthuatid=3630558f-ddce-4a8d-aee9-b44701207366&keyword=ph%E1%BA%A1m%20th%E1%BB%8B%20l%E1%BB%87&tg=6&tungay=01/04/2026&denngay=24/07/2026&usid=172.31.255.1_mizoky1g35oz4drputdklt4yb4cf4523&st=133743",
          "onclick": ""
        },
        {
          "text": "Nữ",
          "href": "http://192.168.2.26:2026/home.aspx?scope=sys&lang=vi&wpid=phauthuatdraw&phauthuatid=3630558f-ddce-4a8d-aee9-b44701207366&keyword=ph%E1%BA%A1m%20th%E1%BB%8B%20l%E1%BB%87&tg=6&tungay=01/04/2026&denngay=24/07/2026&usid=172.31.255.1_mizoky1g35oz4drputdklt4yb4cf4523&st=133743",
          "onclick": ""
        },
        {
          "text": "62 tuổi",
          "href": "http://192.168.2.26:2026/home.aspx?scope=sys&lang=vi&wpid=phauthuatdraw&phauthuatid=3630558f-ddce-4a8d-aee9-b44701207366&keyword=ph%E1%BA%A1m%20th%E1%BB%8B%20l%E1%BB%87&tg=6&tungay=01/04/2026&denngay=24/07/2026&usid=172.31.255.1_mizoky1g35oz4drputdklt4yb4cf4523&st=133743",
          "onclick": ""
        },
        {
          "text": "PHÒNG PHẪU THUẬT",
          "href": "http://192.168.2.26:2026/home.aspx?scope=sys&lang=vi&wpid=phauthuatdraw&phauthuatid=3630558f-ddce-4a8d-aee9-b44701207366&keyword=ph%E1%BA%A1m%20th%E1%BB%8B%20l%E1%BB%87&tg=6&tungay=01/04/2026&denngay=24/07/2026&usid=172.31.255.1_mizoky1g35oz4drputdklt4yb4cf4523&st=133743",
          "onclick": ""
        },
        {
          "text": "Khoa Ngoại Chấn Thương Chỉnh Hình và Thần Kinh",
          "href": "http://192.168.2.26:2026/home.aspx?scope=sys&lang=vi&wpid=phauthuatdraw&phauthuatid=3630558f-ddce-4a8d-aee9-b44701207366&keyword=ph%E1%BA%A1m%20th%E1%BB%8B%20l%E1%BB%87&tg=6&tungay=01/04/2026&denngay=24/07/2026&usid=172.31.255.1_mizoky1g35oz4drputdklt4yb4cf4523&st=133743",
          "onclick": ""
        },
        {
          "text": "Phẫu thuật nội soi khâu sụn chêm",
          "href": "http://192.168.2.26:2026/home.aspx?scope=sys&lang=vi&wpid=phauthuatdraw&phauthuatid=3630558f-ddce-4a8d-aee9-b44701207366&keyword=ph%E1%BA%A1m%20th%E1%BB%8B%20l%E1%BB%87&tg=6&tungay=01/04/2026&denngay=24/07/2026&usid=172.31.255.1_mizoky1g35oz4drputdklt4yb4cf4523&st=133743",
          "onclick": ""
        },
        {
          "text": "Thường",
          "href": "http://192.168.2.26:2026/home.aspx?scope=sys&lang=vi&wpid=phauthuatdraw&phauthuatid=3630558f-ddce-4a8d-aee9-b44701207366&keyword=ph%E1%BA%A1m%20th%E1%BB%8B%20l%E1%BB%87&tg=6&tungay=01/04/2026&denngay=24/07/2026&usid=172.31.255.1_mizoky1g35oz4drputdklt4yb4cf4523&st=133743",
          "onclick": ""
        },
        {
          "text": "12/05/2026",
          "href": "http://192.168.2.26:2026/home.aspx?scope=sys&lang=vi&wpid=phauthuatdraw&phauthuatid=3630558f-ddce-4a8d-aee9-b44701207366&keyword=ph%E1%BA%A1m%20th%E1%BB%8B%20l%E1%BB%87&tg=6&tungay=01/04/2026&denngay=24/07/2026&usid=172.31.255.1_mizoky1g35oz4drputdklt4yb4cf4523&st=133743",
          "onclick": ""
        }
      ]
    },
    {
      "access_id": "ea97f699-6b6e-457c-a9e9-b42600695968",
      "known_fields": {
        "stt": "3",
        "ma_bn": "26043426",
        "ho_ten": "PHẠM THỊ LỆ",
        "gioi_tinh": "Nữ",
        "tuoi": "71 tuổi",
        "phong_mo": "PHÒNG PHẪU THUẬT",
        "noi_chuyen_mo": "Khoa Ngoại Chấn Thương Chỉnh Hình và Thần Kinh",
        "noi_dung_phau_thuat": "Phẫu thuật thay toàn bộ khớp gối",
        "tinh_trang": "Thường",
        "thoi_gian": "08/04/2026",
        "trang_thai": "Hoàn tất",
        "doi_tuong": "Bảo hiểm",
        "tam_ung": "32,000,000"
      },
      "raw_text": "3 26043426 PHẠM THỊ LỆ Nữ 71 tuổi PHÒNG PHẪU THUẬT Khoa Ngoại Chấn Thương Chỉnh Hình và Thần Kinh Phẫu thuật thay toàn bộ khớp gối Thường 08/04/2026 Hoàn tất Bảo hiểm 32,000,000",
      "links": [
        {
          "text": "3",
          "href": "http://192.168.2.26:2026/home.aspx?scope=sys&lang=vi&wpid=phauthuatdraw&phauthuatid=ea97f699-6b6e-457c-a9e9-b42600695968&keyword=ph%E1%BA%A1m%20th%E1%BB%8B%20l%E1%BB%87&tg=6&tungay=01/04/2026&denngay=24/07/2026&usid=172.31.255.1_mizoky1g35oz4drputdklt4yb4cf4523&st=133743",
          "onclick": ""
        },
        {
          "text": "26043426",
          "href": "http://192.168.2.26:2026/home.aspx?scope=sys&lang=vi&wpid=phauthuatdraw&phauthuatid=ea97f699-6b6e-457c-a9e9-b42600695968&keyword=ph%E1%BA%A1m%20th%E1%BB%8B%20l%E1%BB%87&tg=6&tungay=01/04/2026&denngay=24/07/2026&usid=172.31.255.1_mizoky1g35oz4drputdklt4yb4cf4523&st=133743",
          "onclick": ""
        },
        {
          "text": "PHẠM THỊ LỆ",
          "href": "http://192.168.2.26:2026/home.aspx?scope=sys&lang=vi&wpid=phauthuatdraw&phauthuatid=ea97f699-6b6e-457c-a9e9-b42600695968&keyword=ph%E1%BA%A1m%20th%E1%BB%8B%20l%E1%BB%87&tg=6&tungay=01/04/2026&denngay=24/07/2026&usid=172.31.255.1_mizoky1g35oz4drputdklt4yb4cf4523&st=133743",
          "onclick": ""
        },
        {
          "text": "Nữ",
          "href": "http://192.168.2.26:2026/home.aspx?scope=sys&lang=vi&wpid=phauthuatdraw&phauthuatid=ea97f699-6b6e-457c-a9e9-b42600695968&keyword=ph%E1%BA%A1m%20th%E1%BB%8B%20l%E1%BB%87&tg=6&tungay=01/04/2026&denngay=24/07/2026&usid=172.31.255.1_mizoky1g35oz4drputdklt4yb4cf4523&st=133743",
          "onclick": ""
        },
        {
          "text": "71 tuổi",
          "href": "http://192.168.2.26:2026/home.aspx?scope=sys&lang=vi&wpid=phauthuatdraw&phauthuatid=ea97f699-6b6e-457c-a9e9-b42600695968&keyword=ph%E1%BA%A1m%20th%E1%BB%8B%20l%E1%BB%87&tg=6&tungay=01/04/2026&denngay=24/07/2026&usid=172.31.255.1_mizoky1g35oz4drputdklt4yb4cf4523&st=133743",
          "onclick": ""
        },
        {
          "text": "PHÒNG PHẪU THUẬT",
          "href": "http://192.168.2.26:2026/home.aspx?scope=sys&lang=vi&wpid=phauthuatdraw&phauthuatid=ea97f699-6b6e-457c-a9e9-b42600695968&keyword=ph%E1%BA%A1m%20th%E1%BB%8B%20l%E1%BB%87&tg=6&tungay=01/04/2026&denngay=24/07/2026&usid=172.31.255.1_mizoky1g35oz4drputdklt4yb4cf4523&st=133743",
          "onclick": ""
        },
        {
          "text": "Khoa Ngoại Chấn Thương Chỉnh Hình và Thần Kinh",
          "href": "http://192.168.2.26:2026/home.aspx?scope=sys&lang=vi&wpid=phauthuatdraw&phauthuatid=ea97f699-6b6e-457c-a9e9-b42600695968&keyword=ph%E1%BA%A1m%20th%E1%BB%8B%20l%E1%BB%87&tg=6&tungay=01/04/2026&denngay=24/07/2026&usid=172.31.255.1_mizoky1g35oz4drputdklt4yb4cf4523&st=133743",
          "onclick": ""
        },
        {
          "text": "Phẫu thuật thay toàn bộ khớp gối",
          "href": "http://192.168.2.26:2026/home.aspx?scope=sys&lang=vi&wpid=phauthuatdraw&phauthuatid=ea97f699-6b6e-457c-a9e9-b42600695968&keyword=ph%E1%BA%A1m%20th%E1%BB%8B%20l%E1%BB%87&tg=6&tungay=01/04/2026&denngay=24/07/2026&usid=172.31.255.1_mizoky1g35oz4drputdklt4yb4cf4523&st=133743",
          "onclick": ""
        },
        {
          "text": "Thường",
          "href": "http://192.168.2.26:2026/home.aspx?scope=sys&lang=vi&wpid=phauthuatdraw&phauthuatid=ea97f699-6b6e-457c-a9e9-b42600695968&keyword=ph%E1%BA%A1m%20th%E1%BB%8B%20l%E1%BB%87&tg=6&tungay=01/04/2026&denngay=24/07/2026&usid=172.31.255.1_mizoky1g35oz4drputdklt4yb4cf4523&st=133743",
          "onclick": ""
        },
        {
          "text": "08/04/2026",
          "href": "http://192.168.2.26:2026/home.aspx?scope=sys&lang=vi&wpid=phauthuatdraw&phauthuatid=ea97f699-6b6e-457c-a9e9-b42600695968&keyword=ph%E1%BA%A1m%20th%E1%BB%8B%20l%E1%BB%87&tg=6&tungay=01/04/2026&denngay=24/07/2026&usid=172.31.255.1_mizoky1g35oz4drputdklt4yb4cf4523&st=133743",
          "onclick": ""
        }
      ]
    }
  ]
}
[2026-07-23 13:37:46.057] [CANDIDATES] D/s Phẫu thuật: có 3 ứng viên cùng người bệnh
{
  "candidates": [
    {
      "list_score": 65.0,
      "list_datetime": "2026-06-10 00:00:00",
      "list_method": "",
      "detail_marker": "javascript:checkBanGiaoPT('ffceed14-7f35-4312-9db6-b46500a7e799'); return false;",
      "row": {
        "access_id": "ffceed14-7f35-4312-9db6-b46500a7e799",
        "known_fields": {
          "stt": "1",
          "ma_bn": "26063337",
          "ho_ten": "PHẠM THỊ LỆ (Phẫu thuật tại khoa)",
          "gioi_tinh": "Nữ",
          "tuoi": "57 tuổi",
          "phong_mo": "PHÒNG PHẪU THUẬT",
          "noi_chuyen_mo": "Khoa Khám Bệnh",
          "noi_dung_phau_thuat": "",
          "tinh_trang": "Thường",
          "thoi_gian": "10/06/2026",
          "trang_thai": "Chờ thực hiện",
          "doi_tuong": "Viện phí",
          "tam_ung": "0"
        },
        "raw_text": "1 26063337 PHẠM THỊ LỆ (Phẫu thuật tại khoa) Nữ 57 tuổi PHÒNG PHẪU THUẬT Khoa Khám Bệnh Thường 10/06/2026 Chờ thực hiện Viện phí 0",
        "links": [
          {
            "text": "1",
            "href": "javascript:void(0);",
            "onclick": "checkBanGiaoPT('ffceed14-7f35-4312-9db6-b46500a7e799'); return false;"
          },
          {
            "text": "26063337",
            "href": "javascript:void(0);",
            "onclick": "checkBanGiaoPT('ffceed14-7f35-4312-9db6-b46500a7e799'); return false;"
          },
          {
            "text": "PHẠM THỊ LỆ (Phẫu thuật tại khoa)",
            "href": "javascript:void(0);",
            "onclick": "checkBanGiaoPT('ffceed14-7f35-4312-9db6-b46500a7e799'); return false;"
          },
          {
            "text": "Nữ",
            "href": "javascript:void(0);",
            "onclick": "checkBanGiaoPT('ffceed14-7f35-4312-9db6-b46500a7e799'); return false;"
          },
          {
            "text": "57 tuổi",
            "href": "javascript:void(0);",
            "onclick": "checkBanGiaoPT('ffceed14-7f35-4312-9db6-b46500a7e799'); return false;"
          },
          {
            "text": "PHÒNG PHẪU THUẬT",
            "href": "javascript:void(0);",
            "onclick": "checkBanGiaoPT('ffceed14-7f35-4312-9db6-b46500a7e799'); return false;"
          },
          {
            "text": "Khoa Khám Bệnh",
            "href": "javascript:void(0);",
            "onclick": "checkBanGiaoPT('ffceed14-7f35-4312-9db6-b46500a7e799'); return false;"
          },
          {
            "text": "",
            "href": "javascript:void(0);",
            "onclick": "checkBanGiaoPT('ffceed14-7f35-4312-9db6-b46500a7e799'); return false;"
          },
          {
            "text": "Thường",
            "href": "javascript:void(0);",
            "onclick": "checkBanGiaoPT('ffceed14-7f35-4312-9db6-b46500a7e799'); return false;"
          },
          {
            "text": "10/06/2026",
            "href": "javascript:void(0);",
            "onclick": "checkBanGiaoPT('ffceed14-7f35-4312-9db6-b46500a7e799'); return false;"
          }
        ]
      }
    },
    {
      "list_score": 55.800000000000004,
      "list_datetime": "2026-05-12 00:00:00",
      "list_method": "Phẫu thuật nội soi khâu sụn chêm",
      "detail_marker": "http://192.168.2.26:2026/home.aspx?scope=sys&lang=vi&wpid=phauthuatdraw&phauthuatid=3630558f-ddce-4a8d-aee9-b44701207366&keyword=ph%E1%BA%A1m%20th%E1%BB%8B%20l%E1%BB%87&tg=6&tungay=01/04/2026&denngay=24/07/2026&usid=172.31.255.1_mizoky1g35oz4drputdklt4yb4cf4523&st=133743",
      "row": {
        "access_id": "3630558f-ddce-4a8d-aee9-b44701207366",
        "known_fields": {
          "stt": "2",
          "ma_bn": "26051294",
          "ho_ten": "PHẠM THỊ LỆ",
          "gioi_tinh": "Nữ",
          "tuoi": "62 tuổi",
          "phong_mo": "PHÒNG PHẪU THUẬT",
          "noi_chuyen_mo": "Khoa Ngoại Chấn Thương Chỉnh Hình và Thần Kinh",
          "noi_dung_phau_thuat": "Phẫu thuật nội soi khâu sụn chêm",
          "tinh_trang": "Thường",
          "thoi_gian": "12/05/2026",
          "trang_thai": "Hoàn tất",
          "doi_tuong": "Bảo hiểm",
          "tam_ung": "18,000,000"
        },
        "raw_text": "2 26051294 PHẠM THỊ LỆ Nữ 62 tuổi PHÒNG PHẪU THUẬT Khoa Ngoại Chấn Thương Chỉnh Hình và Thần Kinh Phẫu thuật nội soi khâu sụn chêm Thường 12/05/2026 Hoàn tất Bảo hiểm 18,000,000",
        "links": [
          {
            "text": "2",
            "href": "http://192.168.2.26:2026/home.aspx?scope=sys&lang=vi&wpid=phauthuatdraw&phauthuatid=3630558f-ddce-4a8d-aee9-b44701207366&keyword=ph%E1%BA%A1m%20th%E1%BB%8B%20l%E1%BB%87&tg=6&tungay=01/04/2026&denngay=24/07/2026&usid=172.31.255.1_mizoky1g35oz4drputdklt4yb4cf4523&st=133743",
            "onclick": ""
          },
          {
            "text": "26051294",
            "href": "http://192.168.2.26:2026/home.aspx?scope=sys&lang=vi&wpid=phauthuatdraw&phauthuatid=3630558f-ddce-4a8d-aee9-b44701207366&keyword=ph%E1%BA%A1m%20th%E1%BB%8B%20l%E1%BB%87&tg=6&tungay=01/04/2026&denngay=24/07/2026&usid=172.31.255.1_mizoky1g35oz4drputdklt4yb4cf4523&st=133743",
            "onclick": ""
          },
          {
            "text": "PHẠM THỊ LỆ",
            "href": "http://192.168.2.26:2026/home.aspx?scope=sys&lang=vi&wpid=phauthuatdraw&phauthuatid=3630558f-ddce-4a8d-aee9-b44701207366&keyword=ph%E1%BA%A1m%20th%E1%BB%8B%20l%E1%BB%87&tg=6&tungay=01/04/2026&denngay=24/07/2026&usid=172.31.255.1_mizoky1g35oz4drputdklt4yb4cf4523&st=133743",
            "onclick": ""
          },
          {
            "text": "Nữ",
            "href": "http://192.168.2.26:2026/home.aspx?scope=sys&lang=vi&wpid=phauthuatdraw&phauthuatid=3630558f-ddce-4a8d-aee9-b44701207366&keyword=ph%E1%BA%A1m%20th%E1%BB%8B%20l%E1%BB%87&tg=6&tungay=01/04/2026&denngay=24/07/2026&usid=172.31.255.1_mizoky1g35oz4drputdklt4yb4cf4523&st=133743",
            "onclick": ""
          },
          {
            "text": "62 tuổi",
            "href": "http://192.168.2.26:2026/home.aspx?scope=sys&lang=vi&wpid=phauthuatdraw&phauthuatid=3630558f-ddce-4a8d-aee9-b44701207366&keyword=ph%E1%BA%A1m%20th%E1%BB%8B%20l%E1%BB%87&tg=6&tungay=01/04/2026&denngay=24/07/2026&usid=172.31.255.1_mizoky1g35oz4drputdklt4yb4cf4523&st=133743",
            "onclick": ""
          },
          {
            "text": "PHÒNG PHẪU THUẬT",
            "href": "http://192.168.2.26:2026/home.aspx?scope=sys&lang=vi&wpid=phauthuatdraw&phauthuatid=3630558f-ddce-4a8d-aee9-b44701207366&keyword=ph%E1%BA%A1m%20th%E1%BB%8B%20l%E1%BB%87&tg=6&tungay=01/04/2026&denngay=24/07/2026&usid=172.31.255.1_mizoky1g35oz4drputdklt4yb4cf4523&st=133743",
            "onclick": ""
          },
          {
            "text": "Khoa Ngoại Chấn Thương Chỉnh Hình và Thần Kinh",
            "href": "http://192.168.2.26:2026/home.aspx?scope=sys&lang=vi&wpid=phauthuatdraw&phauthuatid=3630558f-ddce-4a8d-aee9-b44701207366&keyword=ph%E1%BA%A1m%20th%E1%BB%8B%20l%E1%BB%87&tg=6&tungay=01/04/2026&denngay=24/07/2026&usid=172.31.255.1_mizoky1g35oz4drputdklt4yb4cf4523&st=133743",
            "onclick": ""
          },
          {
            "text": "Phẫu thuật nội soi khâu sụn chêm",
            "href": "http://192.168.2.26:2026/home.aspx?scope=sys&lang=vi&wpid=phauthuatdraw&phauthuatid=3630558f-ddce-4a8d-aee9-b44701207366&keyword=ph%E1%BA%A1m%20th%E1%BB%8B%20l%E1%BB%87&tg=6&tungay=01/04/2026&denngay=24/07/2026&usid=172.31.255.1_mizoky1g35oz4drputdklt4yb4cf4523&st=133743",
            "onclick": ""
          },
          {
            "text": "Thường",
            "href": "http://192.168.2.26:2026/home.aspx?scope=sys&lang=vi&wpid=phauthuatdraw&phauthuatid=3630558f-ddce-4a8d-aee9-b44701207366&keyword=ph%E1%BA%A1m%20th%E1%BB%8B%20l%E1%BB%87&tg=6&tungay=01/04/2026&denngay=24/07/2026&usid=172.31.255.1_mizoky1g35oz4drputdklt4yb4cf4523&st=133743",
            "onclick": ""
          },
          {
            "text": "12/05/2026",
            "href": "http://192.168.2.26:2026/home.aspx?scope=sys&lang=vi&wpid=phauthuatdraw&phauthuatid=3630558f-ddce-4a8d-aee9-b44701207366&keyword=ph%E1%BA%A1m%20th%E1%BB%8B%20l%E1%BB%87&tg=6&tungay=01/04/2026&denngay=24/07/2026&usid=172.31.255.1_mizoky1g35oz4drputdklt4yb4cf4523&st=133743",
            "onclick": ""
          }
        ]
      }
    },
    {
      "list_score": 54.33333333333333,
      "list_datetime": "2026-04-08 00:00:00",
      "list_method": "Phẫu thuật thay toàn bộ khớp gối",
      "detail_marker": "http://192.168.2.26:2026/home.aspx?scope=sys&lang=vi&wpid=phauthuatdraw&phauthuatid=ea97f699-6b6e-457c-a9e9-b42600695968&keyword=ph%E1%BA%A1m%20th%E1%BB%8B%20l%E1%BB%87&tg=6&tungay=01/04/2026&denngay=24/07/2026&usid=172.31.255.1_mizoky1g35oz4drputdklt4yb4cf4523&st=133743",
      "row": {
        "access_id": "ea97f699-6b6e-457c-a9e9-b42600695968",
        "known_fields": {
          "stt": "3",
          "ma_bn": "26043426",
          "ho_ten": "PHẠM THỊ LỆ",
          "gioi_tinh": "Nữ",
          "tuoi": "71 tuổi",
          "phong_mo": "PHÒNG PHẪU THUẬT",
          "noi_chuyen_mo": "Khoa Ngoại Chấn Thương Chỉnh Hình và Thần Kinh",
          "noi_dung_phau_thuat": "Phẫu thuật thay toàn bộ khớp gối",
          "tinh_trang": "Thường",
          "thoi_gian": "08/04/2026",
          "trang_thai": "Hoàn tất",
          "doi_tuong": "Bảo hiểm",
          "tam_ung": "32,000,000"
        },
        "raw_text": "3 26043426 PHẠM THỊ LỆ Nữ 71 tuổi PHÒNG PHẪU THUẬT Khoa Ngoại Chấn Thương Chỉnh Hình và Thần Kinh Phẫu thuật thay toàn bộ khớp gối Thường 08/04/2026 Hoàn tất Bảo hiểm 32,000,000",
        "links": [
          {
            "text": "3",
            "href": "http://192.168.2.26:2026/home.aspx?scope=sys&lang=vi&wpid=phauthuatdraw&phauthuatid=ea97f699-6b6e-457c-a9e9-b42600695968&keyword=ph%E1%BA%A1m%20th%E1%BB%8B%20l%E1%BB%87&tg=6&tungay=01/04/2026&denngay=24/07/2026&usid=172.31.255.1_mizoky1g35oz4drputdklt4yb4cf4523&st=133743",
            "onclick": ""
          },
          {
            "text": "26043426",
            "href": "http://192.168.2.26:2026/home.aspx?scope=sys&lang=vi&wpid=phauthuatdraw&phauthuatid=ea97f699-6b6e-457c-a9e9-b42600695968&keyword=ph%E1%BA%A1m%20th%E1%BB%8B%20l%E1%BB%87&tg=6&tungay=01/04/2026&denngay=24/07/2026&usid=172.31.255.1_mizoky1g35oz4drputdklt4yb4cf4523&st=133743",
            "onclick": ""
          },
          {
            "text": "PHẠM THỊ LỆ",
            "href": "http://192.168.2.26:2026/home.aspx?scope=sys&lang=vi&wpid=phauthuatdraw&phauthuatid=ea97f699-6b6e-457c-a9e9-b42600695968&keyword=ph%E1%BA%A1m%20th%E1%BB%8B%20l%E1%BB%87&tg=6&tungay=01/04/2026&denngay=24/07/2026&usid=172.31.255.1_mizoky1g35oz4drputdklt4yb4cf4523&st=133743",
            "onclick": ""
          },
          {
            "text": "Nữ",
            "href": "http://192.168.2.26:2026/home.aspx?scope=sys&lang=vi&wpid=phauthuatdraw&phauthuatid=ea97f699-6b6e-457c-a9e9-b42600695968&keyword=ph%E1%BA%A1m%20th%E1%BB%8B%20l%E1%BB%87&tg=6&tungay=01/04/2026&denngay=24/07/2026&usid=172.31.255.1_mizoky1g35oz4drputdklt4yb4cf4523&st=133743",
            "onclick": ""
          },
          {
            "text": "71 tuổi",
            "href": "http://192.168.2.26:2026/home.aspx?scope=sys&lang=vi&wpid=phauthuatdraw&phauthuatid=ea97f699-6b6e-457c-a9e9-b42600695968&keyword=ph%E1%BA%A1m%20th%E1%BB%8B%20l%E1%BB%87&tg=6&tungay=01/04/2026&denngay=24/07/2026&usid=172.31.255.1_mizoky1g35oz4drputdklt4yb4cf4523&st=133743",
            "onclick": ""
          },
          {
            "text": "PHÒNG PHẪU THUẬT",
            "href": "http://192.168.2.26:2026/home.aspx?scope=sys&lang=vi&wpid=phauthuatdraw&phauthuatid=ea97f699-6b6e-457c-a9e9-b42600695968&keyword=ph%E1%BA%A1m%20th%E1%BB%8B%20l%E1%BB%87&tg=6&tungay=01/04/2026&denngay=24/07/2026&usid=172.31.255.1_mizoky1g35oz4drputdklt4yb4cf4523&st=133743",
            "onclick": ""
          },
          {
            "text": "Khoa Ngoại Chấn Thương Chỉnh Hình và Thần Kinh",
            "href": "http://192.168.2.26:2026/home.aspx?scope=sys&lang=vi&wpid=phauthuatdraw&phauthuatid=ea97f699-6b6e-457c-a9e9-b42600695968&keyword=ph%E1%BA%A1m%20th%E1%BB%8B%20l%E1%BB%87&tg=6&tungay=01/04/2026&denngay=24/07/2026&usid=172.31.255.1_mizoky1g35oz4drputdklt4yb4cf4523&st=133743",
            "onclick": ""
          },
          {
            "text": "Phẫu thuật thay toàn bộ khớp gối",
            "href": "http://192.168.2.26:2026/home.aspx?scope=sys&lang=vi&wpid=phauthuatdraw&phauthuatid=ea97f699-6b6e-457c-a9e9-b42600695968&keyword=ph%E1%BA%A1m%20th%E1%BB%8B%20l%E1%BB%87&tg=6&tungay=01/04/2026&denngay=24/07/2026&usid=172.31.255.1_mizoky1g35oz4drputdklt4yb4cf4523&st=133743",
            "onclick": ""
          },
          {
            "text": "Thường",
            "href": "http://192.168.2.26:2026/home.aspx?scope=sys&lang=vi&wpid=phauthuatdraw&phauthuatid=ea97f699-6b6e-457c-a9e9-b42600695968&keyword=ph%E1%BA%A1m%20th%E1%BB%8B%20l%E1%BB%87&tg=6&tungay=01/04/2026&denngay=24/07/2026&usid=172.31.255.1_mizoky1g35oz4drputdklt4yb4cf4523&st=133743",
            "onclick": ""
          },
          {
            "text": "08/04/2026",
            "href": "http://192.168.2.26:2026/home.aspx?scope=sys&lang=vi&wpid=phauthuatdraw&phauthuatid=ea97f699-6b6e-457c-a9e9-b42600695968&keyword=ph%E1%BA%A1m%20th%E1%BB%8B%20l%E1%BB%87&tg=6&tungay=01/04/2026&denngay=24/07/2026&usid=172.31.255.1_mizoky1g35oz4drputdklt4yb4cf4523&st=133743",
            "onclick": ""
          }
        ]
      }
    }
  ]
}
[2026-07-23 13:37:46.058] [DETAIL_BEGIN] D/s Phẫu thuật: mở ứng viên 1
{
  "detail_marker": "javascript:checkBanGiaoPT('ffceed14-7f35-4312-9db6-b46500a7e799'); return false;",
  "list_datetime": "2026-06-10 00:00:00",
  "list_method": "",
  "row": {
    "access_id": "ffceed14-7f35-4312-9db6-b46500a7e799",
    "known_fields": {
      "stt": "1",
      "ma_bn": "26063337",
      "ho_ten": "PHẠM THỊ LỆ (Phẫu thuật tại khoa)",
      "gioi_tinh": "Nữ",
      "tuoi": "57 tuổi",
      "phong_mo": "PHÒNG PHẪU THUẬT",
      "noi_chuyen_mo": "Khoa Khám Bệnh",
      "noi_dung_phau_thuat": "",
      "tinh_trang": "Thường",
      "thoi_gian": "10/06/2026",
      "trang_thai": "Chờ thực hiện",
      "doi_tuong": "Viện phí",
      "tam_ung": "0"
    },
    "raw_text": "1 26063337 PHẠM THỊ LỆ (Phẫu thuật tại khoa) Nữ 57 tuổi PHÒNG PHẪU THUẬT Khoa Khám Bệnh Thường 10/06/2026 Chờ thực hiện Viện phí 0",
    "links": [
      {
        "text": "1",
        "href": "javascript:void(0);",
        "onclick": "checkBanGiaoPT('ffceed14-7f35-4312-9db6-b46500a7e799'); return false;"
      },
      {
        "text": "26063337",
        "href": "javascript:void(0);",
        "onclick": "checkBanGiaoPT('ffceed14-7f35-4312-9db6-b46500a7e799'); return false;"
      },
      {
        "text": "PHẠM THỊ LỆ (Phẫu thuật tại khoa)",
        "href": "javascript:void(0);",
        "onclick": "checkBanGiaoPT('ffceed14-7f35-4312-9db6-b46500a7e799'); return false;"
      },
      {
        "text": "Nữ",
        "href": "javascript:void(0);",
        "onclick": "checkBanGiaoPT('ffceed14-7f35-4312-9db6-b46500a7e799'); return false;"
      },
      {
        "text": "57 tuổi",
        "href": "javascript:void(0);",
        "onclick": "checkBanGiaoPT('ffceed14-7f35-4312-9db6-b46500a7e799'); return false;"
      },
      {
        "text": "PHÒNG PHẪU THUẬT",
        "href": "javascript:void(0);",
        "onclick": "checkBanGiaoPT('ffceed14-7f35-4312-9db6-b46500a7e799'); return false;"
      },
      {
        "text": "Khoa Khám Bệnh",
        "href": "javascript:void(0);",
        "onclick": "checkBanGiaoPT('ffceed14-7f35-4312-9db6-b46500a7e799'); return false;"
      },
      {
        "text": "",
        "href": "javascript:void(0);",
        "onclick": "checkBanGiaoPT('ffceed14-7f35-4312-9db6-b46500a7e799'); return false;"
      },
      {
        "text": "Thường",
        "href": "javascript:void(0);",
        "onclick": "checkBanGiaoPT('ffceed14-7f35-4312-9db6-b46500a7e799'); return false;"
      },
      {
        "text": "10/06/2026",
        "href": "javascript:void(0);",
        "onclick": "checkBanGiaoPT('ffceed14-7f35-4312-9db6-b46500a7e799'); return false;"
      }
    ]
  }
}
[2026-07-23 13:37:46.064] [BROWSER] [DETAIL] kind=surgery; access_id=ffceed14-7f35-4312-9db6-b46500a7e799; direct_url=no; onclick=yes
[2026-07-23 13:37:46.095] [BROWSER] [DETAIL] Kết quả gọi checkBanGiaoPT: {"access_id": "ffceed14-7f35-4312-9db6-b46500a7e799", "anchor_found": true, "captured_url": "home.aspx?scope=sys&lang=vi&wpid=phauthuatdraw&phauthuatid=ffceed14-7f35-4312-9db6-b46500a7e799&usid=172.31.255.1_mizoky1g35oz4drputdklt4yb4cf4523&st=133743", "error": "", "function_found": true, "onclick": "checkBanGiaoPT('ffceed14-7f35-4312-9db6-b46500a7e799'); return false;", "row_found": true}
[2026-07-23 13:37:46.097] [BROWSER] [DETAIL] URL chi tiết bắt được: http://192.168.2.26:2026/home.aspx?scope=sys&lang=vi&wpid=phauthuatdraw&phauthuatid=ffceed14-7f35-4312-9db6-b46500a7e799&usid=172.31.255.1_mizoky1g35oz4drputdklt4yb4cf4523&st=133743
[2026-07-23 13:37:47.226] [BROWSER] [DETAIL] Dữ liệu đọc được: {"complete_info": "", "current_url": "http://192.168.2.26:2026/home.aspx?scope=sys&lang=vi&wpid=phauthuatdraw&phauthuatid=ffceed14-7f35-4312-9db6-b46500a7e799&usid=172.31.255.1_mizoky1g35oz4drputdklt4yb4cf4523&st=133743", "doctor": "Hoàng Minh Tú", "doctor_field": "cbbBacSiPT", "doctor_found": true, "method": "Phẫu thuật điều trị ngón tay cò súng (1 ngón)", "patient_info": "", "root_found": true, "start_time": "13:36 23/07/2026"}
[2026-07-23 13:37:47.228] [BROWSER] [DETAIL] Nguồn bác sĩ: BS mổ chính; field=cbbBacSiPT; value=Hoàng Minh Tú
[2026-07-23 13:37:47.230] [DETAIL_OK] D/s Phẫu thuật: đọc được hồ sơ chi tiết
{
  "doctor_from_emr": "Hoàng Minh Tú",
  "mapped_alias": null,
  "mapped_name": null,
  "start_time": "13:36 23/07/2026",
  "method": "Phẫu thuật điều trị ngón tay cò súng (1 ngón)",
  "current_url": "http://192.168.2.26:2026/home.aspx?scope=sys&lang=vi&wpid=phauthuatdraw&phauthuatid=ffceed14-7f35-4312-9db6-b46500a7e799&usid=172.31.255.1_mizoky1g35oz4drputdklt4yb4cf4523&st=133743",
  "total_score": -85.0,
  "method_score": 1.0
}
[2026-07-23 13:37:47.232] [EVALUATED] D/s Phẫu thuật: đánh giá 1 hồ sơ
{
  "items": [
    {
      "doctor": "Hoàng Minh Tú",
      "alias": null,
      "detail_datetime": "2026-07-23 13:36:00",
      "method_score": 1.0,
      "total_score": -85.0,
      "confidence_ok": false
    }
  ]
}
[2026-07-23 13:37:47.233] [STOP_AT_SOURCE] D/s Phẫu thuật: đã thấy ca cùng ngày nên không sang nguồn khác
{
  "reason": "surgery: đã có ca cùng ngày nhưng chưa lấy được bác sĩ"
}
[2026-07-23 13:37:47.234] [ROW_UNMATCHED] Dòng 18: surgery: đã có ca cùng ngày nhưng chưa lấy được bác sĩ
{
  "rowNumber": 18,
  "patient": "PHẠM THỊ LỆ",
  "time": "10:10 10/06/2026",
  "method": "Phẫu thuật điều trị ngón tay cò súng (1 ngón)",
  "oldValue": "",
  "status": "unmatched",
  "reason": "surgery: đã có ca cùng ngày nhưng chưa lấy được bác sĩ"
}
[2026-07-23 13:37:47.236] [ROW_END] Kết thúc dòng 18
{
  "status": "unmatched",
  "new_value": null,
  "reason": "surgery: đã có ca cùng ngày nhưng chưa lấy được bác sĩ"
}
[2026-07-23 13:37:47.237] [ROW_BEGIN] [6/20] Bắt đầu dòng 36: PHẠM THỊ THU THẢO
{
  "raw_time": "2026/06/24 09:34",
  "parsed_time": "09:34 24/06/2026",
  "method": "Phẫu thuật điều trị hội chứng ống cổ tay",
  "old_value": ""
}
[2026-07-23 13:37:47.238] [SEARCH_BEGIN] dòng 36: tìm PHẠM THỊ THU THẢO tại D/s Phẫu thuật
{
  "patient": "PHẠM THỊ THU THẢO",
  "target_time": "2026-06-24 09:34:00",
  "target_method": "Phẫu thuật điều trị hội chứng ống cổ tay",
  "source": "surgery"
}
[2026-07-23 13:37:47.779] [BROWSER] [NAV] D/s Phẫu thuật: http://192.168.2.26:2026/home.aspx?scope=sys&lang=vi&wpid=danhsachphauthuatdraw&role=323&usid=172.31.255.1_mizoky1g35oz4drputdklt4yb4cf4523&st=133743
[2026-07-23 13:37:49.925] [BROWSER] [FILTER] 3 tháng
[2026-07-23 13:37:50.417] [BROWSER] [SEARCH] Nhập 'PHẠM THỊ THU THẢO' vào #txtTimKiem
[2026-07-23 13:37:50.575] [BROWSER] [SEARCH] Đã bấm Tìm kiếm bằng #btnTimKiem
[2026-07-23 13:37:50.604] [BROWSER] [RESULT] D/s Phẫu thuật: 2 dòng
[2026-07-23 13:37:50.611] [SEARCH_RESULT] D/s Phẫu thuật: nhận 2 dòng
{
  "current_url": "http://192.168.2.26:2026/home.aspx?scope=sys&lang=vi&wpid=danhsachphauthuatdraw&role=323&usid=172.31.255.1_mizoky1g35oz4drputdklt4yb4cf4523&st=133743",
  "search_input_id": "txtTimKiem",
  "search_trigger": "#btnTimKiem",
  "headers": [
    "STT",
    "Mã BN",
    "Họ tên",
    "Giới tính",
    "Tuổi",
    "Phòng mổ",
    "Nơi chuyển mổ",
    "Nội dung phẫu thuật",
    "Tình trạng",
    "Thời gian",
    "Trạng thái",
    "Đối tượng",
    "Đã tạm ứng"
  ],
  "rows": [
    {
      "access_id": "660e8890-6026-4a45-b560-b47b01447c5c",
      "known_fields": {
        "stt": "1",
        "ma_bn": "26070483",
        "ho_ten": "PHẠM THỊ THU THẢO",
        "gioi_tinh": "Nữ",
        "tuoi": "27 tuổi",
        "phong_mo": "PHÒNG PHẪU THUẬT",
        "noi_chuyen_mo": "Khoa Phụ Sản",
        "noi_dung_phau_thuat": "Phẫu thuật lấy thai lần đầu [gây tê]",
        "tinh_trang": "Thường",
        "thoi_gian": "02/07/2026",
        "trang_thai": "Hoàn tất",
        "doi_tuong": "Bảo hiểm",
        "tam_ung": "6,000,000"
      },
      "raw_text": "1 26070483 PHẠM THỊ THU THẢO Nữ 27 tuổi PHÒNG PHẪU THUẬT Khoa Phụ Sản Phẫu thuật lấy thai lần đầu [gây tê] Thường 02/07/2026 Hoàn tất Bảo hiểm 6,000,000",
      "links": [
        {
          "text": "1",
          "href": "http://192.168.2.26:2026/home.aspx?scope=sys&lang=vi&wpid=phauthuatdraw&phauthuatid=660e8890-6026-4a45-b560-b47b01447c5c&keyword=ph%E1%BA%A1m%20th%E1%BB%8B%20thu%20th%E1%BA%A3o&tg=6&tungay=01/04/2026&denngay=24/07/2026&usid=172.31.255.1_mizoky1g35oz4drputdklt4yb4cf4523&st=133747",
          "onclick": ""
        },
        {
          "text": "26070483",
          "href": "http://192.168.2.26:2026/home.aspx?scope=sys&lang=vi&wpid=phauthuatdraw&phauthuatid=660e8890-6026-4a45-b560-b47b01447c5c&keyword=ph%E1%BA%A1m%20th%E1%BB%8B%20thu%20th%E1%BA%A3o&tg=6&tungay=01/04/2026&denngay=24/07/2026&usid=172.31.255.1_mizoky1g35oz4drputdklt4yb4cf4523&st=133747",
          "onclick": ""
        },
        {
          "text": "PHẠM THỊ THU THẢO",
          "href": "http://192.168.2.26:2026/home.aspx?scope=sys&lang=vi&wpid=phauthuatdraw&phauthuatid=660e8890-6026-4a45-b560-b47b01447c5c&keyword=ph%E1%BA%A1m%20th%E1%BB%8B%20thu%20th%E1%BA%A3o&tg=6&tungay=01/04/2026&denngay=24/07/2026&usid=172.31.255.1_mizoky1g35oz4drputdklt4yb4cf4523&st=133747",
          "onclick": ""
        },
        {
          "text": "Nữ",
          "href": "http://192.168.2.26:2026/home.aspx?scope=sys&lang=vi&wpid=phauthuatdraw&phauthuatid=660e8890-6026-4a45-b560-b47b01447c5c&keyword=ph%E1%BA%A1m%20th%E1%BB%8B%20thu%20th%E1%BA%A3o&tg=6&tungay=01/04/2026&denngay=24/07/2026&usid=172.31.255.1_mizoky1g35oz4drputdklt4yb4cf4523&st=133747",
          "onclick": ""
        },
        {
          "text": "27 tuổi",
          "href": "http://192.168.2.26:2026/home.aspx?scope=sys&lang=vi&wpid=phauthuatdraw&phauthuatid=660e8890-6026-4a45-b560-b47b01447c5c&keyword=ph%E1%BA%A1m%20th%E1%BB%8B%20thu%20th%E1%BA%A3o&tg=6&tungay=01/04/2026&denngay=24/07/2026&usid=172.31.255.1_mizoky1g35oz4drputdklt4yb4cf4523&st=133747",
          "onclick": ""
        },
        {
          "text": "PHÒNG PHẪU THUẬT",
          "href": "http://192.168.2.26:2026/home.aspx?scope=sys&lang=vi&wpid=phauthuatdraw&phauthuatid=660e8890-6026-4a45-b560-b47b01447c5c&keyword=ph%E1%BA%A1m%20th%E1%BB%8B%20thu%20th%E1%BA%A3o&tg=6&tungay=01/04/2026&denngay=24/07/2026&usid=172.31.255.1_mizoky1g35oz4drputdklt4yb4cf4523&st=133747",
          "onclick": ""
        },
        {
          "text": "Khoa Phụ Sản",
          "href": "http://192.168.2.26:2026/home.aspx?scope=sys&lang=vi&wpid=phauthuatdraw&phauthuatid=660e8890-6026-4a45-b560-b47b01447c5c&keyword=ph%E1%BA%A1m%20th%E1%BB%8B%20thu%20th%E1%BA%A3o&tg=6&tungay=01/04/2026&denngay=24/07/2026&usid=172.31.255.1_mizoky1g35oz4drputdklt4yb4cf4523&st=133747",
          "onclick": ""
        },
        {
          "text": "Phẫu thuật lấy thai lần đầu [gây tê]",
          "href": "http://192.168.2.26:2026/home.aspx?scope=sys&lang=vi&wpid=phauthuatdraw&phauthuatid=660e8890-6026-4a45-b560-b47b01447c5c&keyword=ph%E1%BA%A1m%20th%E1%BB%8B%20thu%20th%E1%BA%A3o&tg=6&tungay=01/04/2026&denngay=24/07/2026&usid=172.31.255.1_mizoky1g35oz4drputdklt4yb4cf4523&st=133747",
          "onclick": ""
        },
        {
          "text": "Thường",
          "href": "http://192.168.2.26:2026/home.aspx?scope=sys&lang=vi&wpid=phauthuatdraw&phauthuatid=660e8890-6026-4a45-b560-b47b01447c5c&keyword=ph%E1%BA%A1m%20th%E1%BB%8B%20thu%20th%E1%BA%A3o&tg=6&tungay=01/04/2026&denngay=24/07/2026&usid=172.31.255.1_mizoky1g35oz4drputdklt4yb4cf4523&st=133747",
          "onclick": ""
        },
        {
          "text": "02/07/2026",
          "href": "http://192.168.2.26:2026/home.aspx?scope=sys&lang=vi&wpid=phauthuatdraw&phauthuatid=660e8890-6026-4a45-b560-b47b01447c5c&keyword=ph%E1%BA%A1m%20th%E1%BB%8B%20thu%20th%E1%BA%A3o&tg=6&tungay=01/04/2026&denngay=24/07/2026&usid=172.31.255.1_mizoky1g35oz4drputdklt4yb4cf4523&st=133747",
          "onclick": ""
        }
      ]
    },
    {
      "access_id": "4ea16b4a-11ad-47c1-ba16-b473009dcf4b",
      "known_fields": {
        "stt": "2",
        "ma_bn": "26067611",
        "ho_ten": "PHẠM THỊ THU THẢO (Phẫu thuật tại khoa)",
        "gioi_tinh": "Nữ",
        "tuoi": "35 tuổi",
        "phong_mo": "PHÒNG PHẪU THUẬT",
        "noi_chuyen_mo": "Khoa Khám Bệnh",
        "noi_dung_phau_thuat": "Phẫu thuật điều trị hội chứng ống cổ tay",
        "tinh_trang": "Thường",
        "thoi_gian": "24/06/2026",
        "trang_thai": "Hoàn tất",
        "doi_tuong": "Viện phí",
        "tam_ung": "0"
      },
      "raw_text": "2 26067611 PHẠM THỊ THU THẢO (Phẫu thuật tại khoa) Nữ 35 tuổi PHÒNG PHẪU THUẬT Khoa Khám Bệnh Phẫu thuật điều trị hội chứng ống cổ tay Thường 24/06/2026 Hoàn tất Viện phí 0",
      "links": [
        {
          "text": "2",
          "href": "http://192.168.2.26:2026/home.aspx?scope=sys&lang=vi&wpid=phauthuatdraw&phauthuatid=4ea16b4a-11ad-47c1-ba16-b473009dcf4b&keyword=ph%E1%BA%A1m%20th%E1%BB%8B%20thu%20th%E1%BA%A3o&tg=6&tungay=01/04/2026&denngay=24/07/2026&usid=172.31.255.1_mizoky1g35oz4drputdklt4yb4cf4523&st=133748",
          "onclick": ""
        },
        {
          "text": "26067611",
          "href": "http://192.168.2.26:2026/home.aspx?scope=sys&lang=vi&wpid=phauthuatdraw&phauthuatid=4ea16b4a-11ad-47c1-ba16-b473009dcf4b&keyword=ph%E1%BA%A1m%20th%E1%BB%8B%20thu%20th%E1%BA%A3o&tg=6&tungay=01/04/2026&denngay=24/07/2026&usid=172.31.255.1_mizoky1g35oz4drputdklt4yb4cf4523&st=133748",
          "onclick": ""
        },
        {
          "text": "PHẠM THỊ THU THẢO (Phẫu thuật tại khoa)",
          "href": "http://192.168.2.26:2026/home.aspx?scope=sys&lang=vi&wpid=phauthuatdraw&phauthuatid=4ea16b4a-11ad-47c1-ba16-b473009dcf4b&keyword=ph%E1%BA%A1m%20th%E1%BB%8B%20thu%20th%E1%BA%A3o&tg=6&tungay=01/04/2026&denngay=24/07/2026&usid=172.31.255.1_mizoky1g35oz4drputdklt4yb4cf4523&st=133748",
          "onclick": ""
        },
        {
          "text": "Nữ",
          "href": "http://192.168.2.26:2026/home.aspx?scope=sys&lang=vi&wpid=phauthuatdraw&phauthuatid=4ea16b4a-11ad-47c1-ba16-b473009dcf4b&keyword=ph%E1%BA%A1m%20th%E1%BB%8B%20thu%20th%E1%BA%A3o&tg=6&tungay=01/04/2026&denngay=24/07/2026&usid=172.31.255.1_mizoky1g35oz4drputdklt4yb4cf4523&st=133748",
          "onclick": ""
        },
        {
          "text": "35 tuổi",
          "href": "http://192.168.2.26:2026/home.aspx?scope=sys&lang=vi&wpid=phauthuatdraw&phauthuatid=4ea16b4a-11ad-47c1-ba16-b473009dcf4b&keyword=ph%E1%BA%A1m%20th%E1%BB%8B%20thu%20th%E1%BA%A3o&tg=6&tungay=01/04/2026&denngay=24/07/2026&usid=172.31.255.1_mizoky1g35oz4drputdklt4yb4cf4523&st=133748",
          "onclick": ""
        },
        {
          "text": "PHÒNG PHẪU THUẬT",
          "href": "http://192.168.2.26:2026/home.aspx?scope=sys&lang=vi&wpid=phauthuatdraw&phauthuatid=4ea16b4a-11ad-47c1-ba16-b473009dcf4b&keyword=ph%E1%BA%A1m%20th%E1%BB%8B%20thu%20th%E1%BA%A3o&tg=6&tungay=01/04/2026&denngay=24/07/2026&usid=172.31.255.1_mizoky1g35oz4drputdklt4yb4cf4523&st=133748",
          "onclick": ""
        },
        {
          "text": "Khoa Khám Bệnh",
          "href": "http://192.168.2.26:2026/home.aspx?scope=sys&lang=vi&wpid=phauthuatdraw&phauthuatid=4ea16b4a-11ad-47c1-ba16-b473009dcf4b&keyword=ph%E1%BA%A1m%20th%E1%BB%8B%20thu%20th%E1%BA%A3o&tg=6&tungay=01/04/2026&denngay=24/07/2026&usid=172.31.255.1_mizoky1g35oz4drputdklt4yb4cf4523&st=133748",
          "onclick": ""
        },
        {
          "text": "Phẫu thuật điều trị hội chứng ống cổ tay",
          "href": "http://192.168.2.26:2026/home.aspx?scope=sys&lang=vi&wpid=phauthuatdraw&phauthuatid=4ea16b4a-11ad-47c1-ba16-b473009dcf4b&keyword=ph%E1%BA%A1m%20th%E1%BB%8B%20thu%20th%E1%BA%A3o&tg=6&tungay=01/04/2026&denngay=24/07/2026&usid=172.31.255.1_mizoky1g35oz4drputdklt4yb4cf4523&st=133748",
          "onclick": ""
        },
        {
          "text": "Thường",
          "href": "http://192.168.2.26:2026/home.aspx?scope=sys&lang=vi&wpid=phauthuatdraw&phauthuatid=4ea16b4a-11ad-47c1-ba16-b473009dcf4b&keyword=ph%E1%BA%A1m%20th%E1%BB%8B%20thu%20th%E1%BA%A3o&tg=6&tungay=01/04/2026&denngay=24/07/2026&usid=172.31.255.1_mizoky1g35oz4drputdklt4yb4cf4523&st=133748",
          "onclick": ""
        },
        {
          "text": "24/06/2026",
          "href": "http://192.168.2.26:2026/home.aspx?scope=sys&lang=vi&wpid=phauthuatdraw&phauthuatid=4ea16b4a-11ad-47c1-ba16-b473009dcf4b&keyword=ph%E1%BA%A1m%20th%E1%BB%8B%20thu%20th%E1%BA%A3o&tg=6&tungay=01/04/2026&denngay=24/07/2026&usid=172.31.255.1_mizoky1g35oz4drputdklt4yb4cf4523&st=133748",
          "onclick": ""
        }
      ]
    }
  ]
}
[2026-07-23 13:37:50.613] [CANDIDATES] D/s Phẫu thuật: có 2 ứng viên cùng người bệnh
{
  "candidates": [
    {
      "list_score": 125.0,
      "list_datetime": "2026-06-24 00:00:00",
      "list_method": "Phẫu thuật điều trị hội chứng ống cổ tay",
      "detail_marker": "http://192.168.2.26:2026/home.aspx?scope=sys&lang=vi&wpid=phauthuatdraw&phauthuatid=4ea16b4a-11ad-47c1-ba16-b473009dcf4b&keyword=ph%E1%BA%A1m%20th%E1%BB%8B%20thu%20th%E1%BA%A3o&tg=6&tungay=01/04/2026&denngay=24/07/2026&usid=172.31.255.1_mizoky1g35oz4drputdklt4yb4cf4523&st=133748",
      "row": {
        "access_id": "4ea16b4a-11ad-47c1-ba16-b473009dcf4b",
        "known_fields": {
          "stt": "2",
          "ma_bn": "26067611",
          "ho_ten": "PHẠM THỊ THU THẢO (Phẫu thuật tại khoa)",
          "gioi_tinh": "Nữ",
          "tuoi": "35 tuổi",
          "phong_mo": "PHÒNG PHẪU THUẬT",
          "noi_chuyen_mo": "Khoa Khám Bệnh",
          "noi_dung_phau_thuat": "Phẫu thuật điều trị hội chứng ống cổ tay",
          "tinh_trang": "Thường",
          "thoi_gian": "24/06/2026",
          "trang_thai": "Hoàn tất",
          "doi_tuong": "Viện phí",
          "tam_ung": "0"
        },
        "raw_text": "2 26067611 PHẠM THỊ THU THẢO (Phẫu thuật tại khoa) Nữ 35 tuổi PHÒNG PHẪU THUẬT Khoa Khám Bệnh Phẫu thuật điều trị hội chứng ống cổ tay Thường 24/06/2026 Hoàn tất Viện phí 0",
        "links": [
          {
            "text": "2",
            "href": "http://192.168.2.26:2026/home.aspx?scope=sys&lang=vi&wpid=phauthuatdraw&phauthuatid=4ea16b4a-11ad-47c1-ba16-b473009dcf4b&keyword=ph%E1%BA%A1m%20th%E1%BB%8B%20thu%20th%E1%BA%A3o&tg=6&tungay=01/04/2026&denngay=24/07/2026&usid=172.31.255.1_mizoky1g35oz4drputdklt4yb4cf4523&st=133748",
            "onclick": ""
          },
          {
            "text": "26067611",
            "href": "http://192.168.2.26:2026/home.aspx?scope=sys&lang=vi&wpid=phauthuatdraw&phauthuatid=4ea16b4a-11ad-47c1-ba16-b473009dcf4b&keyword=ph%E1%BA%A1m%20th%E1%BB%8B%20thu%20th%E1%BA%A3o&tg=6&tungay=01/04/2026&denngay=24/07/2026&usid=172.31.255.1_mizoky1g35oz4drputdklt4yb4cf4523&st=133748",
            "onclick": ""
          },
          {
            "text": "PHẠM THỊ THU THẢO (Phẫu thuật tại khoa)",
            "href": "http://192.168.2.26:2026/home.aspx?scope=sys&lang=vi&wpid=phauthuatdraw&phauthuatid=4ea16b4a-11ad-47c1-ba16-b473009dcf4b&keyword=ph%E1%BA%A1m%20th%E1%BB%8B%20thu%20th%E1%BA%A3o&tg=6&tungay=01/04/2026&denngay=24/07/2026&usid=172.31.255.1_mizoky1g35oz4drputdklt4yb4cf4523&st=133748",
            "onclick": ""
          },
          {
            "text": "Nữ",
            "href": "http://192.168.2.26:2026/home.aspx?scope=sys&lang=vi&wpid=phauthuatdraw&phauthuatid=4ea16b4a-11ad-47c1-ba16-b473009dcf4b&keyword=ph%E1%BA%A1m%20th%E1%BB%8B%20thu%20th%E1%BA%A3o&tg=6&tungay=01/04/2026&denngay=24/07/2026&usid=172.31.255.1_mizoky1g35oz4drputdklt4yb4cf4523&st=133748",
            "onclick": ""
          },
          {
            "text": "35 tuổi",
            "href": "http://192.168.2.26:2026/home.aspx?scope=sys&lang=vi&wpid=phauthuatdraw&phauthuatid=4ea16b4a-11ad-47c1-ba16-b473009dcf4b&keyword=ph%E1%BA%A1m%20th%E1%BB%8B%20thu%20th%E1%BA%A3o&tg=6&tungay=01/04/2026&denngay=24/07/2026&usid=172.31.255.1_mizoky1g35oz4drputdklt4yb4cf4523&st=133748",
            "onclick": ""
          },
          {
            "text": "PHÒNG PHẪU THUẬT",
            "href": "http://192.168.2.26:2026/home.aspx?scope=sys&lang=vi&wpid=phauthuatdraw&phauthuatid=4ea16b4a-11ad-47c1-ba16-b473009dcf4b&keyword=ph%E1%BA%A1m%20th%E1%BB%8B%20thu%20th%E1%BA%A3o&tg=6&tungay=01/04/2026&denngay=24/07/2026&usid=172.31.255.1_mizoky1g35oz4drputdklt4yb4cf4523&st=133748",
            "onclick": ""
          },
          {
            "text": "Khoa Khám Bệnh",
            "href": "http://192.168.2.26:2026/home.aspx?scope=sys&lang=vi&wpid=phauthuatdraw&phauthuatid=4ea16b4a-11ad-47c1-ba16-b473009dcf4b&keyword=ph%E1%BA%A1m%20th%E1%BB%8B%20thu%20th%E1%BA%A3o&tg=6&tungay=01/04/2026&denngay=24/07/2026&usid=172.31.255.1_mizoky1g35oz4drputdklt4yb4cf4523&st=133748",
            "onclick": ""
          },
          {
            "text": "Phẫu thuật điều trị hội chứng ống cổ tay",
            "href": "http://192.168.2.26:2026/home.aspx?scope=sys&lang=vi&wpid=phauthuatdraw&phauthuatid=4ea16b4a-11ad-47c1-ba16-b473009dcf4b&keyword=ph%E1%BA%A1m%20th%E1%BB%8B%20thu%20th%E1%BA%A3o&tg=6&tungay=01/04/2026&denngay=24/07/2026&usid=172.31.255.1_mizoky1g35oz4drputdklt4yb4cf4523&st=133748",
            "onclick": ""
          },
          {
            "text": "Thường",
            "href": "http://192.168.2.26:2026/home.aspx?scope=sys&lang=vi&wpid=phauthuatdraw&phauthuatid=4ea16b4a-11ad-47c1-ba16-b473009dcf4b&keyword=ph%E1%BA%A1m%20th%E1%BB%8B%20thu%20th%E1%BA%A3o&tg=6&tungay=01/04/2026&denngay=24/07/2026&usid=172.31.255.1_mizoky1g35oz4drputdklt4yb4cf4523&st=133748",
            "onclick": ""
          },
          {
            "text": "24/06/2026",
            "href": "http://192.168.2.26:2026/home.aspx?scope=sys&lang=vi&wpid=phauthuatdraw&phauthuatid=4ea16b4a-11ad-47c1-ba16-b473009dcf4b&keyword=ph%E1%BA%A1m%20th%E1%BB%8B%20thu%20th%E1%BA%A3o&tg=6&tungay=01/04/2026&denngay=24/07/2026&usid=172.31.255.1_mizoky1g35oz4drputdklt4yb4cf4523&st=133748",
            "onclick": ""
          }
        ]
      }
    },
    {
      "list_score": 50.270270270270274,
      "list_datetime": "2026-07-02 00:00:00",
      "list_method": "Phẫu thuật lấy thai lần đầu [gây tê]",
      "detail_marker": "http://192.168.2.26:2026/home.aspx?scope=sys&lang=vi&wpid=phauthuatdraw&phauthuatid=660e8890-6026-4a45-b560-b47b01447c5c&keyword=ph%E1%BA%A1m%20th%E1%BB%8B%20thu%20th%E1%BA%A3o&tg=6&tungay=01/04/2026&denngay=24/07/2026&usid=172.31.255.1_mizoky1g35oz4drputdklt4yb4cf4523&st=133747",
      "row": {
        "access_id": "660e8890-6026-4a45-b560-b47b01447c5c",
        "known_fields": {
          "stt": "1",
          "ma_bn": "26070483",
          "ho_ten": "PHẠM THỊ THU THẢO",
          "gioi_tinh": "Nữ",
          "tuoi": "27 tuổi",
          "phong_mo": "PHÒNG PHẪU THUẬT",
          "noi_chuyen_mo": "Khoa Phụ Sản",
          "noi_dung_phau_thuat": "Phẫu thuật lấy thai lần đầu [gây tê]",
          "tinh_trang": "Thường",
          "thoi_gian": "02/07/2026",
          "trang_thai": "Hoàn tất",
          "doi_tuong": "Bảo hiểm",
          "tam_ung": "6,000,000"
        },
        "raw_text": "1 26070483 PHẠM THỊ THU THẢO Nữ 27 tuổi PHÒNG PHẪU THUẬT Khoa Phụ Sản Phẫu thuật lấy thai lần đầu [gây tê] Thường 02/07/2026 Hoàn tất Bảo hiểm 6,000,000",
        "links": [
          {
            "text": "1",
            "href": "http://192.168.2.26:2026/home.aspx?scope=sys&lang=vi&wpid=phauthuatdraw&phauthuatid=660e8890-6026-4a45-b560-b47b01447c5c&keyword=ph%E1%BA%A1m%20th%E1%BB%8B%20thu%20th%E1%BA%A3o&tg=6&tungay=01/04/2026&denngay=24/07/2026&usid=172.31.255.1_mizoky1g35oz4drputdklt4yb4cf4523&st=133747",
            "onclick": ""
          },
          {
            "text": "26070483",
            "href": "http://192.168.2.26:2026/home.aspx?scope=sys&lang=vi&wpid=phauthuatdraw&phauthuatid=660e8890-6026-4a45-b560-b47b01447c5c&keyword=ph%E1%BA%A1m%20th%E1%BB%8B%20thu%20th%E1%BA%A3o&tg=6&tungay=01/04/2026&denngay=24/07/2026&usid=172.31.255.1_mizoky1g35oz4drputdklt4yb4cf4523&st=133747",
            "onclick": ""
          },
          {
            "text": "PHẠM THỊ THU THẢO",
            "href": "http://192.168.2.26:2026/home.aspx?scope=sys&lang=vi&wpid=phauthuatdraw&phauthuatid=660e8890-6026-4a45-b560-b47b01447c5c&keyword=ph%E1%BA%A1m%20th%E1%BB%8B%20thu%20th%E1%BA%A3o&tg=6&tungay=01/04/2026&denngay=24/07/2026&usid=172.31.255.1_mizoky1g35oz4drputdklt4yb4cf4523&st=133747",
            "onclick": ""
          },
          {
            "text": "Nữ",
            "href": "http://192.168.2.26:2026/home.aspx?scope=sys&lang=vi&wpid=phauthuatdraw&phauthuatid=660e8890-6026-4a45-b560-b47b01447c5c&keyword=ph%E1%BA%A1m%20th%E1%BB%8B%20thu%20th%E1%BA%A3o&tg=6&tungay=01/04/2026&denngay=24/07/2026&usid=172.31.255.1_mizoky1g35oz4drputdklt4yb4cf4523&st=133747",
            "onclick": ""
          },
          {
            "text": "27 tuổi",
            "href": "http://192.168.2.26:2026/home.aspx?scope=sys&lang=vi&wpid=phauthuatdraw&phauthuatid=660e8890-6026-4a45-b560-b47b01447c5c&keyword=ph%E1%BA%A1m%20th%E1%BB%8B%20thu%20th%E1%BA%A3o&tg=6&tungay=01/04/2026&denngay=24/07/2026&usid=172.31.255.1_mizoky1g35oz4drputdklt4yb4cf4523&st=133747",
            "onclick": ""
          },
          {
            "text": "PHÒNG PHẪU THUẬT",
            "href": "http://192.168.2.26:2026/home.aspx?scope=sys&lang=vi&wpid=phauthuatdraw&phauthuatid=660e8890-6026-4a45-b560-b47b01447c5c&keyword=ph%E1%BA%A1m%20th%E1%BB%8B%20thu%20th%E1%BA%A3o&tg=6&tungay=01/04/2026&denngay=24/07/2026&usid=172.31.255.1_mizoky1g35oz4drputdklt4yb4cf4523&st=133747",
            "onclick": ""
          },
          {
            "text": "Khoa Phụ Sản",
            "href": "http://192.168.2.26:2026/home.aspx?scope=sys&lang=vi&wpid=phauthuatdraw&phauthuatid=660e8890-6026-4a45-b560-b47b01447c5c&keyword=ph%E1%BA%A1m%20th%E1%BB%8B%20thu%20th%E1%BA%A3o&tg=6&tungay=01/04/2026&denngay=24/07/2026&usid=172.31.255.1_mizoky1g35oz4drputdklt4yb4cf4523&st=133747",
            "onclick": ""
          },
          {
            "text": "Phẫu thuật lấy thai lần đầu [gây tê]",
            "href": "http://192.168.2.26:2026/home.aspx?scope=sys&lang=vi&wpid=phauthuatdraw&phauthuatid=660e8890-6026-4a45-b560-b47b01447c5c&keyword=ph%E1%BA%A1m%20th%E1%BB%8B%20thu%20th%E1%BA%A3o&tg=6&tungay=01/04/2026&denngay=24/07/2026&usid=172.31.255.1_mizoky1g35oz4drputdklt4yb4cf4523&st=133747",
            "onclick": ""
          },
          {
            "text": "Thường",
            "href": "http://192.168.2.26:2026/home.aspx?scope=sys&lang=vi&wpid=phauthuatdraw&phauthuatid=660e8890-6026-4a45-b560-b47b01447c5c&keyword=ph%E1%BA%A1m%20th%E1%BB%8B%20thu%20th%E1%BA%A3o&tg=6&tungay=01/04/2026&denngay=24/07/2026&usid=172.31.255.1_mizoky1g35oz4drputdklt4yb4cf4523&st=133747",
            "onclick": ""
          },
          {
            "text": "02/07/2026",
            "href": "http://192.168.2.26:2026/home.aspx?scope=sys&lang=vi&wpid=phauthuatdraw&phauthuatid=660e8890-6026-4a45-b560-b47b01447c5c&keyword=ph%E1%BA%A1m%20th%E1%BB%8B%20thu%20th%E1%BA%A3o&tg=6&tungay=01/04/2026&denngay=24/07/2026&usid=172.31.255.1_mizoky1g35oz4drputdklt4yb4cf4523&st=133747",
            "onclick": ""
          }
        ]
      }
    }
  ]
}
[2026-07-23 13:37:50.614] [DETAIL_BEGIN] D/s Phẫu thuật: mở ứng viên 1
{
  "detail_marker": "http://192.168.2.26:2026/home.aspx?scope=sys&lang=vi&wpid=phauthuatdraw&phauthuatid=4ea16b4a-11ad-47c1-ba16-b473009dcf4b&keyword=ph%E1%BA%A1m%20th%E1%BB%8B%20thu%20th%E1%BA%A3o&tg=6&tungay=01/04/2026&denngay=24/07/2026&usid=172.31.255.1_mizoky1g35oz4drputdklt4yb4cf4523&st=133748",
  "list_datetime": "2026-06-24 00:00:00",
  "list_method": "Phẫu thuật điều trị hội chứng ống cổ tay",
  "row": {
    "access_id": "4ea16b4a-11ad-47c1-ba16-b473009dcf4b",
    "known_fields": {
      "stt": "2",
      "ma_bn": "26067611",
      "ho_ten": "PHẠM THỊ THU THẢO (Phẫu thuật tại khoa)",
      "gioi_tinh": "Nữ",
      "tuoi": "35 tuổi",
      "phong_mo": "PHÒNG PHẪU THUẬT",
      "noi_chuyen_mo": "Khoa Khám Bệnh",
      "noi_dung_phau_thuat": "Phẫu thuật điều trị hội chứng ống cổ tay",
      "tinh_trang": "Thường",
      "thoi_gian": "24/06/2026",
      "trang_thai": "Hoàn tất",
      "doi_tuong": "Viện phí",
      "tam_ung": "0"
    },
    "raw_text": "2 26067611 PHẠM THỊ THU THẢO (Phẫu thuật tại khoa) Nữ 35 tuổi PHÒNG PHẪU THUẬT Khoa Khám Bệnh Phẫu thuật điều trị hội chứng ống cổ tay Thường 24/06/2026 Hoàn tất Viện phí 0",
    "links": [
      {
        "text": "2",
        "href": "http://192.168.2.26:2026/home.aspx?scope=sys&lang=vi&wpid=phauthuatdraw&phauthuatid=4ea16b4a-11ad-47c1-ba16-b473009dcf4b&keyword=ph%E1%BA%A1m%20th%E1%BB%8B%20thu%20th%E1%BA%A3o&tg=6&tungay=01/04/2026&denngay=24/07/2026&usid=172.31.255.1_mizoky1g35oz4drputdklt4yb4cf4523&st=133748",
        "onclick": ""
      },
      {
        "text": "26067611",
        "href": "http://192.168.2.26:2026/home.aspx?scope=sys&lang=vi&wpid=phauthuatdraw&phauthuatid=4ea16b4a-11ad-47c1-ba16-b473009dcf4b&keyword=ph%E1%BA%A1m%20th%E1%BB%8B%20thu%20th%E1%BA%A3o&tg=6&tungay=01/04/2026&denngay=24/07/2026&usid=172.31.255.1_mizoky1g35oz4drputdklt4yb4cf4523&st=133748",
        "onclick": ""
      },
      {
        "text": "PHẠM THỊ THU THẢO (Phẫu thuật tại khoa)",
        "href": "http://192.168.2.26:2026/home.aspx?scope=sys&lang=vi&wpid=phauthuatdraw&phauthuatid=4ea16b4a-11ad-47c1-ba16-b473009dcf4b&keyword=ph%E1%BA%A1m%20th%E1%BB%8B%20thu%20th%E1%BA%A3o&tg=6&tungay=01/04/2026&denngay=24/07/2026&usid=172.31.255.1_mizoky1g35oz4drputdklt4yb4cf4523&st=133748",
        "onclick": ""
      },
      {
        "text": "Nữ",
        "href": "http://192.168.2.26:2026/home.aspx?scope=sys&lang=vi&wpid=phauthuatdraw&phauthuatid=4ea16b4a-11ad-47c1-ba16-b473009dcf4b&keyword=ph%E1%BA%A1m%20th%E1%BB%8B%20thu%20th%E1%BA%A3o&tg=6&tungay=01/04/2026&denngay=24/07/2026&usid=172.31.255.1_mizoky1g35oz4drputdklt4yb4cf4523&st=133748",
        "onclick": ""
      },
      {
        "text": "35 tuổi",
        "href": "http://192.168.2.26:2026/home.aspx?scope=sys&lang=vi&wpid=phauthuatdraw&phauthuatid=4ea16b4a-11ad-47c1-ba16-b473009dcf4b&keyword=ph%E1%BA%A1m%20th%E1%BB%8B%20thu%20th%E1%BA%A3o&tg=6&tungay=01/04/2026&denngay=24/07/2026&usid=172.31.255.1_mizoky1g35oz4drputdklt4yb4cf4523&st=133748",
        "onclick": ""
      },
      {
        "text": "PHÒNG PHẪU THUẬT",
        "href": "http://192.168.2.26:2026/home.aspx?scope=sys&lang=vi&wpid=phauthuatdraw&phauthuatid=4ea16b4a-11ad-47c1-ba16-b473009dcf4b&keyword=ph%E1%BA%A1m%20th%E1%BB%8B%20thu%20th%E1%BA%A3o&tg=6&tungay=01/04/2026&denngay=24/07/2026&usid=172.31.255.1_mizoky1g35oz4drputdklt4yb4cf4523&st=133748",
        "onclick": ""
      },
      {
        "text": "Khoa Khám Bệnh",
        "href": "http://192.168.2.26:2026/home.aspx?scope=sys&lang=vi&wpid=phauthuatdraw&phauthuatid=4ea16b4a-11ad-47c1-ba16-b473009dcf4b&keyword=ph%E1%BA%A1m%20th%E1%BB%8B%20thu%20th%E1%BA%A3o&tg=6&tungay=01/04/2026&denngay=24/07/2026&usid=172.31.255.1_mizoky1g35oz4drputdklt4yb4cf4523&st=133748",
        "onclick": ""
      },
      {
        "text": "Phẫu thuật điều trị hội chứng ống cổ tay",
        "href": "http://192.168.2.26:2026/home.aspx?scope=sys&lang=vi&wpid=phauthuatdraw&phauthuatid=4ea16b4a-11ad-47c1-ba16-b473009dcf4b&keyword=ph%E1%BA%A1m%20th%E1%BB%8B%20thu%20th%E1%BA%A3o&tg=6&tungay=01/04/2026&denngay=24/07/2026&usid=172.31.255.1_mizoky1g35oz4drputdklt4yb4cf4523&st=133748",
        "onclick": ""
      },
      {
        "text": "Thường",
        "href": "http://192.168.2.26:2026/home.aspx?scope=sys&lang=vi&wpid=phauthuatdraw&phauthuatid=4ea16b4a-11ad-47c1-ba16-b473009dcf4b&keyword=ph%E1%BA%A1m%20th%E1%BB%8B%20thu%20th%E1%BA%A3o&tg=6&tungay=01/04/2026&denngay=24/07/2026&usid=172.31.255.1_mizoky1g35oz4drputdklt4yb4cf4523&st=133748",
        "onclick": ""
      },
      {
        "text": "24/06/2026",
        "href": "http://192.168.2.26:2026/home.aspx?scope=sys&lang=vi&wpid=phauthuatdraw&phauthuatid=4ea16b4a-11ad-47c1-ba16-b473009dcf4b&keyword=ph%E1%BA%A1m%20th%E1%BB%8B%20thu%20th%E1%BA%A3o&tg=6&tungay=01/04/2026&denngay=24/07/2026&usid=172.31.255.1_mizoky1g35oz4drputdklt4yb4cf4523&st=133748",
        "onclick": ""
      }
    ]
  }
}
[2026-07-23 13:37:50.619] [BROWSER] [DETAIL] kind=surgery; access_id=4ea16b4a-11ad-47c1-ba16-b473009dcf4b; direct_url=yes; onclick=no
[2026-07-23 13:37:50.620] [BROWSER] [DETAIL] Mở liên kết trực tiếp: http://192.168.2.26:2026/home.aspx?scope=sys&lang=vi&wpid=phauthuatdraw&phauthuatid=4ea16b4a-11ad-47c1-ba16-b473009dcf4b&keyword=ph%E1%BA%A1m%20th%E1%BB%8B%20thu%20th%E1%BA%A3o&tg=6&tungay=01/04/2026&denngay=24/07/2026&usid=172.31.255.1_mizoky1g35oz4drputdklt4yb4cf4523&st=133748
[2026-07-23 13:37:51.743] [BROWSER] [DETAIL] Dữ liệu đọc được: {"complete_info": "Người hoàn tất: Hoàng Minh Tú (hmtu) | TG nhấn hoàn tất: 11:19 24/06/2026", "current_url": "http://192.168.2.26:2026/home.aspx?scope=sys&lang=vi&wpid=phauthuatdraw&phauthuatid=4ea16b4a-11ad-47c1-ba16-b473009dcf4b&keyword=ph%E1%BA%A1m%20th%E1%BB%8B%20thu%20th%E1%BA%A3o&tg=6&tungay=01/04/2026&denngay=24/07/2026&usid=172.31.255.1_mizoky1g35oz4drputdklt4yb4cf4523&st=133748", "doctor": "Hoàng Minh Tú", "doctor_field": "cbbBacSiPT", "doctor_found": true, "method": "Phẫu thuật điều trị hội chứng ống cổ tay", "patient_info": "", "root_found": true, "start_time": "11:18 24/06/2026"}
[2026-07-23 13:37:51.744] [BROWSER] [DETAIL] Nguồn bác sĩ: BS mổ chính; field=cbbBacSiPT; value=Hoàng Minh Tú
[2026-07-23 13:37:51.747] [DETAIL_OK] D/s Phẫu thuật: đọc được hồ sơ chi tiết
{
  "doctor_from_emr": "Hoàng Minh Tú",
  "mapped_alias": null,
  "mapped_name": null,
  "start_time": "11:18 24/06/2026",
  "method": "Phẫu thuật điều trị hội chứng ống cổ tay",
  "current_url": "http://192.168.2.26:2026/home.aspx?scope=sys&lang=vi&wpid=phauthuatdraw&phauthuatid=4ea16b4a-11ad-47c1-ba16-b473009dcf4b&keyword=ph%E1%BA%A1m%20th%E1%BB%8B%20thu%20th%E1%BA%A3o&tg=6&tungay=01/04/2026&denngay=24/07/2026&usid=172.31.255.1_mizoky1g35oz4drputdklt4yb4cf4523&st=133748",
  "total_score": 160.0,
  "method_score": 1.0
}
[2026-07-23 13:37:51.748] [EVALUATED] D/s Phẫu thuật: đánh giá 1 hồ sơ
{
  "items": [
    {
      "doctor": "Hoàng Minh Tú",
      "alias": null,
      "detail_datetime": "2026-06-24 11:18:00",
      "method_score": 1.0,
      "total_score": 160.0,
      "confidence_ok": false
    }
  ]
}
[2026-07-23 13:37:51.748] [STOP_AT_SOURCE] D/s Phẫu thuật: đã thấy ca cùng ngày nên không sang nguồn khác
{
  "reason": "surgery: đã có ca cùng ngày nhưng chưa lấy được bác sĩ"
}
[2026-07-23 13:37:51.749] [ROW_UNMATCHED] Dòng 36: surgery: đã có ca cùng ngày nhưng chưa lấy được bác sĩ
{
  "rowNumber": 36,
  "patient": "PHẠM THỊ THU THẢO",
  "time": "09:34 24/06/2026",
  "method": "Phẫu thuật điều trị hội chứng ống cổ tay",
  "oldValue": "",
  "status": "unmatched",
  "reason": "surgery: đã có ca cùng ngày nhưng chưa lấy được bác sĩ"
}
[2026-07-23 13:37:51.750] [ROW_END] Kết thúc dòng 36
{
  "status": "unmatched",
  "new_value": null,
  "reason": "surgery: đã có ca cùng ngày nhưng chưa lấy được bác sĩ"
}
[2026-07-23 13:37:51.750] [ROW_BEGIN] [7/20] Bắt đầu dòng 37: BÙI THỊ NGA
{
  "raw_time": "2026/06/24 09:52",
  "parsed_time": "09:52 24/06/2026",
  "method": "Phẫu thuật điều trị hội chứng ống cổ tay",
  "old_value": ""
}
[2026-07-23 13:37:51.751] [SEARCH_BEGIN] dòng 37: tìm BÙI THỊ NGA tại D/s Phẫu thuật
{
  "patient": "BÙI THỊ NGA",
  "target_time": "2026-06-24 09:52:00",
  "target_method": "Phẫu thuật điều trị hội chứng ống cổ tay",
  "source": "surgery"
}
[2026-07-23 13:37:52.228] [BROWSER] [NAV] D/s Phẫu thuật: http://192.168.2.26:2026/home.aspx?scope=sys&lang=vi&wpid=danhsachphauthuatdraw&role=323&usid=172.31.255.1_mizoky1g35oz4drputdklt4yb4cf4523&st=133748
[2026-07-23 13:37:54.272] [BROWSER] [FILTER] 3 tháng
[2026-07-23 13:37:54.780] [BROWSER] [SEARCH] Nhập 'BÙI THỊ NGA' vào #txtTimKiem
[2026-07-23 13:37:54.903] [BROWSER] [SEARCH] Đã bấm Tìm kiếm bằng #btnTimKiem
[2026-07-23 13:37:54.929] [BROWSER] [RESULT] D/s Phẫu thuật: 2 dòng
[2026-07-23 13:37:54.939] [SEARCH_RESULT] D/s Phẫu thuật: nhận 2 dòng
{
  "current_url": "http://192.168.2.26:2026/home.aspx?scope=sys&lang=vi&wpid=danhsachphauthuatdraw&role=323&usid=172.31.255.1_mizoky1g35oz4drputdklt4yb4cf4523&st=133748",
  "search_input_id": "txtTimKiem",
  "search_trigger": "#btnTimKiem",
  "headers": [
    "STT",
    "Mã BN",
    "Họ tên",
    "Giới tính",
    "Tuổi",
    "Phòng mổ",
    "Nơi chuyển mổ",
    "Nội dung phẫu thuật",
    "Tình trạng",
    "Thời gian",
    "Trạng thái",
    "Đối tượng",
    "Đã tạm ứng"
  ],
  "rows": [
    {
      "access_id": "e7b9d029-23b0-43e5-b0c7-b47500b113b1",
      "known_fields": {
        "stt": "1",
        "ma_bn": "26067302",
        "ho_ten": "BÙI THỊ NGA",
        "gioi_tinh": "Nữ",
        "tuoi": "66 tuổi",
        "phong_mo": "PHÒNG PHẪU THUẬT",
        "noi_chuyen_mo": "Khoa Ngoại Tổng Hợp",
        "noi_dung_phau_thuat": "Phẫu thuật nội soi cắt đại tràng chậu hông+ nạo vét hạch",
        "tinh_trang": "Thường",
        "thoi_gian": "26/06/2026",
        "trang_thai": "Hoàn tất",
        "doi_tuong": "Bảo hiểm",
        "tam_ung": "12,000,000"
      },
      "raw_text": "1 26067302 BÙI THỊ NGA Nữ 66 tuổi PHÒNG PHẪU THUẬT Khoa Ngoại Tổng Hợp Phẫu thuật nội soi cắt đại tràng chậu hông+ nạo vét hạch Thường 26/06/2026 Hoàn tất Bảo hiểm 12,000,000",
      "links": [
        {
          "text": "1",
          "href": "http://192.168.2.26:2026/home.aspx?scope=sys&lang=vi&wpid=phauthuatdraw&phauthuatid=e7b9d029-23b0-43e5-b0c7-b47500b113b1&keyword=b%C3%B9i%20th%E1%BB%8B%20nga&tg=6&tungay=01/04/2026&denngay=24/07/2026&usid=172.31.255.1_mizoky1g35oz4drputdklt4yb4cf4523&st=133752",
          "onclick": ""
        },
        {
          "text": "26067302",
          "href": "http://192.168.2.26:2026/home.aspx?scope=sys&lang=vi&wpid=phauthuatdraw&phauthuatid=e7b9d029-23b0-43e5-b0c7-b47500b113b1&keyword=b%C3%B9i%20th%E1%BB%8B%20nga&tg=6&tungay=01/04/2026&denngay=24/07/2026&usid=172.31.255.1_mizoky1g35oz4drputdklt4yb4cf4523&st=133752",
          "onclick": ""
        },
        {
          "text": "BÙI THỊ NGA",
          "href": "http://192.168.2.26:2026/home.aspx?scope=sys&lang=vi&wpid=phauthuatdraw&phauthuatid=e7b9d029-23b0-43e5-b0c7-b47500b113b1&keyword=b%C3%B9i%20th%E1%BB%8B%20nga&tg=6&tungay=01/04/2026&denngay=24/07/2026&usid=172.31.255.1_mizoky1g35oz4drputdklt4yb4cf4523&st=133752",
          "onclick": ""
        },
        {
          "text": "Nữ",
          "href": "http://192.168.2.26:2026/home.aspx?scope=sys&lang=vi&wpid=phauthuatdraw&phauthuatid=e7b9d029-23b0-43e5-b0c7-b47500b113b1&keyword=b%C3%B9i%20th%E1%BB%8B%20nga&tg=6&tungay=01/04/2026&denngay=24/07/2026&usid=172.31.255.1_mizoky1g35oz4drputdklt4yb4cf4523&st=133752",
          "onclick": ""
        },
        {
          "text": "66 tuổi",
          "href": "http://192.168.2.26:2026/home.aspx?scope=sys&lang=vi&wpid=phauthuatdraw&phauthuatid=e7b9d029-23b0-43e5-b0c7-b47500b113b1&keyword=b%C3%B9i%20th%E1%BB%8B%20nga&tg=6&tungay=01/04/2026&denngay=24/07/2026&usid=172.31.255.1_mizoky1g35oz4drputdklt4yb4cf4523&st=133752",
          "onclick": ""
        },
        {
          "text": "PHÒNG PHẪU THUẬT",
          "href": "http://192.168.2.26:2026/home.aspx?scope=sys&lang=vi&wpid=phauthuatdraw&phauthuatid=e7b9d029-23b0-43e5-b0c7-b47500b113b1&keyword=b%C3%B9i%20th%E1%BB%8B%20nga&tg=6&tungay=01/04/2026&denngay=24/07/2026&usid=172.31.255.1_mizoky1g35oz4drputdklt4yb4cf4523&st=133752",
          "onclick": ""
        },
        {
          "text": "Khoa Ngoại Tổng Hợp",
          "href": "http://192.168.2.26:2026/home.aspx?scope=sys&lang=vi&wpid=phauthuatdraw&phauthuatid=e7b9d029-23b0-43e5-b0c7-b47500b113b1&keyword=b%C3%B9i%20th%E1%BB%8B%20nga&tg=6&tungay=01/04/2026&denngay=24/07/2026&usid=172.31.255.1_mizoky1g35oz4drputdklt4yb4cf4523&st=133752",
          "onclick": ""
        },
        {
          "text": "Phẫu thuật nội soi cắt đại tràng chậu hông+ nạo vét hạch",
          "href": "http://192.168.2.26:2026/home.aspx?scope=sys&lang=vi&wpid=phauthuatdraw&phauthuatid=e7b9d029-23b0-43e5-b0c7-b47500b113b1&keyword=b%C3%B9i%20th%E1%BB%8B%20nga&tg=6&tungay=01/04/2026&denngay=24/07/2026&usid=172.31.255.1_mizoky1g35oz4drputdklt4yb4cf4523&st=133752",
          "onclick": ""
        },
        {
          "text": "Thường",
          "href": "http://192.168.2.26:2026/home.aspx?scope=sys&lang=vi&wpid=phauthuatdraw&phauthuatid=e7b9d029-23b0-43e5-b0c7-b47500b113b1&keyword=b%C3%B9i%20th%E1%BB%8B%20nga&tg=6&tungay=01/04/2026&denngay=24/07/2026&usid=172.31.255.1_mizoky1g35oz4drputdklt4yb4cf4523&st=133752",
          "onclick": ""
        },
        {
          "text": "26/06/2026",
          "href": "http://192.168.2.26:2026/home.aspx?scope=sys&lang=vi&wpid=phauthuatdraw&phauthuatid=e7b9d029-23b0-43e5-b0c7-b47500b113b1&keyword=b%C3%B9i%20th%E1%BB%8B%20nga&tg=6&tungay=01/04/2026&denngay=24/07/2026&usid=172.31.255.1_mizoky1g35oz4drputdklt4yb4cf4523&st=133752",
          "onclick": ""
        }
      ]
    },
    {
      "access_id": "bb739096-90a3-4626-87f4-b47300b6ece9",
      "known_fields": {
        "stt": "2",
        "ma_bn": "26005908",
        "ho_ten": "BÙI THỊ NGA (Phẫu thuật tại khoa)",
        "gioi_tinh": "Nữ",
        "tuoi": "66 tuổi",
        "phong_mo": "PHÒNG PHẪU THUẬT",
        "noi_chuyen_mo": "Khoa Khám Bệnh",
        "noi_dung_phau_thuat": "Phẫu thuật điều trị hội chứng ống cổ tay",
        "tinh_trang": "Thường",
        "thoi_gian": "24/06/2026",
        "trang_thai": "Hoàn tất",
        "doi_tuong": "Bảo hiểm",
        "tam_ung": "0"
      },
      "raw_text": "2 26005908 BÙI THỊ NGA (Phẫu thuật tại khoa) Nữ 66 tuổi PHÒNG PHẪU THUẬT Khoa Khám Bệnh Phẫu thuật điều trị hội chứng ống cổ tay Thường 24/06/2026 Hoàn tất Bảo hiểm 0",
      "links": [
        {
          "text": "2",
          "href": "http://192.168.2.26:2026/home.aspx?scope=sys&lang=vi&wpid=phauthuatdraw&phauthuatid=bb739096-90a3-4626-87f4-b47300b6ece9&keyword=b%C3%B9i%20th%E1%BB%8B%20nga&tg=6&tungay=01/04/2026&denngay=24/07/2026&usid=172.31.255.1_mizoky1g35oz4drputdklt4yb4cf4523&st=133752",
          "onclick": ""
        },
        {
          "text": "26005908",
          "href": "http://192.168.2.26:2026/home.aspx?scope=sys&lang=vi&wpid=phauthuatdraw&phauthuatid=bb739096-90a3-4626-87f4-b47300b6ece9&keyword=b%C3%B9i%20th%E1%BB%8B%20nga&tg=6&tungay=01/04/2026&denngay=24/07/2026&usid=172.31.255.1_mizoky1g35oz4drputdklt4yb4cf4523&st=133752",
          "onclick": ""
        },
        {
          "text": "BÙI THỊ NGA (Phẫu thuật tại khoa)",
          "href": "http://192.168.2.26:2026/home.aspx?scope=sys&lang=vi&wpid=phauthuatdraw&phauthuatid=bb739096-90a3-4626-87f4-b47300b6ece9&keyword=b%C3%B9i%20th%E1%BB%8B%20nga&tg=6&tungay=01/04/2026&denngay=24/07/2026&usid=172.31.255.1_mizoky1g35oz4drputdklt4yb4cf4523&st=133752",
          "onclick": ""
        },
        {
          "text": "Nữ",
          "href": "http://192.168.2.26:2026/home.aspx?scope=sys&lang=vi&wpid=phauthuatdraw&phauthuatid=bb739096-90a3-4626-87f4-b47300b6ece9&keyword=b%C3%B9i%20th%E1%BB%8B%20nga&tg=6&tungay=01/04/2026&denngay=24/07/2026&usid=172.31.255.1_mizoky1g35oz4drputdklt4yb4cf4523&st=133752",
          "onclick": ""
        },
        {
          "text": "66 tuổi",
          "href": "http://192.168.2.26:2026/home.aspx?scope=sys&lang=vi&wpid=phauthuatdraw&phauthuatid=bb739096-90a3-4626-87f4-b47300b6ece9&keyword=b%C3%B9i%20th%E1%BB%8B%20nga&tg=6&tungay=01/04/2026&denngay=24/07/2026&usid=172.31.255.1_mizoky1g35oz4drputdklt4yb4cf4523&st=133752",
          "onclick": ""
        },
        {
          "text": "PHÒNG PHẪU THUẬT",
          "href": "http://192.168.2.26:2026/home.aspx?scope=sys&lang=vi&wpid=phauthuatdraw&phauthuatid=bb739096-90a3-4626-87f4-b47300b6ece9&keyword=b%C3%B9i%20th%E1%BB%8B%20nga&tg=6&tungay=01/04/2026&denngay=24/07/2026&usid=172.31.255.1_mizoky1g35oz4drputdklt4yb4cf4523&st=133752",
          "onclick": ""
        },
        {
          "text": "Khoa Khám Bệnh",
          "href": "http://192.168.2.26:2026/home.aspx?scope=sys&lang=vi&wpid=phauthuatdraw&phauthuatid=bb739096-90a3-4626-87f4-b47300b6ece9&keyword=b%C3%B9i%20th%E1%BB%8B%20nga&tg=6&tungay=01/04/2026&denngay=24/07/2026&usid=172.31.255.1_mizoky1g35oz4drputdklt4yb4cf4523&st=133752",
          "onclick": ""
        },
        {
          "text": "Phẫu thuật điều trị hội chứng ống cổ tay",
          "href": "http://192.168.2.26:2026/home.aspx?scope=sys&lang=vi&wpid=phauthuatdraw&phauthuatid=bb739096-90a3-4626-87f4-b47300b6ece9&keyword=b%C3%B9i%20th%E1%BB%8B%20nga&tg=6&tungay=01/04/2026&denngay=24/07/2026&usid=172.31.255.1_mizoky1g35oz4drputdklt4yb4cf4523&st=133752",
          "onclick": ""
        },
        {
          "text": "Thường",
          "href": "http://192.168.2.26:2026/home.aspx?scope=sys&lang=vi&wpid=phauthuatdraw&phauthuatid=bb739096-90a3-4626-87f4-b47300b6ece9&keyword=b%C3%B9i%20th%E1%BB%8B%20nga&tg=6&tungay=01/04/2026&denngay=24/07/2026&usid=172.31.255.1_mizoky1g35oz4drputdklt4yb4cf4523&st=133752",
          "onclick": ""
        },
        {
          "text": "24/06/2026",
          "href": "http://192.168.2.26:2026/home.aspx?scope=sys&lang=vi&wpid=phauthuatdraw&phauthuatid=bb739096-90a3-4626-87f4-b47300b6ece9&keyword=b%C3%B9i%20th%E1%BB%8B%20nga&tg=6&tungay=01/04/2026&denngay=24/07/2026&usid=172.31.255.1_mizoky1g35oz4drputdklt4yb4cf4523&st=133752",
          "onclick": ""
        }
      ]
    }
  ]
}
[2026-07-23 13:37:54.944] [CANDIDATES] D/s Phẫu thuật: có 2 ứng viên cùng người bệnh
{
  "candidates": [
    {
      "list_score": 125.0,
      "list_datetime": "2026-06-24 00:00:00",
      "list_method": "Phẫu thuật điều trị hội chứng ống cổ tay",
      "detail_marker": "http://192.168.2.26:2026/home.aspx?scope=sys&lang=vi&wpid=phauthuatdraw&phauthuatid=bb739096-90a3-4626-87f4-b47300b6ece9&keyword=b%C3%B9i%20th%E1%BB%8B%20nga&tg=6&tungay=01/04/2026&denngay=24/07/2026&usid=172.31.255.1_mizoky1g35oz4drputdklt4yb4cf4523&st=133752",
      "row": {
        "access_id": "bb739096-90a3-4626-87f4-b47300b6ece9",
        "known_fields": {
          "stt": "2",
          "ma_bn": "26005908",
          "ho_ten": "BÙI THỊ NGA (Phẫu thuật tại khoa)",
          "gioi_tinh": "Nữ",
          "tuoi": "66 tuổi",
          "phong_mo": "PHÒNG PHẪU THUẬT",
          "noi_chuyen_mo": "Khoa Khám Bệnh",
          "noi_dung_phau_thuat": "Phẫu thuật điều trị hội chứng ống cổ tay",
          "tinh_trang": "Thường",
          "thoi_gian": "24/06/2026",
          "trang_thai": "Hoàn tất",
          "doi_tuong": "Bảo hiểm",
          "tam_ung": "0"
        },
        "raw_text": "2 26005908 BÙI THỊ NGA (Phẫu thuật tại khoa) Nữ 66 tuổi PHÒNG PHẪU THUẬT Khoa Khám Bệnh Phẫu thuật điều trị hội chứng ống cổ tay Thường 24/06/2026 Hoàn tất Bảo hiểm 0",
        "links": [
          {
            "text": "2",
            "href": "http://192.168.2.26:2026/home.aspx?scope=sys&lang=vi&wpid=phauthuatdraw&phauthuatid=bb739096-90a3-4626-87f4-b47300b6ece9&keyword=b%C3%B9i%20th%E1%BB%8B%20nga&tg=6&tungay=01/04/2026&denngay=24/07/2026&usid=172.31.255.1_mizoky1g35oz4drputdklt4yb4cf4523&st=133752",
            "onclick": ""
          },
          {
            "text": "26005908",
            "href": "http://192.168.2.26:2026/home.aspx?scope=sys&lang=vi&wpid=phauthuatdraw&phauthuatid=bb739096-90a3-4626-87f4-b47300b6ece9&keyword=b%C3%B9i%20th%E1%BB%8B%20nga&tg=6&tungay=01/04/2026&denngay=24/07/2026&usid=172.31.255.1_mizoky1g35oz4drputdklt4yb4cf4523&st=133752",
            "onclick": ""
          },
          {
            "text": "BÙI THỊ NGA (Phẫu thuật tại khoa)",
            "href": "http://192.168.2.26:2026/home.aspx?scope=sys&lang=vi&wpid=phauthuatdraw&phauthuatid=bb739096-90a3-4626-87f4-b47300b6ece9&keyword=b%C3%B9i%20th%E1%BB%8B%20nga&tg=6&tungay=01/04/2026&denngay=24/07/2026&usid=172.31.255.1_mizoky1g35oz4drputdklt4yb4cf4523&st=133752",
            "onclick": ""
          },
          {
            "text": "Nữ",
            "href": "http://192.168.2.26:2026/home.aspx?scope=sys&lang=vi&wpid=phauthuatdraw&phauthuatid=bb739096-90a3-4626-87f4-b47300b6ece9&keyword=b%C3%B9i%20th%E1%BB%8B%20nga&tg=6&tungay=01/04/2026&denngay=24/07/2026&usid=172.31.255.1_mizoky1g35oz4drputdklt4yb4cf4523&st=133752",
            "onclick": ""
          },
          {
            "text": "66 tuổi",
            "href": "http://192.168.2.26:2026/home.aspx?scope=sys&lang=vi&wpid=phauthuatdraw&phauthuatid=bb739096-90a3-4626-87f4-b47300b6ece9&keyword=b%C3%B9i%20th%E1%BB%8B%20nga&tg=6&tungay=01/04/2026&denngay=24/07/2026&usid=172.31.255.1_mizoky1g35oz4drputdklt4yb4cf4523&st=133752",
            "onclick": ""
          },
          {
            "text": "PHÒNG PHẪU THUẬT",
            "href": "http://192.168.2.26:2026/home.aspx?scope=sys&lang=vi&wpid=phauthuatdraw&phauthuatid=bb739096-90a3-4626-87f4-b47300b6ece9&keyword=b%C3%B9i%20th%E1%BB%8B%20nga&tg=6&tungay=01/04/2026&denngay=24/07/2026&usid=172.31.255.1_mizoky1g35oz4drputdklt4yb4cf4523&st=133752",
            "onclick": ""
          },
          {
            "text": "Khoa Khám Bệnh",
            "href": "http://192.168.2.26:2026/home.aspx?scope=sys&lang=vi&wpid=phauthuatdraw&phauthuatid=bb739096-90a3-4626-87f4-b47300b6ece9&keyword=b%C3%B9i%20th%E1%BB%8B%20nga&tg=6&tungay=01/04/2026&denngay=24/07/2026&usid=172.31.255.1_mizoky1g35oz4drputdklt4yb4cf4523&st=133752",
            "onclick": ""
          },
          {
            "text": "Phẫu thuật điều trị hội chứng ống cổ tay",
            "href": "http://192.168.2.26:2026/home.aspx?scope=sys&lang=vi&wpid=phauthuatdraw&phauthuatid=bb739096-90a3-4626-87f4-b47300b6ece9&keyword=b%C3%B9i%20th%E1%BB%8B%20nga&tg=6&tungay=01/04/2026&denngay=24/07/2026&usid=172.31.255.1_mizoky1g35oz4drputdklt4yb4cf4523&st=133752",
            "onclick": ""
          },
          {
            "text": "Thường",
            "href": "http://192.168.2.26:2026/home.aspx?scope=sys&lang=vi&wpid=phauthuatdraw&phauthuatid=bb739096-90a3-4626-87f4-b47300b6ece9&keyword=b%C3%B9i%20th%E1%BB%8B%20nga&tg=6&tungay=01/04/2026&denngay=24/07/2026&usid=172.31.255.1_mizoky1g35oz4drputdklt4yb4cf4523&st=133752",
            "onclick": ""
          },
          {
            "text": "24/06/2026",
            "href": "http://192.168.2.26:2026/home.aspx?scope=sys&lang=vi&wpid=phauthuatdraw&phauthuatid=bb739096-90a3-4626-87f4-b47300b6ece9&keyword=b%C3%B9i%20th%E1%BB%8B%20nga&tg=6&tungay=01/04/2026&denngay=24/07/2026&usid=172.31.255.1_mizoky1g35oz4drputdklt4yb4cf4523&st=133752",
            "onclick": ""
          }
        ]
      }
    },
    {
      "list_score": 57.421052631578945,
      "list_datetime": "2026-06-26 00:00:00",
      "list_method": "Phẫu thuật nội soi cắt đại tràng chậu hông+ nạo vét hạch",
      "detail_marker": "http://192.168.2.26:2026/home.aspx?scope=sys&lang=vi&wpid=phauthuatdraw&phauthuatid=e7b9d029-23b0-43e5-b0c7-b47500b113b1&keyword=b%C3%B9i%20th%E1%BB%8B%20nga&tg=6&tungay=01/04/2026&denngay=24/07/2026&usid=172.31.255.1_mizoky1g35oz4drputdklt4yb4cf4523&st=133752",
      "row": {
        "access_id": "e7b9d029-23b0-43e5-b0c7-b47500b113b1",
        "known_fields": {
          "stt": "1",
          "ma_bn": "26067302",
          "ho_ten": "BÙI THỊ NGA",
          "gioi_tinh": "Nữ",
          "tuoi": "66 tuổi",
          "phong_mo": "PHÒNG PHẪU THUẬT",
          "noi_chuyen_mo": "Khoa Ngoại Tổng Hợp",
          "noi_dung_phau_thuat": "Phẫu thuật nội soi cắt đại tràng chậu hông+ nạo vét hạch",
          "tinh_trang": "Thường",
          "thoi_gian": "26/06/2026",
          "trang_thai": "Hoàn tất",
          "doi_tuong": "Bảo hiểm",
          "tam_ung": "12,000,000"
        },
        "raw_text": "1 26067302 BÙI THỊ NGA Nữ 66 tuổi PHÒNG PHẪU THUẬT Khoa Ngoại Tổng Hợp Phẫu thuật nội soi cắt đại tràng chậu hông+ nạo vét hạch Thường 26/06/2026 Hoàn tất Bảo hiểm 12,000,000",
        "links": [
          {
            "text": "1",
            "href": "http://192.168.2.26:2026/home.aspx?scope=sys&lang=vi&wpid=phauthuatdraw&phauthuatid=e7b9d029-23b0-43e5-b0c7-b47500b113b1&keyword=b%C3%B9i%20th%E1%BB%8B%20nga&tg=6&tungay=01/04/2026&denngay=24/07/2026&usid=172.31.255.1_mizoky1g35oz4drputdklt4yb4cf4523&st=133752",
            "onclick": ""
          },
          {
            "text": "26067302",
            "href": "http://192.168.2.26:2026/home.aspx?scope=sys&lang=vi&wpid=phauthuatdraw&phauthuatid=e7b9d029-23b0-43e5-b0c7-b47500b113b1&keyword=b%C3%B9i%20th%E1%BB%8B%20nga&tg=6&tungay=01/04/2026&denngay=24/07/2026&usid=172.31.255.1_mizoky1g35oz4drputdklt4yb4cf4523&st=133752",
            "onclick": ""
          },
          {
            "text": "BÙI THỊ NGA",
            "href": "http://192.168.2.26:2026/home.aspx?scope=sys&lang=vi&wpid=phauthuatdraw&phauthuatid=e7b9d029-23b0-43e5-b0c7-b47500b113b1&keyword=b%C3%B9i%20th%E1%BB%8B%20nga&tg=6&tungay=01/04/2026&denngay=24/07/2026&usid=172.31.255.1_mizoky1g35oz4drputdklt4yb4cf4523&st=133752",
            "onclick": ""
          },
          {
            "text": "Nữ",
            "href": "http://192.168.2.26:2026/home.aspx?scope=sys&lang=vi&wpid=phauthuatdraw&phauthuatid=e7b9d029-23b0-43e5-b0c7-b47500b113b1&keyword=b%C3%B9i%20th%E1%BB%8B%20nga&tg=6&tungay=01/04/2026&denngay=24/07/2026&usid=172.31.255.1_mizoky1g35oz4drputdklt4yb4cf4523&st=133752",
            "onclick": ""
          },
          {
            "text": "66 tuổi",
            "href": "http://192.168.2.26:2026/home.aspx?scope=sys&lang=vi&wpid=phauthuatdraw&phauthuatid=e7b9d029-23b0-43e5-b0c7-b47500b113b1&keyword=b%C3%B9i%20th%E1%BB%8B%20nga&tg=6&tungay=01/04/2026&denngay=24/07/2026&usid=172.31.255.1_mizoky1g35oz4drputdklt4yb4cf4523&st=133752",
            "onclick": ""
          },
          {
            "text": "PHÒNG PHẪU THUẬT",
            "href": "http://192.168.2.26:2026/home.aspx?scope=sys&lang=vi&wpid=phauthuatdraw&phauthuatid=e7b9d029-23b0-43e5-b0c7-b47500b113b1&keyword=b%C3%B9i%20th%E1%BB%8B%20nga&tg=6&tungay=01/04/2026&denngay=24/07/2026&usid=172.31.255.1_mizoky1g35oz4drputdklt4yb4cf4523&st=133752",
            "onclick": ""
          },
          {
            "text": "Khoa Ngoại Tổng Hợp",
            "href": "http://192.168.2.26:2026/home.aspx?scope=sys&lang=vi&wpid=phauthuatdraw&phauthuatid=e7b9d029-23b0-43e5-b0c7-b47500b113b1&keyword=b%C3%B9i%20th%E1%BB%8B%20nga&tg=6&tungay=01/04/2026&denngay=24/07/2026&usid=172.31.255.1_mizoky1g35oz4drputdklt4yb4cf4523&st=133752",
            "onclick": ""
          },
          {
            "text": "Phẫu thuật nội soi cắt đại tràng chậu hông+ nạo vét hạch",
            "href": "http://192.168.2.26:2026/home.aspx?scope=sys&lang=vi&wpid=phauthuatdraw&phauthuatid=e7b9d029-23b0-43e5-b0c7-b47500b113b1&keyword=b%C3%B9i%20th%E1%BB%8B%20nga&tg=6&tungay=01/04/2026&denngay=24/07/2026&usid=172.31.255.1_mizoky1g35oz4drputdklt4yb4cf4523&st=133752",
            "onclick": ""
          },
          {
            "text": "Thường",
            "href": "http://192.168.2.26:2026/home.aspx?scope=sys&lang=vi&wpid=phauthuatdraw&phauthuatid=e7b9d029-23b0-43e5-b0c7-b47500b113b1&keyword=b%C3%B9i%20th%E1%BB%8B%20nga&tg=6&tungay=01/04/2026&denngay=24/07/2026&usid=172.31.255.1_mizoky1g35oz4drputdklt4yb4cf4523&st=133752",
            "onclick": ""
          },
          {
            "text": "26/06/2026",
            "href": "http://192.168.2.26:2026/home.aspx?scope=sys&lang=vi&wpid=phauthuatdraw&phauthuatid=e7b9d029-23b0-43e5-b0c7-b47500b113b1&keyword=b%C3%B9i%20th%E1%BB%8B%20nga&tg=6&tungay=01/04/2026&denngay=24/07/2026&usid=172.31.255.1_mizoky1g35oz4drputdklt4yb4cf4523&st=133752",
            "onclick": ""
          }
        ]
      }
    }
  ]
}
[2026-07-23 13:37:54.947] [DETAIL_BEGIN] D/s Phẫu thuật: mở ứng viên 1
{
  "detail_marker": "http://192.168.2.26:2026/home.aspx?scope=sys&lang=vi&wpid=phauthuatdraw&phauthuatid=bb739096-90a3-4626-87f4-b47300b6ece9&keyword=b%C3%B9i%20th%E1%BB%8B%20nga&tg=6&tungay=01/04/2026&denngay=24/07/2026&usid=172.31.255.1_mizoky1g35oz4drputdklt4yb4cf4523&st=133752",
  "list_datetime": "2026-06-24 00:00:00",
  "list_method": "Phẫu thuật điều trị hội chứng ống cổ tay",
  "row": {
    "access_id": "bb739096-90a3-4626-87f4-b47300b6ece9",
    "known_fields": {
      "stt": "2",
      "ma_bn": "26005908",
      "ho_ten": "BÙI THỊ NGA (Phẫu thuật tại khoa)",
      "gioi_tinh": "Nữ",
      "tuoi": "66 tuổi",
      "phong_mo": "PHÒNG PHẪU THUẬT",
      "noi_chuyen_mo": "Khoa Khám Bệnh",
      "noi_dung_phau_thuat": "Phẫu thuật điều trị hội chứng ống cổ tay",
      "tinh_trang": "Thường",
      "thoi_gian": "24/06/2026",
      "trang_thai": "Hoàn tất",
      "doi_tuong": "Bảo hiểm",
      "tam_ung": "0"
    },
    "raw_text": "2 26005908 BÙI THỊ NGA (Phẫu thuật tại khoa) Nữ 66 tuổi PHÒNG PHẪU THUẬT Khoa Khám Bệnh Phẫu thuật điều trị hội chứng ống cổ tay Thường 24/06/2026 Hoàn tất Bảo hiểm 0",
    "links": [
      {
        "text": "2",
        "href": "http://192.168.2.26:2026/home.aspx?scope=sys&lang=vi&wpid=phauthuatdraw&phauthuatid=bb739096-90a3-4626-87f4-b47300b6ece9&keyword=b%C3%B9i%20th%E1%BB%8B%20nga&tg=6&tungay=01/04/2026&denngay=24/07/2026&usid=172.31.255.1_mizoky1g35oz4drputdklt4yb4cf4523&st=133752",
        "onclick": ""
      },
      {
        "text": "26005908",
        "href": "http://192.168.2.26:2026/home.aspx?scope=sys&lang=vi&wpid=phauthuatdraw&phauthuatid=bb739096-90a3-4626-87f4-b47300b6ece9&keyword=b%C3%B9i%20th%E1%BB%8B%20nga&tg=6&tungay=01/04/2026&denngay=24/07/2026&usid=172.31.255.1_mizoky1g35oz4drputdklt4yb4cf4523&st=133752",
        "onclick": ""
      },
      {
        "text": "BÙI THỊ NGA (Phẫu thuật tại khoa)",
        "href": "http://192.168.2.26:2026/home.aspx?scope=sys&lang=vi&wpid=phauthuatdraw&phauthuatid=bb739096-90a3-4626-87f4-b47300b6ece9&keyword=b%C3%B9i%20th%E1%BB%8B%20nga&tg=6&tungay=01/04/2026&denngay=24/07/2026&usid=172.31.255.1_mizoky1g35oz4drputdklt4yb4cf4523&st=133752",
        "onclick": ""
      },
      {
        "text": "Nữ",
        "href": "http://192.168.2.26:2026/home.aspx?scope=sys&lang=vi&wpid=phauthuatdraw&phauthuatid=bb739096-90a3-4626-87f4-b47300b6ece9&keyword=b%C3%B9i%20th%E1%BB%8B%20nga&tg=6&tungay=01/04/2026&denngay=24/07/2026&usid=172.31.255.1_mizoky1g35oz4drputdklt4yb4cf4523&st=133752",
        "onclick": ""
      },
      {
        "text": "66 tuổi",
        "href": "http://192.168.2.26:2026/home.aspx?scope=sys&lang=vi&wpid=phauthuatdraw&phauthuatid=bb739096-90a3-4626-87f4-b47300b6ece9&keyword=b%C3%B9i%20th%E1%BB%8B%20nga&tg=6&tungay=01/04/2026&denngay=24/07/2026&usid=172.31.255.1_mizoky1g35oz4drputdklt4yb4cf4523&st=133752",
        "onclick": ""
      },
      {
        "text": "PHÒNG PHẪU THUẬT",
        "href": "http://192.168.2.26:2026/home.aspx?scope=sys&lang=vi&wpid=phauthuatdraw&phauthuatid=bb739096-90a3-4626-87f4-b47300b6ece9&keyword=b%C3%B9i%20th%E1%BB%8B%20nga&tg=6&tungay=01/04/2026&denngay=24/07/2026&usid=172.31.255.1_mizoky1g35oz4drputdklt4yb4cf4523&st=133752",
        "onclick": ""
      },
      {
        "text": "Khoa Khám Bệnh",
        "href": "http://192.168.2.26:2026/home.aspx?scope=sys&lang=vi&wpid=phauthuatdraw&phauthuatid=bb739096-90a3-4626-87f4-b47300b6ece9&keyword=b%C3%B9i%20th%E1%BB%8B%20nga&tg=6&tungay=01/04/2026&denngay=24/07/2026&usid=172.31.255.1_mizoky1g35oz4drputdklt4yb4cf4523&st=133752",
        "onclick": ""
      },
      {
        "text": "Phẫu thuật điều trị hội chứng ống cổ tay",
        "href": "http://192.168.2.26:2026/home.aspx?scope=sys&lang=vi&wpid=phauthuatdraw&phauthuatid=bb739096-90a3-4626-87f4-b47300b6ece9&keyword=b%C3%B9i%20th%E1%BB%8B%20nga&tg=6&tungay=01/04/2026&denngay=24/07/2026&usid=172.31.255.1_mizoky1g35oz4drputdklt4yb4cf4523&st=133752",
        "onclick": ""
      },
      {
        "text": "Thường",
        "href": "http://192.168.2.26:2026/home.aspx?scope=sys&lang=vi&wpid=phauthuatdraw&phauthuatid=bb739096-90a3-4626-87f4-b47300b6ece9&keyword=b%C3%B9i%20th%E1%BB%8B%20nga&tg=6&tungay=01/04/2026&denngay=24/07/2026&usid=172.31.255.1_mizoky1g35oz4drputdklt4yb4cf4523&st=133752",
        "onclick": ""
      },
      {
        "text": "24/06/2026",
        "href": "http://192.168.2.26:2026/home.aspx?scope=sys&lang=vi&wpid=phauthuatdraw&phauthuatid=bb739096-90a3-4626-87f4-b47300b6ece9&keyword=b%C3%B9i%20th%E1%BB%8B%20nga&tg=6&tungay=01/04/2026&denngay=24/07/2026&usid=172.31.255.1_mizoky1g35oz4drputdklt4yb4cf4523&st=133752",
        "onclick": ""
      }
    ]
  }
}
[2026-07-23 13:37:54.954] [BROWSER] [DETAIL] kind=surgery; access_id=bb739096-90a3-4626-87f4-b47300b6ece9; direct_url=yes; onclick=no
[2026-07-23 13:37:54.955] [BROWSER] [DETAIL] Mở liên kết trực tiếp: http://192.168.2.26:2026/home.aspx?scope=sys&lang=vi&wpid=phauthuatdraw&phauthuatid=bb739096-90a3-4626-87f4-b47300b6ece9&keyword=b%C3%B9i%20th%E1%BB%8B%20nga&tg=6&tungay=01/04/2026&denngay=24/07/2026&usid=172.31.255.1_mizoky1g35oz4drputdklt4yb4cf4523&st=133752
[2026-07-23 13:37:56.199] [BROWSER] [DETAIL] Dữ liệu đọc được: {"complete_info": "Người hoàn tất: Hoàng Minh Tú (hmtu) | TG nhấn hoàn tất: 11:08 24/06/2026", "current_url": "http://192.168.2.26:2026/home.aspx?scope=sys&lang=vi&wpid=phauthuatdraw&phauthuatid=bb739096-90a3-4626-87f4-b47300b6ece9&keyword=b%C3%B9i%20th%E1%BB%8B%20nga&tg=6&tungay=01/04/2026&denngay=24/07/2026&usid=172.31.255.1_mizoky1g35oz4drputdklt4yb4cf4523&st=133752", "doctor": "Hoàng Minh Tú", "doctor_field": "cbbBacSiPT", "doctor_found": true, "method": "Phẫu thuật điều trị hội chứng ống cổ tay", "patient_info": "", "root_found": true, "start_time": "09:55 24/06/2026"}
[2026-07-23 13:37:56.200] [BROWSER] [DETAIL] Nguồn bác sĩ: BS mổ chính; field=cbbBacSiPT; value=Hoàng Minh Tú
[2026-07-23 13:37:56.203] [DETAIL_OK] D/s Phẫu thuật: đọc được hồ sơ chi tiết
{
  "doctor_from_emr": "Hoàng Minh Tú",
  "mapped_alias": null,
  "mapped_name": null,
  "start_time": "09:55 24/06/2026",
  "method": "Phẫu thuật điều trị hội chứng ống cổ tay",
  "current_url": "http://192.168.2.26:2026/home.aspx?scope=sys&lang=vi&wpid=phauthuatdraw&phauthuatid=bb739096-90a3-4626-87f4-b47300b6ece9&keyword=b%C3%B9i%20th%E1%BB%8B%20nga&tg=6&tungay=01/04/2026&denngay=24/07/2026&usid=172.31.255.1_mizoky1g35oz4drputdklt4yb4cf4523&st=133752",
  "total_score": 315.0,
  "method_score": 1.0
}
[2026-07-23 13:37:56.206] [EVALUATED] D/s Phẫu thuật: đánh giá 1 hồ sơ
{
  "items": [
    {
      "doctor": "Hoàng Minh Tú",
      "alias": null,
      "detail_datetime": "2026-06-24 09:55:00",
      "method_score": 1.0,
      "total_score": 315.0,
      "confidence_ok": false
    }
  ]
}
[2026-07-23 13:37:56.209] [STOP_AT_SOURCE] D/s Phẫu thuật: đã thấy ca cùng ngày nên không sang nguồn khác
{
  "reason": "surgery: đã có ca cùng ngày nhưng chưa lấy được bác sĩ"
}
[2026-07-23 13:37:56.210] [ROW_UNMATCHED] Dòng 37: surgery: đã có ca cùng ngày nhưng chưa lấy được bác sĩ
{
  "rowNumber": 37,
  "patient": "BÙI THỊ NGA",
  "time": "09:52 24/06/2026",
  "method": "Phẫu thuật điều trị hội chứng ống cổ tay",
  "oldValue": "",
  "status": "unmatched",
  "reason": "surgery: đã có ca cùng ngày nhưng chưa lấy được bác sĩ"
}
[2026-07-23 13:37:56.210] [ROW_END] Kết thúc dòng 37
{
  "status": "unmatched",
  "new_value": null,
  "reason": "surgery: đã có ca cùng ngày nhưng chưa lấy được bác sĩ"
}
[2026-07-23 13:37:56.211] [ROW_BEGIN] [8/20] Bắt đầu dòng 38: HÀ HỒNG VÂN
{
  "raw_time": "2026/06/24 10:30",
  "parsed_time": "10:30 24/06/2026",
  "method": "Phẫu thuật điều trị ngón tay cò súng (1 ngón)",
  "old_value": ""
}
[2026-07-23 13:37:56.211] [SEARCH_BEGIN] dòng 38: tìm HÀ HỒNG VÂN tại D/s Phẫu thuật
{
  "patient": "HÀ HỒNG VÂN",
  "target_time": "2026-06-24 10:30:00",
  "target_method": "Phẫu thuật điều trị ngón tay cò súng (1 ngón)",
  "source": "surgery"
}
[2026-07-23 13:37:56.800] [BROWSER] [NAV] D/s Phẫu thuật: http://192.168.2.26:2026/home.aspx?scope=sys&lang=vi&wpid=danhsachphauthuatdraw&role=323&usid=172.31.255.1_mizoky1g35oz4drputdklt4yb4cf4523&st=133752
[2026-07-23 13:37:59.038] [BROWSER] [FILTER] 3 tháng
[2026-07-23 13:37:59.540] [BROWSER] [SEARCH] Nhập 'HÀ HỒNG VÂN' vào #txtTimKiem
[2026-07-23 13:37:59.664] [BROWSER] [SEARCH] Đã bấm Tìm kiếm bằng #btnTimKiem
[2026-07-23 13:37:59.703] [BROWSER] [RESULT] D/s Phẫu thuật: 2 dòng
[2026-07-23 13:37:59.710] [SEARCH_RESULT] D/s Phẫu thuật: nhận 2 dòng
{
  "current_url": "http://192.168.2.26:2026/home.aspx?scope=sys&lang=vi&wpid=danhsachphauthuatdraw&role=323&usid=172.31.255.1_mizoky1g35oz4drputdklt4yb4cf4523&st=133752",
  "search_input_id": "txtTimKiem",
  "search_trigger": "#btnTimKiem",
  "headers": [
    "STT",
    "Mã BN",
    "Họ tên",
    "Giới tính",
    "Tuổi",
    "Phòng mổ",
    "Nơi chuyển mổ",
    "Nội dung phẫu thuật",
    "Tình trạng",
    "Thời gian",
    "Trạng thái",
    "Đối tượng",
    "Đã tạm ứng"
  ],
  "rows": [
    {
      "access_id": "24da5312-7d7a-4bdb-9cd1-b47300b3d547",
      "known_fields": {
        "stt": "1",
        "ma_bn": "26003266",
        "ho_ten": "HÀ HỒNG VÂN (Phẫu thuật tại khoa)",
        "gioi_tinh": "Nam",
        "tuoi": "59 tuổi",
        "phong_mo": "PHÒNG PHẪU THUẬT",
        "noi_chuyen_mo": "Khoa Khám Bệnh",
        "noi_dung_phau_thuat": "Phẫu thuật điều trị ngón tay cò súng (1 ngón)",
        "tinh_trang": "Thường",
        "thoi_gian": "24/06/2026",
        "trang_thai": "Hoàn tất",
        "doi_tuong": "Bảo hiểm",
        "tam_ung": "0"
      },
      "raw_text": "1 26003266 HÀ HỒNG VÂN (Phẫu thuật tại khoa) Nam 59 tuổi PHÒNG PHẪU THUẬT Khoa Khám Bệnh Phẫu thuật điều trị ngón tay cò súng (1 ngón) Thường 24/06/2026 Hoàn tất Bảo hiểm 0",
      "links": [
        {
          "text": "1",
          "href": "http://192.168.2.26:2026/home.aspx?scope=sys&lang=vi&wpid=phauthuatdraw&phauthuatid=24da5312-7d7a-4bdb-9cd1-b47300b3d547&keyword=h%C3%A0%20h%E1%BB%93ng%20v%C3%A2n&tg=6&tungay=01/04/2026&denngay=24/07/2026&usid=172.31.255.1_mizoky1g35oz4drputdklt4yb4cf4523&st=133757",
          "onclick": ""
        },
        {
          "text": "26003266",
          "href": "http://192.168.2.26:2026/home.aspx?scope=sys&lang=vi&wpid=phauthuatdraw&phauthuatid=24da5312-7d7a-4bdb-9cd1-b47300b3d547&keyword=h%C3%A0%20h%E1%BB%93ng%20v%C3%A2n&tg=6&tungay=01/04/2026&denngay=24/07/2026&usid=172.31.255.1_mizoky1g35oz4drputdklt4yb4cf4523&st=133757",
          "onclick": ""
        },
        {
          "text": "HÀ HỒNG VÂN (Phẫu thuật tại khoa)",
          "href": "http://192.168.2.26:2026/home.aspx?scope=sys&lang=vi&wpid=phauthuatdraw&phauthuatid=24da5312-7d7a-4bdb-9cd1-b47300b3d547&keyword=h%C3%A0%20h%E1%BB%93ng%20v%C3%A2n&tg=6&tungay=01/04/2026&denngay=24/07/2026&usid=172.31.255.1_mizoky1g35oz4drputdklt4yb4cf4523&st=133757",
          "onclick": ""
        },
        {
          "text": "Nam",
          "href": "http://192.168.2.26:2026/home.aspx?scope=sys&lang=vi&wpid=phauthuatdraw&phauthuatid=24da5312-7d7a-4bdb-9cd1-b47300b3d547&keyword=h%C3%A0%20h%E1%BB%93ng%20v%C3%A2n&tg=6&tungay=01/04/2026&denngay=24/07/2026&usid=172.31.255.1_mizoky1g35oz4drputdklt4yb4cf4523&st=133757",
          "onclick": ""
        },
        {
          "text": "59 tuổi",
          "href": "http://192.168.2.26:2026/home.aspx?scope=sys&lang=vi&wpid=phauthuatdraw&phauthuatid=24da5312-7d7a-4bdb-9cd1-b47300b3d547&keyword=h%C3%A0%20h%E1%BB%93ng%20v%C3%A2n&tg=6&tungay=01/04/2026&denngay=24/07/2026&usid=172.31.255.1_mizoky1g35oz4drputdklt4yb4cf4523&st=133757",
          "onclick": ""
        },
        {
          "text": "PHÒNG PHẪU THUẬT",
          "href": "http://192.168.2.26:2026/home.aspx?scope=sys&lang=vi&wpid=phauthuatdraw&phauthuatid=24da5312-7d7a-4bdb-9cd1-b47300b3d547&keyword=h%C3%A0%20h%E1%BB%93ng%20v%C3%A2n&tg=6&tungay=01/04/2026&denngay=24/07/2026&usid=172.31.255.1_mizoky1g35oz4drputdklt4yb4cf4523&st=133757",
          "onclick": ""
        },
        {
          "text": "Khoa Khám Bệnh",
          "href": "http://192.168.2.26:2026/home.aspx?scope=sys&lang=vi&wpid=phauthuatdraw&phauthuatid=24da5312-7d7a-4bdb-9cd1-b47300b3d547&keyword=h%C3%A0%20h%E1%BB%93ng%20v%C3%A2n&tg=6&tungay=01/04/2026&denngay=24/07/2026&usid=172.31.255.1_mizoky1g35oz4drputdklt4yb4cf4523&st=133757",
          "onclick": ""
        },
        {
          "text": "Phẫu thuật điều trị ngón tay cò súng (1 ngón)",
          "href": "http://192.168.2.26:2026/home.aspx?scope=sys&lang=vi&wpid=phauthuatdraw&phauthuatid=24da5312-7d7a-4bdb-9cd1-b47300b3d547&keyword=h%C3%A0%20h%E1%BB%93ng%20v%C3%A2n&tg=6&tungay=01/04/2026&denngay=24/07/2026&usid=172.31.255.1_mizoky1g35oz4drputdklt4yb4cf4523&st=133757",
          "onclick": ""
        },
        {
          "text": "Thường",
          "href": "http://192.168.2.26:2026/home.aspx?scope=sys&lang=vi&wpid=phauthuatdraw&phauthuatid=24da5312-7d7a-4bdb-9cd1-b47300b3d547&keyword=h%C3%A0%20h%E1%BB%93ng%20v%C3%A2n&tg=6&tungay=01/04/2026&denngay=24/07/2026&usid=172.31.255.1_mizoky1g35oz4drputdklt4yb4cf4523&st=133757",
          "onclick": ""
        },
        {
          "text": "24/06/2026",
          "href": "http://192.168.2.26:2026/home.aspx?scope=sys&lang=vi&wpid=phauthuatdraw&phauthuatid=24da5312-7d7a-4bdb-9cd1-b47300b3d547&keyword=h%C3%A0%20h%E1%BB%93ng%20v%C3%A2n&tg=6&tungay=01/04/2026&denngay=24/07/2026&usid=172.31.255.1_mizoky1g35oz4drputdklt4yb4cf4523&st=133757",
          "onclick": ""
        }
      ]
    },
    {
      "access_id": "e23cb5d9-5865-438a-8737-b47300ab33f8",
      "known_fields": {
        "stt": "2",
        "ma_bn": "26003266",
        "ho_ten": "HÀ HỒNG VÂN (Phẫu thuật tại khoa)",
        "gioi_tinh": "Nam",
        "tuoi": "59 tuổi",
        "phong_mo": "PHÒNG PHẪU THUẬT",
        "noi_chuyen_mo": "Khoa Khám Bệnh",
        "noi_dung_phau_thuat": "Phẫu thuật điều trị bệnh DE QUER VAIN và ngón tay cò súng [gây tê]",
        "tinh_trang": "Thường",
        "thoi_gian": "24/06/2026",
        "trang_thai": "Không mổ",
        "doi_tuong": "Bảo hiểm",
        "tam_ung": "0"
      },
      "raw_text": "2 26003266 HÀ HỒNG VÂN (Phẫu thuật tại khoa) Nam 59 tuổi PHÒNG PHẪU THUẬT Khoa Khám Bệnh Phẫu thuật điều trị bệnh DE QUER VAIN và ngón tay cò súng [gây tê] Thường 24/06/2026 Không mổ Bảo hiểm 0",
      "links": [
        {
          "text": "2",
          "href": "http://192.168.2.26:2026/home.aspx?scope=sys&lang=vi&wpid=phauthuatdraw&phauthuatid=e23cb5d9-5865-438a-8737-b47300ab33f8&keyword=h%C3%A0%20h%E1%BB%93ng%20v%C3%A2n&tg=6&tungay=01/04/2026&denngay=24/07/2026&usid=172.31.255.1_mizoky1g35oz4drputdklt4yb4cf4523&st=133757",
          "onclick": ""
        },
        {
          "text": "26003266",
          "href": "http://192.168.2.26:2026/home.aspx?scope=sys&lang=vi&wpid=phauthuatdraw&phauthuatid=e23cb5d9-5865-438a-8737-b47300ab33f8&keyword=h%C3%A0%20h%E1%BB%93ng%20v%C3%A2n&tg=6&tungay=01/04/2026&denngay=24/07/2026&usid=172.31.255.1_mizoky1g35oz4drputdklt4yb4cf4523&st=133757",
          "onclick": ""
        },
        {
          "text": "HÀ HỒNG VÂN (Phẫu thuật tại khoa)",
          "href": "http://192.168.2.26:2026/home.aspx?scope=sys&lang=vi&wpid=phauthuatdraw&phauthuatid=e23cb5d9-5865-438a-8737-b47300ab33f8&keyword=h%C3%A0%20h%E1%BB%93ng%20v%C3%A2n&tg=6&tungay=01/04/2026&denngay=24/07/2026&usid=172.31.255.1_mizoky1g35oz4drputdklt4yb4cf4523&st=133757",
          "onclick": ""
        },
        {
          "text": "Nam",
          "href": "http://192.168.2.26:2026/home.aspx?scope=sys&lang=vi&wpid=phauthuatdraw&phauthuatid=e23cb5d9-5865-438a-8737-b47300ab33f8&keyword=h%C3%A0%20h%E1%BB%93ng%20v%C3%A2n&tg=6&tungay=01/04/2026&denngay=24/07/2026&usid=172.31.255.1_mizoky1g35oz4drputdklt4yb4cf4523&st=133757",
          "onclick": ""
        },
        {
          "text": "59 tuổi",
          "href": "http://192.168.2.26:2026/home.aspx?scope=sys&lang=vi&wpid=phauthuatdraw&phauthuatid=e23cb5d9-5865-438a-8737-b47300ab33f8&keyword=h%C3%A0%20h%E1%BB%93ng%20v%C3%A2n&tg=6&tungay=01/04/2026&denngay=24/07/2026&usid=172.31.255.1_mizoky1g35oz4drputdklt4yb4cf4523&st=133757",
          "onclick": ""
        },
        {
          "text": "PHÒNG PHẪU THUẬT",
          "href": "http://192.168.2.26:2026/home.aspx?scope=sys&lang=vi&wpid=phauthuatdraw&phauthuatid=e23cb5d9-5865-438a-8737-b47300ab33f8&keyword=h%C3%A0%20h%E1%BB%93ng%20v%C3%A2n&tg=6&tungay=01/04/2026&denngay=24/07/2026&usid=172.31.255.1_mizoky1g35oz4drputdklt4yb4cf4523&st=133757",
          "onclick": ""
        },
        {
          "text": "Khoa Khám Bệnh",
          "href": "http://192.168.2.26:2026/home.aspx?scope=sys&lang=vi&wpid=phauthuatdraw&phauthuatid=e23cb5d9-5865-438a-8737-b47300ab33f8&keyword=h%C3%A0%20h%E1%BB%93ng%20v%C3%A2n&tg=6&tungay=01/04/2026&denngay=24/07/2026&usid=172.31.255.1_mizoky1g35oz4drputdklt4yb4cf4523&st=133757",
          "onclick": ""
        },
        {
          "text": "Phẫu thuật điều trị bệnh DE QUER VAIN và ngón tay cò súng [gây tê]",
          "href": "http://192.168.2.26:2026/home.aspx?scope=sys&lang=vi&wpid=phauthuatdraw&phauthuatid=e23cb5d9-5865-438a-8737-b47300ab33f8&keyword=h%C3%A0%20h%E1%BB%93ng%20v%C3%A2n&tg=6&tungay=01/04/2026&denngay=24/07/2026&usid=172.31.255.1_mizoky1g35oz4drputdklt4yb4cf4523&st=133757",
          "onclick": ""
        },
        {
          "text": "Thường",
          "href": "http://192.168.2.26:2026/home.aspx?scope=sys&lang=vi&wpid=phauthuatdraw&phauthuatid=e23cb5d9-5865-438a-8737-b47300ab33f8&keyword=h%C3%A0%20h%E1%BB%93ng%20v%C3%A2n&tg=6&tungay=01/04/2026&denngay=24/07/2026&usid=172.31.255.1_mizoky1g35oz4drputdklt4yb4cf4523&st=133757",
          "onclick": ""
        },
        {
          "text": "24/06/2026",
          "href": "http://192.168.2.26:2026/home.aspx?scope=sys&lang=vi&wpid=phauthuatdraw&phauthuatid=e23cb5d9-5865-438a-8737-b47300ab33f8&keyword=h%C3%A0%20h%E1%BB%93ng%20v%C3%A2n&tg=6&tungay=01/04/2026&denngay=24/07/2026&usid=172.31.255.1_mizoky1g35oz4drputdklt4yb4cf4523&st=133757",
          "onclick": ""
        }
      ]
    }
  ]
}
[2026-07-23 13:37:59.712] [CANDIDATES] D/s Phẫu thuật: có 2 ứng viên cùng người bệnh
{
  "candidates": [
    {
      "list_score": 125.0,
      "list_datetime": "2026-06-24 00:00:00",
      "list_method": "Phẫu thuật điều trị ngón tay cò súng (1 ngón)",
      "detail_marker": "http://192.168.2.26:2026/home.aspx?scope=sys&lang=vi&wpid=phauthuatdraw&phauthuatid=24da5312-7d7a-4bdb-9cd1-b47300b3d547&keyword=h%C3%A0%20h%E1%BB%93ng%20v%C3%A2n&tg=6&tungay=01/04/2026&denngay=24/07/2026&usid=172.31.255.1_mizoky1g35oz4drputdklt4yb4cf4523&st=133757",
      "row": {
        "access_id": "24da5312-7d7a-4bdb-9cd1-b47300b3d547",
        "known_fields": {
          "stt": "1",
          "ma_bn": "26003266",
          "ho_ten": "HÀ HỒNG VÂN (Phẫu thuật tại khoa)",
          "gioi_tinh": "Nam",
          "tuoi": "59 tuổi",
          "phong_mo": "PHÒNG PHẪU THUẬT",
          "noi_chuyen_mo": "Khoa Khám Bệnh",
          "noi_dung_phau_thuat": "Phẫu thuật điều trị ngón tay cò súng (1 ngón)",
          "tinh_trang": "Thường",
          "thoi_gian": "24/06/2026",
          "trang_thai": "Hoàn tất",
          "doi_tuong": "Bảo hiểm",
          "tam_ung": "0"
        },
        "raw_text": "1 26003266 HÀ HỒNG VÂN (Phẫu thuật tại khoa) Nam 59 tuổi PHÒNG PHẪU THUẬT Khoa Khám Bệnh Phẫu thuật điều trị ngón tay cò súng (1 ngón) Thường 24/06/2026 Hoàn tất Bảo hiểm 0",
        "links": [
          {
            "text": "1",
            "href": "http://192.168.2.26:2026/home.aspx?scope=sys&lang=vi&wpid=phauthuatdraw&phauthuatid=24da5312-7d7a-4bdb-9cd1-b47300b3d547&keyword=h%C3%A0%20h%E1%BB%93ng%20v%C3%A2n&tg=6&tungay=01/04/2026&denngay=24/07/2026&usid=172.31.255.1_mizoky1g35oz4drputdklt4yb4cf4523&st=133757",
            "onclick": ""
          },
          {
            "text": "26003266",
            "href": "http://192.168.2.26:2026/home.aspx?scope=sys&lang=vi&wpid=phauthuatdraw&phauthuatid=24da5312-7d7a-4bdb-9cd1-b47300b3d547&keyword=h%C3%A0%20h%E1%BB%93ng%20v%C3%A2n&tg=6&tungay=01/04/2026&denngay=24/07/2026&usid=172.31.255.1_mizoky1g35oz4drputdklt4yb4cf4523&st=133757",
            "onclick": ""
          },
          {
            "text": "HÀ HỒNG VÂN (Phẫu thuật tại khoa)",
            "href": "http://192.168.2.26:2026/home.aspx?scope=sys&lang=vi&wpid=phauthuatdraw&phauthuatid=24da5312-7d7a-4bdb-9cd1-b47300b3d547&keyword=h%C3%A0%20h%E1%BB%93ng%20v%C3%A2n&tg=6&tungay=01/04/2026&denngay=24/07/2026&usid=172.31.255.1_mizoky1g35oz4drputdklt4yb4cf4523&st=133757",
            "onclick": ""
          },
          {
            "text": "Nam",
            "href": "http://192.168.2.26:2026/home.aspx?scope=sys&lang=vi&wpid=phauthuatdraw&phauthuatid=24da5312-7d7a-4bdb-9cd1-b47300b3d547&keyword=h%C3%A0%20h%E1%BB%93ng%20v%C3%A2n&tg=6&tungay=01/04/2026&denngay=24/07/2026&usid=172.31.255.1_mizoky1g35oz4drputdklt4yb4cf4523&st=133757",
            "onclick": ""
          },
          {
            "text": "59 tuổi",
            "href": "http://192.168.2.26:2026/home.aspx?scope=sys&lang=vi&wpid=phauthuatdraw&phauthuatid=24da5312-7d7a-4bdb-9cd1-b47300b3d547&keyword=h%C3%A0%20h%E1%BB%93ng%20v%C3%A2n&tg=6&tungay=01/04/2026&denngay=24/07/2026&usid=172.31.255.1_mizoky1g35oz4drputdklt4yb4cf4523&st=133757",
            "onclick": ""
          },
          {
            "text": "PHÒNG PHẪU THUẬT",
            "href": "http://192.168.2.26:2026/home.aspx?scope=sys&lang=vi&wpid=phauthuatdraw&phauthuatid=24da5312-7d7a-4bdb-9cd1-b47300b3d547&keyword=h%C3%A0%20h%E1%BB%93ng%20v%C3%A2n&tg=6&tungay=01/04/2026&denngay=24/07/2026&usid=172.31.255.1_mizoky1g35oz4drputdklt4yb4cf4523&st=133757",
            "onclick": ""
          },
          {
            "text": "Khoa Khám Bệnh",
            "href": "http://192.168.2.26:2026/home.aspx?scope=sys&lang=vi&wpid=phauthuatdraw&phauthuatid=24da5312-7d7a-4bdb-9cd1-b47300b3d547&keyword=h%C3%A0%20h%E1%BB%93ng%20v%C3%A2n&tg=6&tungay=01/04/2026&denngay=24/07/2026&usid=172.31.255.1_mizoky1g35oz4drputdklt4yb4cf4523&st=133757",
            "onclick": ""
          },
          {
            "text": "Phẫu thuật điều trị ngón tay cò súng (1 ngón)",
            "href": "http://192.168.2.26:2026/home.aspx?scope=sys&lang=vi&wpid=phauthuatdraw&phauthuatid=24da5312-7d7a-4bdb-9cd1-b47300b3d547&keyword=h%C3%A0%20h%E1%BB%93ng%20v%C3%A2n&tg=6&tungay=01/04/2026&denngay=24/07/2026&usid=172.31.255.1_mizoky1g35oz4drputdklt4yb4cf4523&st=133757",
            "onclick": ""
          },
          {
            "text": "Thường",
            "href": "http://192.168.2.26:2026/home.aspx?scope=sys&lang=vi&wpid=phauthuatdraw&phauthuatid=24da5312-7d7a-4bdb-9cd1-b47300b3d547&keyword=h%C3%A0%20h%E1%BB%93ng%20v%C3%A2n&tg=6&tungay=01/04/2026&denngay=24/07/2026&usid=172.31.255.1_mizoky1g35oz4drputdklt4yb4cf4523&st=133757",
            "onclick": ""
          },
          {
            "text": "24/06/2026",
            "href": "http://192.168.2.26:2026/home.aspx?scope=sys&lang=vi&wpid=phauthuatdraw&phauthuatid=24da5312-7d7a-4bdb-9cd1-b47300b3d547&keyword=h%C3%A0%20h%E1%BB%93ng%20v%C3%A2n&tg=6&tungay=01/04/2026&denngay=24/07/2026&usid=172.31.255.1_mizoky1g35oz4drputdklt4yb4cf4523&st=133757",
            "onclick": ""
          }
        ]
      }
    },
    {
      "list_score": 104.06542056074767,
      "list_datetime": "2026-06-24 00:00:00",
      "list_method": "Phẫu thuật điều trị bệnh DE QUER VAIN và ngón tay cò súng [gây tê]",
      "detail_marker": "http://192.168.2.26:2026/home.aspx?scope=sys&lang=vi&wpid=phauthuatdraw&phauthuatid=e23cb5d9-5865-438a-8737-b47300ab33f8&keyword=h%C3%A0%20h%E1%BB%93ng%20v%C3%A2n&tg=6&tungay=01/04/2026&denngay=24/07/2026&usid=172.31.255.1_mizoky1g35oz4drputdklt4yb4cf4523&st=133757",
      "row": {
        "access_id": "e23cb5d9-5865-438a-8737-b47300ab33f8",
        "known_fields": {
          "stt": "2",
          "ma_bn": "26003266",
          "ho_ten": "HÀ HỒNG VÂN (Phẫu thuật tại khoa)",
          "gioi_tinh": "Nam",
          "tuoi": "59 tuổi",
          "phong_mo": "PHÒNG PHẪU THUẬT",
          "noi_chuyen_mo": "Khoa Khám Bệnh",
          "noi_dung_phau_thuat": "Phẫu thuật điều trị bệnh DE QUER VAIN và ngón tay cò súng [gây tê]",
          "tinh_trang": "Thường",
          "thoi_gian": "24/06/2026",
          "trang_thai": "Không mổ",
          "doi_tuong": "Bảo hiểm",
          "tam_ung": "0"
        },
        "raw_text": "2 26003266 HÀ HỒNG VÂN (Phẫu thuật tại khoa) Nam 59 tuổi PHÒNG PHẪU THUẬT Khoa Khám Bệnh Phẫu thuật điều trị bệnh DE QUER VAIN và ngón tay cò súng [gây tê] Thường 24/06/2026 Không mổ Bảo hiểm 0",
        "links": [
          {
            "text": "2",
            "href": "http://192.168.2.26:2026/home.aspx?scope=sys&lang=vi&wpid=phauthuatdraw&phauthuatid=e23cb5d9-5865-438a-8737-b47300ab33f8&keyword=h%C3%A0%20h%E1%BB%93ng%20v%C3%A2n&tg=6&tungay=01/04/2026&denngay=24/07/2026&usid=172.31.255.1_mizoky1g35oz4drputdklt4yb4cf4523&st=133757",
            "onclick": ""
          },
          {
            "text": "26003266",
            "href": "http://192.168.2.26:2026/home.aspx?scope=sys&lang=vi&wpid=phauthuatdraw&phauthuatid=e23cb5d9-5865-438a-8737-b47300ab33f8&keyword=h%C3%A0%20h%E1%BB%93ng%20v%C3%A2n&tg=6&tungay=01/04/2026&denngay=24/07/2026&usid=172.31.255.1_mizoky1g35oz4drputdklt4yb4cf4523&st=133757",
            "onclick": ""
          },
          {
            "text": "HÀ HỒNG VÂN (Phẫu thuật tại khoa)",
            "href": "http://192.168.2.26:2026/home.aspx?scope=sys&lang=vi&wpid=phauthuatdraw&phauthuatid=e23cb5d9-5865-438a-8737-b47300ab33f8&keyword=h%C3%A0%20h%E1%BB%93ng%20v%C3%A2n&tg=6&tungay=01/04/2026&denngay=24/07/2026&usid=172.31.255.1_mizoky1g35oz4drputdklt4yb4cf4523&st=133757",
            "onclick": ""
          },
          {
            "text": "Nam",
            "href": "http://192.168.2.26:2026/home.aspx?scope=sys&lang=vi&wpid=phauthuatdraw&phauthuatid=e23cb5d9-5865-438a-8737-b47300ab33f8&keyword=h%C3%A0%20h%E1%BB%93ng%20v%C3%A2n&tg=6&tungay=01/04/2026&denngay=24/07/2026&usid=172.31.255.1_mizoky1g35oz4drputdklt4yb4cf4523&st=133757",
            "onclick": ""
          },
          {
            "text": "59 tuổi",
            "href": "http://192.168.2.26:2026/home.aspx?scope=sys&lang=vi&wpid=phauthuatdraw&phauthuatid=e23cb5d9-5865-438a-8737-b47300ab33f8&keyword=h%C3%A0%20h%E1%BB%93ng%20v%C3%A2n&tg=6&tungay=01/04/2026&denngay=24/07/2026&usid=172.31.255.1_mizoky1g35oz4drputdklt4yb4cf4523&st=133757",
            "onclick": ""
          },
          {
            "text": "PHÒNG PHẪU THUẬT",
            "href": "http://192.168.2.26:2026/home.aspx?scope=sys&lang=vi&wpid=phauthuatdraw&phauthuatid=e23cb5d9-5865-438a-8737-b47300ab33f8&keyword=h%C3%A0%20h%E1%BB%93ng%20v%C3%A2n&tg=6&tungay=01/04/2026&denngay=24/07/2026&usid=172.31.255.1_mizoky1g35oz4drputdklt4yb4cf4523&st=133757",
            "onclick": ""
          },
          {
            "text": "Khoa Khám Bệnh",
            "href": "http://192.168.2.26:2026/home.aspx?scope=sys&lang=vi&wpid=phauthuatdraw&phauthuatid=e23cb5d9-5865-438a-8737-b47300ab33f8&keyword=h%C3%A0%20h%E1%BB%93ng%20v%C3%A2n&tg=6&tungay=01/04/2026&denngay=24/07/2026&usid=172.31.255.1_mizoky1g35oz4drputdklt4yb4cf4523&st=133757",
            "onclick": ""
          },
          {
            "text": "Phẫu thuật điều trị bệnh DE QUER VAIN và ngón tay cò súng [gây tê]",
            "href": "http://192.168.2.26:2026/home.aspx?scope=sys&lang=vi&wpid=phauthuatdraw&phauthuatid=e23cb5d9-5865-438a-8737-b47300ab33f8&keyword=h%C3%A0%20h%E1%BB%93ng%20v%C3%A2n&tg=6&tungay=01/04/2026&denngay=24/07/2026&usid=172.31.255.1_mizoky1g35oz4drputdklt4yb4cf4523&st=133757",
            "onclick": ""
          },
          {
            "text": "Thường",
            "href": "http://192.168.2.26:2026/home.aspx?scope=sys&lang=vi&wpid=phauthuatdraw&phauthuatid=e23cb5d9-5865-438a-8737-b47300ab33f8&keyword=h%C3%A0%20h%E1%BB%93ng%20v%C3%A2n&tg=6&tungay=01/04/2026&denngay=24/07/2026&usid=172.31.255.1_mizoky1g35oz4drputdklt4yb4cf4523&st=133757",
            "onclick": ""
          },
          {
            "text": "24/06/2026",
            "href": "http://192.168.2.26:2026/home.aspx?scope=sys&lang=vi&wpid=phauthuatdraw&phauthuatid=e23cb5d9-5865-438a-8737-b47300ab33f8&keyword=h%C3%A0%20h%E1%BB%93ng%20v%C3%A2n&tg=6&tungay=01/04/2026&denngay=24/07/2026&usid=172.31.255.1_mizoky1g35oz4drputdklt4yb4cf4523&st=133757",
            "onclick": ""
          }
        ]
      }
    }
  ]
}
[2026-07-23 13:37:59.713] [DETAIL_BEGIN] D/s Phẫu thuật: mở ứng viên 1
{
  "detail_marker": "http://192.168.2.26:2026/home.aspx?scope=sys&lang=vi&wpid=phauthuatdraw&phauthuatid=24da5312-7d7a-4bdb-9cd1-b47300b3d547&keyword=h%C3%A0%20h%E1%BB%93ng%20v%C3%A2n&tg=6&tungay=01/04/2026&denngay=24/07/2026&usid=172.31.255.1_mizoky1g35oz4drputdklt4yb4cf4523&st=133757",
  "list_datetime": "2026-06-24 00:00:00",
  "list_method": "Phẫu thuật điều trị ngón tay cò súng (1 ngón)",
  "row": {
    "access_id": "24da5312-7d7a-4bdb-9cd1-b47300b3d547",
    "known_fields": {
      "stt": "1",
      "ma_bn": "26003266",
      "ho_ten": "HÀ HỒNG VÂN (Phẫu thuật tại khoa)",
      "gioi_tinh": "Nam",
      "tuoi": "59 tuổi",
      "phong_mo": "PHÒNG PHẪU THUẬT",
      "noi_chuyen_mo": "Khoa Khám Bệnh",
      "noi_dung_phau_thuat": "Phẫu thuật điều trị ngón tay cò súng (1 ngón)",
      "tinh_trang": "Thường",
      "thoi_gian": "24/06/2026",
      "trang_thai": "Hoàn tất",
      "doi_tuong": "Bảo hiểm",
      "tam_ung": "0"
    },
    "raw_text": "1 26003266 HÀ HỒNG VÂN (Phẫu thuật tại khoa) Nam 59 tuổi PHÒNG PHẪU THUẬT Khoa Khám Bệnh Phẫu thuật điều trị ngón tay cò súng (1 ngón) Thường 24/06/2026 Hoàn tất Bảo hiểm 0",
    "links": [
      {
        "text": "1",
        "href": "http://192.168.2.26:2026/home.aspx?scope=sys&lang=vi&wpid=phauthuatdraw&phauthuatid=24da5312-7d7a-4bdb-9cd1-b47300b3d547&keyword=h%C3%A0%20h%E1%BB%93ng%20v%C3%A2n&tg=6&tungay=01/04/2026&denngay=24/07/2026&usid=172.31.255.1_mizoky1g35oz4drputdklt4yb4cf4523&st=133757",
        "onclick": ""
      },
      {
        "text": "26003266",
        "href": "http://192.168.2.26:2026/home.aspx?scope=sys&lang=vi&wpid=phauthuatdraw&phauthuatid=24da5312-7d7a-4bdb-9cd1-b47300b3d547&keyword=h%C3%A0%20h%E1%BB%93ng%20v%C3%A2n&tg=6&tungay=01/04/2026&denngay=24/07/2026&usid=172.31.255.1_mizoky1g35oz4drputdklt4yb4cf4523&st=133757",
        "onclick": ""
      },
      {
        "text": "HÀ HỒNG VÂN (Phẫu thuật tại khoa)",
        "href": "http://192.168.2.26:2026/home.aspx?scope=sys&lang=vi&wpid=phauthuatdraw&phauthuatid=24da5312-7d7a-4bdb-9cd1-b47300b3d547&keyword=h%C3%A0%20h%E1%BB%93ng%20v%C3%A2n&tg=6&tungay=01/04/2026&denngay=24/07/2026&usid=172.31.255.1_mizoky1g35oz4drputdklt4yb4cf4523&st=133757",
        "onclick": ""
      },
      {
        "text": "Nam",
        "href": "http://192.168.2.26:2026/home.aspx?scope=sys&lang=vi&wpid=phauthuatdraw&phauthuatid=24da5312-7d7a-4bdb-9cd1-b47300b3d547&keyword=h%C3%A0%20h%E1%BB%93ng%20v%C3%A2n&tg=6&tungay=01/04/2026&denngay=24/07/2026&usid=172.31.255.1_mizoky1g35oz4drputdklt4yb4cf4523&st=133757",
        "onclick": ""
      },
      {
        "text": "59 tuổi",
        "href": "http://192.168.2.26:2026/home.aspx?scope=sys&lang=vi&wpid=phauthuatdraw&phauthuatid=24da5312-7d7a-4bdb-9cd1-b47300b3d547&keyword=h%C3%A0%20h%E1%BB%93ng%20v%C3%A2n&tg=6&tungay=01/04/2026&denngay=24/07/2026&usid=172.31.255.1_mizoky1g35oz4drputdklt4yb4cf4523&st=133757",
        "onclick": ""
      },
      {
        "text": "PHÒNG PHẪU THUẬT",
        "href": "http://192.168.2.26:2026/home.aspx?scope=sys&lang=vi&wpid=phauthuatdraw&phauthuatid=24da5312-7d7a-4bdb-9cd1-b47300b3d547&keyword=h%C3%A0%20h%E1%BB%93ng%20v%C3%A2n&tg=6&tungay=01/04/2026&denngay=24/07/2026&usid=172.31.255.1_mizoky1g35oz4drputdklt4yb4cf4523&st=133757",
        "onclick": ""
      },
      {
        "text": "Khoa Khám Bệnh",
        "href": "http://192.168.2.26:2026/home.aspx?scope=sys&lang=vi&wpid=phauthuatdraw&phauthuatid=24da5312-7d7a-4bdb-9cd1-b47300b3d547&keyword=h%C3%A0%20h%E1%BB%93ng%20v%C3%A2n&tg=6&tungay=01/04/2026&denngay=24/07/2026&usid=172.31.255.1_mizoky1g35oz4drputdklt4yb4cf4523&st=133757",
        "onclick": ""
      },
      {
        "text": "Phẫu thuật điều trị ngón tay cò súng (1 ngón)",
        "href": "http://192.168.2.26:2026/home.aspx?scope=sys&lang=vi&wpid=phauthuatdraw&phauthuatid=24da5312-7d7a-4bdb-9cd1-b47300b3d547&keyword=h%C3%A0%20h%E1%BB%93ng%20v%C3%A2n&tg=6&tungay=01/04/2026&denngay=24/07/2026&usid=172.31.255.1_mizoky1g35oz4drputdklt4yb4cf4523&st=133757",
        "onclick": ""
      },
      {
        "text": "Thường",
        "href": "http://192.168.2.26:2026/home.aspx?scope=sys&lang=vi&wpid=phauthuatdraw&phauthuatid=24da5312-7d7a-4bdb-9cd1-b47300b3d547&keyword=h%C3%A0%20h%E1%BB%93ng%20v%C3%A2n&tg=6&tungay=01/04/2026&denngay=24/07/2026&usid=172.31.255.1_mizoky1g35oz4drputdklt4yb4cf4523&st=133757",
        "onclick": ""
      },
      {
        "text": "24/06/2026",
        "href": "http://192.168.2.26:2026/home.aspx?scope=sys&lang=vi&wpid=phauthuatdraw&phauthuatid=24da5312-7d7a-4bdb-9cd1-b47300b3d547&keyword=h%C3%A0%20h%E1%BB%93ng%20v%C3%A2n&tg=6&tungay=01/04/2026&denngay=24/07/2026&usid=172.31.255.1_mizoky1g35oz4drputdklt4yb4cf4523&st=133757",
        "onclick": ""
      }
    ]
  }
}
[2026-07-23 13:37:59.719] [BROWSER] [DETAIL] kind=surgery; access_id=24da5312-7d7a-4bdb-9cd1-b47300b3d547; direct_url=yes; onclick=no
[2026-07-23 13:37:59.720] [BROWSER] [DETAIL] Mở liên kết trực tiếp: http://192.168.2.26:2026/home.aspx?scope=sys&lang=vi&wpid=phauthuatdraw&phauthuatid=24da5312-7d7a-4bdb-9cd1-b47300b3d547&keyword=h%C3%A0%20h%E1%BB%93ng%20v%C3%A2n&tg=6&tungay=01/04/2026&denngay=24/07/2026&usid=172.31.255.1_mizoky1g35oz4drputdklt4yb4cf4523&st=133757
[2026-07-23 13:38:00.799] [BROWSER] [DETAIL] Dữ liệu đọc được: {"complete_info": "Người hoàn tất: Hoàng Minh Tú (hmtu) | TG nhấn hoàn tất: 10:56 24/06/2026", "current_url": "http://192.168.2.26:2026/home.aspx?scope=sys&lang=vi&wpid=phauthuatdraw&phauthuatid=24da5312-7d7a-4bdb-9cd1-b47300b3d547&keyword=h%C3%A0%20h%E1%BB%93ng%20v%C3%A2n&tg=6&tungay=01/04/2026&denngay=24/07/2026&usid=172.31.255.1_mizoky1g35oz4drputdklt4yb4cf4523&st=133757", "doctor": "Hoàng Minh Tú", "doctor_field": "cbbBacSiPT", "doctor_found": true, "method": "Phẫu thuật điều trị ngón tay cò súng (1 ngón)", "patient_info": "", "root_found": true, "start_time": "10:30 24/06/2026"}
[2026-07-23 13:38:00.801] [BROWSER] [DETAIL] Nguồn bác sĩ: BS mổ chính; field=cbbBacSiPT; value=Hoàng Minh Tú
[2026-07-23 13:38:00.804] [DETAIL_OK] D/s Phẫu thuật: đọc được hồ sơ chi tiết
{
  "doctor_from_emr": "Hoàng Minh Tú",
  "mapped_alias": null,
  "mapped_name": null,
  "start_time": "10:30 24/06/2026",
  "method": "Phẫu thuật điều trị ngón tay cò súng (1 ngón)",
  "current_url": "http://192.168.2.26:2026/home.aspx?scope=sys&lang=vi&wpid=phauthuatdraw&phauthuatid=24da5312-7d7a-4bdb-9cd1-b47300b3d547&keyword=h%C3%A0%20h%E1%BB%93ng%20v%C3%A2n&tg=6&tungay=01/04/2026&denngay=24/07/2026&usid=172.31.255.1_mizoky1g35oz4drputdklt4yb4cf4523&st=133757",
  "total_score": 355.0,
  "method_score": 1.0
}
[2026-07-23 13:38:00.805] [DETAIL_BEGIN] D/s Phẫu thuật: mở ứng viên 2
{
  "detail_marker": "http://192.168.2.26:2026/home.aspx?scope=sys&lang=vi&wpid=phauthuatdraw&phauthuatid=e23cb5d9-5865-438a-8737-b47300ab33f8&keyword=h%C3%A0%20h%E1%BB%93ng%20v%C3%A2n&tg=6&tungay=01/04/2026&denngay=24/07/2026&usid=172.31.255.1_mizoky1g35oz4drputdklt4yb4cf4523&st=133757",
  "list_datetime": "2026-06-24 00:00:00",
  "list_method": "Phẫu thuật điều trị bệnh DE QUER VAIN và ngón tay cò súng [gây tê]",
  "row": {
    "access_id": "e23cb5d9-5865-438a-8737-b47300ab33f8",
    "known_fields": {
      "stt": "2",
      "ma_bn": "26003266",
      "ho_ten": "HÀ HỒNG VÂN (Phẫu thuật tại khoa)",
      "gioi_tinh": "Nam",
      "tuoi": "59 tuổi",
      "phong_mo": "PHÒNG PHẪU THUẬT",
      "noi_chuyen_mo": "Khoa Khám Bệnh",
      "noi_dung_phau_thuat": "Phẫu thuật điều trị bệnh DE QUER VAIN và ngón tay cò súng [gây tê]",
      "tinh_trang": "Thường",
      "thoi_gian": "24/06/2026",
      "trang_thai": "Không mổ",
      "doi_tuong": "Bảo hiểm",
      "tam_ung": "0"
    },
    "raw_text": "2 26003266 HÀ HỒNG VÂN (Phẫu thuật tại khoa) Nam 59 tuổi PHÒNG PHẪU THUẬT Khoa Khám Bệnh Phẫu thuật điều trị bệnh DE QUER VAIN và ngón tay cò súng [gây tê] Thường 24/06/2026 Không mổ Bảo hiểm 0",
    "links": [
      {
        "text": "2",
        "href": "http://192.168.2.26:2026/home.aspx?scope=sys&lang=vi&wpid=phauthuatdraw&phauthuatid=e23cb5d9-5865-438a-8737-b47300ab33f8&keyword=h%C3%A0%20h%E1%BB%93ng%20v%C3%A2n&tg=6&tungay=01/04/2026&denngay=24/07/2026&usid=172.31.255.1_mizoky1g35oz4drputdklt4yb4cf4523&st=133757",
        "onclick": ""
      },
      {
        "text": "26003266",
        "href": "http://192.168.2.26:2026/home.aspx?scope=sys&lang=vi&wpid=phauthuatdraw&phauthuatid=e23cb5d9-5865-438a-8737-b47300ab33f8&keyword=h%C3%A0%20h%E1%BB%93ng%20v%C3%A2n&tg=6&tungay=01/04/2026&denngay=24/07/2026&usid=172.31.255.1_mizoky1g35oz4drputdklt4yb4cf4523&st=133757",
        "onclick": ""
      },
      {
        "text": "HÀ HỒNG VÂN (Phẫu thuật tại khoa)",
        "href": "http://192.168.2.26:2026/home.aspx?scope=sys&lang=vi&wpid=phauthuatdraw&phauthuatid=e23cb5d9-5865-438a-8737-b47300ab33f8&keyword=h%C3%A0%20h%E1%BB%93ng%20v%C3%A2n&tg=6&tungay=01/04/2026&denngay=24/07/2026&usid=172.31.255.1_mizoky1g35oz4drputdklt4yb4cf4523&st=133757",
        "onclick": ""
      },
      {
        "text": "Nam",
        "href": "http://192.168.2.26:2026/home.aspx?scope=sys&lang=vi&wpid=phauthuatdraw&phauthuatid=e23cb5d9-5865-438a-8737-b47300ab33f8&keyword=h%C3%A0%20h%E1%BB%93ng%20v%C3%A2n&tg=6&tungay=01/04/2026&denngay=24/07/2026&usid=172.31.255.1_mizoky1g35oz4drputdklt4yb4cf4523&st=133757",
        "onclick": ""
      },
      {
        "text": "59 tuổi",
        "href": "http://192.168.2.26:2026/home.aspx?scope=sys&lang=vi&wpid=phauthuatdraw&phauthuatid=e23cb5d9-5865-438a-8737-b47300ab33f8&keyword=h%C3%A0%20h%E1%BB%93ng%20v%C3%A2n&tg=6&tungay=01/04/2026&denngay=24/07/2026&usid=172.31.255.1_mizoky1g35oz4drputdklt4yb4cf4523&st=133757",
        "onclick": ""
      },
      {
        "text": "PHÒNG PHẪU THUẬT",
        "href": "http://192.168.2.26:2026/home.aspx?scope=sys&lang=vi&wpid=phauthuatdraw&phauthuatid=e23cb5d9-5865-438a-8737-b47300ab33f8&keyword=h%C3%A0%20h%E1%BB%93ng%20v%C3%A2n&tg=6&tungay=01/04/2026&denngay=24/07/2026&usid=172.31.255.1_mizoky1g35oz4drputdklt4yb4cf4523&st=133757",
        "onclick": ""
      },
      {
        "text": "Khoa Khám Bệnh",
        "href": "http://192.168.2.26:2026/home.aspx?scope=sys&lang=vi&wpid=phauthuatdraw&phauthuatid=e23cb5d9-5865-438a-8737-b47300ab33f8&keyword=h%C3%A0%20h%E1%BB%93ng%20v%C3%A2n&tg=6&tungay=01/04/2026&denngay=24/07/2026&usid=172.31.255.1_mizoky1g35oz4drputdklt4yb4cf4523&st=133757",
        "onclick": ""
      },
      {
        "text": "Phẫu thuật điều trị bệnh DE QUER VAIN và ngón tay cò súng [gây tê]",
        "href": "http://192.168.2.26:2026/home.aspx?scope=sys&lang=vi&wpid=phauthuatdraw&phauthuatid=e23cb5d9-5865-438a-8737-b47300ab33f8&keyword=h%C3%A0%20h%E1%BB%93ng%20v%C3%A2n&tg=6&tungay=01/04/2026&denngay=24/07/2026&usid=172.31.255.1_mizoky1g35oz4drputdklt4yb4cf4523&st=133757",
        "onclick": ""
      },
      {
        "text": "Thường",
        "href": "http://192.168.2.26:2026/home.aspx?scope=sys&lang=vi&wpid=phauthuatdraw&phauthuatid=e23cb5d9-5865-438a-8737-b47300ab33f8&keyword=h%C3%A0%20h%E1%BB%93ng%20v%C3%A2n&tg=6&tungay=01/04/2026&denngay=24/07/2026&usid=172.31.255.1_mizoky1g35oz4drputdklt4yb4cf4523&st=133757",
        "onclick": ""
      },
      {
        "text": "24/06/2026",
        "href": "http://192.168.2.26:2026/home.aspx?scope=sys&lang=vi&wpid=phauthuatdraw&phauthuatid=e23cb5d9-5865-438a-8737-b47300ab33f8&keyword=h%C3%A0%20h%E1%BB%93ng%20v%C3%A2n&tg=6&tungay=01/04/2026&denngay=24/07/2026&usid=172.31.255.1_mizoky1g35oz4drputdklt4yb4cf4523&st=133757",
        "onclick": ""
      }
    ]
  }
}
[2026-07-23 13:38:00.813] [BROWSER] [DETAIL] kind=surgery; access_id=e23cb5d9-5865-438a-8737-b47300ab33f8; direct_url=yes; onclick=no
[2026-07-23 13:38:00.815] [BROWSER] [DETAIL] Mở liên kết trực tiếp: http://192.168.2.26:2026/home.aspx?scope=sys&lang=vi&wpid=phauthuatdraw&phauthuatid=e23cb5d9-5865-438a-8737-b47300ab33f8&keyword=h%C3%A0%20h%E1%BB%93ng%20v%C3%A2n&tg=6&tungay=01/04/2026&denngay=24/07/2026&usid=172.31.255.1_mizoky1g35oz4drputdklt4yb4cf4523&st=133757
[2026-07-23 13:38:02.017] [BROWSER] [DETAIL] Dữ liệu đọc được: {"complete_info": "Người hoàn tất: Hoàng Minh Tú (hmtu) | TG nhấn hoàn tất: 10:29 24/06/2026", "current_url": "http://192.168.2.26:2026/home.aspx?scope=sys&lang=vi&wpid=phauthuatdraw&phauthuatid=e23cb5d9-5865-438a-8737-b47300ab33f8&keyword=h%C3%A0%20h%E1%BB%93ng%20v%C3%A2n&tg=6&tungay=01/04/2026&denngay=24/07/2026&usid=172.31.255.1_mizoky1g35oz4drputdklt4yb4cf4523&st=133757", "doctor": "Hoàng Minh Tú", "doctor_field": "cbbBacSiPT", "doctor_found": true, "method": "Phẫu thuật điều trị bệnh DE QUER VAIN và ngón tay cò súng [gây tê]", "patient_info": "", "root_found": true, "start_time": "08:55 24/06/2026"}
[2026-07-23 13:38:02.018] [BROWSER] [DETAIL] Nguồn bác sĩ: BS mổ chính; field=cbbBacSiPT; value=Hoàng Minh Tú
[2026-07-23 13:38:02.021] [DETAIL_OK] D/s Phẫu thuật: đọc được hồ sơ chi tiết
{
  "doctor_from_emr": "Hoàng Minh Tú",
  "mapped_alias": null,
  "mapped_name": null,
  "start_time": "08:55 24/06/2026",
  "method": "Phẫu thuật điều trị bệnh DE QUER VAIN và ngón tay cò súng [gây tê]",
  "current_url": "http://192.168.2.26:2026/home.aspx?scope=sys&lang=vi&wpid=phauthuatdraw&phauthuatid=e23cb5d9-5865-438a-8737-b47300ab33f8&keyword=h%C3%A0%20h%E1%BB%93ng%20v%C3%A2n&tg=6&tungay=01/04/2026&denngay=24/07/2026&usid=172.31.255.1_mizoky1g35oz4drputdklt4yb4cf4523&st=133757",
  "total_score": 107.196261682243,
  "method_score": 0.7102803738317757
}
[2026-07-23 13:38:02.022] [EVALUATED] D/s Phẫu thuật: đánh giá 2 hồ sơ
{
  "items": [
    {
      "doctor": "Hoàng Minh Tú",
      "alias": null,
      "detail_datetime": "2026-06-24 10:30:00",
      "method_score": 1.0,
      "total_score": 355.0,
      "confidence_ok": false
    },
    {
      "doctor": "Hoàng Minh Tú",
      "alias": null,
      "detail_datetime": "2026-06-24 08:55:00",
      "method_score": 0.7102803738317757,
      "total_score": 107.196261682243,
      "confidence_ok": false
    }
  ]
}
[2026-07-23 13:38:02.022] [STOP_AT_SOURCE] D/s Phẫu thuật: đã thấy ca cùng ngày nên không sang nguồn khác
{
  "reason": "surgery: đã có ca cùng ngày nhưng chưa lấy được bác sĩ"
}
[2026-07-23 13:38:02.023] [ROW_UNMATCHED] Dòng 38: surgery: đã có ca cùng ngày nhưng chưa lấy được bác sĩ
{
  "rowNumber": 38,
  "patient": "HÀ HỒNG VÂN",
  "time": "10:30 24/06/2026",
  "method": "Phẫu thuật điều trị ngón tay cò súng (1 ngón)",
  "oldValue": "",
  "status": "unmatched",
  "reason": "surgery: đã có ca cùng ngày nhưng chưa lấy được bác sĩ"
}
[2026-07-23 13:38:02.023] [ROW_END] Kết thúc dòng 38
{
  "status": "unmatched",
  "new_value": null,
  "reason": "surgery: đã có ca cùng ngày nhưng chưa lấy được bác sĩ"
}
[2026-07-23 13:38:02.024] [ROW_BEGIN] [9/20] Bắt đầu dòng 49: LƯƠNG TẤN VINH
{
  "raw_time": "2026/06/01 16:23",
  "parsed_time": "16:23 01/06/2026",
  "method": "Khâu vết thương phần mềm dài dưới 10 cm [tổn thương nông]",
  "old_value": ""
}
[2026-07-23 13:38:02.025] [SEARCH_BEGIN] dòng 49: tìm LƯƠNG TẤN VINH tại D/s Thủ thuật
{
  "patient": "LƯƠNG TẤN VINH",
  "target_time": "2026-06-01 16:23:00",
  "target_method": "Khâu vết thương phần mềm dài dưới 10 cm [tổn thương nông]",
  "source": "procedure"
}
[2026-07-23 13:38:02.492] [BROWSER] [NAV] D/s Thủ thuật: http://192.168.2.26:2026/home.aspx?scope=sys&lang=vi&wpid=danhsachthuthuatdraw&role=323&usid=172.31.255.1_mizoky1g35oz4drputdklt4yb4cf4523&st=133758
[2026-07-23 13:38:04.415] [BROWSER] [FILTER] 3 tháng
[2026-07-23 13:38:04.910] [BROWSER] [SEARCH] Nhập 'LƯƠNG TẤN VINH' vào #txtTimKiem
[2026-07-23 13:38:05.100] [BROWSER] [SEARCH] Đã bấm Tìm kiếm bằng #btnTimKiem
[2026-07-23 13:38:05.121] [BROWSER] [RESULT] D/s Thủ thuật: 1 dòng
[2026-07-23 13:38:05.129] [SEARCH_RESULT] D/s Thủ thuật: nhận 1 dòng
{
  "current_url": "http://192.168.2.26:2026/home.aspx?scope=sys&lang=vi&wpid=danhsachthuthuatdraw&role=323&usid=172.31.255.1_mizoky1g35oz4drputdklt4yb4cf4523&st=133758",
  "search_input_id": "txtTimKiem",
  "search_trigger": "#btnTimKiem",
  "headers": [
    "STT",
    "Ngày thủ thuật",
    "Mã BN",
    "Họ tên",
    "Giới tính",
    "Tuổi",
    "Đối tượng",
    "Nơi chỉ định",
    "Chỉ định thủ thuật",
    "Tạm ứng",
    "Phải thanh toán",
    "Tình trạng",
    "Thời gian chỉ định",
    "Trạng thái"
  ],
  "rows": [
    {
      "access_id": "b4eb1056-6e36-4c2b-85ba-b45c010f8d51",
      "known_fields": {
        "stt": "1",
        "ngay_thu_thuat": "13:28 23/07/2026",
        "ma_bn": "26060665",
        "ho_ten": "LƯƠNG TẤN VINH",
        "gioi_tinh": "Nữ",
        "tuoi": "12 tuổi",
        "doi_tuong": "Viện phí",
        "noi_chi_dinh": "PHÒNG KHÁM CHẤN THƯƠNG CHỈNH HÌNH - 20B",
        "chi_dinh_thu_thuat": "Khâu vết thương phần mềm dài dưới 10 cm [tổn thương nông]",
        "tam_ung": "0",
        "phai_thanh_toan": "600,000",
        "tinh_trang": "Thường",
        "thoi_gian_chi_dinh": "16:23 01/06/2026",
        "trang_thai": "Chờ thực hiện"
      },
      "raw_text": "1 13:28 23/07/2026 26060665 LƯƠNG TẤN VINH Nữ 12 tuổi Viện phí PHÒNG KHÁM CHẤN THƯƠNG CHỈNH HÌNH - 20B Khâu vết thương phần mềm dài dưới 10 cm [tổn thương nông] 0 600,000 Thường 16:23 01/06/2026 Chờ thực hiện",
      "links": [
        {
          "text": "1",
          "href": "http://192.168.2.26:2026/home.aspx?scope=sys&lang=vi&wpid=thuthuatnewdraw&thuthuatid=b4eb1056-6e36-4c2b-85ba-b45c010f8d51&usid=172.31.255.1_mizoky1g35oz4drputdklt4yb4cf4523&st=133802",
          "onclick": ""
        },
        {
          "text": "13:28 23/07/2026",
          "href": "http://192.168.2.26:2026/home.aspx?scope=sys&lang=vi&wpid=thuthuatnewdraw&thuthuatid=b4eb1056-6e36-4c2b-85ba-b45c010f8d51&usid=172.31.255.1_mizoky1g35oz4drputdklt4yb4cf4523&st=133802",
          "onclick": ""
        },
        {
          "text": "26060665",
          "href": "http://192.168.2.26:2026/home.aspx?scope=sys&lang=vi&wpid=thuthuatnewdraw&thuthuatid=b4eb1056-6e36-4c2b-85ba-b45c010f8d51&usid=172.31.255.1_mizoky1g35oz4drputdklt4yb4cf4523&st=133802",
          "onclick": ""
        },
        {
          "text": "LƯƠNG TẤN VINH",
          "href": "http://192.168.2.26:2026/home.aspx?scope=sys&lang=vi&wpid=thuthuatnewdraw&thuthuatid=b4eb1056-6e36-4c2b-85ba-b45c010f8d51&usid=172.31.255.1_mizoky1g35oz4drputdklt4yb4cf4523&st=133802",
          "onclick": ""
        },
        {
          "text": "Nữ",
          "href": "http://192.168.2.26:2026/home.aspx?scope=sys&lang=vi&wpid=thuthuatnewdraw&thuthuatid=b4eb1056-6e36-4c2b-85ba-b45c010f8d51&usid=172.31.255.1_mizoky1g35oz4drputdklt4yb4cf4523&st=133802",
          "onclick": ""
        },
        {
          "text": "12 tuổi",
          "href": "http://192.168.2.26:2026/home.aspx?scope=sys&lang=vi&wpid=thuthuatnewdraw&thuthuatid=b4eb1056-6e36-4c2b-85ba-b45c010f8d51&usid=172.31.255.1_mizoky1g35oz4drputdklt4yb4cf4523&st=133802",
          "onclick": ""
        },
        {
          "text": "Viện phí",
          "href": "http://192.168.2.26:2026/home.aspx?scope=sys&lang=vi&wpid=thuthuatnewdraw&thuthuatid=b4eb1056-6e36-4c2b-85ba-b45c010f8d51&usid=172.31.255.1_mizoky1g35oz4drputdklt4yb4cf4523&st=133802",
          "onclick": ""
        },
        {
          "text": "PHÒNG KHÁM CHẤN THƯƠNG CHỈNH HÌNH - 20B",
          "href": "http://192.168.2.26:2026/home.aspx?scope=sys&lang=vi&wpid=thuthuatnewdraw&thuthuatid=b4eb1056-6e36-4c2b-85ba-b45c010f8d51&usid=172.31.255.1_mizoky1g35oz4drputdklt4yb4cf4523&st=133802",
          "onclick": ""
        },
        {
          "text": "Khâu vết thương phần mềm dài dưới 10 cm [tổn thương nông]",
          "href": "http://192.168.2.26:2026/home.aspx?scope=sys&lang=vi&wpid=thuthuatnewdraw&thuthuatid=b4eb1056-6e36-4c2b-85ba-b45c010f8d51&usid=172.31.255.1_mizoky1g35oz4drputdklt4yb4cf4523&st=133802",
          "onclick": ""
        },
        {
          "text": "0",
          "href": "http://192.168.2.26:2026/home.aspx?scope=sys&lang=vi&wpid=thuthuatnewdraw&thuthuatid=b4eb1056-6e36-4c2b-85ba-b45c010f8d51&usid=172.31.255.1_mizoky1g35oz4drputdklt4yb4cf4523&st=133802",
          "onclick": ""
        },
        {
          "text": "600,000",
          "href": "http://192.168.2.26:2026/home.aspx?scope=sys&lang=vi&wpid=thuthuatnewdraw&thuthuatid=b4eb1056-6e36-4c2b-85ba-b45c010f8d51&usid=172.31.255.1_mizoky1g35oz4drputdklt4yb4cf4523&st=133802",
          "onclick": ""
        },
        {
          "text": "Thường",
          "href": "http://192.168.2.26:2026/home.aspx?scope=sys&lang=vi&wpid=thuthuatnewdraw&thuthuatid=b4eb1056-6e36-4c2b-85ba-b45c010f8d51&usid=172.31.255.1_mizoky1g35oz4drputdklt4yb4cf4523&st=133802",
          "onclick": ""
        },
        {
          "text": "16:23 01/06/2026",
          "href": "http://192.168.2.26:2026/home.aspx?scope=sys&lang=vi&wpid=thuthuatnewdraw&thuthuatid=b4eb1056-6e36-4c2b-85ba-b45c010f8d51&usid=172.31.255.1_mizoky1g35oz4drputdklt4yb4cf4523&st=133802",
          "onclick": ""
        },
        {
          "text": "Chờ thực hiện",
          "href": "http://192.168.2.26:2026/home.aspx?scope=sys&lang=vi&wpid=thuthuatnewdraw&thuthuatid=b4eb1056-6e36-4c2b-85ba-b45c010f8d51&usid=172.31.255.1_mizoky1g35oz4drputdklt4yb4cf4523&st=133802",
          "onclick": ""
        }
      ]
    }
  ]
}
[2026-07-23 13:38:05.131] [CANDIDATES] D/s Thủ thuật: có 1 ứng viên cùng người bệnh
{
  "candidates": [
    {
      "list_score": 75.0,
      "list_datetime": "2026-07-23 13:28:00",
      "list_method": "Khâu vết thương phần mềm dài dưới 10 cm [tổn thương nông]",
      "detail_marker": "http://192.168.2.26:2026/home.aspx?scope=sys&lang=vi&wpid=thuthuatnewdraw&thuthuatid=b4eb1056-6e36-4c2b-85ba-b45c010f8d51&usid=172.31.255.1_mizoky1g35oz4drputdklt4yb4cf4523&st=133802",
      "row": {
        "access_id": "b4eb1056-6e36-4c2b-85ba-b45c010f8d51",
        "known_fields": {
          "stt": "1",
          "ngay_thu_thuat": "13:28 23/07/2026",
          "ma_bn": "26060665",
          "ho_ten": "LƯƠNG TẤN VINH",
          "gioi_tinh": "Nữ",
          "tuoi": "12 tuổi",
          "doi_tuong": "Viện phí",
          "noi_chi_dinh": "PHÒNG KHÁM CHẤN THƯƠNG CHỈNH HÌNH - 20B",
          "chi_dinh_thu_thuat": "Khâu vết thương phần mềm dài dưới 10 cm [tổn thương nông]",
          "tam_ung": "0",
          "phai_thanh_toan": "600,000",
          "tinh_trang": "Thường",
          "thoi_gian_chi_dinh": "16:23 01/06/2026",
          "trang_thai": "Chờ thực hiện"
        },
        "raw_text": "1 13:28 23/07/2026 26060665 LƯƠNG TẤN VINH Nữ 12 tuổi Viện phí PHÒNG KHÁM CHẤN THƯƠNG CHỈNH HÌNH - 20B Khâu vết thương phần mềm dài dưới 10 cm [tổn thương nông] 0 600,000 Thường 16:23 01/06/2026 Chờ thực hiện",
        "links": [
          {
            "text": "1",
            "href": "http://192.168.2.26:2026/home.aspx?scope=sys&lang=vi&wpid=thuthuatnewdraw&thuthuatid=b4eb1056-6e36-4c2b-85ba-b45c010f8d51&usid=172.31.255.1_mizoky1g35oz4drputdklt4yb4cf4523&st=133802",
            "onclick": ""
          },
          {
            "text": "13:28 23/07/2026",
            "href": "http://192.168.2.26:2026/home.aspx?scope=sys&lang=vi&wpid=thuthuatnewdraw&thuthuatid=b4eb1056-6e36-4c2b-85ba-b45c010f8d51&usid=172.31.255.1_mizoky1g35oz4drputdklt4yb4cf4523&st=133802",
            "onclick": ""
          },
          {
            "text": "26060665",
            "href": "http://192.168.2.26:2026/home.aspx?scope=sys&lang=vi&wpid=thuthuatnewdraw&thuthuatid=b4eb1056-6e36-4c2b-85ba-b45c010f8d51&usid=172.31.255.1_mizoky1g35oz4drputdklt4yb4cf4523&st=133802",
            "onclick": ""
          },
          {
            "text": "LƯƠNG TẤN VINH",
            "href": "http://192.168.2.26:2026/home.aspx?scope=sys&lang=vi&wpid=thuthuatnewdraw&thuthuatid=b4eb1056-6e36-4c2b-85ba-b45c010f8d51&usid=172.31.255.1_mizoky1g35oz4drputdklt4yb4cf4523&st=133802",
            "onclick": ""
          },
          {
            "text": "Nữ",
            "href": "http://192.168.2.26:2026/home.aspx?scope=sys&lang=vi&wpid=thuthuatnewdraw&thuthuatid=b4eb1056-6e36-4c2b-85ba-b45c010f8d51&usid=172.31.255.1_mizoky1g35oz4drputdklt4yb4cf4523&st=133802",
            "onclick": ""
          },
          {
            "text": "12 tuổi",
            "href": "http://192.168.2.26:2026/home.aspx?scope=sys&lang=vi&wpid=thuthuatnewdraw&thuthuatid=b4eb1056-6e36-4c2b-85ba-b45c010f8d51&usid=172.31.255.1_mizoky1g35oz4drputdklt4yb4cf4523&st=133802",
            "onclick": ""
          },
          {
            "text": "Viện phí",
            "href": "http://192.168.2.26:2026/home.aspx?scope=sys&lang=vi&wpid=thuthuatnewdraw&thuthuatid=b4eb1056-6e36-4c2b-85ba-b45c010f8d51&usid=172.31.255.1_mizoky1g35oz4drputdklt4yb4cf4523&st=133802",
            "onclick": ""
          },
          {
            "text": "PHÒNG KHÁM CHẤN THƯƠNG CHỈNH HÌNH - 20B",
            "href": "http://192.168.2.26:2026/home.aspx?scope=sys&lang=vi&wpid=thuthuatnewdraw&thuthuatid=b4eb1056-6e36-4c2b-85ba-b45c010f8d51&usid=172.31.255.1_mizoky1g35oz4drputdklt4yb4cf4523&st=133802",
            "onclick": ""
          },
          {
            "text": "Khâu vết thương phần mềm dài dưới 10 cm [tổn thương nông]",
            "href": "http://192.168.2.26:2026/home.aspx?scope=sys&lang=vi&wpid=thuthuatnewdraw&thuthuatid=b4eb1056-6e36-4c2b-85ba-b45c010f8d51&usid=172.31.255.1_mizoky1g35oz4drputdklt4yb4cf4523&st=133802",
            "onclick": ""
          },
          {
            "text": "0",
            "href": "http://192.168.2.26:2026/home.aspx?scope=sys&lang=vi&wpid=thuthuatnewdraw&thuthuatid=b4eb1056-6e36-4c2b-85ba-b45c010f8d51&usid=172.31.255.1_mizoky1g35oz4drputdklt4yb4cf4523&st=133802",
            "onclick": ""
          },
          {
            "text": "600,000",
            "href": "http://192.168.2.26:2026/home.aspx?scope=sys&lang=vi&wpid=thuthuatnewdraw&thuthuatid=b4eb1056-6e36-4c2b-85ba-b45c010f8d51&usid=172.31.255.1_mizoky1g35oz4drputdklt4yb4cf4523&st=133802",
            "onclick": ""
          },
          {
            "text": "Thường",
            "href": "http://192.168.2.26:2026/home.aspx?scope=sys&lang=vi&wpid=thuthuatnewdraw&thuthuatid=b4eb1056-6e36-4c2b-85ba-b45c010f8d51&usid=172.31.255.1_mizoky1g35oz4drputdklt4yb4cf4523&st=133802",
            "onclick": ""
          },
          {
            "text": "16:23 01/06/2026",
            "href": "http://192.168.2.26:2026/home.aspx?scope=sys&lang=vi&wpid=thuthuatnewdraw&thuthuatid=b4eb1056-6e36-4c2b-85ba-b45c010f8d51&usid=172.31.255.1_mizoky1g35oz4drputdklt4yb4cf4523&st=133802",
            "onclick": ""
          },
          {
            "text": "Chờ thực hiện",
            "href": "http://192.168.2.26:2026/home.aspx?scope=sys&lang=vi&wpid=thuthuatnewdraw&thuthuatid=b4eb1056-6e36-4c2b-85ba-b45c010f8d51&usid=172.31.255.1_mizoky1g35oz4drputdklt4yb4cf4523&st=133802",
            "onclick": ""
          }
        ]
      }
    }
  ]
}
[2026-07-23 13:38:05.133] [DETAIL_BEGIN] D/s Thủ thuật: mở ứng viên 1
{
  "detail_marker": "http://192.168.2.26:2026/home.aspx?scope=sys&lang=vi&wpid=thuthuatnewdraw&thuthuatid=b4eb1056-6e36-4c2b-85ba-b45c010f8d51&usid=172.31.255.1_mizoky1g35oz4drputdklt4yb4cf4523&st=133802",
  "list_datetime": "2026-07-23 13:28:00",
  "list_method": "Khâu vết thương phần mềm dài dưới 10 cm [tổn thương nông]",
  "row": {
    "access_id": "b4eb1056-6e36-4c2b-85ba-b45c010f8d51",
    "known_fields": {
      "stt": "1",
      "ngay_thu_thuat": "13:28 23/07/2026",
      "ma_bn": "26060665",
      "ho_ten": "LƯƠNG TẤN VINH",
      "gioi_tinh": "Nữ",
      "tuoi": "12 tuổi",
      "doi_tuong": "Viện phí",
      "noi_chi_dinh": "PHÒNG KHÁM CHẤN THƯƠNG CHỈNH HÌNH - 20B",
      "chi_dinh_thu_thuat": "Khâu vết thương phần mềm dài dưới 10 cm [tổn thương nông]",
      "tam_ung": "0",
      "phai_thanh_toan": "600,000",
      "tinh_trang": "Thường",
      "thoi_gian_chi_dinh": "16:23 01/06/2026",
      "trang_thai": "Chờ thực hiện"
    },
    "raw_text": "1 13:28 23/07/2026 26060665 LƯƠNG TẤN VINH Nữ 12 tuổi Viện phí PHÒNG KHÁM CHẤN THƯƠNG CHỈNH HÌNH - 20B Khâu vết thương phần mềm dài dưới 10 cm [tổn thương nông] 0 600,000 Thường 16:23 01/06/2026 Chờ thực hiện",
    "links": [
      {
        "text": "1",
        "href": "http://192.168.2.26:2026/home.aspx?scope=sys&lang=vi&wpid=thuthuatnewdraw&thuthuatid=b4eb1056-6e36-4c2b-85ba-b45c010f8d51&usid=172.31.255.1_mizoky1g35oz4drputdklt4yb4cf4523&st=133802",
        "onclick": ""
      },
      {
        "text": "13:28 23/07/2026",
        "href": "http://192.168.2.26:2026/home.aspx?scope=sys&lang=vi&wpid=thuthuatnewdraw&thuthuatid=b4eb1056-6e36-4c2b-85ba-b45c010f8d51&usid=172.31.255.1_mizoky1g35oz4drputdklt4yb4cf4523&st=133802",
        "onclick": ""
      },
      {
        "text": "26060665",
        "href": "http://192.168.2.26:2026/home.aspx?scope=sys&lang=vi&wpid=thuthuatnewdraw&thuthuatid=b4eb1056-6e36-4c2b-85ba-b45c010f8d51&usid=172.31.255.1_mizoky1g35oz4drputdklt4yb4cf4523&st=133802",
        "onclick": ""
      },
      {
        "text": "LƯƠNG TẤN VINH",
        "href": "http://192.168.2.26:2026/home.aspx?scope=sys&lang=vi&wpid=thuthuatnewdraw&thuthuatid=b4eb1056-6e36-4c2b-85ba-b45c010f8d51&usid=172.31.255.1_mizoky1g35oz4drputdklt4yb4cf4523&st=133802",
        "onclick": ""
      },
      {
        "text": "Nữ",
        "href": "http://192.168.2.26:2026/home.aspx?scope=sys&lang=vi&wpid=thuthuatnewdraw&thuthuatid=b4eb1056-6e36-4c2b-85ba-b45c010f8d51&usid=172.31.255.1_mizoky1g35oz4drputdklt4yb4cf4523&st=133802",
        "onclick": ""
      },
      {
        "text": "12 tuổi",
        "href": "http://192.168.2.26:2026/home.aspx?scope=sys&lang=vi&wpid=thuthuatnewdraw&thuthuatid=b4eb1056-6e36-4c2b-85ba-b45c010f8d51&usid=172.31.255.1_mizoky1g35oz4drputdklt4yb4cf4523&st=133802",
        "onclick": ""
      },
      {
        "text": "Viện phí",
        "href": "http://192.168.2.26:2026/home.aspx?scope=sys&lang=vi&wpid=thuthuatnewdraw&thuthuatid=b4eb1056-6e36-4c2b-85ba-b45c010f8d51&usid=172.31.255.1_mizoky1g35oz4drputdklt4yb4cf4523&st=133802",
        "onclick": ""
      },
      {
        "text": "PHÒNG KHÁM CHẤN THƯƠNG CHỈNH HÌNH - 20B",
        "href": "http://192.168.2.26:2026/home.aspx?scope=sys&lang=vi&wpid=thuthuatnewdraw&thuthuatid=b4eb1056-6e36-4c2b-85ba-b45c010f8d51&usid=172.31.255.1_mizoky1g35oz4drputdklt4yb4cf4523&st=133802",
        "onclick": ""
      },
      {
        "text": "Khâu vết thương phần mềm dài dưới 10 cm [tổn thương nông]",
        "href": "http://192.168.2.26:2026/home.aspx?scope=sys&lang=vi&wpid=thuthuatnewdraw&thuthuatid=b4eb1056-6e36-4c2b-85ba-b45c010f8d51&usid=172.31.255.1_mizoky1g35oz4drputdklt4yb4cf4523&st=133802",
        "onclick": ""
      },
      {
        "text": "0",
        "href": "http://192.168.2.26:2026/home.aspx?scope=sys&lang=vi&wpid=thuthuatnewdraw&thuthuatid=b4eb1056-6e36-4c2b-85ba-b45c010f8d51&usid=172.31.255.1_mizoky1g35oz4drputdklt4yb4cf4523&st=133802",
        "onclick": ""
      },
      {
        "text": "600,000",
        "href": "http://192.168.2.26:2026/home.aspx?scope=sys&lang=vi&wpid=thuthuatnewdraw&thuthuatid=b4eb1056-6e36-4c2b-85ba-b45c010f8d51&usid=172.31.255.1_mizoky1g35oz4drputdklt4yb4cf4523&st=133802",
        "onclick": ""
      },
      {
        "text": "Thường",
        "href": "http://192.168.2.26:2026/home.aspx?scope=sys&lang=vi&wpid=thuthuatnewdraw&thuthuatid=b4eb1056-6e36-4c2b-85ba-b45c010f8d51&usid=172.31.255.1_mizoky1g35oz4drputdklt4yb4cf4523&st=133802",
        "onclick": ""
      },
      {
        "text": "16:23 01/06/2026",
        "href": "http://192.168.2.26:2026/home.aspx?scope=sys&lang=vi&wpid=thuthuatnewdraw&thuthuatid=b4eb1056-6e36-4c2b-85ba-b45c010f8d51&usid=172.31.255.1_mizoky1g35oz4drputdklt4yb4cf4523&st=133802",
        "onclick": ""
      },
      {
        "text": "Chờ thực hiện",
        "href": "http://192.168.2.26:2026/home.aspx?scope=sys&lang=vi&wpid=thuthuatnewdraw&thuthuatid=b4eb1056-6e36-4c2b-85ba-b45c010f8d51&usid=172.31.255.1_mizoky1g35oz4drputdklt4yb4cf4523&st=133802",
        "onclick": ""
      }
    ]
  }
}
[2026-07-23 13:38:05.143] [BROWSER] [DETAIL] kind=procedure; access_id=b4eb1056-6e36-4c2b-85ba-b45c010f8d51; direct_url=yes; onclick=no
[2026-07-23 13:38:05.145] [BROWSER] [DETAIL] Mở liên kết trực tiếp: http://192.168.2.26:2026/home.aspx?scope=sys&lang=vi&wpid=thuthuatnewdraw&thuthuatid=b4eb1056-6e36-4c2b-85ba-b45c010f8d51&usid=172.31.255.1_mizoky1g35oz4drputdklt4yb4cf4523&st=133802
[2026-07-23 13:38:05.941] [BROWSER] [DETAIL] Dữ liệu đọc được: {"complete_info": "", "current_url": "http://192.168.2.26:2026/home.aspx?scope=sys&lang=vi&wpid=thuthuatnewdraw&thuthuatid=b4eb1056-6e36-4c2b-85ba-b45c010f8d51&usid=172.31.255.1_mizoky1g35oz4drputdklt4yb4cf4523&st=133802", "doctor": "Phạm Việt Tân", "doctor_field": "txtBacSyChiDinh", "doctor_found": true, "method": "Khâu vết thương phần mềm dài dưới 10 cm [tổn thương nông]", "patient_info": "(26060665 | LƯƠNG TẤN VINH, 01/01/2014, Nữ, 12 tuổi | Viện phí)", "root_found": true, "start_time": "13:38 23/07/2026"}
[2026-07-23 13:38:05.943] [BROWSER] [DETAIL] Nguồn bác sĩ: Bác sĩ chỉ định; field=txtBacSyChiDinh; value=Phạm Việt Tân
[2026-07-23 13:38:05.944] [DETAIL_OK] D/s Thủ thuật: đọc được hồ sơ chi tiết
{
  "doctor_from_emr": "Phạm Việt Tân",
  "mapped_alias": "V.TÂN",
  "mapped_name": "Phạm Việt Tân",
  "start_time": "13:38 23/07/2026",
  "method": "Khâu vết thương phần mềm dài dưới 10 cm [tổn thương nông]",
  "current_url": "http://192.168.2.26:2026/home.aspx?scope=sys&lang=vi&wpid=thuthuatnewdraw&thuthuatid=b4eb1056-6e36-4c2b-85ba-b45c010f8d51&usid=172.31.255.1_mizoky1g35oz4drputdklt4yb4cf4523&st=133802",
  "total_score": 145.0,
  "method_score": 1.0
}
[2026-07-23 13:38:05.948] [EVALUATED] D/s Thủ thuật: đánh giá 1 hồ sơ
{
  "items": [
    {
      "doctor": "Phạm Việt Tân",
      "alias": "V.TÂN",
      "detail_datetime": "2026-07-23 13:38:00",
      "method_score": 1.0,
      "total_score": 145.0,
      "confidence_ok": false
    }
  ]
}
[2026-07-23 13:38:05.949] [SEARCH_BEGIN] dòng 49: tìm LƯƠNG TẤN VINH tại D/s Phẫu thuật
{
  "patient": "LƯƠNG TẤN VINH",
  "target_time": "2026-06-01 16:23:00",
  "target_method": "Khâu vết thương phần mềm dài dưới 10 cm [tổn thương nông]",
  "source": "surgery"
}
[2026-07-23 13:38:06.338] [BROWSER] [NAV] D/s Phẫu thuật: http://192.168.2.26:2026/home.aspx?scope=sys&lang=vi&wpid=danhsachphauthuatdraw&role=323&usid=172.31.255.1_mizoky1g35oz4drputdklt4yb4cf4523&st=133802
[2026-07-23 13:38:08.380] [BROWSER] [FILTER] 3 tháng
[2026-07-23 13:38:08.881] [BROWSER] [SEARCH] Nhập 'LƯƠNG TẤN VINH' vào #txtTimKiem
[2026-07-23 13:38:08.979] [BROWSER] [SEARCH] Đã bấm Tìm kiếm bằng #btnTimKiem
[2026-07-23 13:38:28.263] [SEARCH_ERROR] surgery: lỗi tìm kiếm Message: no such window: target window already closed
from unknown error: web view not found
  (Session info: chrome=150.0.7871.181)
Stacktrace:
	chromedriver!GetHandleVerifier [0x7ff6244e0d25+155a5]
	chromedriver!GetHandleVerifier [0x7ff6244e0d80+15600]
	chromedriver!(No symbol) [0x7ff62403594d]
	chromedriver!(No symbol) [0x7ff62400c792]
	chromedriver!(No symbol) [0x7ff6240c0536]
	chromedriver!(No symbol) [0x7ff6240dd902]
	chromedriver!(No symbol) [0x7ff624082e6c]
	chromedriver!(No symbol) [0x7ff624083d93]
	chromedriver!GetHandleVerifier [0x7ff624ac6431+5facb1]
	chromedriver!GetHandleVerifier [0x7ff624ac0a9b+5f531b]
	chromedriver!GetHandleVerifier [0x7ff624ae5865+61a0e5]
	chromedriver!GetHandleVerifier [0x7ff6244fdace+3234e]
	chromedriver!GetHandleVerifier [0x7ff62450661c+3ae9c]
	chromedriver!GetHandleVerifier [0x7ff6244eab74+1f3f4]
	chromedriver!GetHandleVerifier [0x7ff6244ead04+1f584]
	chromedriver!GetHandleVerifier [0x7ff6244cd9d7+2257]
	KERNEL32!BaseThreadInitThunk [0x7ffc2a1ee957+17]
	ntdll!RtlUserThreadStart [0x7ffc2b7aad6c+2c]

{
  "traceback": "Traceback (most recent call last):\n  File \"E:\\Thong_ke\\emr_tieuphau_fill.py\", line 547, in find_doctor_for_row\n    result = client.search(source, patient_name, months=3).to_dict()\n             ~~~~~~~~~~~~~^^^^^^^^^^^^^^^^^^^^^^^^^^^^^^^^\n  File \"E:\\Thong_ke\\emr_integration\\emr_list_search.py\", line 288, in search\n    headers, rows = self._extract_visible_rows(query, kind)\n                    ~~~~~~~~~~~~~~~~~~~~~~~~~~^^^^^^^^^^^^^\n  File \"E:\\Thong_ke\\emr_integration\\emr_list_search.py\", line 632, in _extract_visible_rows\n    raw_tables = self.driver.execute_script(\n                 ~~~~~~~~~~~~~~~~~~~~~~~~~~^\n        r\"\"\"\n        ^^^^\n    ...<28 lines>...\n        _norm(query),\n        ^^^^^^^^^^^^^\n    ) or []\n    ^\n  File \"E:\\Thong_ke\\.venv\\Lib\\site-packages\\selenium\\webdriver\\remote\\webdriver.py\", line 602, in execute_script\n    return self.execute(command, {\"script\": script, \"args\": converted_args})[\"value\"]\n           ~~~~~~~~~~~~^^^^^^^^^^^^^^^^^^^^^^^^^^^^^^^^^^^^^^^^^^^^^^^^^^^^^\n  File \"E:\\Thong_ke\\.venv\\Lib\\site-packages\\selenium\\webdriver\\remote\\webdriver.py\", line 492, in execute\n    self.error_handler.check_response(response)\n    ~~~~~~~~~~~~~~~~~~~~~~~~~~~~~~~~~^^^^^^^^^^\n  File \"E:\\Thong_ke\\.venv\\Lib\\site-packages\\selenium\\webdriver\\remote\\errorhandler.py\", line 232, in check_response\n    raise exception_class(message, screen, stacktrace)\nselenium.common.exceptions.NoSuchWindowException: Message: no such window: target window already closed\nfrom unknown error: web view not found\n  (Session info: chrome=150.0.7871.181)\nStacktrace:\n\tchromedriver!GetHandleVerifier [0x7ff6244e0d25+155a5]\n\tchromedriver!GetHandleVerifier [0x7ff6244e0d80+15600]\n\tchromedriver!(No symbol) [0x7ff62403594d]\n\tchromedriver!(No symbol) [0x7ff62400c792]\n\tchromedriver!(No symbol) [0x7ff6240c0536]\n\tchromedriver!(No symbol) [0x7ff6240dd902]\n\tchromedriver!(No symbol) [0x7ff624082e6c]\n\tchromedriver!(No symbol) [0x7ff624083d93]\n\tchromedriver!GetHandleVerifier [0x7ff624ac6431+5facb1]\n\tchromedriver!GetHandleVerifier [0x7ff624ac0a9b+5f531b]\n\tchromedriver!GetHandleVerifier [0x7ff624ae5865+61a0e5]\n\tchromedriver!GetHandleVerifier [0x7ff6244fdace+3234e]\n\tchromedriver!GetHandleVerifier [0x7ff62450661c+3ae9c]\n\tchromedriver!GetHandleVerifier [0x7ff6244eab74+1f3f4]\n\tchromedriver!GetHandleVerifier [0x7ff6244ead04+1f584]\n\tchromedriver!GetHandleVerifier [0x7ff6244cd9d7+2257]\n\tKERNEL32!BaseThreadInitThunk [0x7ffc2a1ee957+17]\n\tntdll!RtlUserThreadStart [0x7ffc2b7aad6c+2c]\n\n"
}
[2026-07-23 13:38:28.269] [DUMP] Đã lưu trạng thái trình duyệt: 49_surgery_search_error
{
  "meta": "E:\\Thong_ke\\emr_debug\\20260723_133656_331\\133828_265_49_surgery_search_error.json"
}
[2026-07-23 13:38:28.270] [ROW_UNMATCHED] Dòng 49: procedure: có kết quả nhưng không khớp ngày; surgery: lỗi tìm kiếm Message: no such window: target window already closed
from unknown error: web view not found
  (Session info: chrome=150.0.7871.181)
Stacktrace:
	chromedriver!GetHandleVerifier [0x7ff6244e0d25+155a5]
	chromedriver!GetHandleVerifier [0x7ff6244e0d80+15600]
	chromedriver!(No symbol) [0x7ff62403594d]
	chromedriver!(No symbol) [0x7ff62400c792]
	chromedriver!(No symbol) [0x7ff6240c0536]
	chromedriver!(No symbol) [0x7ff6240dd902]
	chromedriver!(No symbol) [0x7ff624082e6c]
	chromedriver!(No symbol) [0x7ff624083d93]
	chromedriver!GetHandleVerifier [0x7ff624ac6431+5facb1]
	chromedriver!GetHandleVerifier [0x7ff624ac0a9b+5f531b]
	chromedriver!GetHandleVerifier [0x7ff624ae5865+61a0e5]
	chromedriver!GetHandleVerifier [0x7ff6244fdace+3234e]
	chromedriver!GetHandleVerifier [0x7ff62450661c+3ae9c]
	chromedriver!GetHandleVerifier [0x7ff6244eab74+1f3f4]
	chromedriver!GetHandleVerifier [0x7ff6244ead04+1f584]
	chromedriver!GetHandleVerifier [0x7ff6244cd9d7+2257]
	KERNEL32!BaseThreadInitThunk [0x7ffc2a1ee957+17]
	ntdll!RtlUserThreadStart [0x7ffc2b7aad6c+2c]

{
  "rowNumber": 49,
  "patient": "LƯƠNG TẤN VINH",
  "time": "16:23 01/06/2026",
  "method": "Khâu vết thương phần mềm dài dưới 10 cm [tổn thương nông]",
  "oldValue": "",
  "status": "unmatched",
  "reason": "procedure: có kết quả nhưng không khớp ngày; surgery: lỗi tìm kiếm Message: no such window: target window already closed\nfrom unknown error: web view not found\n  (Session info: chrome=150.0.7871.181)\nStacktrace:\n\tchromedriver!GetHandleVerifier [0x7ff6244e0d25+155a5]\n\tchromedriver!GetHandleVerifier [0x7ff6244e0d80+15600]\n\tchromedriver!(No symbol) [0x7ff62403594d]\n\tchromedriver!(No symbol) [0x7ff62400c792]\n\tchromedriver!(No symbol) [0x7ff6240c0536]\n\tchromedriver!(No symbol) [0x7ff6240dd902]\n\tchromedriver!(No symbol) [0x7ff624082e6c]\n\tchromedriver!(No symbol) [0x7ff624083d93]\n\tchromedriver!GetHandleVerifier [0x7ff624ac6431+5facb1]\n\tchromedriver!GetHandleVerifier [0x7ff624ac0a9b+5f531b]\n\tchromedriver!GetHandleVerifier [0x7ff624ae5865+61a0e5]\n\tchromedriver!GetHandleVerifier [0x7ff6244fdace+3234e]\n\tchromedriver!GetHandleVerifier [0x7ff62450661c+3ae9c]\n\tchromedriver!GetHandleVerifier [0x7ff6244eab74+1f3f4]\n\tchromedriver!GetHandleVerifier [0x7ff6244ead04+1f584]\n\tchromedriver!GetHandleVerifier [0x7ff6244cd9d7+2257]\n\tKERNEL32!BaseThreadInitThunk [0x7ffc2a1ee957+17]\n\tntdll!RtlUserThreadStart [0x7ffc2b7aad6c+2c]\n"
}
[2026-07-23 13:38:28.270] [ROW_END] Kết thúc dòng 49
{
  "status": "unmatched",
  "new_value": null,
  "reason": "procedure: có kết quả nhưng không khớp ngày; surgery: lỗi tìm kiếm Message: no such window: target window already closed\nfrom unknown error: web view not found\n  (Session info: chrome=150.0.7871.181)\nStacktrace:\n\tchromedriver!GetHandleVerifier [0x7ff6244e0d25+155a5]\n\tchromedriver!GetHandleVerifier [0x7ff6244e0d80+15600]\n\tchromedriver!(No symbol) [0x7ff62403594d]\n\tchromedriver!(No symbol) [0x7ff62400c792]\n\tchromedriver!(No symbol) [0x7ff6240c0536]\n\tchromedriver!(No symbol) [0x7ff6240dd902]\n\tchromedriver!(No symbol) [0x7ff624082e6c]\n\tchromedriver!(No symbol) [0x7ff624083d93]\n\tchromedriver!GetHandleVerifier [0x7ff624ac6431+5facb1]\n\tchromedriver!GetHandleVerifier [0x7ff624ac0a9b+5f531b]\n\tchromedriver!GetHandleVerifier [0x7ff624ae5865+61a0e5]\n\tchromedriver!GetHandleVerifier [0x7ff6244fdace+3234e]\n\tchromedriver!GetHandleVerifier [0x7ff62450661c+3ae9c]\n\tchromedriver!GetHandleVerifier [0x7ff6244eab74+1f3f4]\n\tchromedriver!GetHandleVerifier [0x7ff6244ead04+1f584]\n\tchromedriver!GetHandleVerifier [0x7ff6244cd9d7+2257]\n\tKERNEL32!BaseThreadInitThunk [0x7ffc2a1ee957+17]\n\tntdll!RtlUserThreadStart [0x7ffc2b7aad6c+2c]\n"
}
[2026-07-23 13:38:28.271] [ROW_BEGIN] [10/20] Bắt đầu dòng 52: NGUYỄN THỊ DIỆU
{
  "raw_time": "2026/06/03 09:29",
  "parsed_time": "09:29 03/06/2026",
  "method": "Tiêm khớp gối",
  "old_value": ""
}
[2026-07-23 13:38:28.271] [SEARCH_BEGIN] dòng 52: tìm NGUYỄN THỊ DIỆU tại D/s Thủ thuật
{
  "patient": "NGUYỄN THỊ DIỆU",
  "target_time": "2026-06-03 09:29:00",
  "target_method": "Tiêm khớp gối",
  "source": "procedure"
}
[2026-07-23 13:38:28.277] [SEARCH_ERROR] procedure: lỗi tìm kiếm Message: no such window: target window already closed
from unknown error: web view not found
  (Session info: chrome=150.0.7871.181)
Stacktrace:
	chromedriver!GetHandleVerifier [0x7ff6244e0d25+155a5]
	chromedriver!GetHandleVerifier [0x7ff6244e0d80+15600]
	chromedriver!(No symbol) [0x7ff62403594d]
	chromedriver!(No symbol) [0x7ff62400c792]
	chromedriver!(No symbol) [0x7ff6240c0536]
	chromedriver!(No symbol) [0x7ff6240dd902]
	chromedriver!(No symbol) [0x7ff624082e6c]
	chromedriver!(No symbol) [0x7ff624083d93]
	chromedriver!GetHandleVerifier [0x7ff624ac6431+5facb1]
	chromedriver!GetHandleVerifier [0x7ff624ac0a9b+5f531b]
	chromedriver!GetHandleVerifier [0x7ff624ae5865+61a0e5]
	chromedriver!GetHandleVerifier [0x7ff6244fdace+3234e]
	chromedriver!GetHandleVerifier [0x7ff62450661c+3ae9c]
	chromedriver!GetHandleVerifier [0x7ff6244eab74+1f3f4]
	chromedriver!GetHandleVerifier [0x7ff6244ead04+1f584]
	chromedriver!GetHandleVerifier [0x7ff6244cd9d7+2257]
	KERNEL32!BaseThreadInitThunk [0x7ffc2a1ee957+17]
	ntdll!RtlUserThreadStart [0x7ffc2b7aad6c+2c]

{
  "traceback": "Traceback (most recent call last):\n  File \"E:\\Thong_ke\\emr_tieuphau_fill.py\", line 547, in find_doctor_for_row\n    result = client.search(source, patient_name, months=3).to_dict()\n             ~~~~~~~~~~~~~^^^^^^^^^^^^^^^^^^^^^^^^^^^^^^^^\n  File \"E:\\Thong_ke\\emr_integration\\emr_list_search.py\", line 278, in search\n    if not self._is_logged_in():\n           ~~~~~~~~~~~~~~~~~~^^\n  File \"E:\\Thong_ke\\emr_integration\\emr_list_search.py\", line 306, in _is_logged_in\n    current = str(self.driver.current_url or \"\").lower()\n                  ^^^^^^^^^^^^^^^^^^^^^^^\n  File \"E:\\Thong_ke\\.venv\\Lib\\site-packages\\selenium\\webdriver\\remote\\webdriver.py\", line 626, in current_url\n    return self.execute(Command.GET_CURRENT_URL)[\"value\"]\n           ~~~~~~~~~~~~^^^^^^^^^^^^^^^^^^^^^^^^^\n  File \"E:\\Thong_ke\\.venv\\Lib\\site-packages\\selenium\\webdriver\\remote\\webdriver.py\", line 492, in execute\n    self.error_handler.check_response(response)\n    ~~~~~~~~~~~~~~~~~~~~~~~~~~~~~~~~~^^^^^^^^^^\n  File \"E:\\Thong_ke\\.venv\\Lib\\site-packages\\selenium\\webdriver\\remote\\errorhandler.py\", line 232, in check_response\n    raise exception_class(message, screen, stacktrace)\nselenium.common.exceptions.NoSuchWindowException: Message: no such window: target window already closed\nfrom unknown error: web view not found\n  (Session info: chrome=150.0.7871.181)\nStacktrace:\n\tchromedriver!GetHandleVerifier [0x7ff6244e0d25+155a5]\n\tchromedriver!GetHandleVerifier [0x7ff6244e0d80+15600]\n\tchromedriver!(No symbol) [0x7ff62403594d]\n\tchromedriver!(No symbol) [0x7ff62400c792]\n\tchromedriver!(No symbol) [0x7ff6240c0536]\n\tchromedriver!(No symbol) [0x7ff6240dd902]\n\tchromedriver!(No symbol) [0x7ff624082e6c]\n\tchromedriver!(No symbol) [0x7ff624083d93]\n\tchromedriver!GetHandleVerifier [0x7ff624ac6431+5facb1]\n\tchromedriver!GetHandleVerifier [0x7ff624ac0a9b+5f531b]\n\tchromedriver!GetHandleVerifier [0x7ff624ae5865+61a0e5]\n\tchromedriver!GetHandleVerifier [0x7ff6244fdace+3234e]\n\tchromedriver!GetHandleVerifier [0x7ff62450661c+3ae9c]\n\tchromedriver!GetHandleVerifier [0x7ff6244eab74+1f3f4]\n\tchromedriver!GetHandleVerifier [0x7ff6244ead04+1f584]\n\tchromedriver!GetHandleVerifier [0x7ff6244cd9d7+2257]\n\tKERNEL32!BaseThreadInitThunk [0x7ffc2a1ee957+17]\n\tntdll!RtlUserThreadStart [0x7ffc2b7aad6c+2c]\n\n"
}
[2026-07-23 13:38:28.282] [DUMP] Đã lưu trạng thái trình duyệt: 52_procedure_search_error
{
  "meta": "E:\\Thong_ke\\emr_debug\\20260723_133656_331\\133828_277_52_procedure_search_error.json"
}
[2026-07-23 13:38:28.283] [SEARCH_BEGIN] dòng 52: tìm NGUYỄN THỊ DIỆU tại D/s Phẫu thuật
{
  "patient": "NGUYỄN THỊ DIỆU",
  "target_time": "2026-06-03 09:29:00",
  "target_method": "Tiêm khớp gối",
  "source": "surgery"
}
[2026-07-23 13:38:28.286] [SEARCH_ERROR] surgery: lỗi tìm kiếm Message: no such window: target window already closed
from unknown error: web view not found
  (Session info: chrome=150.0.7871.181)
Stacktrace:
	chromedriver!GetHandleVerifier [0x7ff6244e0d25+155a5]
	chromedriver!GetHandleVerifier [0x7ff6244e0d80+15600]
	chromedriver!(No symbol) [0x7ff62403594d]
	chromedriver!(No symbol) [0x7ff62400c792]
	chromedriver!(No symbol) [0x7ff6240c0536]
	chromedriver!(No symbol) [0x7ff6240dd902]
	chromedriver!(No symbol) [0x7ff624082e6c]
	chromedriver!(No symbol) [0x7ff624083d93]
	chromedriver!GetHandleVerifier [0x7ff624ac6431+5facb1]
	chromedriver!GetHandleVerifier [0x7ff624ac0a9b+5f531b]
	chromedriver!GetHandleVerifier [0x7ff624ae5865+61a0e5]
	chromedriver!GetHandleVerifier [0x7ff6244fdace+3234e]
	chromedriver!GetHandleVerifier [0x7ff62450661c+3ae9c]
	chromedriver!GetHandleVerifier [0x7ff6244eab74+1f3f4]
	chromedriver!GetHandleVerifier [0x7ff6244ead04+1f584]
	chromedriver!GetHandleVerifier [0x7ff6244cd9d7+2257]
	KERNEL32!BaseThreadInitThunk [0x7ffc2a1ee957+17]
	ntdll!RtlUserThreadStart [0x7ffc2b7aad6c+2c]

{
  "traceback": "Traceback (most recent call last):\n  File \"E:\\Thong_ke\\emr_tieuphau_fill.py\", line 547, in find_doctor_for_row\n    result = client.search(source, patient_name, months=3).to_dict()\n             ~~~~~~~~~~~~~^^^^^^^^^^^^^^^^^^^^^^^^^^^^^^^^\n  File \"E:\\Thong_ke\\emr_integration\\emr_list_search.py\", line 278, in search\n    if not self._is_logged_in():\n           ~~~~~~~~~~~~~~~~~~^^\n  File \"E:\\Thong_ke\\emr_integration\\emr_list_search.py\", line 306, in _is_logged_in\n    current = str(self.driver.current_url or \"\").lower()\n                  ^^^^^^^^^^^^^^^^^^^^^^^\n  File \"E:\\Thong_ke\\.venv\\Lib\\site-packages\\selenium\\webdriver\\remote\\webdriver.py\", line 626, in current_url\n    return self.execute(Command.GET_CURRENT_URL)[\"value\"]\n           ~~~~~~~~~~~~^^^^^^^^^^^^^^^^^^^^^^^^^\n  File \"E:\\Thong_ke\\.venv\\Lib\\site-packages\\selenium\\webdriver\\remote\\webdriver.py\", line 492, in execute\n    self.error_handler.check_response(response)\n    ~~~~~~~~~~~~~~~~~~~~~~~~~~~~~~~~~^^^^^^^^^^\n  File \"E:\\Thong_ke\\.venv\\Lib\\site-packages\\selenium\\webdriver\\remote\\errorhandler.py\", line 232, in check_response\n    raise exception_class(message, screen, stacktrace)\nselenium.common.exceptions.NoSuchWindowException: Message: no such window: target window already closed\nfrom unknown error: web view not found\n  (Session info: chrome=150.0.7871.181)\nStacktrace:\n\tchromedriver!GetHandleVerifier [0x7ff6244e0d25+155a5]\n\tchromedriver!GetHandleVerifier [0x7ff6244e0d80+15600]\n\tchromedriver!(No symbol) [0x7ff62403594d]\n\tchromedriver!(No symbol) [0x7ff62400c792]\n\tchromedriver!(No symbol) [0x7ff6240c0536]\n\tchromedriver!(No symbol) [0x7ff6240dd902]\n\tchromedriver!(No symbol) [0x7ff624082e6c]\n\tchromedriver!(No symbol) [0x7ff624083d93]\n\tchromedriver!GetHandleVerifier [0x7ff624ac6431+5facb1]\n\tchromedriver!GetHandleVerifier [0x7ff624ac0a9b+5f531b]\n\tchromedriver!GetHandleVerifier [0x7ff624ae5865+61a0e5]\n\tchromedriver!GetHandleVerifier [0x7ff6244fdace+3234e]\n\tchromedriver!GetHandleVerifier [0x7ff62450661c+3ae9c]\n\tchromedriver!GetHandleVerifier [0x7ff6244eab74+1f3f4]\n\tchromedriver!GetHandleVerifier [0x7ff6244ead04+1f584]\n\tchromedriver!GetHandleVerifier [0x7ff6244cd9d7+2257]\n\tKERNEL32!BaseThreadInitThunk [0x7ffc2a1ee957+17]\n\tntdll!RtlUserThreadStart [0x7ffc2b7aad6c+2c]\n\n"
}
[2026-07-23 13:38:28.293] [DUMP] Đã lưu trạng thái trình duyệt: 52_surgery_search_error
{
  "meta": "E:\\Thong_ke\\emr_debug\\20260723_133656_331\\133828_287_52_surgery_search_error.json"
}
[2026-07-23 13:38:28.294] [ROW_UNMATCHED] Dòng 52: procedure: lỗi tìm kiếm Message: no such window: target window already closed
from unknown error: web view not found
  (Session info: chrome=150.0.7871.181)
Stacktrace:
	chromedriver!GetHandleVerifier [0x7ff6244e0d25+155a5]
	chromedriver!GetHandleVerifier [0x7ff6244e0d80+15600]
	chromedriver!(No symbol) [0x7ff62403594d]
	chromedriver!(No symbol) [0x7ff62400c792]
	chromedriver!(No symbol) [0x7ff6240c0536]
	chromedriver!(No symbol) [0x7ff6240dd902]
	chromedriver!(No symbol) [0x7ff624082e6c]
	chromedriver!(No symbol) [0x7ff624083d93]
	chromedriver!GetHandleVerifier [0x7ff624ac6431+5facb1]
	chromedriver!GetHandleVerifier [0x7ff624ac0a9b+5f531b]
	chromedriver!GetHandleVerifier [0x7ff624ae5865+61a0e5]
	chromedriver!GetHandleVerifier [0x7ff6244fdace+3234e]
	chromedriver!GetHandleVerifier [0x7ff62450661c+3ae9c]
	chromedriver!GetHandleVerifier [0x7ff6244eab74+1f3f4]
	chromedriver!GetHandleVerifier [0x7ff6244ead04+1f584]
	chromedriver!GetHandleVerifier [0x7ff6244cd9d7+2257]
	KERNEL32!BaseThreadInitThunk [0x7ffc2a1ee957+17]
	ntdll!RtlUserThreadStart [0x7ffc2b7aad6c+2c]
; surgery: lỗi tìm kiếm Message: no such window: target window already closed
from unknown error: web view not found
  (Session info: chrome=150.0.7871.181)
Stacktrace:
	chromedriver!GetHandleVerifier [0x7ff6244e0d25+155a5]
	chromedriver!GetHandleVerifier [0x7ff6244e0d80+15600]
	chromedriver!(No symbol) [0x7ff62403594d]
	chromedriver!(No symbol) [0x7ff62400c792]
	chromedriver!(No symbol) [0x7ff6240c0536]
	chromedriver!(No symbol) [0x7ff6240dd902]
	chromedriver!(No symbol) [0x7ff624082e6c]
	chromedriver!(No symbol) [0x7ff624083d93]
	chromedriver!GetHandleVerifier [0x7ff624ac6431+5facb1]
	chromedriver!GetHandleVerifier [0x7ff624ac0a9b+5f531b]
	chromedriver!GetHandleVerifier [0x7ff624ae5865+61a0e5]
	chromedriver!GetHandleVerifier [0x7ff6244fdace+3234e]
	chromedriver!GetHandleVerifier [0x7ff62450661c+3ae9c]
	chromedriver!GetHandleVerifier [0x7ff6244eab74+1f3f4]
	chromedriver!GetHandleVerifier [0x7ff6244ead04+1f584]
	chromedriver!GetHandleVerifier [0x7ff6244cd9d7+2257]
	KERNEL32!BaseThreadInitThunk [0x7ffc2a1ee957+17]
	ntdll!RtlUserThreadStart [0x7ffc2b7aad6c+2c]

{
  "rowNumber": 52,
  "patient": "NGUYỄN THỊ DIỆU",
  "time": "09:29 03/06/2026",
  "method": "Tiêm khớp gối",
  "oldValue": "",
  "status": "unmatched",
  "reason": "procedure: lỗi tìm kiếm Message: no such window: target window already closed\nfrom unknown error: web view not found\n  (Session info: chrome=150.0.7871.181)\nStacktrace:\n\tchromedriver!GetHandleVerifier [0x7ff6244e0d25+155a5]\n\tchromedriver!GetHandleVerifier [0x7ff6244e0d80+15600]\n\tchromedriver!(No symbol) [0x7ff62403594d]\n\tchromedriver!(No symbol) [0x7ff62400c792]\n\tchromedriver!(No symbol) [0x7ff6240c0536]\n\tchromedriver!(No symbol) [0x7ff6240dd902]\n\tchromedriver!(No symbol) [0x7ff624082e6c]\n\tchromedriver!(No symbol) [0x7ff624083d93]\n\tchromedriver!GetHandleVerifier [0x7ff624ac6431+5facb1]\n\tchromedriver!GetHandleVerifier [0x7ff624ac0a9b+5f531b]\n\tchromedriver!GetHandleVerifier [0x7ff624ae5865+61a0e5]\n\tchromedriver!GetHandleVerifier [0x7ff6244fdace+3234e]\n\tchromedriver!GetHandleVerifier [0x7ff62450661c+3ae9c]\n\tchromedriver!GetHandleVerifier [0x7ff6244eab74+1f3f4]\n\tchromedriver!GetHandleVerifier [0x7ff6244ead04+1f584]\n\tchromedriver!GetHandleVerifier [0x7ff6244cd9d7+2257]\n\tKERNEL32!BaseThreadInitThunk [0x7ffc2a1ee957+17]\n\tntdll!RtlUserThreadStart [0x7ffc2b7aad6c+2c]\n; surgery: lỗi tìm kiếm Message: no such window: target window already closed\nfrom unknown error: web view not found\n  (Session info: chrome=150.0.7871.181)\nStacktrace:\n\tchromedriver!GetHandleVerifier [0x7ff6244e0d25+155a5]\n\tchromedriver!GetHandleVerifier [0x7ff6244e0d80+15600]\n\tchromedriver!(No symbol) [0x7ff62403594d]\n\tchromedriver!(No symbol) [0x7ff62400c792]\n\tchromedriver!(No symbol) [0x7ff6240c0536]\n\tchromedriver!(No symbol) [0x7ff6240dd902]\n\tchromedriver!(No symbol) [0x7ff624082e6c]\n\tchromedriver!(No symbol) [0x7ff624083d93]\n\tchromedriver!GetHandleVerifier [0x7ff624ac6431+5facb1]\n\tchromedriver!GetHandleVerifier [0x7ff624ac0a9b+5f531b]\n\tchromedriver!GetHandleVerifier [0x7ff624ae5865+61a0e5]\n\tchromedriver!GetHandleVerifier [0x7ff6244fdace+3234e]\n\tchromedriver!GetHandleVerifier [0x7ff62450661c+3ae9c]\n\tchromedriver!GetHandleVerifier [0x7ff6244eab74+1f3f4]\n\tchromedriver!GetHandleVerifier [0x7ff6244ead04+1f584]\n\tchromedriver!GetHandleVerifier [0x7ff6244cd9d7+2257]\n\tKERNEL32!BaseThreadInitThunk [0x7ffc2a1ee957+17]\n\tntdll!RtlUserThreadStart [0x7ffc2b7aad6c+2c]\n"
}
[2026-07-23 13:38:28.294] [ROW_END] Kết thúc dòng 52
{
  "status": "unmatched",
  "new_value": null,
  "reason": "procedure: lỗi tìm kiếm Message: no such window: target window already closed\nfrom unknown error: web view not found\n  (Session info: chrome=150.0.7871.181)\nStacktrace:\n\tchromedriver!GetHandleVerifier [0x7ff6244e0d25+155a5]\n\tchromedriver!GetHandleVerifier [0x7ff6244e0d80+15600]\n\tchromedriver!(No symbol) [0x7ff62403594d]\n\tchromedriver!(No symbol) [0x7ff62400c792]\n\tchromedriver!(No symbol) [0x7ff6240c0536]\n\tchromedriver!(No symbol) [0x7ff6240dd902]\n\tchromedriver!(No symbol) [0x7ff624082e6c]\n\tchromedriver!(No symbol) [0x7ff624083d93]\n\tchromedriver!GetHandleVerifier [0x7ff624ac6431+5facb1]\n\tchromedriver!GetHandleVerifier [0x7ff624ac0a9b+5f531b]\n\tchromedriver!GetHandleVerifier [0x7ff624ae5865+61a0e5]\n\tchromedriver!GetHandleVerifier [0x7ff6244fdace+3234e]\n\tchromedriver!GetHandleVerifier [0x7ff62450661c+3ae9c]\n\tchromedriver!GetHandleVerifier [0x7ff6244eab74+1f3f4]\n\tchromedriver!GetHandleVerifier [0x7ff6244ead04+1f584]\n\tchromedriver!GetHandleVerifier [0x7ff6244cd9d7+2257]\n\tKERNEL32!BaseThreadInitThunk [0x7ffc2a1ee957+17]\n\tntdll!RtlUserThreadStart [0x7ffc2b7aad6c+2c]\n; surgery: lỗi tìm kiếm Message: no such window: target window already closed\nfrom unknown error: web view not found\n  (Session info: chrome=150.0.7871.181)\nStacktrace:\n\tchromedriver!GetHandleVerifier [0x7ff6244e0d25+155a5]\n\tchromedriver!GetHandleVerifier [0x7ff6244e0d80+15600]\n\tchromedriver!(No symbol) [0x7ff62403594d]\n\tchromedriver!(No symbol) [0x7ff62400c792]\n\tchromedriver!(No symbol) [0x7ff6240c0536]\n\tchromedriver!(No symbol) [0x7ff6240dd902]\n\tchromedriver!(No symbol) [0x7ff624082e6c]\n\tchromedriver!(No symbol) [0x7ff624083d93]\n\tchromedriver!GetHandleVerifier [0x7ff624ac6431+5facb1]\n\tchromedriver!GetHandleVerifier [0x7ff624ac0a9b+5f531b]\n\tchromedriver!GetHandleVerifier [0x7ff624ae5865+61a0e5]\n\tchromedriver!GetHandleVerifier [0x7ff6244fdace+3234e]\n\tchromedriver!GetHandleVerifier [0x7ff62450661c+3ae9c]\n\tchromedriver!GetHandleVerifier [0x7ff6244eab74+1f3f4]\n\tchromedriver!GetHandleVerifier [0x7ff6244ead04+1f584]\n\tchromedriver!GetHandleVerifier [0x7ff6244cd9d7+2257]\n\tKERNEL32!BaseThreadInitThunk [0x7ffc2a1ee957+17]\n\tntdll!RtlUserThreadStart [0x7ffc2b7aad6c+2c]\n"
}
[2026-07-23 13:38:28.295] [ROW_BEGIN] [11/20] Bắt đầu dòng 53: LÂM MỸ LÝ
{
  "raw_time": "2026/06/03 11:00",
  "parsed_time": "11:00 03/06/2026",
  "method": "Hút dịch khớp gối",
  "old_value": ""
}
[2026-07-23 13:38:28.296] [SEARCH_BEGIN] dòng 53: tìm LÂM MỸ LÝ tại D/s Thủ thuật
{
  "patient": "LÂM MỸ LÝ",
  "target_time": "2026-06-03 11:00:00",
  "target_method": "Hút dịch khớp gối",
  "source": "procedure"
}
[2026-07-23 13:38:28.298] [SEARCH_ERROR] procedure: lỗi tìm kiếm Message: no such window: target window already closed
from unknown error: web view not found
  (Session info: chrome=150.0.7871.181)
Stacktrace:
	chromedriver!GetHandleVerifier [0x7ff6244e0d25+155a5]
	chromedriver!GetHandleVerifier [0x7ff6244e0d80+15600]
	chromedriver!(No symbol) [0x7ff62403594d]
	chromedriver!(No symbol) [0x7ff62400c792]
	chromedriver!(No symbol) [0x7ff6240c0536]
	chromedriver!(No symbol) [0x7ff6240dd902]
	chromedriver!(No symbol) [0x7ff624082e6c]
	chromedriver!(No symbol) [0x7ff624083d93]
	chromedriver!GetHandleVerifier [0x7ff624ac6431+5facb1]
	chromedriver!GetHandleVerifier [0x7ff624ac0a9b+5f531b]
	chromedriver!GetHandleVerifier [0x7ff624ae5865+61a0e5]
	chromedriver!GetHandleVerifier [0x7ff6244fdace+3234e]
	chromedriver!GetHandleVerifier [0x7ff62450661c+3ae9c]
	chromedriver!GetHandleVerifier [0x7ff6244eab74+1f3f4]
	chromedriver!GetHandleVerifier [0x7ff6244ead04+1f584]
	chromedriver!GetHandleVerifier [0x7ff6244cd9d7+2257]
	KERNEL32!BaseThreadInitThunk [0x7ffc2a1ee957+17]
	ntdll!RtlUserThreadStart [0x7ffc2b7aad6c+2c]

{
  "traceback": "Traceback (most recent call last):\n  File \"E:\\Thong_ke\\emr_tieuphau_fill.py\", line 547, in find_doctor_for_row\n    result = client.search(source, patient_name, months=3).to_dict()\n             ~~~~~~~~~~~~~^^^^^^^^^^^^^^^^^^^^^^^^^^^^^^^^\n  File \"E:\\Thong_ke\\emr_integration\\emr_list_search.py\", line 278, in search\n    if not self._is_logged_in():\n           ~~~~~~~~~~~~~~~~~~^^\n  File \"E:\\Thong_ke\\emr_integration\\emr_list_search.py\", line 306, in _is_logged_in\n    current = str(self.driver.current_url or \"\").lower()\n                  ^^^^^^^^^^^^^^^^^^^^^^^\n  File \"E:\\Thong_ke\\.venv\\Lib\\site-packages\\selenium\\webdriver\\remote\\webdriver.py\", line 626, in current_url\n    return self.execute(Command.GET_CURRENT_URL)[\"value\"]\n           ~~~~~~~~~~~~^^^^^^^^^^^^^^^^^^^^^^^^^\n  File \"E:\\Thong_ke\\.venv\\Lib\\site-packages\\selenium\\webdriver\\remote\\webdriver.py\", line 492, in execute\n    self.error_handler.check_response(response)\n    ~~~~~~~~~~~~~~~~~~~~~~~~~~~~~~~~~^^^^^^^^^^\n  File \"E:\\Thong_ke\\.venv\\Lib\\site-packages\\selenium\\webdriver\\remote\\errorhandler.py\", line 232, in check_response\n    raise exception_class(message, screen, stacktrace)\nselenium.common.exceptions.NoSuchWindowException: Message: no such window: target window already closed\nfrom unknown error: web view not found\n  (Session info: chrome=150.0.7871.181)\nStacktrace:\n\tchromedriver!GetHandleVerifier [0x7ff6244e0d25+155a5]\n\tchromedriver!GetHandleVerifier [0x7ff6244e0d80+15600]\n\tchromedriver!(No symbol) [0x7ff62403594d]\n\tchromedriver!(No symbol) [0x7ff62400c792]\n\tchromedriver!(No symbol) [0x7ff6240c0536]\n\tchromedriver!(No symbol) [0x7ff6240dd902]\n\tchromedriver!(No symbol) [0x7ff624082e6c]\n\tchromedriver!(No symbol) [0x7ff624083d93]\n\tchromedriver!GetHandleVerifier [0x7ff624ac6431+5facb1]\n\tchromedriver!GetHandleVerifier [0x7ff624ac0a9b+5f531b]\n\tchromedriver!GetHandleVerifier [0x7ff624ae5865+61a0e5]\n\tchromedriver!GetHandleVerifier [0x7ff6244fdace+3234e]\n\tchromedriver!GetHandleVerifier [0x7ff62450661c+3ae9c]\n\tchromedriver!GetHandleVerifier [0x7ff6244eab74+1f3f4]\n\tchromedriver!GetHandleVerifier [0x7ff6244ead04+1f584]\n\tchromedriver!GetHandleVerifier [0x7ff6244cd9d7+2257]\n\tKERNEL32!BaseThreadInitThunk [0x7ffc2a1ee957+17]\n\tntdll!RtlUserThreadStart [0x7ffc2b7aad6c+2c]\n\n"
}
[2026-07-23 13:38:28.304] [DUMP] Đã lưu trạng thái trình duyệt: 53_procedure_search_error
{
  "meta": "E:\\Thong_ke\\emr_debug\\20260723_133656_331\\133828_299_53_procedure_search_error.json"
}
[2026-07-23 13:38:28.305] [SEARCH_BEGIN] dòng 53: tìm LÂM MỸ LÝ tại D/s Phẫu thuật
{
  "patient": "LÂM MỸ LÝ",
  "target_time": "2026-06-03 11:00:00",
  "target_method": "Hút dịch khớp gối",
  "source": "surgery"
}
[2026-07-23 13:38:28.308] [SEARCH_ERROR] surgery: lỗi tìm kiếm Message: no such window: target window already closed
from unknown error: web view not found
  (Session info: chrome=150.0.7871.181)
Stacktrace:
	chromedriver!GetHandleVerifier [0x7ff6244e0d25+155a5]
	chromedriver!GetHandleVerifier [0x7ff6244e0d80+15600]
	chromedriver!(No symbol) [0x7ff62403594d]
	chromedriver!(No symbol) [0x7ff62400c792]
	chromedriver!(No symbol) [0x7ff6240c0536]
	chromedriver!(No symbol) [0x7ff6240dd902]
	chromedriver!(No symbol) [0x7ff624082e6c]
	chromedriver!(No symbol) [0x7ff624083d93]
	chromedriver!GetHandleVerifier [0x7ff624ac6431+5facb1]
	chromedriver!GetHandleVerifier [0x7ff624ac0a9b+5f531b]
	chromedriver!GetHandleVerifier [0x7ff624ae5865+61a0e5]
	chromedriver!GetHandleVerifier [0x7ff6244fdace+3234e]
	chromedriver!GetHandleVerifier [0x7ff62450661c+3ae9c]
	chromedriver!GetHandleVerifier [0x7ff6244eab74+1f3f4]
	chromedriver!GetHandleVerifier [0x7ff6244ead04+1f584]
	chromedriver!GetHandleVerifier [0x7ff6244cd9d7+2257]
	KERNEL32!BaseThreadInitThunk [0x7ffc2a1ee957+17]
	ntdll!RtlUserThreadStart [0x7ffc2b7aad6c+2c]

{
  "traceback": "Traceback (most recent call last):\n  File \"E:\\Thong_ke\\emr_tieuphau_fill.py\", line 547, in find_doctor_for_row\n    result = client.search(source, patient_name, months=3).to_dict()\n             ~~~~~~~~~~~~~^^^^^^^^^^^^^^^^^^^^^^^^^^^^^^^^\n  File \"E:\\Thong_ke\\emr_integration\\emr_list_search.py\", line 278, in search\n    if not self._is_logged_in():\n           ~~~~~~~~~~~~~~~~~~^^\n  File \"E:\\Thong_ke\\emr_integration\\emr_list_search.py\", line 306, in _is_logged_in\n    current = str(self.driver.current_url or \"\").lower()\n                  ^^^^^^^^^^^^^^^^^^^^^^^\n  File \"E:\\Thong_ke\\.venv\\Lib\\site-packages\\selenium\\webdriver\\remote\\webdriver.py\", line 626, in current_url\n    return self.execute(Command.GET_CURRENT_URL)[\"value\"]\n           ~~~~~~~~~~~~^^^^^^^^^^^^^^^^^^^^^^^^^\n  File \"E:\\Thong_ke\\.venv\\Lib\\site-packages\\selenium\\webdriver\\remote\\webdriver.py\", line 492, in execute\n    self.error_handler.check_response(response)\n    ~~~~~~~~~~~~~~~~~~~~~~~~~~~~~~~~~^^^^^^^^^^\n  File \"E:\\Thong_ke\\.venv\\Lib\\site-packages\\selenium\\webdriver\\remote\\errorhandler.py\", line 232, in check_response\n    raise exception_class(message, screen, stacktrace)\nselenium.common.exceptions.NoSuchWindowException: Message: no such window: target window already closed\nfrom unknown error: web view not found\n  (Session info: chrome=150.0.7871.181)\nStacktrace:\n\tchromedriver!GetHandleVerifier [0x7ff6244e0d25+155a5]\n\tchromedriver!GetHandleVerifier [0x7ff6244e0d80+15600]\n\tchromedriver!(No symbol) [0x7ff62403594d]\n\tchromedriver!(No symbol) [0x7ff62400c792]\n\tchromedriver!(No symbol) [0x7ff6240c0536]\n\tchromedriver!(No symbol) [0x7ff6240dd902]\n\tchromedriver!(No symbol) [0x7ff624082e6c]\n\tchromedriver!(No symbol) [0x7ff624083d93]\n\tchromedriver!GetHandleVerifier [0x7ff624ac6431+5facb1]\n\tchromedriver!GetHandleVerifier [0x7ff624ac0a9b+5f531b]\n\tchromedriver!GetHandleVerifier [0x7ff624ae5865+61a0e5]\n\tchromedriver!GetHandleVerifier [0x7ff6244fdace+3234e]\n\tchromedriver!GetHandleVerifier [0x7ff62450661c+3ae9c]\n\tchromedriver!GetHandleVerifier [0x7ff6244eab74+1f3f4]\n\tchromedriver!GetHandleVerifier [0x7ff6244ead04+1f584]\n\tchromedriver!GetHandleVerifier [0x7ff6244cd9d7+2257]\n\tKERNEL32!BaseThreadInitThunk [0x7ffc2a1ee957+17]\n\tntdll!RtlUserThreadStart [0x7ffc2b7aad6c+2c]\n\n"
}
[2026-07-23 13:38:28.317] [DUMP] Đã lưu trạng thái trình duyệt: 53_surgery_search_error
{
  "meta": "E:\\Thong_ke\\emr_debug\\20260723_133656_331\\133828_310_53_surgery_search_error.json"
}
[2026-07-23 13:38:28.318] [ROW_UNMATCHED] Dòng 53: procedure: lỗi tìm kiếm Message: no such window: target window already closed
from unknown error: web view not found
  (Session info: chrome=150.0.7871.181)
Stacktrace:
	chromedriver!GetHandleVerifier [0x7ff6244e0d25+155a5]
	chromedriver!GetHandleVerifier [0x7ff6244e0d80+15600]
	chromedriver!(No symbol) [0x7ff62403594d]
	chromedriver!(No symbol) [0x7ff62400c792]
	chromedriver!(No symbol) [0x7ff6240c0536]
	chromedriver!(No symbol) [0x7ff6240dd902]
	chromedriver!(No symbol) [0x7ff624082e6c]
	chromedriver!(No symbol) [0x7ff624083d93]
	chromedriver!GetHandleVerifier [0x7ff624ac6431+5facb1]
	chromedriver!GetHandleVerifier [0x7ff624ac0a9b+5f531b]
	chromedriver!GetHandleVerifier [0x7ff624ae5865+61a0e5]
	chromedriver!GetHandleVerifier [0x7ff6244fdace+3234e]
	chromedriver!GetHandleVerifier [0x7ff62450661c+3ae9c]
	chromedriver!GetHandleVerifier [0x7ff6244eab74+1f3f4]
	chromedriver!GetHandleVerifier [0x7ff6244ead04+1f584]
	chromedriver!GetHandleVerifier [0x7ff6244cd9d7+2257]
	KERNEL32!BaseThreadInitThunk [0x7ffc2a1ee957+17]
	ntdll!RtlUserThreadStart [0x7ffc2b7aad6c+2c]
; surgery: lỗi tìm kiếm Message: no such window: target window already closed
from unknown error: web view not found
  (Session info: chrome=150.0.7871.181)
Stacktrace:
	chromedriver!GetHandleVerifier [0x7ff6244e0d25+155a5]
	chromedriver!GetHandleVerifier [0x7ff6244e0d80+15600]
	chromedriver!(No symbol) [0x7ff62403594d]
	chromedriver!(No symbol) [0x7ff62400c792]
	chromedriver!(No symbol) [0x7ff6240c0536]
	chromedriver!(No symbol) [0x7ff6240dd902]
	chromedriver!(No symbol) [0x7ff624082e6c]
	chromedriver!(No symbol) [0x7ff624083d93]
	chromedriver!GetHandleVerifier [0x7ff624ac6431+5facb1]
	chromedriver!GetHandleVerifier [0x7ff624ac0a9b+5f531b]
	chromedriver!GetHandleVerifier [0x7ff624ae5865+61a0e5]
	chromedriver!GetHandleVerifier [0x7ff6244fdace+3234e]
	chromedriver!GetHandleVerifier [0x7ff62450661c+3ae9c]
	chromedriver!GetHandleVerifier [0x7ff6244eab74+1f3f4]
	chromedriver!GetHandleVerifier [0x7ff6244ead04+1f584]
	chromedriver!GetHandleVerifier [0x7ff6244cd9d7+2257]
	KERNEL32!BaseThreadInitThunk [0x7ffc2a1ee957+17]
	ntdll!RtlUserThreadStart [0x7ffc2b7aad6c+2c]

{
  "rowNumber": 53,
  "patient": "LÂM MỸ LÝ",
  "time": "11:00 03/06/2026",
  "method": "Hút dịch khớp gối",
  "oldValue": "",
  "status": "unmatched",
  "reason": "procedure: lỗi tìm kiếm Message: no such window: target window already closed\nfrom unknown error: web view not found\n  (Session info: chrome=150.0.7871.181)\nStacktrace:\n\tchromedriver!GetHandleVerifier [0x7ff6244e0d25+155a5]\n\tchromedriver!GetHandleVerifier [0x7ff6244e0d80+15600]\n\tchromedriver!(No symbol) [0x7ff62403594d]\n\tchromedriver!(No symbol) [0x7ff62400c792]\n\tchromedriver!(No symbol) [0x7ff6240c0536]\n\tchromedriver!(No symbol) [0x7ff6240dd902]\n\tchromedriver!(No symbol) [0x7ff624082e6c]\n\tchromedriver!(No symbol) [0x7ff624083d93]\n\tchromedriver!GetHandleVerifier [0x7ff624ac6431+5facb1]\n\tchromedriver!GetHandleVerifier [0x7ff624ac0a9b+5f531b]\n\tchromedriver!GetHandleVerifier [0x7ff624ae5865+61a0e5]\n\tchromedriver!GetHandleVerifier [0x7ff6244fdace+3234e]\n\tchromedriver!GetHandleVerifier [0x7ff62450661c+3ae9c]\n\tchromedriver!GetHandleVerifier [0x7ff6244eab74+1f3f4]\n\tchromedriver!GetHandleVerifier [0x7ff6244ead04+1f584]\n\tchromedriver!GetHandleVerifier [0x7ff6244cd9d7+2257]\n\tKERNEL32!BaseThreadInitThunk [0x7ffc2a1ee957+17]\n\tntdll!RtlUserThreadStart [0x7ffc2b7aad6c+2c]\n; surgery: lỗi tìm kiếm Message: no such window: target window already closed\nfrom unknown error: web view not found\n  (Session info: chrome=150.0.7871.181)\nStacktrace:\n\tchromedriver!GetHandleVerifier [0x7ff6244e0d25+155a5]\n\tchromedriver!GetHandleVerifier [0x7ff6244e0d80+15600]\n\tchromedriver!(No symbol) [0x7ff62403594d]\n\tchromedriver!(No symbol) [0x7ff62400c792]\n\tchromedriver!(No symbol) [0x7ff6240c0536]\n\tchromedriver!(No symbol) [0x7ff6240dd902]\n\tchromedriver!(No symbol) [0x7ff624082e6c]\n\tchromedriver!(No symbol) [0x7ff624083d93]\n\tchromedriver!GetHandleVerifier [0x7ff624ac6431+5facb1]\n\tchromedriver!GetHandleVerifier [0x7ff624ac0a9b+5f531b]\n\tchromedriver!GetHandleVerifier [0x7ff624ae5865+61a0e5]\n\tchromedriver!GetHandleVerifier [0x7ff6244fdace+3234e]\n\tchromedriver!GetHandleVerifier [0x7ff62450661c+3ae9c]\n\tchromedriver!GetHandleVerifier [0x7ff6244eab74+1f3f4]\n\tchromedriver!GetHandleVerifier [0x7ff6244ead04+1f584]\n\tchromedriver!GetHandleVerifier [0x7ff6244cd9d7+2257]\n\tKERNEL32!BaseThreadInitThunk [0x7ffc2a1ee957+17]\n\tntdll!RtlUserThreadStart [0x7ffc2b7aad6c+2c]\n"
}
[2026-07-23 13:38:28.319] [ROW_END] Kết thúc dòng 53
{
  "status": "unmatched",
  "new_value": null,
  "reason": "procedure: lỗi tìm kiếm Message: no such window: target window already closed\nfrom unknown error: web view not found\n  (Session info: chrome=150.0.7871.181)\nStacktrace:\n\tchromedriver!GetHandleVerifier [0x7ff6244e0d25+155a5]\n\tchromedriver!GetHandleVerifier [0x7ff6244e0d80+15600]\n\tchromedriver!(No symbol) [0x7ff62403594d]\n\tchromedriver!(No symbol) [0x7ff62400c792]\n\tchromedriver!(No symbol) [0x7ff6240c0536]\n\tchromedriver!(No symbol) [0x7ff6240dd902]\n\tchromedriver!(No symbol) [0x7ff624082e6c]\n\tchromedriver!(No symbol) [0x7ff624083d93]\n\tchromedriver!GetHandleVerifier [0x7ff624ac6431+5facb1]\n\tchromedriver!GetHandleVerifier [0x7ff624ac0a9b+5f531b]\n\tchromedriver!GetHandleVerifier [0x7ff624ae5865+61a0e5]\n\tchromedriver!GetHandleVerifier [0x7ff6244fdace+3234e]\n\tchromedriver!GetHandleVerifier [0x7ff62450661c+3ae9c]\n\tchromedriver!GetHandleVerifier [0x7ff6244eab74+1f3f4]\n\tchromedriver!GetHandleVerifier [0x7ff6244ead04+1f584]\n\tchromedriver!GetHandleVerifier [0x7ff6244cd9d7+2257]\n\tKERNEL32!BaseThreadInitThunk [0x7ffc2a1ee957+17]\n\tntdll!RtlUserThreadStart [0x7ffc2b7aad6c+2c]\n; surgery: lỗi tìm kiếm Message: no such window: target window already closed\nfrom unknown error: web view not found\n  (Session info: chrome=150.0.7871.181)\nStacktrace:\n\tchromedriver!GetHandleVerifier [0x7ff6244e0d25+155a5]\n\tchromedriver!GetHandleVerifier [0x7ff6244e0d80+15600]\n\tchromedriver!(No symbol) [0x7ff62403594d]\n\tchromedriver!(No symbol) [0x7ff62400c792]\n\tchromedriver!(No symbol) [0x7ff6240c0536]\n\tchromedriver!(No symbol) [0x7ff6240dd902]\n\tchromedriver!(No symbol) [0x7ff624082e6c]\n\tchromedriver!(No symbol) [0x7ff624083d93]\n\tchromedriver!GetHandleVerifier [0x7ff624ac6431+5facb1]\n\tchromedriver!GetHandleVerifier [0x7ff624ac0a9b+5f531b]\n\tchromedriver!GetHandleVerifier [0x7ff624ae5865+61a0e5]\n\tchromedriver!GetHandleVerifier [0x7ff6244fdace+3234e]\n\tchromedriver!GetHandleVerifier [0x7ff62450661c+3ae9c]\n\tchromedriver!GetHandleVerifier [0x7ff6244eab74+1f3f4]\n\tchromedriver!GetHandleVerifier [0x7ff6244ead04+1f584]\n\tchromedriver!GetHandleVerifier [0x7ff6244cd9d7+2257]\n\tKERNEL32!BaseThreadInitThunk [0x7ffc2a1ee957+17]\n\tntdll!RtlUserThreadStart [0x7ffc2b7aad6c+2c]\n"
}
[2026-07-23 13:38:28.320] [ROW_BEGIN] [12/20] Bắt đầu dòng 55: VÕ VĂN VỊNH
{
  "raw_time": "2026/06/03 14:55",
  "parsed_time": "14:55 03/06/2026",
  "method": "Tiêm gân duỗi ngón tay",
  "old_value": ""
}
[2026-07-23 13:38:28.320] [SEARCH_BEGIN] dòng 55: tìm VÕ VĂN VỊNH tại D/s Thủ thuật
{
  "patient": "VÕ VĂN VỊNH",
  "target_time": "2026-06-03 14:55:00",
  "target_method": "Tiêm gân duỗi ngón tay",
  "source": "procedure"
}
[2026-07-23 13:38:28.324] [SEARCH_ERROR] procedure: lỗi tìm kiếm Message: no such window: target window already closed
from unknown error: web view not found
  (Session info: chrome=150.0.7871.181)
Stacktrace:
	chromedriver!GetHandleVerifier [0x7ff6244e0d25+155a5]
	chromedriver!GetHandleVerifier [0x7ff6244e0d80+15600]
	chromedriver!(No symbol) [0x7ff62403594d]
	chromedriver!(No symbol) [0x7ff62400c792]
	chromedriver!(No symbol) [0x7ff6240c0536]
	chromedriver!(No symbol) [0x7ff6240dd902]
	chromedriver!(No symbol) [0x7ff624082e6c]
	chromedriver!(No symbol) [0x7ff624083d93]
	chromedriver!GetHandleVerifier [0x7ff624ac6431+5facb1]
	chromedriver!GetHandleVerifier [0x7ff624ac0a9b+5f531b]
	chromedriver!GetHandleVerifier [0x7ff624ae5865+61a0e5]
	chromedriver!GetHandleVerifier [0x7ff6244fdace+3234e]
	chromedriver!GetHandleVerifier [0x7ff62450661c+3ae9c]
	chromedriver!GetHandleVerifier [0x7ff6244eab74+1f3f4]
	chromedriver!GetHandleVerifier [0x7ff6244ead04+1f584]
	chromedriver!GetHandleVerifier [0x7ff6244cd9d7+2257]
	KERNEL32!BaseThreadInitThunk [0x7ffc2a1ee957+17]
	ntdll!RtlUserThreadStart [0x7ffc2b7aad6c+2c]

{
  "traceback": "Traceback (most recent call last):\n  File \"E:\\Thong_ke\\emr_tieuphau_fill.py\", line 547, in find_doctor_for_row\n    result = client.search(source, patient_name, months=3).to_dict()\n             ~~~~~~~~~~~~~^^^^^^^^^^^^^^^^^^^^^^^^^^^^^^^^\n  File \"E:\\Thong_ke\\emr_integration\\emr_list_search.py\", line 278, in search\n    if not self._is_logged_in():\n           ~~~~~~~~~~~~~~~~~~^^\n  File \"E:\\Thong_ke\\emr_integration\\emr_list_search.py\", line 306, in _is_logged_in\n    current = str(self.driver.current_url or \"\").lower()\n                  ^^^^^^^^^^^^^^^^^^^^^^^\n  File \"E:\\Thong_ke\\.venv\\Lib\\site-packages\\selenium\\webdriver\\remote\\webdriver.py\", line 626, in current_url\n    return self.execute(Command.GET_CURRENT_URL)[\"value\"]\n           ~~~~~~~~~~~~^^^^^^^^^^^^^^^^^^^^^^^^^\n  File \"E:\\Thong_ke\\.venv\\Lib\\site-packages\\selenium\\webdriver\\remote\\webdriver.py\", line 492, in execute\n    self.error_handler.check_response(response)\n    ~~~~~~~~~~~~~~~~~~~~~~~~~~~~~~~~~^^^^^^^^^^\n  File \"E:\\Thong_ke\\.venv\\Lib\\site-packages\\selenium\\webdriver\\remote\\errorhandler.py\", line 232, in check_response\n    raise exception_class(message, screen, stacktrace)\nselenium.common.exceptions.NoSuchWindowException: Message: no such window: target window already closed\nfrom unknown error: web view not found\n  (Session info: chrome=150.0.7871.181)\nStacktrace:\n\tchromedriver!GetHandleVerifier [0x7ff6244e0d25+155a5]\n\tchromedriver!GetHandleVerifier [0x7ff6244e0d80+15600]\n\tchromedriver!(No symbol) [0x7ff62403594d]\n\tchromedriver!(No symbol) [0x7ff62400c792]\n\tchromedriver!(No symbol) [0x7ff6240c0536]\n\tchromedriver!(No symbol) [0x7ff6240dd902]\n\tchromedriver!(No symbol) [0x7ff624082e6c]\n\tchromedriver!(No symbol) [0x7ff624083d93]\n\tchromedriver!GetHandleVerifier [0x7ff624ac6431+5facb1]\n\tchromedriver!GetHandleVerifier [0x7ff624ac0a9b+5f531b]\n\tchromedriver!GetHandleVerifier [0x7ff624ae5865+61a0e5]\n\tchromedriver!GetHandleVerifier [0x7ff6244fdace+3234e]\n\tchromedriver!GetHandleVerifier [0x7ff62450661c+3ae9c]\n\tchromedriver!GetHandleVerifier [0x7ff6244eab74+1f3f4]\n\tchromedriver!GetHandleVerifier [0x7ff6244ead04+1f584]\n\tchromedriver!GetHandleVerifier [0x7ff6244cd9d7+2257]\n\tKERNEL32!BaseThreadInitThunk [0x7ffc2a1ee957+17]\n\tntdll!RtlUserThreadStart [0x7ffc2b7aad6c+2c]\n\n"
}
[2026-07-23 13:38:28.330] [DUMP] Đã lưu trạng thái trình duyệt: 55_procedure_search_error
{
  "meta": "E:\\Thong_ke\\emr_debug\\20260723_133656_331\\133828_325_55_procedure_search_error.json"
}
[2026-07-23 13:38:28.331] [SEARCH_BEGIN] dòng 55: tìm VÕ VĂN VỊNH tại D/s Phẫu thuật
{
  "patient": "VÕ VĂN VỊNH",
  "target_time": "2026-06-03 14:55:00",
  "target_method": "Tiêm gân duỗi ngón tay",
  "source": "surgery"
}
[2026-07-23 13:38:28.334] [SEARCH_ERROR] surgery: lỗi tìm kiếm Message: no such window: target window already closed
from unknown error: web view not found
  (Session info: chrome=150.0.7871.181)
Stacktrace:
	chromedriver!GetHandleVerifier [0x7ff6244e0d25+155a5]
	chromedriver!GetHandleVerifier [0x7ff6244e0d80+15600]
	chromedriver!(No symbol) [0x7ff62403594d]
	chromedriver!(No symbol) [0x7ff62400c792]
	chromedriver!(No symbol) [0x7ff6240c0536]
	chromedriver!(No symbol) [0x7ff6240dd902]
	chromedriver!(No symbol) [0x7ff624082e6c]
	chromedriver!(No symbol) [0x7ff624083d93]
	chromedriver!GetHandleVerifier [0x7ff624ac6431+5facb1]
	chromedriver!GetHandleVerifier [0x7ff624ac0a9b+5f531b]
	chromedriver!GetHandleVerifier [0x7ff624ae5865+61a0e5]
	chromedriver!GetHandleVerifier [0x7ff6244fdace+3234e]
	chromedriver!GetHandleVerifier [0x7ff62450661c+3ae9c]
	chromedriver!GetHandleVerifier [0x7ff6244eab74+1f3f4]
	chromedriver!GetHandleVerifier [0x7ff6244ead04+1f584]
	chromedriver!GetHandleVerifier [0x7ff6244cd9d7+2257]
	KERNEL32!BaseThreadInitThunk [0x7ffc2a1ee957+17]
	ntdll!RtlUserThreadStart [0x7ffc2b7aad6c+2c]

{
  "traceback": "Traceback (most recent call last):\n  File \"E:\\Thong_ke\\emr_tieuphau_fill.py\", line 547, in find_doctor_for_row\n    result = client.search(source, patient_name, months=3).to_dict()\n             ~~~~~~~~~~~~~^^^^^^^^^^^^^^^^^^^^^^^^^^^^^^^^\n  File \"E:\\Thong_ke\\emr_integration\\emr_list_search.py\", line 278, in search\n    if not self._is_logged_in():\n           ~~~~~~~~~~~~~~~~~~^^\n  File \"E:\\Thong_ke\\emr_integration\\emr_list_search.py\", line 306, in _is_logged_in\n    current = str(self.driver.current_url or \"\").lower()\n                  ^^^^^^^^^^^^^^^^^^^^^^^\n  File \"E:\\Thong_ke\\.venv\\Lib\\site-packages\\selenium\\webdriver\\remote\\webdriver.py\", line 626, in current_url\n    return self.execute(Command.GET_CURRENT_URL)[\"value\"]\n           ~~~~~~~~~~~~^^^^^^^^^^^^^^^^^^^^^^^^^\n  File \"E:\\Thong_ke\\.venv\\Lib\\site-packages\\selenium\\webdriver\\remote\\webdriver.py\", line 492, in execute\n    self.error_handler.check_response(response)\n    ~~~~~~~~~~~~~~~~~~~~~~~~~~~~~~~~~^^^^^^^^^^\n  File \"E:\\Thong_ke\\.venv\\Lib\\site-packages\\selenium\\webdriver\\remote\\errorhandler.py\", line 232, in check_response\n    raise exception_class(message, screen, stacktrace)\nselenium.common.exceptions.NoSuchWindowException: Message: no such window: target window already closed\nfrom unknown error: web view not found\n  (Session info: chrome=150.0.7871.181)\nStacktrace:\n\tchromedriver!GetHandleVerifier [0x7ff6244e0d25+155a5]\n\tchromedriver!GetHandleVerifier [0x7ff6244e0d80+15600]\n\tchromedriver!(No symbol) [0x7ff62403594d]\n\tchromedriver!(No symbol) [0x7ff62400c792]\n\tchromedriver!(No symbol) [0x7ff6240c0536]\n\tchromedriver!(No symbol) [0x7ff6240dd902]\n\tchromedriver!(No symbol) [0x7ff624082e6c]\n\tchromedriver!(No symbol) [0x7ff624083d93]\n\tchromedriver!GetHandleVerifier [0x7ff624ac6431+5facb1]\n\tchromedriver!GetHandleVerifier [0x7ff624ac0a9b+5f531b]\n\tchromedriver!GetHandleVerifier [0x7ff624ae5865+61a0e5]\n\tchromedriver!GetHandleVerifier [0x7ff6244fdace+3234e]\n\tchromedriver!GetHandleVerifier [0x7ff62450661c+3ae9c]\n\tchromedriver!GetHandleVerifier [0x7ff6244eab74+1f3f4]\n\tchromedriver!GetHandleVerifier [0x7ff6244ead04+1f584]\n\tchromedriver!GetHandleVerifier [0x7ff6244cd9d7+2257]\n\tKERNEL32!BaseThreadInitThunk [0x7ffc2a1ee957+17]\n\tntdll!RtlUserThreadStart [0x7ffc2b7aad6c+2c]\n\n"
}
[2026-07-23 13:38:28.340] [DUMP] Đã lưu trạng thái trình duyệt: 55_surgery_search_error
{
  "meta": "E:\\Thong_ke\\emr_debug\\20260723_133656_331\\133828_335_55_surgery_search_error.json"
}
[2026-07-23 13:38:28.340] [ROW_UNMATCHED] Dòng 55: procedure: lỗi tìm kiếm Message: no such window: target window already closed
from unknown error: web view not found
  (Session info: chrome=150.0.7871.181)
Stacktrace:
	chromedriver!GetHandleVerifier [0x7ff6244e0d25+155a5]
	chromedriver!GetHandleVerifier [0x7ff6244e0d80+15600]
	chromedriver!(No symbol) [0x7ff62403594d]
	chromedriver!(No symbol) [0x7ff62400c792]
	chromedriver!(No symbol) [0x7ff6240c0536]
	chromedriver!(No symbol) [0x7ff6240dd902]
	chromedriver!(No symbol) [0x7ff624082e6c]
	chromedriver!(No symbol) [0x7ff624083d93]
	chromedriver!GetHandleVerifier [0x7ff624ac6431+5facb1]
	chromedriver!GetHandleVerifier [0x7ff624ac0a9b+5f531b]
	chromedriver!GetHandleVerifier [0x7ff624ae5865+61a0e5]
	chromedriver!GetHandleVerifier [0x7ff6244fdace+3234e]
	chromedriver!GetHandleVerifier [0x7ff62450661c+3ae9c]
	chromedriver!GetHandleVerifier [0x7ff6244eab74+1f3f4]
	chromedriver!GetHandleVerifier [0x7ff6244ead04+1f584]
	chromedriver!GetHandleVerifier [0x7ff6244cd9d7+2257]
	KERNEL32!BaseThreadInitThunk [0x7ffc2a1ee957+17]
	ntdll!RtlUserThreadStart [0x7ffc2b7aad6c+2c]
; surgery: lỗi tìm kiếm Message: no such window: target window already closed
from unknown error: web view not found
  (Session info: chrome=150.0.7871.181)
Stacktrace:
	chromedriver!GetHandleVerifier [0x7ff6244e0d25+155a5]
	chromedriver!GetHandleVerifier [0x7ff6244e0d80+15600]
	chromedriver!(No symbol) [0x7ff62403594d]
	chromedriver!(No symbol) [0x7ff62400c792]
	chromedriver!(No symbol) [0x7ff6240c0536]
	chromedriver!(No symbol) [0x7ff6240dd902]
	chromedriver!(No symbol) [0x7ff624082e6c]
	chromedriver!(No symbol) [0x7ff624083d93]
	chromedriver!GetHandleVerifier [0x7ff624ac6431+5facb1]
	chromedriver!GetHandleVerifier [0x7ff624ac0a9b+5f531b]
	chromedriver!GetHandleVerifier [0x7ff624ae5865+61a0e5]
	chromedriver!GetHandleVerifier [0x7ff6244fdace+3234e]
	chromedriver!GetHandleVerifier [0x7ff62450661c+3ae9c]
	chromedriver!GetHandleVerifier [0x7ff6244eab74+1f3f4]
	chromedriver!GetHandleVerifier [0x7ff6244ead04+1f584]
	chromedriver!GetHandleVerifier [0x7ff6244cd9d7+2257]
	KERNEL32!BaseThreadInitThunk [0x7ffc2a1ee957+17]
	ntdll!RtlUserThreadStart [0x7ffc2b7aad6c+2c]

{
  "rowNumber": 55,
  "patient": "VÕ VĂN VỊNH",
  "time": "14:55 03/06/2026",
  "method": "Tiêm gân duỗi ngón tay",
  "oldValue": "",
  "status": "unmatched",
  "reason": "procedure: lỗi tìm kiếm Message: no such window: target window already closed\nfrom unknown error: web view not found\n  (Session info: chrome=150.0.7871.181)\nStacktrace:\n\tchromedriver!GetHandleVerifier [0x7ff6244e0d25+155a5]\n\tchromedriver!GetHandleVerifier [0x7ff6244e0d80+15600]\n\tchromedriver!(No symbol) [0x7ff62403594d]\n\tchromedriver!(No symbol) [0x7ff62400c792]\n\tchromedriver!(No symbol) [0x7ff6240c0536]\n\tchromedriver!(No symbol) [0x7ff6240dd902]\n\tchromedriver!(No symbol) [0x7ff624082e6c]\n\tchromedriver!(No symbol) [0x7ff624083d93]\n\tchromedriver!GetHandleVerifier [0x7ff624ac6431+5facb1]\n\tchromedriver!GetHandleVerifier [0x7ff624ac0a9b+5f531b]\n\tchromedriver!GetHandleVerifier [0x7ff624ae5865+61a0e5]\n\tchromedriver!GetHandleVerifier [0x7ff6244fdace+3234e]\n\tchromedriver!GetHandleVerifier [0x7ff62450661c+3ae9c]\n\tchromedriver!GetHandleVerifier [0x7ff6244eab74+1f3f4]\n\tchromedriver!GetHandleVerifier [0x7ff6244ead04+1f584]\n\tchromedriver!GetHandleVerifier [0x7ff6244cd9d7+2257]\n\tKERNEL32!BaseThreadInitThunk [0x7ffc2a1ee957+17]\n\tntdll!RtlUserThreadStart [0x7ffc2b7aad6c+2c]\n; surgery: lỗi tìm kiếm Message: no such window: target window already closed\nfrom unknown error: web view not found\n  (Session info: chrome=150.0.7871.181)\nStacktrace:\n\tchromedriver!GetHandleVerifier [0x7ff6244e0d25+155a5]\n\tchromedriver!GetHandleVerifier [0x7ff6244e0d80+15600]\n\tchromedriver!(No symbol) [0x7ff62403594d]\n\tchromedriver!(No symbol) [0x7ff62400c792]\n\tchromedriver!(No symbol) [0x7ff6240c0536]\n\tchromedriver!(No symbol) [0x7ff6240dd902]\n\tchromedriver!(No symbol) [0x7ff624082e6c]\n\tchromedriver!(No symbol) [0x7ff624083d93]\n\tchromedriver!GetHandleVerifier [0x7ff624ac6431+5facb1]\n\tchromedriver!GetHandleVerifier [0x7ff624ac0a9b+5f531b]\n\tchromedriver!GetHandleVerifier [0x7ff624ae5865+61a0e5]\n\tchromedriver!GetHandleVerifier [0x7ff6244fdace+3234e]\n\tchromedriver!GetHandleVerifier [0x7ff62450661c+3ae9c]\n\tchromedriver!GetHandleVerifier [0x7ff6244eab74+1f3f4]\n\tchromedriver!GetHandleVerifier [0x7ff6244ead04+1f584]\n\tchromedriver!GetHandleVerifier [0x7ff6244cd9d7+2257]\n\tKERNEL32!BaseThreadInitThunk [0x7ffc2a1ee957+17]\n\tntdll!RtlUserThreadStart [0x7ffc2b7aad6c+2c]\n"
}
[2026-07-23 13:38:28.341] [ROW_END] Kết thúc dòng 55
{
  "status": "unmatched",
  "new_value": null,
  "reason": "procedure: lỗi tìm kiếm Message: no such window: target window already closed\nfrom unknown error: web view not found\n  (Session info: chrome=150.0.7871.181)\nStacktrace:\n\tchromedriver!GetHandleVerifier [0x7ff6244e0d25+155a5]\n\tchromedriver!GetHandleVerifier [0x7ff6244e0d80+15600]\n\tchromedriver!(No symbol) [0x7ff62403594d]\n\tchromedriver!(No symbol) [0x7ff62400c792]\n\tchromedriver!(No symbol) [0x7ff6240c0536]\n\tchromedriver!(No symbol) [0x7ff6240dd902]\n\tchromedriver!(No symbol) [0x7ff624082e6c]\n\tchromedriver!(No symbol) [0x7ff624083d93]\n\tchromedriver!GetHandleVerifier [0x7ff624ac6431+5facb1]\n\tchromedriver!GetHandleVerifier [0x7ff624ac0a9b+5f531b]\n\tchromedriver!GetHandleVerifier [0x7ff624ae5865+61a0e5]\n\tchromedriver!GetHandleVerifier [0x7ff6244fdace+3234e]\n\tchromedriver!GetHandleVerifier [0x7ff62450661c+3ae9c]\n\tchromedriver!GetHandleVerifier [0x7ff6244eab74+1f3f4]\n\tchromedriver!GetHandleVerifier [0x7ff6244ead04+1f584]\n\tchromedriver!GetHandleVerifier [0x7ff6244cd9d7+2257]\n\tKERNEL32!BaseThreadInitThunk [0x7ffc2a1ee957+17]\n\tntdll!RtlUserThreadStart [0x7ffc2b7aad6c+2c]\n; surgery: lỗi tìm kiếm Message: no such window: target window already closed\nfrom unknown error: web view not found\n  (Session info: chrome=150.0.7871.181)\nStacktrace:\n\tchromedriver!GetHandleVerifier [0x7ff6244e0d25+155a5]\n\tchromedriver!GetHandleVerifier [0x7ff6244e0d80+15600]\n\tchromedriver!(No symbol) [0x7ff62403594d]\n\tchromedriver!(No symbol) [0x7ff62400c792]\n\tchromedriver!(No symbol) [0x7ff6240c0536]\n\tchromedriver!(No symbol) [0x7ff6240dd902]\n\tchromedriver!(No symbol) [0x7ff624082e6c]\n\tchromedriver!(No symbol) [0x7ff624083d93]\n\tchromedriver!GetHandleVerifier [0x7ff624ac6431+5facb1]\n\tchromedriver!GetHandleVerifier [0x7ff624ac0a9b+5f531b]\n\tchromedriver!GetHandleVerifier [0x7ff624ae5865+61a0e5]\n\tchromedriver!GetHandleVerifier [0x7ff6244fdace+3234e]\n\tchromedriver!GetHandleVerifier [0x7ff62450661c+3ae9c]\n\tchromedriver!GetHandleVerifier [0x7ff6244eab74+1f3f4]\n\tchromedriver!GetHandleVerifier [0x7ff6244ead04+1f584]\n\tchromedriver!GetHandleVerifier [0x7ff6244cd9d7+2257]\n\tKERNEL32!BaseThreadInitThunk [0x7ffc2a1ee957+17]\n\tntdll!RtlUserThreadStart [0x7ffc2b7aad6c+2c]\n"
}
[2026-07-23 13:38:28.342] [ROW_BEGIN] [13/20] Bắt đầu dòng 78: PHẠM NGỌC HÙNG
{
  "raw_time": "2026/06/17 10:19",
  "parsed_time": "10:19 17/06/2026",
  "method": "Chích rạch nhọt, Apxe nhỏ dẫn lưu",
  "old_value": "Trần Quỳnh Minh Thư"
}
[2026-07-23 13:38:28.342] [SEARCH_BEGIN] dòng 78: tìm PHẠM NGỌC HÙNG tại D/s Thủ thuật
{
  "patient": "PHẠM NGỌC HÙNG",
  "target_time": "2026-06-17 10:19:00",
  "target_method": "Chích rạch nhọt, Apxe nhỏ dẫn lưu",
  "source": "procedure"
}
[2026-07-23 13:38:28.345] [SEARCH_ERROR] procedure: lỗi tìm kiếm Message: no such window: target window already closed
from unknown error: web view not found
  (Session info: chrome=150.0.7871.181)
Stacktrace:
	chromedriver!GetHandleVerifier [0x7ff6244e0d25+155a5]
	chromedriver!GetHandleVerifier [0x7ff6244e0d80+15600]
	chromedriver!(No symbol) [0x7ff62403594d]
	chromedriver!(No symbol) [0x7ff62400c792]
	chromedriver!(No symbol) [0x7ff6240c0536]
	chromedriver!(No symbol) [0x7ff6240dd902]
	chromedriver!(No symbol) [0x7ff624082e6c]
	chromedriver!(No symbol) [0x7ff624083d93]
	chromedriver!GetHandleVerifier [0x7ff624ac6431+5facb1]
	chromedriver!GetHandleVerifier [0x7ff624ac0a9b+5f531b]
	chromedriver!GetHandleVerifier [0x7ff624ae5865+61a0e5]
	chromedriver!GetHandleVerifier [0x7ff6244fdace+3234e]
	chromedriver!GetHandleVerifier [0x7ff62450661c+3ae9c]
	chromedriver!GetHandleVerifier [0x7ff6244eab74+1f3f4]
	chromedriver!GetHandleVerifier [0x7ff6244ead04+1f584]
	chromedriver!GetHandleVerifier [0x7ff6244cd9d7+2257]
	KERNEL32!BaseThreadInitThunk [0x7ffc2a1ee957+17]
	ntdll!RtlUserThreadStart [0x7ffc2b7aad6c+2c]

{
  "traceback": "Traceback (most recent call last):\n  File \"E:\\Thong_ke\\emr_tieuphau_fill.py\", line 547, in find_doctor_for_row\n    result = client.search(source, patient_name, months=3).to_dict()\n             ~~~~~~~~~~~~~^^^^^^^^^^^^^^^^^^^^^^^^^^^^^^^^\n  File \"E:\\Thong_ke\\emr_integration\\emr_list_search.py\", line 278, in search\n    if not self._is_logged_in():\n           ~~~~~~~~~~~~~~~~~~^^\n  File \"E:\\Thong_ke\\emr_integration\\emr_list_search.py\", line 306, in _is_logged_in\n    current = str(self.driver.current_url or \"\").lower()\n                  ^^^^^^^^^^^^^^^^^^^^^^^\n  File \"E:\\Thong_ke\\.venv\\Lib\\site-packages\\selenium\\webdriver\\remote\\webdriver.py\", line 626, in current_url\n    return self.execute(Command.GET_CURRENT_URL)[\"value\"]\n           ~~~~~~~~~~~~^^^^^^^^^^^^^^^^^^^^^^^^^\n  File \"E:\\Thong_ke\\.venv\\Lib\\site-packages\\selenium\\webdriver\\remote\\webdriver.py\", line 492, in execute\n    self.error_handler.check_response(response)\n    ~~~~~~~~~~~~~~~~~~~~~~~~~~~~~~~~~^^^^^^^^^^\n  File \"E:\\Thong_ke\\.venv\\Lib\\site-packages\\selenium\\webdriver\\remote\\errorhandler.py\", line 232, in check_response\n    raise exception_class(message, screen, stacktrace)\nselenium.common.exceptions.NoSuchWindowException: Message: no such window: target window already closed\nfrom unknown error: web view not found\n  (Session info: chrome=150.0.7871.181)\nStacktrace:\n\tchromedriver!GetHandleVerifier [0x7ff6244e0d25+155a5]\n\tchromedriver!GetHandleVerifier [0x7ff6244e0d80+15600]\n\tchromedriver!(No symbol) [0x7ff62403594d]\n\tchromedriver!(No symbol) [0x7ff62400c792]\n\tchromedriver!(No symbol) [0x7ff6240c0536]\n\tchromedriver!(No symbol) [0x7ff6240dd902]\n\tchromedriver!(No symbol) [0x7ff624082e6c]\n\tchromedriver!(No symbol) [0x7ff624083d93]\n\tchromedriver!GetHandleVerifier [0x7ff624ac6431+5facb1]\n\tchromedriver!GetHandleVerifier [0x7ff624ac0a9b+5f531b]\n\tchromedriver!GetHandleVerifier [0x7ff624ae5865+61a0e5]\n\tchromedriver!GetHandleVerifier [0x7ff6244fdace+3234e]\n\tchromedriver!GetHandleVerifier [0x7ff62450661c+3ae9c]\n\tchromedriver!GetHandleVerifier [0x7ff6244eab74+1f3f4]\n\tchromedriver!GetHandleVerifier [0x7ff6244ead04+1f584]\n\tchromedriver!GetHandleVerifier [0x7ff6244cd9d7+2257]\n\tKERNEL32!BaseThreadInitThunk [0x7ffc2a1ee957+17]\n\tntdll!RtlUserThreadStart [0x7ffc2b7aad6c+2c]\n\n"
}
[2026-07-23 13:38:28.352] [DUMP] Đã lưu trạng thái trình duyệt: 78_procedure_search_error
{
  "meta": "E:\\Thong_ke\\emr_debug\\20260723_133656_331\\133828_346_78_procedure_search_error.json"
}
[2026-07-23 13:38:28.353] [SEARCH_BEGIN] dòng 78: tìm PHẠM NGỌC HÙNG tại D/s Phẫu thuật
{
  "patient": "PHẠM NGỌC HÙNG",
  "target_time": "2026-06-17 10:19:00",
  "target_method": "Chích rạch nhọt, Apxe nhỏ dẫn lưu",
  "source": "surgery"
}
[2026-07-23 13:38:28.356] [SEARCH_ERROR] surgery: lỗi tìm kiếm Message: no such window: target window already closed
from unknown error: web view not found
  (Session info: chrome=150.0.7871.181)
Stacktrace:
	chromedriver!GetHandleVerifier [0x7ff6244e0d25+155a5]
	chromedriver!GetHandleVerifier [0x7ff6244e0d80+15600]
	chromedriver!(No symbol) [0x7ff62403594d]
	chromedriver!(No symbol) [0x7ff62400c792]
	chromedriver!(No symbol) [0x7ff6240c0536]
	chromedriver!(No symbol) [0x7ff6240dd902]
	chromedriver!(No symbol) [0x7ff624082e6c]
	chromedriver!(No symbol) [0x7ff624083d93]
	chromedriver!GetHandleVerifier [0x7ff624ac6431+5facb1]
	chromedriver!GetHandleVerifier [0x7ff624ac0a9b+5f531b]
	chromedriver!GetHandleVerifier [0x7ff624ae5865+61a0e5]
	chromedriver!GetHandleVerifier [0x7ff6244fdace+3234e]
	chromedriver!GetHandleVerifier [0x7ff62450661c+3ae9c]
	chromedriver!GetHandleVerifier [0x7ff6244eab74+1f3f4]
	chromedriver!GetHandleVerifier [0x7ff6244ead04+1f584]
	chromedriver!GetHandleVerifier [0x7ff6244cd9d7+2257]
	KERNEL32!BaseThreadInitThunk [0x7ffc2a1ee957+17]
	ntdll!RtlUserThreadStart [0x7ffc2b7aad6c+2c]

{
  "traceback": "Traceback (most recent call last):\n  File \"E:\\Thong_ke\\emr_tieuphau_fill.py\", line 547, in find_doctor_for_row\n    result = client.search(source, patient_name, months=3).to_dict()\n             ~~~~~~~~~~~~~^^^^^^^^^^^^^^^^^^^^^^^^^^^^^^^^\n  File \"E:\\Thong_ke\\emr_integration\\emr_list_search.py\", line 278, in search\n    if not self._is_logged_in():\n           ~~~~~~~~~~~~~~~~~~^^\n  File \"E:\\Thong_ke\\emr_integration\\emr_list_search.py\", line 306, in _is_logged_in\n    current = str(self.driver.current_url or \"\").lower()\n                  ^^^^^^^^^^^^^^^^^^^^^^^\n  File \"E:\\Thong_ke\\.venv\\Lib\\site-packages\\selenium\\webdriver\\remote\\webdriver.py\", line 626, in current_url\n    return self.execute(Command.GET_CURRENT_URL)[\"value\"]\n           ~~~~~~~~~~~~^^^^^^^^^^^^^^^^^^^^^^^^^\n  File \"E:\\Thong_ke\\.venv\\Lib\\site-packages\\selenium\\webdriver\\remote\\webdriver.py\", line 492, in execute\n    self.error_handler.check_response(response)\n    ~~~~~~~~~~~~~~~~~~~~~~~~~~~~~~~~~^^^^^^^^^^\n  File \"E:\\Thong_ke\\.venv\\Lib\\site-packages\\selenium\\webdriver\\remote\\errorhandler.py\", line 232, in check_response\n    raise exception_class(message, screen, stacktrace)\nselenium.common.exceptions.NoSuchWindowException: Message: no such window: target window already closed\nfrom unknown error: web view not found\n  (Session info: chrome=150.0.7871.181)\nStacktrace:\n\tchromedriver!GetHandleVerifier [0x7ff6244e0d25+155a5]\n\tchromedriver!GetHandleVerifier [0x7ff6244e0d80+15600]\n\tchromedriver!(No symbol) [0x7ff62403594d]\n\tchromedriver!(No symbol) [0x7ff62400c792]\n\tchromedriver!(No symbol) [0x7ff6240c0536]\n\tchromedriver!(No symbol) [0x7ff6240dd902]\n\tchromedriver!(No symbol) [0x7ff624082e6c]\n\tchromedriver!(No symbol) [0x7ff624083d93]\n\tchromedriver!GetHandleVerifier [0x7ff624ac6431+5facb1]\n\tchromedriver!GetHandleVerifier [0x7ff624ac0a9b+5f531b]\n\tchromedriver!GetHandleVerifier [0x7ff624ae5865+61a0e5]\n\tchromedriver!GetHandleVerifier [0x7ff6244fdace+3234e]\n\tchromedriver!GetHandleVerifier [0x7ff62450661c+3ae9c]\n\tchromedriver!GetHandleVerifier [0x7ff6244eab74+1f3f4]\n\tchromedriver!GetHandleVerifier [0x7ff6244ead04+1f584]\n\tchromedriver!GetHandleVerifier [0x7ff6244cd9d7+2257]\n\tKERNEL32!BaseThreadInitThunk [0x7ffc2a1ee957+17]\n\tntdll!RtlUserThreadStart [0x7ffc2b7aad6c+2c]\n\n"
}
[2026-07-23 13:38:28.361] [DUMP] Đã lưu trạng thái trình duyệt: 78_surgery_search_error
{
  "meta": "E:\\Thong_ke\\emr_debug\\20260723_133656_331\\133828_356_78_surgery_search_error.json"
}
[2026-07-23 13:38:28.362] [ROW_UNMATCHED] Dòng 78: procedure: lỗi tìm kiếm Message: no such window: target window already closed
from unknown error: web view not found
  (Session info: chrome=150.0.7871.181)
Stacktrace:
	chromedriver!GetHandleVerifier [0x7ff6244e0d25+155a5]
	chromedriver!GetHandleVerifier [0x7ff6244e0d80+15600]
	chromedriver!(No symbol) [0x7ff62403594d]
	chromedriver!(No symbol) [0x7ff62400c792]
	chromedriver!(No symbol) [0x7ff6240c0536]
	chromedriver!(No symbol) [0x7ff6240dd902]
	chromedriver!(No symbol) [0x7ff624082e6c]
	chromedriver!(No symbol) [0x7ff624083d93]
	chromedriver!GetHandleVerifier [0x7ff624ac6431+5facb1]
	chromedriver!GetHandleVerifier [0x7ff624ac0a9b+5f531b]
	chromedriver!GetHandleVerifier [0x7ff624ae5865+61a0e5]
	chromedriver!GetHandleVerifier [0x7ff6244fdace+3234e]
	chromedriver!GetHandleVerifier [0x7ff62450661c+3ae9c]
	chromedriver!GetHandleVerifier [0x7ff6244eab74+1f3f4]
	chromedriver!GetHandleVerifier [0x7ff6244ead04+1f584]
	chromedriver!GetHandleVerifier [0x7ff6244cd9d7+2257]
	KERNEL32!BaseThreadInitThunk [0x7ffc2a1ee957+17]
	ntdll!RtlUserThreadStart [0x7ffc2b7aad6c+2c]
; surgery: lỗi tìm kiếm Message: no such window: target window already closed
from unknown error: web view not found
  (Session info: chrome=150.0.7871.181)
Stacktrace:
	chromedriver!GetHandleVerifier [0x7ff6244e0d25+155a5]
	chromedriver!GetHandleVerifier [0x7ff6244e0d80+15600]
	chromedriver!(No symbol) [0x7ff62403594d]
	chromedriver!(No symbol) [0x7ff62400c792]
	chromedriver!(No symbol) [0x7ff6240c0536]
	chromedriver!(No symbol) [0x7ff6240dd902]
	chromedriver!(No symbol) [0x7ff624082e6c]
	chromedriver!(No symbol) [0x7ff624083d93]
	chromedriver!GetHandleVerifier [0x7ff624ac6431+5facb1]
	chromedriver!GetHandleVerifier [0x7ff624ac0a9b+5f531b]
	chromedriver!GetHandleVerifier [0x7ff624ae5865+61a0e5]
	chromedriver!GetHandleVerifier [0x7ff6244fdace+3234e]
	chromedriver!GetHandleVerifier [0x7ff62450661c+3ae9c]
	chromedriver!GetHandleVerifier [0x7ff6244eab74+1f3f4]
	chromedriver!GetHandleVerifier [0x7ff6244ead04+1f584]
	chromedriver!GetHandleVerifier [0x7ff6244cd9d7+2257]
	KERNEL32!BaseThreadInitThunk [0x7ffc2a1ee957+17]
	ntdll!RtlUserThreadStart [0x7ffc2b7aad6c+2c]

{
  "rowNumber": 78,
  "patient": "PHẠM NGỌC HÙNG",
  "time": "10:19 17/06/2026",
  "method": "Chích rạch nhọt, Apxe nhỏ dẫn lưu",
  "oldValue": "Trần Quỳnh Minh Thư",
  "status": "unmatched",
  "reason": "procedure: lỗi tìm kiếm Message: no such window: target window already closed\nfrom unknown error: web view not found\n  (Session info: chrome=150.0.7871.181)\nStacktrace:\n\tchromedriver!GetHandleVerifier [0x7ff6244e0d25+155a5]\n\tchromedriver!GetHandleVerifier [0x7ff6244e0d80+15600]\n\tchromedriver!(No symbol) [0x7ff62403594d]\n\tchromedriver!(No symbol) [0x7ff62400c792]\n\tchromedriver!(No symbol) [0x7ff6240c0536]\n\tchromedriver!(No symbol) [0x7ff6240dd902]\n\tchromedriver!(No symbol) [0x7ff624082e6c]\n\tchromedriver!(No symbol) [0x7ff624083d93]\n\tchromedriver!GetHandleVerifier [0x7ff624ac6431+5facb1]\n\tchromedriver!GetHandleVerifier [0x7ff624ac0a9b+5f531b]\n\tchromedriver!GetHandleVerifier [0x7ff624ae5865+61a0e5]\n\tchromedriver!GetHandleVerifier [0x7ff6244fdace+3234e]\n\tchromedriver!GetHandleVerifier [0x7ff62450661c+3ae9c]\n\tchromedriver!GetHandleVerifier [0x7ff6244eab74+1f3f4]\n\tchromedriver!GetHandleVerifier [0x7ff6244ead04+1f584]\n\tchromedriver!GetHandleVerifier [0x7ff6244cd9d7+2257]\n\tKERNEL32!BaseThreadInitThunk [0x7ffc2a1ee957+17]\n\tntdll!RtlUserThreadStart [0x7ffc2b7aad6c+2c]\n; surgery: lỗi tìm kiếm Message: no such window: target window already closed\nfrom unknown error: web view not found\n  (Session info: chrome=150.0.7871.181)\nStacktrace:\n\tchromedriver!GetHandleVerifier [0x7ff6244e0d25+155a5]\n\tchromedriver!GetHandleVerifier [0x7ff6244e0d80+15600]\n\tchromedriver!(No symbol) [0x7ff62403594d]\n\tchromedriver!(No symbol) [0x7ff62400c792]\n\tchromedriver!(No symbol) [0x7ff6240c0536]\n\tchromedriver!(No symbol) [0x7ff6240dd902]\n\tchromedriver!(No symbol) [0x7ff624082e6c]\n\tchromedriver!(No symbol) [0x7ff624083d93]\n\tchromedriver!GetHandleVerifier [0x7ff624ac6431+5facb1]\n\tchromedriver!GetHandleVerifier [0x7ff624ac0a9b+5f531b]\n\tchromedriver!GetHandleVerifier [0x7ff624ae5865+61a0e5]\n\tchromedriver!GetHandleVerifier [0x7ff6244fdace+3234e]\n\tchromedriver!GetHandleVerifier [0x7ff62450661c+3ae9c]\n\tchromedriver!GetHandleVerifier [0x7ff6244eab74+1f3f4]\n\tchromedriver!GetHandleVerifier [0x7ff6244ead04+1f584]\n\tchromedriver!GetHandleVerifier [0x7ff6244cd9d7+2257]\n\tKERNEL32!BaseThreadInitThunk [0x7ffc2a1ee957+17]\n\tntdll!RtlUserThreadStart [0x7ffc2b7aad6c+2c]\n"
}
[2026-07-23 13:38:28.363] [ROW_END] Kết thúc dòng 78
{
  "status": "unmatched",
  "new_value": null,
  "reason": "procedure: lỗi tìm kiếm Message: no such window: target window already closed\nfrom unknown error: web view not found\n  (Session info: chrome=150.0.7871.181)\nStacktrace:\n\tchromedriver!GetHandleVerifier [0x7ff6244e0d25+155a5]\n\tchromedriver!GetHandleVerifier [0x7ff6244e0d80+15600]\n\tchromedriver!(No symbol) [0x7ff62403594d]\n\tchromedriver!(No symbol) [0x7ff62400c792]\n\tchromedriver!(No symbol) [0x7ff6240c0536]\n\tchromedriver!(No symbol) [0x7ff6240dd902]\n\tchromedriver!(No symbol) [0x7ff624082e6c]\n\tchromedriver!(No symbol) [0x7ff624083d93]\n\tchromedriver!GetHandleVerifier [0x7ff624ac6431+5facb1]\n\tchromedriver!GetHandleVerifier [0x7ff624ac0a9b+5f531b]\n\tchromedriver!GetHandleVerifier [0x7ff624ae5865+61a0e5]\n\tchromedriver!GetHandleVerifier [0x7ff6244fdace+3234e]\n\tchromedriver!GetHandleVerifier [0x7ff62450661c+3ae9c]\n\tchromedriver!GetHandleVerifier [0x7ff6244eab74+1f3f4]\n\tchromedriver!GetHandleVerifier [0x7ff6244ead04+1f584]\n\tchromedriver!GetHandleVerifier [0x7ff6244cd9d7+2257]\n\tKERNEL32!BaseThreadInitThunk [0x7ffc2a1ee957+17]\n\tntdll!RtlUserThreadStart [0x7ffc2b7aad6c+2c]\n; surgery: lỗi tìm kiếm Message: no such window: target window already closed\nfrom unknown error: web view not found\n  (Session info: chrome=150.0.7871.181)\nStacktrace:\n\tchromedriver!GetHandleVerifier [0x7ff6244e0d25+155a5]\n\tchromedriver!GetHandleVerifier [0x7ff6244e0d80+15600]\n\tchromedriver!(No symbol) [0x7ff62403594d]\n\tchromedriver!(No symbol) [0x7ff62400c792]\n\tchromedriver!(No symbol) [0x7ff6240c0536]\n\tchromedriver!(No symbol) [0x7ff6240dd902]\n\tchromedriver!(No symbol) [0x7ff624082e6c]\n\tchromedriver!(No symbol) [0x7ff624083d93]\n\tchromedriver!GetHandleVerifier [0x7ff624ac6431+5facb1]\n\tchromedriver!GetHandleVerifier [0x7ff624ac0a9b+5f531b]\n\tchromedriver!GetHandleVerifier [0x7ff624ae5865+61a0e5]\n\tchromedriver!GetHandleVerifier [0x7ff6244fdace+3234e]\n\tchromedriver!GetHandleVerifier [0x7ff62450661c+3ae9c]\n\tchromedriver!GetHandleVerifier [0x7ff6244eab74+1f3f4]\n\tchromedriver!GetHandleVerifier [0x7ff6244ead04+1f584]\n\tchromedriver!GetHandleVerifier [0x7ff6244cd9d7+2257]\n\tKERNEL32!BaseThreadInitThunk [0x7ffc2a1ee957+17]\n\tntdll!RtlUserThreadStart [0x7ffc2b7aad6c+2c]\n"
}
[2026-07-23 13:38:28.363] [ROW_BEGIN] [14/20] Bắt đầu dòng 87: LÊ TRÍ HIẾU
{
  "raw_time": "2026/06/23 08:14",
  "parsed_time": "08:14 23/06/2026",
  "method": "Hút ổ viêm/áp xe phần mềm",
  "old_value": ""
}
[2026-07-23 13:38:28.364] [SEARCH_BEGIN] dòng 87: tìm LÊ TRÍ HIẾU tại D/s Thủ thuật
{
  "patient": "LÊ TRÍ HIẾU",
  "target_time": "2026-06-23 08:14:00",
  "target_method": "Hút ổ viêm/áp xe phần mềm",
  "source": "procedure"
}
[2026-07-23 13:38:28.367] [SEARCH_ERROR] procedure: lỗi tìm kiếm Message: no such window: target window already closed
from unknown error: web view not found
  (Session info: chrome=150.0.7871.181)
Stacktrace:
	chromedriver!GetHandleVerifier [0x7ff6244e0d25+155a5]
	chromedriver!GetHandleVerifier [0x7ff6244e0d80+15600]
	chromedriver!(No symbol) [0x7ff62403594d]
	chromedriver!(No symbol) [0x7ff62400c792]
	chromedriver!(No symbol) [0x7ff6240c0536]
	chromedriver!(No symbol) [0x7ff6240dd902]
	chromedriver!(No symbol) [0x7ff624082e6c]
	chromedriver!(No symbol) [0x7ff624083d93]
	chromedriver!GetHandleVerifier [0x7ff624ac6431+5facb1]
	chromedriver!GetHandleVerifier [0x7ff624ac0a9b+5f531b]
	chromedriver!GetHandleVerifier [0x7ff624ae5865+61a0e5]
	chromedriver!GetHandleVerifier [0x7ff6244fdace+3234e]
	chromedriver!GetHandleVerifier [0x7ff62450661c+3ae9c]
	chromedriver!GetHandleVerifier [0x7ff6244eab74+1f3f4]
	chromedriver!GetHandleVerifier [0x7ff6244ead04+1f584]
	chromedriver!GetHandleVerifier [0x7ff6244cd9d7+2257]
	KERNEL32!BaseThreadInitThunk [0x7ffc2a1ee957+17]
	ntdll!RtlUserThreadStart [0x7ffc2b7aad6c+2c]

{
  "traceback": "Traceback (most recent call last):\n  File \"E:\\Thong_ke\\emr_tieuphau_fill.py\", line 547, in find_doctor_for_row\n    result = client.search(source, patient_name, months=3).to_dict()\n             ~~~~~~~~~~~~~^^^^^^^^^^^^^^^^^^^^^^^^^^^^^^^^\n  File \"E:\\Thong_ke\\emr_integration\\emr_list_search.py\", line 278, in search\n    if not self._is_logged_in():\n           ~~~~~~~~~~~~~~~~~~^^\n  File \"E:\\Thong_ke\\emr_integration\\emr_list_search.py\", line 306, in _is_logged_in\n    current = str(self.driver.current_url or \"\").lower()\n                  ^^^^^^^^^^^^^^^^^^^^^^^\n  File \"E:\\Thong_ke\\.venv\\Lib\\site-packages\\selenium\\webdriver\\remote\\webdriver.py\", line 626, in current_url\n    return self.execute(Command.GET_CURRENT_URL)[\"value\"]\n           ~~~~~~~~~~~~^^^^^^^^^^^^^^^^^^^^^^^^^\n  File \"E:\\Thong_ke\\.venv\\Lib\\site-packages\\selenium\\webdriver\\remote\\webdriver.py\", line 492, in execute\n    self.error_handler.check_response(response)\n    ~~~~~~~~~~~~~~~~~~~~~~~~~~~~~~~~~^^^^^^^^^^\n  File \"E:\\Thong_ke\\.venv\\Lib\\site-packages\\selenium\\webdriver\\remote\\errorhandler.py\", line 232, in check_response\n    raise exception_class(message, screen, stacktrace)\nselenium.common.exceptions.NoSuchWindowException: Message: no such window: target window already closed\nfrom unknown error: web view not found\n  (Session info: chrome=150.0.7871.181)\nStacktrace:\n\tchromedriver!GetHandleVerifier [0x7ff6244e0d25+155a5]\n\tchromedriver!GetHandleVerifier [0x7ff6244e0d80+15600]\n\tchromedriver!(No symbol) [0x7ff62403594d]\n\tchromedriver!(No symbol) [0x7ff62400c792]\n\tchromedriver!(No symbol) [0x7ff6240c0536]\n\tchromedriver!(No symbol) [0x7ff6240dd902]\n\tchromedriver!(No symbol) [0x7ff624082e6c]\n\tchromedriver!(No symbol) [0x7ff624083d93]\n\tchromedriver!GetHandleVerifier [0x7ff624ac6431+5facb1]\n\tchromedriver!GetHandleVerifier [0x7ff624ac0a9b+5f531b]\n\tchromedriver!GetHandleVerifier [0x7ff624ae5865+61a0e5]\n\tchromedriver!GetHandleVerifier [0x7ff6244fdace+3234e]\n\tchromedriver!GetHandleVerifier [0x7ff62450661c+3ae9c]\n\tchromedriver!GetHandleVerifier [0x7ff6244eab74+1f3f4]\n\tchromedriver!GetHandleVerifier [0x7ff6244ead04+1f584]\n\tchromedriver!GetHandleVerifier [0x7ff6244cd9d7+2257]\n\tKERNEL32!BaseThreadInitThunk [0x7ffc2a1ee957+17]\n\tntdll!RtlUserThreadStart [0x7ffc2b7aad6c+2c]\n\n"
}
[2026-07-23 13:38:28.373] [DUMP] Đã lưu trạng thái trình duyệt: 87_procedure_search_error
{
  "meta": "E:\\Thong_ke\\emr_debug\\20260723_133656_331\\133828_367_87_procedure_search_error.json"
}
[2026-07-23 13:38:28.373] [SEARCH_BEGIN] dòng 87: tìm LÊ TRÍ HIẾU tại D/s Phẫu thuật
{
  "patient": "LÊ TRÍ HIẾU",
  "target_time": "2026-06-23 08:14:00",
  "target_method": "Hút ổ viêm/áp xe phần mềm",
  "source": "surgery"
}
[2026-07-23 13:38:28.376] [SEARCH_ERROR] surgery: lỗi tìm kiếm Message: no such window: target window already closed
from unknown error: web view not found
  (Session info: chrome=150.0.7871.181)
Stacktrace:
	chromedriver!GetHandleVerifier [0x7ff6244e0d25+155a5]
	chromedriver!GetHandleVerifier [0x7ff6244e0d80+15600]
	chromedriver!(No symbol) [0x7ff62403594d]
	chromedriver!(No symbol) [0x7ff62400c792]
	chromedriver!(No symbol) [0x7ff6240c0536]
	chromedriver!(No symbol) [0x7ff6240dd902]
	chromedriver!(No symbol) [0x7ff624082e6c]
	chromedriver!(No symbol) [0x7ff624083d93]
	chromedriver!GetHandleVerifier [0x7ff624ac6431+5facb1]
	chromedriver!GetHandleVerifier [0x7ff624ac0a9b+5f531b]
	chromedriver!GetHandleVerifier [0x7ff624ae5865+61a0e5]
	chromedriver!GetHandleVerifier [0x7ff6244fdace+3234e]
	chromedriver!GetHandleVerifier [0x7ff62450661c+3ae9c]
	chromedriver!GetHandleVerifier [0x7ff6244eab74+1f3f4]
	chromedriver!GetHandleVerifier [0x7ff6244ead04+1f584]
	chromedriver!GetHandleVerifier [0x7ff6244cd9d7+2257]
	KERNEL32!BaseThreadInitThunk [0x7ffc2a1ee957+17]
	ntdll!RtlUserThreadStart [0x7ffc2b7aad6c+2c]

{
  "traceback": "Traceback (most recent call last):\n  File \"E:\\Thong_ke\\emr_tieuphau_fill.py\", line 547, in find_doctor_for_row\n    result = client.search(source, patient_name, months=3).to_dict()\n             ~~~~~~~~~~~~~^^^^^^^^^^^^^^^^^^^^^^^^^^^^^^^^\n  File \"E:\\Thong_ke\\emr_integration\\emr_list_search.py\", line 278, in search\n    if not self._is_logged_in():\n           ~~~~~~~~~~~~~~~~~~^^\n  File \"E:\\Thong_ke\\emr_integration\\emr_list_search.py\", line 306, in _is_logged_in\n    current = str(self.driver.current_url or \"\").lower()\n                  ^^^^^^^^^^^^^^^^^^^^^^^\n  File \"E:\\Thong_ke\\.venv\\Lib\\site-packages\\selenium\\webdriver\\remote\\webdriver.py\", line 626, in current_url\n    return self.execute(Command.GET_CURRENT_URL)[\"value\"]\n           ~~~~~~~~~~~~^^^^^^^^^^^^^^^^^^^^^^^^^\n  File \"E:\\Thong_ke\\.venv\\Lib\\site-packages\\selenium\\webdriver\\remote\\webdriver.py\", line 492, in execute\n    self.error_handler.check_response(response)\n    ~~~~~~~~~~~~~~~~~~~~~~~~~~~~~~~~~^^^^^^^^^^\n  File \"E:\\Thong_ke\\.venv\\Lib\\site-packages\\selenium\\webdriver\\remote\\errorhandler.py\", line 232, in check_response\n    raise exception_class(message, screen, stacktrace)\nselenium.common.exceptions.NoSuchWindowException: Message: no such window: target window already closed\nfrom unknown error: web view not found\n  (Session info: chrome=150.0.7871.181)\nStacktrace:\n\tchromedriver!GetHandleVerifier [0x7ff6244e0d25+155a5]\n\tchromedriver!GetHandleVerifier [0x7ff6244e0d80+15600]\n\tchromedriver!(No symbol) [0x7ff62403594d]\n\tchromedriver!(No symbol) [0x7ff62400c792]\n\tchromedriver!(No symbol) [0x7ff6240c0536]\n\tchromedriver!(No symbol) [0x7ff6240dd902]\n\tchromedriver!(No symbol) [0x7ff624082e6c]\n\tchromedriver!(No symbol) [0x7ff624083d93]\n\tchromedriver!GetHandleVerifier [0x7ff624ac6431+5facb1]\n\tchromedriver!GetHandleVerifier [0x7ff624ac0a9b+5f531b]\n\tchromedriver!GetHandleVerifier [0x7ff624ae5865+61a0e5]\n\tchromedriver!GetHandleVerifier [0x7ff6244fdace+3234e]\n\tchromedriver!GetHandleVerifier [0x7ff62450661c+3ae9c]\n\tchromedriver!GetHandleVerifier [0x7ff6244eab74+1f3f4]\n\tchromedriver!GetHandleVerifier [0x7ff6244ead04+1f584]\n\tchromedriver!GetHandleVerifier [0x7ff6244cd9d7+2257]\n\tKERNEL32!BaseThreadInitThunk [0x7ffc2a1ee957+17]\n\tntdll!RtlUserThreadStart [0x7ffc2b7aad6c+2c]\n\n"
}
[2026-07-23 13:38:28.383] [DUMP] Đã lưu trạng thái trình duyệt: 87_surgery_search_error
{
  "meta": "E:\\Thong_ke\\emr_debug\\20260723_133656_331\\133828_377_87_surgery_search_error.json"
}
[2026-07-23 13:38:28.383] [ROW_UNMATCHED] Dòng 87: procedure: lỗi tìm kiếm Message: no such window: target window already closed
from unknown error: web view not found
  (Session info: chrome=150.0.7871.181)
Stacktrace:
	chromedriver!GetHandleVerifier [0x7ff6244e0d25+155a5]
	chromedriver!GetHandleVerifier [0x7ff6244e0d80+15600]
	chromedriver!(No symbol) [0x7ff62403594d]
	chromedriver!(No symbol) [0x7ff62400c792]
	chromedriver!(No symbol) [0x7ff6240c0536]
	chromedriver!(No symbol) [0x7ff6240dd902]
	chromedriver!(No symbol) [0x7ff624082e6c]
	chromedriver!(No symbol) [0x7ff624083d93]
	chromedriver!GetHandleVerifier [0x7ff624ac6431+5facb1]
	chromedriver!GetHandleVerifier [0x7ff624ac0a9b+5f531b]
	chromedriver!GetHandleVerifier [0x7ff624ae5865+61a0e5]
	chromedriver!GetHandleVerifier [0x7ff6244fdace+3234e]
	chromedriver!GetHandleVerifier [0x7ff62450661c+3ae9c]
	chromedriver!GetHandleVerifier [0x7ff6244eab74+1f3f4]
	chromedriver!GetHandleVerifier [0x7ff6244ead04+1f584]
	chromedriver!GetHandleVerifier [0x7ff6244cd9d7+2257]
	KERNEL32!BaseThreadInitThunk [0x7ffc2a1ee957+17]
	ntdll!RtlUserThreadStart [0x7ffc2b7aad6c+2c]
; surgery: lỗi tìm kiếm Message: no such window: target window already closed
from unknown error: web view not found
  (Session info: chrome=150.0.7871.181)
Stacktrace:
	chromedriver!GetHandleVerifier [0x7ff6244e0d25+155a5]
	chromedriver!GetHandleVerifier [0x7ff6244e0d80+15600]
	chromedriver!(No symbol) [0x7ff62403594d]
	chromedriver!(No symbol) [0x7ff62400c792]
	chromedriver!(No symbol) [0x7ff6240c0536]
	chromedriver!(No symbol) [0x7ff6240dd902]
	chromedriver!(No symbol) [0x7ff624082e6c]
	chromedriver!(No symbol) [0x7ff624083d93]
	chromedriver!GetHandleVerifier [0x7ff624ac6431+5facb1]
	chromedriver!GetHandleVerifier [0x7ff624ac0a9b+5f531b]
	chromedriver!GetHandleVerifier [0x7ff624ae5865+61a0e5]
	chromedriver!GetHandleVerifier [0x7ff6244fdace+3234e]
	chromedriver!GetHandleVerifier [0x7ff62450661c+3ae9c]
	chromedriver!GetHandleVerifier [0x7ff6244eab74+1f3f4]
	chromedriver!GetHandleVerifier [0x7ff6244ead04+1f584]
	chromedriver!GetHandleVerifier [0x7ff6244cd9d7+2257]
	KERNEL32!BaseThreadInitThunk [0x7ffc2a1ee957+17]
	ntdll!RtlUserThreadStart [0x7ffc2b7aad6c+2c]

{
  "rowNumber": 87,
  "patient": "LÊ TRÍ HIẾU",
  "time": "08:14 23/06/2026",
  "method": "Hút ổ viêm/áp xe phần mềm",
  "oldValue": "",
  "status": "unmatched",
  "reason": "procedure: lỗi tìm kiếm Message: no such window: target window already closed\nfrom unknown error: web view not found\n  (Session info: chrome=150.0.7871.181)\nStacktrace:\n\tchromedriver!GetHandleVerifier [0x7ff6244e0d25+155a5]\n\tchromedriver!GetHandleVerifier [0x7ff6244e0d80+15600]\n\tchromedriver!(No symbol) [0x7ff62403594d]\n\tchromedriver!(No symbol) [0x7ff62400c792]\n\tchromedriver!(No symbol) [0x7ff6240c0536]\n\tchromedriver!(No symbol) [0x7ff6240dd902]\n\tchromedriver!(No symbol) [0x7ff624082e6c]\n\tchromedriver!(No symbol) [0x7ff624083d93]\n\tchromedriver!GetHandleVerifier [0x7ff624ac6431+5facb1]\n\tchromedriver!GetHandleVerifier [0x7ff624ac0a9b+5f531b]\n\tchromedriver!GetHandleVerifier [0x7ff624ae5865+61a0e5]\n\tchromedriver!GetHandleVerifier [0x7ff6244fdace+3234e]\n\tchromedriver!GetHandleVerifier [0x7ff62450661c+3ae9c]\n\tchromedriver!GetHandleVerifier [0x7ff6244eab74+1f3f4]\n\tchromedriver!GetHandleVerifier [0x7ff6244ead04+1f584]\n\tchromedriver!GetHandleVerifier [0x7ff6244cd9d7+2257]\n\tKERNEL32!BaseThreadInitThunk [0x7ffc2a1ee957+17]\n\tntdll!RtlUserThreadStart [0x7ffc2b7aad6c+2c]\n; surgery: lỗi tìm kiếm Message: no such window: target window already closed\nfrom unknown error: web view not found\n  (Session info: chrome=150.0.7871.181)\nStacktrace:\n\tchromedriver!GetHandleVerifier [0x7ff6244e0d25+155a5]\n\tchromedriver!GetHandleVerifier [0x7ff6244e0d80+15600]\n\tchromedriver!(No symbol) [0x7ff62403594d]\n\tchromedriver!(No symbol) [0x7ff62400c792]\n\tchromedriver!(No symbol) [0x7ff6240c0536]\n\tchromedriver!(No symbol) [0x7ff6240dd902]\n\tchromedriver!(No symbol) [0x7ff624082e6c]\n\tchromedriver!(No symbol) [0x7ff624083d93]\n\tchromedriver!GetHandleVerifier [0x7ff624ac6431+5facb1]\n\tchromedriver!GetHandleVerifier [0x7ff624ac0a9b+5f531b]\n\tchromedriver!GetHandleVerifier [0x7ff624ae5865+61a0e5]\n\tchromedriver!GetHandleVerifier [0x7ff6244fdace+3234e]\n\tchromedriver!GetHandleVerifier [0x7ff62450661c+3ae9c]\n\tchromedriver!GetHandleVerifier [0x7ff6244eab74+1f3f4]\n\tchromedriver!GetHandleVerifier [0x7ff6244ead04+1f584]\n\tchromedriver!GetHandleVerifier [0x7ff6244cd9d7+2257]\n\tKERNEL32!BaseThreadInitThunk [0x7ffc2a1ee957+17]\n\tntdll!RtlUserThreadStart [0x7ffc2b7aad6c+2c]\n"
}
[2026-07-23 13:38:28.384] [ROW_END] Kết thúc dòng 87
{
  "status": "unmatched",
  "new_value": null,
  "reason": "procedure: lỗi tìm kiếm Message: no such window: target window already closed\nfrom unknown error: web view not found\n  (Session info: chrome=150.0.7871.181)\nStacktrace:\n\tchromedriver!GetHandleVerifier [0x7ff6244e0d25+155a5]\n\tchromedriver!GetHandleVerifier [0x7ff6244e0d80+15600]\n\tchromedriver!(No symbol) [0x7ff62403594d]\n\tchromedriver!(No symbol) [0x7ff62400c792]\n\tchromedriver!(No symbol) [0x7ff6240c0536]\n\tchromedriver!(No symbol) [0x7ff6240dd902]\n\tchromedriver!(No symbol) [0x7ff624082e6c]\n\tchromedriver!(No symbol) [0x7ff624083d93]\n\tchromedriver!GetHandleVerifier [0x7ff624ac6431+5facb1]\n\tchromedriver!GetHandleVerifier [0x7ff624ac0a9b+5f531b]\n\tchromedriver!GetHandleVerifier [0x7ff624ae5865+61a0e5]\n\tchromedriver!GetHandleVerifier [0x7ff6244fdace+3234e]\n\tchromedriver!GetHandleVerifier [0x7ff62450661c+3ae9c]\n\tchromedriver!GetHandleVerifier [0x7ff6244eab74+1f3f4]\n\tchromedriver!GetHandleVerifier [0x7ff6244ead04+1f584]\n\tchromedriver!GetHandleVerifier [0x7ff6244cd9d7+2257]\n\tKERNEL32!BaseThreadInitThunk [0x7ffc2a1ee957+17]\n\tntdll!RtlUserThreadStart [0x7ffc2b7aad6c+2c]\n; surgery: lỗi tìm kiếm Message: no such window: target window already closed\nfrom unknown error: web view not found\n  (Session info: chrome=150.0.7871.181)\nStacktrace:\n\tchromedriver!GetHandleVerifier [0x7ff6244e0d25+155a5]\n\tchromedriver!GetHandleVerifier [0x7ff6244e0d80+15600]\n\tchromedriver!(No symbol) [0x7ff62403594d]\n\tchromedriver!(No symbol) [0x7ff62400c792]\n\tchromedriver!(No symbol) [0x7ff6240c0536]\n\tchromedriver!(No symbol) [0x7ff6240dd902]\n\tchromedriver!(No symbol) [0x7ff624082e6c]\n\tchromedriver!(No symbol) [0x7ff624083d93]\n\tchromedriver!GetHandleVerifier [0x7ff624ac6431+5facb1]\n\tchromedriver!GetHandleVerifier [0x7ff624ac0a9b+5f531b]\n\tchromedriver!GetHandleVerifier [0x7ff624ae5865+61a0e5]\n\tchromedriver!GetHandleVerifier [0x7ff6244fdace+3234e]\n\tchromedriver!GetHandleVerifier [0x7ff62450661c+3ae9c]\n\tchromedriver!GetHandleVerifier [0x7ff6244eab74+1f3f4]\n\tchromedriver!GetHandleVerifier [0x7ff6244ead04+1f584]\n\tchromedriver!GetHandleVerifier [0x7ff6244cd9d7+2257]\n\tKERNEL32!BaseThreadInitThunk [0x7ffc2a1ee957+17]\n\tntdll!RtlUserThreadStart [0x7ffc2b7aad6c+2c]\n"
}
[2026-07-23 13:38:28.385] [ROW_BEGIN] [15/20] Bắt đầu dòng 88: MAI THỊ ĐỰNG
{
  "raw_time": "2026/06/23 09:02",
  "parsed_time": "09:02 23/06/2026",
  "method": "Hút ổ viêm/áp xe phần mềm",
  "old_value": ""
}
[2026-07-23 13:38:28.386] [SEARCH_BEGIN] dòng 88: tìm MAI THỊ ĐỰNG tại D/s Thủ thuật
{
  "patient": "MAI THỊ ĐỰNG",
  "target_time": "2026-06-23 09:02:00",
  "target_method": "Hút ổ viêm/áp xe phần mềm",
  "source": "procedure"
}
[2026-07-23 13:38:28.388] [SEARCH_ERROR] procedure: lỗi tìm kiếm Message: no such window: target window already closed
from unknown error: web view not found
  (Session info: chrome=150.0.7871.181)
Stacktrace:
	chromedriver!GetHandleVerifier [0x7ff6244e0d25+155a5]
	chromedriver!GetHandleVerifier [0x7ff6244e0d80+15600]
	chromedriver!(No symbol) [0x7ff62403594d]
	chromedriver!(No symbol) [0x7ff62400c792]
	chromedriver!(No symbol) [0x7ff6240c0536]
	chromedriver!(No symbol) [0x7ff6240dd902]
	chromedriver!(No symbol) [0x7ff624082e6c]
	chromedriver!(No symbol) [0x7ff624083d93]
	chromedriver!GetHandleVerifier [0x7ff624ac6431+5facb1]
	chromedriver!GetHandleVerifier [0x7ff624ac0a9b+5f531b]
	chromedriver!GetHandleVerifier [0x7ff624ae5865+61a0e5]
	chromedriver!GetHandleVerifier [0x7ff6244fdace+3234e]
	chromedriver!GetHandleVerifier [0x7ff62450661c+3ae9c]
	chromedriver!GetHandleVerifier [0x7ff6244eab74+1f3f4]
	chromedriver!GetHandleVerifier [0x7ff6244ead04+1f584]
	chromedriver!GetHandleVerifier [0x7ff6244cd9d7+2257]
	KERNEL32!BaseThreadInitThunk [0x7ffc2a1ee957+17]
	ntdll!RtlUserThreadStart [0x7ffc2b7aad6c+2c]

{
  "traceback": "Traceback (most recent call last):\n  File \"E:\\Thong_ke\\emr_tieuphau_fill.py\", line 547, in find_doctor_for_row\n    result = client.search(source, patient_name, months=3).to_dict()\n             ~~~~~~~~~~~~~^^^^^^^^^^^^^^^^^^^^^^^^^^^^^^^^\n  File \"E:\\Thong_ke\\emr_integration\\emr_list_search.py\", line 278, in search\n    if not self._is_logged_in():\n           ~~~~~~~~~~~~~~~~~~^^\n  File \"E:\\Thong_ke\\emr_integration\\emr_list_search.py\", line 306, in _is_logged_in\n    current = str(self.driver.current_url or \"\").lower()\n                  ^^^^^^^^^^^^^^^^^^^^^^^\n  File \"E:\\Thong_ke\\.venv\\Lib\\site-packages\\selenium\\webdriver\\remote\\webdriver.py\", line 626, in current_url\n    return self.execute(Command.GET_CURRENT_URL)[\"value\"]\n           ~~~~~~~~~~~~^^^^^^^^^^^^^^^^^^^^^^^^^\n  File \"E:\\Thong_ke\\.venv\\Lib\\site-packages\\selenium\\webdriver\\remote\\webdriver.py\", line 492, in execute\n    self.error_handler.check_response(response)\n    ~~~~~~~~~~~~~~~~~~~~~~~~~~~~~~~~~^^^^^^^^^^\n  File \"E:\\Thong_ke\\.venv\\Lib\\site-packages\\selenium\\webdriver\\remote\\errorhandler.py\", line 232, in check_response\n    raise exception_class(message, screen, stacktrace)\nselenium.common.exceptions.NoSuchWindowException: Message: no such window: target window already closed\nfrom unknown error: web view not found\n  (Session info: chrome=150.0.7871.181)\nStacktrace:\n\tchromedriver!GetHandleVerifier [0x7ff6244e0d25+155a5]\n\tchromedriver!GetHandleVerifier [0x7ff6244e0d80+15600]\n\tchromedriver!(No symbol) [0x7ff62403594d]\n\tchromedriver!(No symbol) [0x7ff62400c792]\n\tchromedriver!(No symbol) [0x7ff6240c0536]\n\tchromedriver!(No symbol) [0x7ff6240dd902]\n\tchromedriver!(No symbol) [0x7ff624082e6c]\n\tchromedriver!(No symbol) [0x7ff624083d93]\n\tchromedriver!GetHandleVerifier [0x7ff624ac6431+5facb1]\n\tchromedriver!GetHandleVerifier [0x7ff624ac0a9b+5f531b]\n\tchromedriver!GetHandleVerifier [0x7ff624ae5865+61a0e5]\n\tchromedriver!GetHandleVerifier [0x7ff6244fdace+3234e]\n\tchromedriver!GetHandleVerifier [0x7ff62450661c+3ae9c]\n\tchromedriver!GetHandleVerifier [0x7ff6244eab74+1f3f4]\n\tchromedriver!GetHandleVerifier [0x7ff6244ead04+1f584]\n\tchromedriver!GetHandleVerifier [0x7ff6244cd9d7+2257]\n\tKERNEL32!BaseThreadInitThunk [0x7ffc2a1ee957+17]\n\tntdll!RtlUserThreadStart [0x7ffc2b7aad6c+2c]\n\n"
}
[2026-07-23 13:38:28.396] [DUMP] Đã lưu trạng thái trình duyệt: 88_procedure_search_error
{
  "meta": "E:\\Thong_ke\\emr_debug\\20260723_133656_331\\133828_389_88_procedure_search_error.json"
}
[2026-07-23 13:38:28.397] [SEARCH_BEGIN] dòng 88: tìm MAI THỊ ĐỰNG tại D/s Phẫu thuật
{
  "patient": "MAI THỊ ĐỰNG",
  "target_time": "2026-06-23 09:02:00",
  "target_method": "Hút ổ viêm/áp xe phần mềm",
  "source": "surgery"
}
[2026-07-23 13:38:28.400] [SEARCH_ERROR] surgery: lỗi tìm kiếm Message: no such window: target window already closed
from unknown error: web view not found
  (Session info: chrome=150.0.7871.181)
Stacktrace:
	chromedriver!GetHandleVerifier [0x7ff6244e0d25+155a5]
	chromedriver!GetHandleVerifier [0x7ff6244e0d80+15600]
	chromedriver!(No symbol) [0x7ff62403594d]
	chromedriver!(No symbol) [0x7ff62400c792]
	chromedriver!(No symbol) [0x7ff6240c0536]
	chromedriver!(No symbol) [0x7ff6240dd902]
	chromedriver!(No symbol) [0x7ff624082e6c]
	chromedriver!(No symbol) [0x7ff624083d93]
	chromedriver!GetHandleVerifier [0x7ff624ac6431+5facb1]
	chromedriver!GetHandleVerifier [0x7ff624ac0a9b+5f531b]
	chromedriver!GetHandleVerifier [0x7ff624ae5865+61a0e5]
	chromedriver!GetHandleVerifier [0x7ff6244fdace+3234e]
	chromedriver!GetHandleVerifier [0x7ff62450661c+3ae9c]
	chromedriver!GetHandleVerifier [0x7ff6244eab74+1f3f4]
	chromedriver!GetHandleVerifier [0x7ff6244ead04+1f584]
	chromedriver!GetHandleVerifier [0x7ff6244cd9d7+2257]
	KERNEL32!BaseThreadInitThunk [0x7ffc2a1ee957+17]
	ntdll!RtlUserThreadStart [0x7ffc2b7aad6c+2c]

{
  "traceback": "Traceback (most recent call last):\n  File \"E:\\Thong_ke\\emr_tieuphau_fill.py\", line 547, in find_doctor_for_row\n    result = client.search(source, patient_name, months=3).to_dict()\n             ~~~~~~~~~~~~~^^^^^^^^^^^^^^^^^^^^^^^^^^^^^^^^\n  File \"E:\\Thong_ke\\emr_integration\\emr_list_search.py\", line 278, in search\n    if not self._is_logged_in():\n           ~~~~~~~~~~~~~~~~~~^^\n  File \"E:\\Thong_ke\\emr_integration\\emr_list_search.py\", line 306, in _is_logged_in\n    current = str(self.driver.current_url or \"\").lower()\n                  ^^^^^^^^^^^^^^^^^^^^^^^\n  File \"E:\\Thong_ke\\.venv\\Lib\\site-packages\\selenium\\webdriver\\remote\\webdriver.py\", line 626, in current_url\n    return self.execute(Command.GET_CURRENT_URL)[\"value\"]\n           ~~~~~~~~~~~~^^^^^^^^^^^^^^^^^^^^^^^^^\n  File \"E:\\Thong_ke\\.venv\\Lib\\site-packages\\selenium\\webdriver\\remote\\webdriver.py\", line 492, in execute\n    self.error_handler.check_response(response)\n    ~~~~~~~~~~~~~~~~~~~~~~~~~~~~~~~~~^^^^^^^^^^\n  File \"E:\\Thong_ke\\.venv\\Lib\\site-packages\\selenium\\webdriver\\remote\\errorhandler.py\", line 232, in check_response\n    raise exception_class(message, screen, stacktrace)\nselenium.common.exceptions.NoSuchWindowException: Message: no such window: target window already closed\nfrom unknown error: web view not found\n  (Session info: chrome=150.0.7871.181)\nStacktrace:\n\tchromedriver!GetHandleVerifier [0x7ff6244e0d25+155a5]\n\tchromedriver!GetHandleVerifier [0x7ff6244e0d80+15600]\n\tchromedriver!(No symbol) [0x7ff62403594d]\n\tchromedriver!(No symbol) [0x7ff62400c792]\n\tchromedriver!(No symbol) [0x7ff6240c0536]\n\tchromedriver!(No symbol) [0x7ff6240dd902]\n\tchromedriver!(No symbol) [0x7ff624082e6c]\n\tchromedriver!(No symbol) [0x7ff624083d93]\n\tchromedriver!GetHandleVerifier [0x7ff624ac6431+5facb1]\n\tchromedriver!GetHandleVerifier [0x7ff624ac0a9b+5f531b]\n\tchromedriver!GetHandleVerifier [0x7ff624ae5865+61a0e5]\n\tchromedriver!GetHandleVerifier [0x7ff6244fdace+3234e]\n\tchromedriver!GetHandleVerifier [0x7ff62450661c+3ae9c]\n\tchromedriver!GetHandleVerifier [0x7ff6244eab74+1f3f4]\n\tchromedriver!GetHandleVerifier [0x7ff6244ead04+1f584]\n\tchromedriver!GetHandleVerifier [0x7ff6244cd9d7+2257]\n\tKERNEL32!BaseThreadInitThunk [0x7ffc2a1ee957+17]\n\tntdll!RtlUserThreadStart [0x7ffc2b7aad6c+2c]\n\n"
}
[2026-07-23 13:38:28.407] [DUMP] Đã lưu trạng thái trình duyệt: 88_surgery_search_error
{
  "meta": "E:\\Thong_ke\\emr_debug\\20260723_133656_331\\133828_401_88_surgery_search_error.json"
}
[2026-07-23 13:38:28.408] [ROW_UNMATCHED] Dòng 88: procedure: lỗi tìm kiếm Message: no such window: target window already closed
from unknown error: web view not found
  (Session info: chrome=150.0.7871.181)
Stacktrace:
	chromedriver!GetHandleVerifier [0x7ff6244e0d25+155a5]
	chromedriver!GetHandleVerifier [0x7ff6244e0d80+15600]
	chromedriver!(No symbol) [0x7ff62403594d]
	chromedriver!(No symbol) [0x7ff62400c792]
	chromedriver!(No symbol) [0x7ff6240c0536]
	chromedriver!(No symbol) [0x7ff6240dd902]
	chromedriver!(No symbol) [0x7ff624082e6c]
	chromedriver!(No symbol) [0x7ff624083d93]
	chromedriver!GetHandleVerifier [0x7ff624ac6431+5facb1]
	chromedriver!GetHandleVerifier [0x7ff624ac0a9b+5f531b]
	chromedriver!GetHandleVerifier [0x7ff624ae5865+61a0e5]
	chromedriver!GetHandleVerifier [0x7ff6244fdace+3234e]
	chromedriver!GetHandleVerifier [0x7ff62450661c+3ae9c]
	chromedriver!GetHandleVerifier [0x7ff6244eab74+1f3f4]
	chromedriver!GetHandleVerifier [0x7ff6244ead04+1f584]
	chromedriver!GetHandleVerifier [0x7ff6244cd9d7+2257]
	KERNEL32!BaseThreadInitThunk [0x7ffc2a1ee957+17]
	ntdll!RtlUserThreadStart [0x7ffc2b7aad6c+2c]
; surgery: lỗi tìm kiếm Message: no such window: target window already closed
from unknown error: web view not found
  (Session info: chrome=150.0.7871.181)
Stacktrace:
	chromedriver!GetHandleVerifier [0x7ff6244e0d25+155a5]
	chromedriver!GetHandleVerifier [0x7ff6244e0d80+15600]
	chromedriver!(No symbol) [0x7ff62403594d]
	chromedriver!(No symbol) [0x7ff62400c792]
	chromedriver!(No symbol) [0x7ff6240c0536]
	chromedriver!(No symbol) [0x7ff6240dd902]
	chromedriver!(No symbol) [0x7ff624082e6c]
	chromedriver!(No symbol) [0x7ff624083d93]
	chromedriver!GetHandleVerifier [0x7ff624ac6431+5facb1]
	chromedriver!GetHandleVerifier [0x7ff624ac0a9b+5f531b]
	chromedriver!GetHandleVerifier [0x7ff624ae5865+61a0e5]
	chromedriver!GetHandleVerifier [0x7ff6244fdace+3234e]
	chromedriver!GetHandleVerifier [0x7ff62450661c+3ae9c]
	chromedriver!GetHandleVerifier [0x7ff6244eab74+1f3f4]
	chromedriver!GetHandleVerifier [0x7ff6244ead04+1f584]
	chromedriver!GetHandleVerifier [0x7ff6244cd9d7+2257]
	KERNEL32!BaseThreadInitThunk [0x7ffc2a1ee957+17]
	ntdll!RtlUserThreadStart [0x7ffc2b7aad6c+2c]

{
  "rowNumber": 88,
  "patient": "MAI THỊ ĐỰNG",
  "time": "09:02 23/06/2026",
  "method": "Hút ổ viêm/áp xe phần mềm",
  "oldValue": "",
  "status": "unmatched",
  "reason": "procedure: lỗi tìm kiếm Message: no such window: target window already closed\nfrom unknown error: web view not found\n  (Session info: chrome=150.0.7871.181)\nStacktrace:\n\tchromedriver!GetHandleVerifier [0x7ff6244e0d25+155a5]\n\tchromedriver!GetHandleVerifier [0x7ff6244e0d80+15600]\n\tchromedriver!(No symbol) [0x7ff62403594d]\n\tchromedriver!(No symbol) [0x7ff62400c792]\n\tchromedriver!(No symbol) [0x7ff6240c0536]\n\tchromedriver!(No symbol) [0x7ff6240dd902]\n\tchromedriver!(No symbol) [0x7ff624082e6c]\n\tchromedriver!(No symbol) [0x7ff624083d93]\n\tchromedriver!GetHandleVerifier [0x7ff624ac6431+5facb1]\n\tchromedriver!GetHandleVerifier [0x7ff624ac0a9b+5f531b]\n\tchromedriver!GetHandleVerifier [0x7ff624ae5865+61a0e5]\n\tchromedriver!GetHandleVerifier [0x7ff6244fdace+3234e]\n\tchromedriver!GetHandleVerifier [0x7ff62450661c+3ae9c]\n\tchromedriver!GetHandleVerifier [0x7ff6244eab74+1f3f4]\n\tchromedriver!GetHandleVerifier [0x7ff6244ead04+1f584]\n\tchromedriver!GetHandleVerifier [0x7ff6244cd9d7+2257]\n\tKERNEL32!BaseThreadInitThunk [0x7ffc2a1ee957+17]\n\tntdll!RtlUserThreadStart [0x7ffc2b7aad6c+2c]\n; surgery: lỗi tìm kiếm Message: no such window: target window already closed\nfrom unknown error: web view not found\n  (Session info: chrome=150.0.7871.181)\nStacktrace:\n\tchromedriver!GetHandleVerifier [0x7ff6244e0d25+155a5]\n\tchromedriver!GetHandleVerifier [0x7ff6244e0d80+15600]\n\tchromedriver!(No symbol) [0x7ff62403594d]\n\tchromedriver!(No symbol) [0x7ff62400c792]\n\tchromedriver!(No symbol) [0x7ff6240c0536]\n\tchromedriver!(No symbol) [0x7ff6240dd902]\n\tchromedriver!(No symbol) [0x7ff624082e6c]\n\tchromedriver!(No symbol) [0x7ff624083d93]\n\tchromedriver!GetHandleVerifier [0x7ff624ac6431+5facb1]\n\tchromedriver!GetHandleVerifier [0x7ff624ac0a9b+5f531b]\n\tchromedriver!GetHandleVerifier [0x7ff624ae5865+61a0e5]\n\tchromedriver!GetHandleVerifier [0x7ff6244fdace+3234e]\n\tchromedriver!GetHandleVerifier [0x7ff62450661c+3ae9c]\n\tchromedriver!GetHandleVerifier [0x7ff6244eab74+1f3f4]\n\tchromedriver!GetHandleVerifier [0x7ff6244ead04+1f584]\n\tchromedriver!GetHandleVerifier [0x7ff6244cd9d7+2257]\n\tKERNEL32!BaseThreadInitThunk [0x7ffc2a1ee957+17]\n\tntdll!RtlUserThreadStart [0x7ffc2b7aad6c+2c]\n"
}
[2026-07-23 13:38:28.408] [ROW_END] Kết thúc dòng 88
{
  "status": "unmatched",
  "new_value": null,
  "reason": "procedure: lỗi tìm kiếm Message: no such window: target window already closed\nfrom unknown error: web view not found\n  (Session info: chrome=150.0.7871.181)\nStacktrace:\n\tchromedriver!GetHandleVerifier [0x7ff6244e0d25+155a5]\n\tchromedriver!GetHandleVerifier [0x7ff6244e0d80+15600]\n\tchromedriver!(No symbol) [0x7ff62403594d]\n\tchromedriver!(No symbol) [0x7ff62400c792]\n\tchromedriver!(No symbol) [0x7ff6240c0536]\n\tchromedriver!(No symbol) [0x7ff6240dd902]\n\tchromedriver!(No symbol) [0x7ff624082e6c]\n\tchromedriver!(No symbol) [0x7ff624083d93]\n\tchromedriver!GetHandleVerifier [0x7ff624ac6431+5facb1]\n\tchromedriver!GetHandleVerifier [0x7ff624ac0a9b+5f531b]\n\tchromedriver!GetHandleVerifier [0x7ff624ae5865+61a0e5]\n\tchromedriver!GetHandleVerifier [0x7ff6244fdace+3234e]\n\tchromedriver!GetHandleVerifier [0x7ff62450661c+3ae9c]\n\tchromedriver!GetHandleVerifier [0x7ff6244eab74+1f3f4]\n\tchromedriver!GetHandleVerifier [0x7ff6244ead04+1f584]\n\tchromedriver!GetHandleVerifier [0x7ff6244cd9d7+2257]\n\tKERNEL32!BaseThreadInitThunk [0x7ffc2a1ee957+17]\n\tntdll!RtlUserThreadStart [0x7ffc2b7aad6c+2c]\n; surgery: lỗi tìm kiếm Message: no such window: target window already closed\nfrom unknown error: web view not found\n  (Session info: chrome=150.0.7871.181)\nStacktrace:\n\tchromedriver!GetHandleVerifier [0x7ff6244e0d25+155a5]\n\tchromedriver!GetHandleVerifier [0x7ff6244e0d80+15600]\n\tchromedriver!(No symbol) [0x7ff62403594d]\n\tchromedriver!(No symbol) [0x7ff62400c792]\n\tchromedriver!(No symbol) [0x7ff6240c0536]\n\tchromedriver!(No symbol) [0x7ff6240dd902]\n\tchromedriver!(No symbol) [0x7ff624082e6c]\n\tchromedriver!(No symbol) [0x7ff624083d93]\n\tchromedriver!GetHandleVerifier [0x7ff624ac6431+5facb1]\n\tchromedriver!GetHandleVerifier [0x7ff624ac0a9b+5f531b]\n\tchromedriver!GetHandleVerifier [0x7ff624ae5865+61a0e5]\n\tchromedriver!GetHandleVerifier [0x7ff6244fdace+3234e]\n\tchromedriver!GetHandleVerifier [0x7ff62450661c+3ae9c]\n\tchromedriver!GetHandleVerifier [0x7ff6244eab74+1f3f4]\n\tchromedriver!GetHandleVerifier [0x7ff6244ead04+1f584]\n\tchromedriver!GetHandleVerifier [0x7ff6244cd9d7+2257]\n\tKERNEL32!BaseThreadInitThunk [0x7ffc2a1ee957+17]\n\tntdll!RtlUserThreadStart [0x7ffc2b7aad6c+2c]\n"
}
[2026-07-23 13:38:28.409] [ROW_BEGIN] [16/20] Bắt đầu dòng 89: TRƯƠNG THỊ HIẾU
{
  "raw_time": "2026/06/23 09:28",
  "parsed_time": "09:28 23/06/2026",
  "method": "Hút ổ viêm/áp xe phần mềm",
  "old_value": ""
}
[2026-07-23 13:38:28.410] [SEARCH_BEGIN] dòng 89: tìm TRƯƠNG THỊ HIẾU tại D/s Thủ thuật
{
  "patient": "TRƯƠNG THỊ HIẾU",
  "target_time": "2026-06-23 09:28:00",
  "target_method": "Hút ổ viêm/áp xe phần mềm",
  "source": "procedure"
}
[2026-07-23 13:38:28.414] [SEARCH_ERROR] procedure: lỗi tìm kiếm Message: no such window: target window already closed
from unknown error: web view not found
  (Session info: chrome=150.0.7871.181)
Stacktrace:
	chromedriver!GetHandleVerifier [0x7ff6244e0d25+155a5]
	chromedriver!GetHandleVerifier [0x7ff6244e0d80+15600]
	chromedriver!(No symbol) [0x7ff62403594d]
	chromedriver!(No symbol) [0x7ff62400c792]
	chromedriver!(No symbol) [0x7ff6240c0536]
	chromedriver!(No symbol) [0x7ff6240dd902]
	chromedriver!(No symbol) [0x7ff624082e6c]
	chromedriver!(No symbol) [0x7ff624083d93]
	chromedriver!GetHandleVerifier [0x7ff624ac6431+5facb1]
	chromedriver!GetHandleVerifier [0x7ff624ac0a9b+5f531b]
	chromedriver!GetHandleVerifier [0x7ff624ae5865+61a0e5]
	chromedriver!GetHandleVerifier [0x7ff6244fdace+3234e]
	chromedriver!GetHandleVerifier [0x7ff62450661c+3ae9c]
	chromedriver!GetHandleVerifier [0x7ff6244eab74+1f3f4]
	chromedriver!GetHandleVerifier [0x7ff6244ead04+1f584]
	chromedriver!GetHandleVerifier [0x7ff6244cd9d7+2257]
	KERNEL32!BaseThreadInitThunk [0x7ffc2a1ee957+17]
	ntdll!RtlUserThreadStart [0x7ffc2b7aad6c+2c]

{
  "traceback": "Traceback (most recent call last):\n  File \"E:\\Thong_ke\\emr_tieuphau_fill.py\", line 547, in find_doctor_for_row\n    result = client.search(source, patient_name, months=3).to_dict()\n             ~~~~~~~~~~~~~^^^^^^^^^^^^^^^^^^^^^^^^^^^^^^^^\n  File \"E:\\Thong_ke\\emr_integration\\emr_list_search.py\", line 278, in search\n    if not self._is_logged_in():\n           ~~~~~~~~~~~~~~~~~~^^\n  File \"E:\\Thong_ke\\emr_integration\\emr_list_search.py\", line 306, in _is_logged_in\n    current = str(self.driver.current_url or \"\").lower()\n                  ^^^^^^^^^^^^^^^^^^^^^^^\n  File \"E:\\Thong_ke\\.venv\\Lib\\site-packages\\selenium\\webdriver\\remote\\webdriver.py\", line 626, in current_url\n    return self.execute(Command.GET_CURRENT_URL)[\"value\"]\n           ~~~~~~~~~~~~^^^^^^^^^^^^^^^^^^^^^^^^^\n  File \"E:\\Thong_ke\\.venv\\Lib\\site-packages\\selenium\\webdriver\\remote\\webdriver.py\", line 492, in execute\n    self.error_handler.check_response(response)\n    ~~~~~~~~~~~~~~~~~~~~~~~~~~~~~~~~~^^^^^^^^^^\n  File \"E:\\Thong_ke\\.venv\\Lib\\site-packages\\selenium\\webdriver\\remote\\errorhandler.py\", line 232, in check_response\n    raise exception_class(message, screen, stacktrace)\nselenium.common.exceptions.NoSuchWindowException: Message: no such window: target window already closed\nfrom unknown error: web view not found\n  (Session info: chrome=150.0.7871.181)\nStacktrace:\n\tchromedriver!GetHandleVerifier [0x7ff6244e0d25+155a5]\n\tchromedriver!GetHandleVerifier [0x7ff6244e0d80+15600]\n\tchromedriver!(No symbol) [0x7ff62403594d]\n\tchromedriver!(No symbol) [0x7ff62400c792]\n\tchromedriver!(No symbol) [0x7ff6240c0536]\n\tchromedriver!(No symbol) [0x7ff6240dd902]\n\tchromedriver!(No symbol) [0x7ff624082e6c]\n\tchromedriver!(No symbol) [0x7ff624083d93]\n\tchromedriver!GetHandleVerifier [0x7ff624ac6431+5facb1]\n\tchromedriver!GetHandleVerifier [0x7ff624ac0a9b+5f531b]\n\tchromedriver!GetHandleVerifier [0x7ff624ae5865+61a0e5]\n\tchromedriver!GetHandleVerifier [0x7ff6244fdace+3234e]\n\tchromedriver!GetHandleVerifier [0x7ff62450661c+3ae9c]\n\tchromedriver!GetHandleVerifier [0x7ff6244eab74+1f3f4]\n\tchromedriver!GetHandleVerifier [0x7ff6244ead04+1f584]\n\tchromedriver!GetHandleVerifier [0x7ff6244cd9d7+2257]\n\tKERNEL32!BaseThreadInitThunk [0x7ffc2a1ee957+17]\n\tntdll!RtlUserThreadStart [0x7ffc2b7aad6c+2c]\n\n"
}
[2026-07-23 13:38:28.419] [DUMP] Đã lưu trạng thái trình duyệt: 89_procedure_search_error
{
  "meta": "E:\\Thong_ke\\emr_debug\\20260723_133656_331\\133828_414_89_procedure_search_error.json"
}
[2026-07-23 13:38:28.420] [SEARCH_BEGIN] dòng 89: tìm TRƯƠNG THỊ HIẾU tại D/s Phẫu thuật
{
  "patient": "TRƯƠNG THỊ HIẾU",
  "target_time": "2026-06-23 09:28:00",
  "target_method": "Hút ổ viêm/áp xe phần mềm",
  "source": "surgery"
}
[2026-07-23 13:38:28.423] [SEARCH_ERROR] surgery: lỗi tìm kiếm Message: no such window: target window already closed
from unknown error: web view not found
  (Session info: chrome=150.0.7871.181)
Stacktrace:
	chromedriver!GetHandleVerifier [0x7ff6244e0d25+155a5]
	chromedriver!GetHandleVerifier [0x7ff6244e0d80+15600]
	chromedriver!(No symbol) [0x7ff62403594d]
	chromedriver!(No symbol) [0x7ff62400c792]
	chromedriver!(No symbol) [0x7ff6240c0536]
	chromedriver!(No symbol) [0x7ff6240dd902]
	chromedriver!(No symbol) [0x7ff624082e6c]
	chromedriver!(No symbol) [0x7ff624083d93]
	chromedriver!GetHandleVerifier [0x7ff624ac6431+5facb1]
	chromedriver!GetHandleVerifier [0x7ff624ac0a9b+5f531b]
	chromedriver!GetHandleVerifier [0x7ff624ae5865+61a0e5]
	chromedriver!GetHandleVerifier [0x7ff6244fdace+3234e]
	chromedriver!GetHandleVerifier [0x7ff62450661c+3ae9c]
	chromedriver!GetHandleVerifier [0x7ff6244eab74+1f3f4]
	chromedriver!GetHandleVerifier [0x7ff6244ead04+1f584]
	chromedriver!GetHandleVerifier [0x7ff6244cd9d7+2257]
	KERNEL32!BaseThreadInitThunk [0x7ffc2a1ee957+17]
	ntdll!RtlUserThreadStart [0x7ffc2b7aad6c+2c]

{
  "traceback": "Traceback (most recent call last):\n  File \"E:\\Thong_ke\\emr_tieuphau_fill.py\", line 547, in find_doctor_for_row\n    result = client.search(source, patient_name, months=3).to_dict()\n             ~~~~~~~~~~~~~^^^^^^^^^^^^^^^^^^^^^^^^^^^^^^^^\n  File \"E:\\Thong_ke\\emr_integration\\emr_list_search.py\", line 278, in search\n    if not self._is_logged_in():\n           ~~~~~~~~~~~~~~~~~~^^\n  File \"E:\\Thong_ke\\emr_integration\\emr_list_search.py\", line 306, in _is_logged_in\n    current = str(self.driver.current_url or \"\").lower()\n                  ^^^^^^^^^^^^^^^^^^^^^^^\n  File \"E:\\Thong_ke\\.venv\\Lib\\site-packages\\selenium\\webdriver\\remote\\webdriver.py\", line 626, in current_url\n    return self.execute(Command.GET_CURRENT_URL)[\"value\"]\n           ~~~~~~~~~~~~^^^^^^^^^^^^^^^^^^^^^^^^^\n  File \"E:\\Thong_ke\\.venv\\Lib\\site-packages\\selenium\\webdriver\\remote\\webdriver.py\", line 492, in execute\n    self.error_handler.check_response(response)\n    ~~~~~~~~~~~~~~~~~~~~~~~~~~~~~~~~~^^^^^^^^^^\n  File \"E:\\Thong_ke\\.venv\\Lib\\site-packages\\selenium\\webdriver\\remote\\errorhandler.py\", line 232, in check_response\n    raise exception_class(message, screen, stacktrace)\nselenium.common.exceptions.NoSuchWindowException: Message: no such window: target window already closed\nfrom unknown error: web view not found\n  (Session info: chrome=150.0.7871.181)\nStacktrace:\n\tchromedriver!GetHandleVerifier [0x7ff6244e0d25+155a5]\n\tchromedriver!GetHandleVerifier [0x7ff6244e0d80+15600]\n\tchromedriver!(No symbol) [0x7ff62403594d]\n\tchromedriver!(No symbol) [0x7ff62400c792]\n\tchromedriver!(No symbol) [0x7ff6240c0536]\n\tchromedriver!(No symbol) [0x7ff6240dd902]\n\tchromedriver!(No symbol) [0x7ff624082e6c]\n\tchromedriver!(No symbol) [0x7ff624083d93]\n\tchromedriver!GetHandleVerifier [0x7ff624ac6431+5facb1]\n\tchromedriver!GetHandleVerifier [0x7ff624ac0a9b+5f531b]\n\tchromedriver!GetHandleVerifier [0x7ff624ae5865+61a0e5]\n\tchromedriver!GetHandleVerifier [0x7ff6244fdace+3234e]\n\tchromedriver!GetHandleVerifier [0x7ff62450661c+3ae9c]\n\tchromedriver!GetHandleVerifier [0x7ff6244eab74+1f3f4]\n\tchromedriver!GetHandleVerifier [0x7ff6244ead04+1f584]\n\tchromedriver!GetHandleVerifier [0x7ff6244cd9d7+2257]\n\tKERNEL32!BaseThreadInitThunk [0x7ffc2a1ee957+17]\n\tntdll!RtlUserThreadStart [0x7ffc2b7aad6c+2c]\n\n"
}
[2026-07-23 13:38:28.429] [DUMP] Đã lưu trạng thái trình duyệt: 89_surgery_search_error
{
  "meta": "E:\\Thong_ke\\emr_debug\\20260723_133656_331\\133828_424_89_surgery_search_error.json"
}
[2026-07-23 13:38:28.430] [ROW_UNMATCHED] Dòng 89: procedure: lỗi tìm kiếm Message: no such window: target window already closed
from unknown error: web view not found
  (Session info: chrome=150.0.7871.181)
Stacktrace:
	chromedriver!GetHandleVerifier [0x7ff6244e0d25+155a5]
	chromedriver!GetHandleVerifier [0x7ff6244e0d80+15600]
	chromedriver!(No symbol) [0x7ff62403594d]
	chromedriver!(No symbol) [0x7ff62400c792]
	chromedriver!(No symbol) [0x7ff6240c0536]
	chromedriver!(No symbol) [0x7ff6240dd902]
	chromedriver!(No symbol) [0x7ff624082e6c]
	chromedriver!(No symbol) [0x7ff624083d93]
	chromedriver!GetHandleVerifier [0x7ff624ac6431+5facb1]
	chromedriver!GetHandleVerifier [0x7ff624ac0a9b+5f531b]
	chromedriver!GetHandleVerifier [0x7ff624ae5865+61a0e5]
	chromedriver!GetHandleVerifier [0x7ff6244fdace+3234e]
	chromedriver!GetHandleVerifier [0x7ff62450661c+3ae9c]
	chromedriver!GetHandleVerifier [0x7ff6244eab74+1f3f4]
	chromedriver!GetHandleVerifier [0x7ff6244ead04+1f584]
	chromedriver!GetHandleVerifier [0x7ff6244cd9d7+2257]
	KERNEL32!BaseThreadInitThunk [0x7ffc2a1ee957+17]
	ntdll!RtlUserThreadStart [0x7ffc2b7aad6c+2c]
; surgery: lỗi tìm kiếm Message: no such window: target window already closed
from unknown error: web view not found
  (Session info: chrome=150.0.7871.181)
Stacktrace:
	chromedriver!GetHandleVerifier [0x7ff6244e0d25+155a5]
	chromedriver!GetHandleVerifier [0x7ff6244e0d80+15600]
	chromedriver!(No symbol) [0x7ff62403594d]
	chromedriver!(No symbol) [0x7ff62400c792]
	chromedriver!(No symbol) [0x7ff6240c0536]
	chromedriver!(No symbol) [0x7ff6240dd902]
	chromedriver!(No symbol) [0x7ff624082e6c]
	chromedriver!(No symbol) [0x7ff624083d93]
	chromedriver!GetHandleVerifier [0x7ff624ac6431+5facb1]
	chromedriver!GetHandleVerifier [0x7ff624ac0a9b+5f531b]
	chromedriver!GetHandleVerifier [0x7ff624ae5865+61a0e5]
	chromedriver!GetHandleVerifier [0x7ff6244fdace+3234e]
	chromedriver!GetHandleVerifier [0x7ff62450661c+3ae9c]
	chromedriver!GetHandleVerifier [0x7ff6244eab74+1f3f4]
	chromedriver!GetHandleVerifier [0x7ff6244ead04+1f584]
	chromedriver!GetHandleVerifier [0x7ff6244cd9d7+2257]
	KERNEL32!BaseThreadInitThunk [0x7ffc2a1ee957+17]
	ntdll!RtlUserThreadStart [0x7ffc2b7aad6c+2c]

{
  "rowNumber": 89,
  "patient": "TRƯƠNG THỊ HIẾU",
  "time": "09:28 23/06/2026",
  "method": "Hút ổ viêm/áp xe phần mềm",
  "oldValue": "",
  "status": "unmatched",
  "reason": "procedure: lỗi tìm kiếm Message: no such window: target window already closed\nfrom unknown error: web view not found\n  (Session info: chrome=150.0.7871.181)\nStacktrace:\n\tchromedriver!GetHandleVerifier [0x7ff6244e0d25+155a5]\n\tchromedriver!GetHandleVerifier [0x7ff6244e0d80+15600]\n\tchromedriver!(No symbol) [0x7ff62403594d]\n\tchromedriver!(No symbol) [0x7ff62400c792]\n\tchromedriver!(No symbol) [0x7ff6240c0536]\n\tchromedriver!(No symbol) [0x7ff6240dd902]\n\tchromedriver!(No symbol) [0x7ff624082e6c]\n\tchromedriver!(No symbol) [0x7ff624083d93]\n\tchromedriver!GetHandleVerifier [0x7ff624ac6431+5facb1]\n\tchromedriver!GetHandleVerifier [0x7ff624ac0a9b+5f531b]\n\tchromedriver!GetHandleVerifier [0x7ff624ae5865+61a0e5]\n\tchromedriver!GetHandleVerifier [0x7ff6244fdace+3234e]\n\tchromedriver!GetHandleVerifier [0x7ff62450661c+3ae9c]\n\tchromedriver!GetHandleVerifier [0x7ff6244eab74+1f3f4]\n\tchromedriver!GetHandleVerifier [0x7ff6244ead04+1f584]\n\tchromedriver!GetHandleVerifier [0x7ff6244cd9d7+2257]\n\tKERNEL32!BaseThreadInitThunk [0x7ffc2a1ee957+17]\n\tntdll!RtlUserThreadStart [0x7ffc2b7aad6c+2c]\n; surgery: lỗi tìm kiếm Message: no such window: target window already closed\nfrom unknown error: web view not found\n  (Session info: chrome=150.0.7871.181)\nStacktrace:\n\tchromedriver!GetHandleVerifier [0x7ff6244e0d25+155a5]\n\tchromedriver!GetHandleVerifier [0x7ff6244e0d80+15600]\n\tchromedriver!(No symbol) [0x7ff62403594d]\n\tchromedriver!(No symbol) [0x7ff62400c792]\n\tchromedriver!(No symbol) [0x7ff6240c0536]\n\tchromedriver!(No symbol) [0x7ff6240dd902]\n\tchromedriver!(No symbol) [0x7ff624082e6c]\n\tchromedriver!(No symbol) [0x7ff624083d93]\n\tchromedriver!GetHandleVerifier [0x7ff624ac6431+5facb1]\n\tchromedriver!GetHandleVerifier [0x7ff624ac0a9b+5f531b]\n\tchromedriver!GetHandleVerifier [0x7ff624ae5865+61a0e5]\n\tchromedriver!GetHandleVerifier [0x7ff6244fdace+3234e]\n\tchromedriver!GetHandleVerifier [0x7ff62450661c+3ae9c]\n\tchromedriver!GetHandleVerifier [0x7ff6244eab74+1f3f4]\n\tchromedriver!GetHandleVerifier [0x7ff6244ead04+1f584]\n\tchromedriver!GetHandleVerifier [0x7ff6244cd9d7+2257]\n\tKERNEL32!BaseThreadInitThunk [0x7ffc2a1ee957+17]\n\tntdll!RtlUserThreadStart [0x7ffc2b7aad6c+2c]\n"
}
[2026-07-23 13:38:28.431] [ROW_END] Kết thúc dòng 89
{
  "status": "unmatched",
  "new_value": null,
  "reason": "procedure: lỗi tìm kiếm Message: no such window: target window already closed\nfrom unknown error: web view not found\n  (Session info: chrome=150.0.7871.181)\nStacktrace:\n\tchromedriver!GetHandleVerifier [0x7ff6244e0d25+155a5]\n\tchromedriver!GetHandleVerifier [0x7ff6244e0d80+15600]\n\tchromedriver!(No symbol) [0x7ff62403594d]\n\tchromedriver!(No symbol) [0x7ff62400c792]\n\tchromedriver!(No symbol) [0x7ff6240c0536]\n\tchromedriver!(No symbol) [0x7ff6240dd902]\n\tchromedriver!(No symbol) [0x7ff624082e6c]\n\tchromedriver!(No symbol) [0x7ff624083d93]\n\tchromedriver!GetHandleVerifier [0x7ff624ac6431+5facb1]\n\tchromedriver!GetHandleVerifier [0x7ff624ac0a9b+5f531b]\n\tchromedriver!GetHandleVerifier [0x7ff624ae5865+61a0e5]\n\tchromedriver!GetHandleVerifier [0x7ff6244fdace+3234e]\n\tchromedriver!GetHandleVerifier [0x7ff62450661c+3ae9c]\n\tchromedriver!GetHandleVerifier [0x7ff6244eab74+1f3f4]\n\tchromedriver!GetHandleVerifier [0x7ff6244ead04+1f584]\n\tchromedriver!GetHandleVerifier [0x7ff6244cd9d7+2257]\n\tKERNEL32!BaseThreadInitThunk [0x7ffc2a1ee957+17]\n\tntdll!RtlUserThreadStart [0x7ffc2b7aad6c+2c]\n; surgery: lỗi tìm kiếm Message: no such window: target window already closed\nfrom unknown error: web view not found\n  (Session info: chrome=150.0.7871.181)\nStacktrace:\n\tchromedriver!GetHandleVerifier [0x7ff6244e0d25+155a5]\n\tchromedriver!GetHandleVerifier [0x7ff6244e0d80+15600]\n\tchromedriver!(No symbol) [0x7ff62403594d]\n\tchromedriver!(No symbol) [0x7ff62400c792]\n\tchromedriver!(No symbol) [0x7ff6240c0536]\n\tchromedriver!(No symbol) [0x7ff6240dd902]\n\tchromedriver!(No symbol) [0x7ff624082e6c]\n\tchromedriver!(No symbol) [0x7ff624083d93]\n\tchromedriver!GetHandleVerifier [0x7ff624ac6431+5facb1]\n\tchromedriver!GetHandleVerifier [0x7ff624ac0a9b+5f531b]\n\tchromedriver!GetHandleVerifier [0x7ff624ae5865+61a0e5]\n\tchromedriver!GetHandleVerifier [0x7ff6244fdace+3234e]\n\tchromedriver!GetHandleVerifier [0x7ff62450661c+3ae9c]\n\tchromedriver!GetHandleVerifier [0x7ff6244eab74+1f3f4]\n\tchromedriver!GetHandleVerifier [0x7ff6244ead04+1f584]\n\tchromedriver!GetHandleVerifier [0x7ff6244cd9d7+2257]\n\tKERNEL32!BaseThreadInitThunk [0x7ffc2a1ee957+17]\n\tntdll!RtlUserThreadStart [0x7ffc2b7aad6c+2c]\n"
}
[2026-07-23 13:38:28.431] [ROW_BEGIN] [17/20] Bắt đầu dòng 90: NGUYỄN THỊ BÍCH HIỀN
{
  "raw_time": "2026/06/23 14:38",
  "parsed_time": "14:38 23/06/2026",
  "method": "Mắt cá 1-2 thương tổn",
  "old_value": ""
}
[2026-07-23 13:38:28.432] [SEARCH_BEGIN] dòng 90: tìm NGUYỄN THỊ BÍCH HIỀN tại D/s Thủ thuật
{
  "patient": "NGUYỄN THỊ BÍCH HIỀN",
  "target_time": "2026-06-23 14:38:00",
  "target_method": "Mắt cá 1-2 thương tổn",
  "source": "procedure"
}
[2026-07-23 13:38:28.435] [SEARCH_ERROR] procedure: lỗi tìm kiếm Message: no such window: target window already closed
from unknown error: web view not found
  (Session info: chrome=150.0.7871.181)
Stacktrace:
	chromedriver!GetHandleVerifier [0x7ff6244e0d25+155a5]
	chromedriver!GetHandleVerifier [0x7ff6244e0d80+15600]
	chromedriver!(No symbol) [0x7ff62403594d]
	chromedriver!(No symbol) [0x7ff62400c792]
	chromedriver!(No symbol) [0x7ff6240c0536]
	chromedriver!(No symbol) [0x7ff6240dd902]
	chromedriver!(No symbol) [0x7ff624082e6c]
	chromedriver!(No symbol) [0x7ff624083d93]
	chromedriver!GetHandleVerifier [0x7ff624ac6431+5facb1]
	chromedriver!GetHandleVerifier [0x7ff624ac0a9b+5f531b]
	chromedriver!GetHandleVerifier [0x7ff624ae5865+61a0e5]
	chromedriver!GetHandleVerifier [0x7ff6244fdace+3234e]
	chromedriver!GetHandleVerifier [0x7ff62450661c+3ae9c]
	chromedriver!GetHandleVerifier [0x7ff6244eab74+1f3f4]
	chromedriver!GetHandleVerifier [0x7ff6244ead04+1f584]
	chromedriver!GetHandleVerifier [0x7ff6244cd9d7+2257]
	KERNEL32!BaseThreadInitThunk [0x7ffc2a1ee957+17]
	ntdll!RtlUserThreadStart [0x7ffc2b7aad6c+2c]

{
  "traceback": "Traceback (most recent call last):\n  File \"E:\\Thong_ke\\emr_tieuphau_fill.py\", line 547, in find_doctor_for_row\n    result = client.search(source, patient_name, months=3).to_dict()\n             ~~~~~~~~~~~~~^^^^^^^^^^^^^^^^^^^^^^^^^^^^^^^^\n  File \"E:\\Thong_ke\\emr_integration\\emr_list_search.py\", line 278, in search\n    if not self._is_logged_in():\n           ~~~~~~~~~~~~~~~~~~^^\n  File \"E:\\Thong_ke\\emr_integration\\emr_list_search.py\", line 306, in _is_logged_in\n    current = str(self.driver.current_url or \"\").lower()\n                  ^^^^^^^^^^^^^^^^^^^^^^^\n  File \"E:\\Thong_ke\\.venv\\Lib\\site-packages\\selenium\\webdriver\\remote\\webdriver.py\", line 626, in current_url\n    return self.execute(Command.GET_CURRENT_URL)[\"value\"]\n           ~~~~~~~~~~~~^^^^^^^^^^^^^^^^^^^^^^^^^\n  File \"E:\\Thong_ke\\.venv\\Lib\\site-packages\\selenium\\webdriver\\remote\\webdriver.py\", line 492, in execute\n    self.error_handler.check_response(response)\n    ~~~~~~~~~~~~~~~~~~~~~~~~~~~~~~~~~^^^^^^^^^^\n  File \"E:\\Thong_ke\\.venv\\Lib\\site-packages\\selenium\\webdriver\\remote\\errorhandler.py\", line 232, in check_response\n    raise exception_class(message, screen, stacktrace)\nselenium.common.exceptions.NoSuchWindowException: Message: no such window: target window already closed\nfrom unknown error: web view not found\n  (Session info: chrome=150.0.7871.181)\nStacktrace:\n\tchromedriver!GetHandleVerifier [0x7ff6244e0d25+155a5]\n\tchromedriver!GetHandleVerifier [0x7ff6244e0d80+15600]\n\tchromedriver!(No symbol) [0x7ff62403594d]\n\tchromedriver!(No symbol) [0x7ff62400c792]\n\tchromedriver!(No symbol) [0x7ff6240c0536]\n\tchromedriver!(No symbol) [0x7ff6240dd902]\n\tchromedriver!(No symbol) [0x7ff624082e6c]\n\tchromedriver!(No symbol) [0x7ff624083d93]\n\tchromedriver!GetHandleVerifier [0x7ff624ac6431+5facb1]\n\tchromedriver!GetHandleVerifier [0x7ff624ac0a9b+5f531b]\n\tchromedriver!GetHandleVerifier [0x7ff624ae5865+61a0e5]\n\tchromedriver!GetHandleVerifier [0x7ff6244fdace+3234e]\n\tchromedriver!GetHandleVerifier [0x7ff62450661c+3ae9c]\n\tchromedriver!GetHandleVerifier [0x7ff6244eab74+1f3f4]\n\tchromedriver!GetHandleVerifier [0x7ff6244ead04+1f584]\n\tchromedriver!GetHandleVerifier [0x7ff6244cd9d7+2257]\n\tKERNEL32!BaseThreadInitThunk [0x7ffc2a1ee957+17]\n\tntdll!RtlUserThreadStart [0x7ffc2b7aad6c+2c]\n\n"
}
[2026-07-23 13:38:28.441] [DUMP] Đã lưu trạng thái trình duyệt: 90_procedure_search_error
{
  "meta": "E:\\Thong_ke\\emr_debug\\20260723_133656_331\\133828_435_90_procedure_search_error.json"
}
[2026-07-23 13:38:28.441] [SEARCH_BEGIN] dòng 90: tìm NGUYỄN THỊ BÍCH HIỀN tại D/s Phẫu thuật
{
  "patient": "NGUYỄN THỊ BÍCH HIỀN",
  "target_time": "2026-06-23 14:38:00",
  "target_method": "Mắt cá 1-2 thương tổn",
  "source": "surgery"
}
[2026-07-23 13:38:28.444] [SEARCH_ERROR] surgery: lỗi tìm kiếm Message: no such window: target window already closed
from unknown error: web view not found
  (Session info: chrome=150.0.7871.181)
Stacktrace:
	chromedriver!GetHandleVerifier [0x7ff6244e0d25+155a5]
	chromedriver!GetHandleVerifier [0x7ff6244e0d80+15600]
	chromedriver!(No symbol) [0x7ff62403594d]
	chromedriver!(No symbol) [0x7ff62400c792]
	chromedriver!(No symbol) [0x7ff6240c0536]
	chromedriver!(No symbol) [0x7ff6240dd902]
	chromedriver!(No symbol) [0x7ff624082e6c]
	chromedriver!(No symbol) [0x7ff624083d93]
	chromedriver!GetHandleVerifier [0x7ff624ac6431+5facb1]
	chromedriver!GetHandleVerifier [0x7ff624ac0a9b+5f531b]
	chromedriver!GetHandleVerifier [0x7ff624ae5865+61a0e5]
	chromedriver!GetHandleVerifier [0x7ff6244fdace+3234e]
	chromedriver!GetHandleVerifier [0x7ff62450661c+3ae9c]
	chromedriver!GetHandleVerifier [0x7ff6244eab74+1f3f4]
	chromedriver!GetHandleVerifier [0x7ff6244ead04+1f584]
	chromedriver!GetHandleVerifier [0x7ff6244cd9d7+2257]
	KERNEL32!BaseThreadInitThunk [0x7ffc2a1ee957+17]
	ntdll!RtlUserThreadStart [0x7ffc2b7aad6c+2c]

{
  "traceback": "Traceback (most recent call last):\n  File \"E:\\Thong_ke\\emr_tieuphau_fill.py\", line 547, in find_doctor_for_row\n    result = client.search(source, patient_name, months=3).to_dict()\n             ~~~~~~~~~~~~~^^^^^^^^^^^^^^^^^^^^^^^^^^^^^^^^\n  File \"E:\\Thong_ke\\emr_integration\\emr_list_search.py\", line 278, in search\n    if not self._is_logged_in():\n           ~~~~~~~~~~~~~~~~~~^^\n  File \"E:\\Thong_ke\\emr_integration\\emr_list_search.py\", line 306, in _is_logged_in\n    current = str(self.driver.current_url or \"\").lower()\n                  ^^^^^^^^^^^^^^^^^^^^^^^\n  File \"E:\\Thong_ke\\.venv\\Lib\\site-packages\\selenium\\webdriver\\remote\\webdriver.py\", line 626, in current_url\n    return self.execute(Command.GET_CURRENT_URL)[\"value\"]\n           ~~~~~~~~~~~~^^^^^^^^^^^^^^^^^^^^^^^^^\n  File \"E:\\Thong_ke\\.venv\\Lib\\site-packages\\selenium\\webdriver\\remote\\webdriver.py\", line 492, in execute\n    self.error_handler.check_response(response)\n    ~~~~~~~~~~~~~~~~~~~~~~~~~~~~~~~~~^^^^^^^^^^\n  File \"E:\\Thong_ke\\.venv\\Lib\\site-packages\\selenium\\webdriver\\remote\\errorhandler.py\", line 232, in check_response\n    raise exception_class(message, screen, stacktrace)\nselenium.common.exceptions.NoSuchWindowException: Message: no such window: target window already closed\nfrom unknown error: web view not found\n  (Session info: chrome=150.0.7871.181)\nStacktrace:\n\tchromedriver!GetHandleVerifier [0x7ff6244e0d25+155a5]\n\tchromedriver!GetHandleVerifier [0x7ff6244e0d80+15600]\n\tchromedriver!(No symbol) [0x7ff62403594d]\n\tchromedriver!(No symbol) [0x7ff62400c792]\n\tchromedriver!(No symbol) [0x7ff6240c0536]\n\tchromedriver!(No symbol) [0x7ff6240dd902]\n\tchromedriver!(No symbol) [0x7ff624082e6c]\n\tchromedriver!(No symbol) [0x7ff624083d93]\n\tchromedriver!GetHandleVerifier [0x7ff624ac6431+5facb1]\n\tchromedriver!GetHandleVerifier [0x7ff624ac0a9b+5f531b]\n\tchromedriver!GetHandleVerifier [0x7ff624ae5865+61a0e5]\n\tchromedriver!GetHandleVerifier [0x7ff6244fdace+3234e]\n\tchromedriver!GetHandleVerifier [0x7ff62450661c+3ae9c]\n\tchromedriver!GetHandleVerifier [0x7ff6244eab74+1f3f4]\n\tchromedriver!GetHandleVerifier [0x7ff6244ead04+1f584]\n\tchromedriver!GetHandleVerifier [0x7ff6244cd9d7+2257]\n\tKERNEL32!BaseThreadInitThunk [0x7ffc2a1ee957+17]\n\tntdll!RtlUserThreadStart [0x7ffc2b7aad6c+2c]\n\n"
}
[2026-07-23 13:38:28.450] [DUMP] Đã lưu trạng thái trình duyệt: 90_surgery_search_error
{
  "meta": "E:\\Thong_ke\\emr_debug\\20260723_133656_331\\133828_445_90_surgery_search_error.json"
}
[2026-07-23 13:38:28.451] [ROW_UNMATCHED] Dòng 90: procedure: lỗi tìm kiếm Message: no such window: target window already closed
from unknown error: web view not found
  (Session info: chrome=150.0.7871.181)
Stacktrace:
	chromedriver!GetHandleVerifier [0x7ff6244e0d25+155a5]
	chromedriver!GetHandleVerifier [0x7ff6244e0d80+15600]
	chromedriver!(No symbol) [0x7ff62403594d]
	chromedriver!(No symbol) [0x7ff62400c792]
	chromedriver!(No symbol) [0x7ff6240c0536]
	chromedriver!(No symbol) [0x7ff6240dd902]
	chromedriver!(No symbol) [0x7ff624082e6c]
	chromedriver!(No symbol) [0x7ff624083d93]
	chromedriver!GetHandleVerifier [0x7ff624ac6431+5facb1]
	chromedriver!GetHandleVerifier [0x7ff624ac0a9b+5f531b]
	chromedriver!GetHandleVerifier [0x7ff624ae5865+61a0e5]
	chromedriver!GetHandleVerifier [0x7ff6244fdace+3234e]
	chromedriver!GetHandleVerifier [0x7ff62450661c+3ae9c]
	chromedriver!GetHandleVerifier [0x7ff6244eab74+1f3f4]
	chromedriver!GetHandleVerifier [0x7ff6244ead04+1f584]
	chromedriver!GetHandleVerifier [0x7ff6244cd9d7+2257]
	KERNEL32!BaseThreadInitThunk [0x7ffc2a1ee957+17]
	ntdll!RtlUserThreadStart [0x7ffc2b7aad6c+2c]
; surgery: lỗi tìm kiếm Message: no such window: target window already closed
from unknown error: web view not found
  (Session info: chrome=150.0.7871.181)
Stacktrace:
	chromedriver!GetHandleVerifier [0x7ff6244e0d25+155a5]
	chromedriver!GetHandleVerifier [0x7ff6244e0d80+15600]
	chromedriver!(No symbol) [0x7ff62403594d]
	chromedriver!(No symbol) [0x7ff62400c792]
	chromedriver!(No symbol) [0x7ff6240c0536]
	chromedriver!(No symbol) [0x7ff6240dd902]
	chromedriver!(No symbol) [0x7ff624082e6c]
	chromedriver!(No symbol) [0x7ff624083d93]
	chromedriver!GetHandleVerifier [0x7ff624ac6431+5facb1]
	chromedriver!GetHandleVerifier [0x7ff624ac0a9b+5f531b]
	chromedriver!GetHandleVerifier [0x7ff624ae5865+61a0e5]
	chromedriver!GetHandleVerifier [0x7ff6244fdace+3234e]
	chromedriver!GetHandleVerifier [0x7ff62450661c+3ae9c]
	chromedriver!GetHandleVerifier [0x7ff6244eab74+1f3f4]
	chromedriver!GetHandleVerifier [0x7ff6244ead04+1f584]
	chromedriver!GetHandleVerifier [0x7ff6244cd9d7+2257]
	KERNEL32!BaseThreadInitThunk [0x7ffc2a1ee957+17]
	ntdll!RtlUserThreadStart [0x7ffc2b7aad6c+2c]

{
  "rowNumber": 90,
  "patient": "NGUYỄN THỊ BÍCH HIỀN",
  "time": "14:38 23/06/2026",
  "method": "Mắt cá 1-2 thương tổn",
  "oldValue": "",
  "status": "unmatched",
  "reason": "procedure: lỗi tìm kiếm Message: no such window: target window already closed\nfrom unknown error: web view not found\n  (Session info: chrome=150.0.7871.181)\nStacktrace:\n\tchromedriver!GetHandleVerifier [0x7ff6244e0d25+155a5]\n\tchromedriver!GetHandleVerifier [0x7ff6244e0d80+15600]\n\tchromedriver!(No symbol) [0x7ff62403594d]\n\tchromedriver!(No symbol) [0x7ff62400c792]\n\tchromedriver!(No symbol) [0x7ff6240c0536]\n\tchromedriver!(No symbol) [0x7ff6240dd902]\n\tchromedriver!(No symbol) [0x7ff624082e6c]\n\tchromedriver!(No symbol) [0x7ff624083d93]\n\tchromedriver!GetHandleVerifier [0x7ff624ac6431+5facb1]\n\tchromedriver!GetHandleVerifier [0x7ff624ac0a9b+5f531b]\n\tchromedriver!GetHandleVerifier [0x7ff624ae5865+61a0e5]\n\tchromedriver!GetHandleVerifier [0x7ff6244fdace+3234e]\n\tchromedriver!GetHandleVerifier [0x7ff62450661c+3ae9c]\n\tchromedriver!GetHandleVerifier [0x7ff6244eab74+1f3f4]\n\tchromedriver!GetHandleVerifier [0x7ff6244ead04+1f584]\n\tchromedriver!GetHandleVerifier [0x7ff6244cd9d7+2257]\n\tKERNEL32!BaseThreadInitThunk [0x7ffc2a1ee957+17]\n\tntdll!RtlUserThreadStart [0x7ffc2b7aad6c+2c]\n; surgery: lỗi tìm kiếm Message: no such window: target window already closed\nfrom unknown error: web view not found\n  (Session info: chrome=150.0.7871.181)\nStacktrace:\n\tchromedriver!GetHandleVerifier [0x7ff6244e0d25+155a5]\n\tchromedriver!GetHandleVerifier [0x7ff6244e0d80+15600]\n\tchromedriver!(No symbol) [0x7ff62403594d]\n\tchromedriver!(No symbol) [0x7ff62400c792]\n\tchromedriver!(No symbol) [0x7ff6240c0536]\n\tchromedriver!(No symbol) [0x7ff6240dd902]\n\tchromedriver!(No symbol) [0x7ff624082e6c]\n\tchromedriver!(No symbol) [0x7ff624083d93]\n\tchromedriver!GetHandleVerifier [0x7ff624ac6431+5facb1]\n\tchromedriver!GetHandleVerifier [0x7ff624ac0a9b+5f531b]\n\tchromedriver!GetHandleVerifier [0x7ff624ae5865+61a0e5]\n\tchromedriver!GetHandleVerifier [0x7ff6244fdace+3234e]\n\tchromedriver!GetHandleVerifier [0x7ff62450661c+3ae9c]\n\tchromedriver!GetHandleVerifier [0x7ff6244eab74+1f3f4]\n\tchromedriver!GetHandleVerifier [0x7ff6244ead04+1f584]\n\tchromedriver!GetHandleVerifier [0x7ff6244cd9d7+2257]\n\tKERNEL32!BaseThreadInitThunk [0x7ffc2a1ee957+17]\n\tntdll!RtlUserThreadStart [0x7ffc2b7aad6c+2c]\n"
}
[2026-07-23 13:38:28.451] [ROW_END] Kết thúc dòng 90
{
  "status": "unmatched",
  "new_value": null,
  "reason": "procedure: lỗi tìm kiếm Message: no such window: target window already closed\nfrom unknown error: web view not found\n  (Session info: chrome=150.0.7871.181)\nStacktrace:\n\tchromedriver!GetHandleVerifier [0x7ff6244e0d25+155a5]\n\tchromedriver!GetHandleVerifier [0x7ff6244e0d80+15600]\n\tchromedriver!(No symbol) [0x7ff62403594d]\n\tchromedriver!(No symbol) [0x7ff62400c792]\n\tchromedriver!(No symbol) [0x7ff6240c0536]\n\tchromedriver!(No symbol) [0x7ff6240dd902]\n\tchromedriver!(No symbol) [0x7ff624082e6c]\n\tchromedriver!(No symbol) [0x7ff624083d93]\n\tchromedriver!GetHandleVerifier [0x7ff624ac6431+5facb1]\n\tchromedriver!GetHandleVerifier [0x7ff624ac0a9b+5f531b]\n\tchromedriver!GetHandleVerifier [0x7ff624ae5865+61a0e5]\n\tchromedriver!GetHandleVerifier [0x7ff6244fdace+3234e]\n\tchromedriver!GetHandleVerifier [0x7ff62450661c+3ae9c]\n\tchromedriver!GetHandleVerifier [0x7ff6244eab74+1f3f4]\n\tchromedriver!GetHandleVerifier [0x7ff6244ead04+1f584]\n\tchromedriver!GetHandleVerifier [0x7ff6244cd9d7+2257]\n\tKERNEL32!BaseThreadInitThunk [0x7ffc2a1ee957+17]\n\tntdll!RtlUserThreadStart [0x7ffc2b7aad6c+2c]\n; surgery: lỗi tìm kiếm Message: no such window: target window already closed\nfrom unknown error: web view not found\n  (Session info: chrome=150.0.7871.181)\nStacktrace:\n\tchromedriver!GetHandleVerifier [0x7ff6244e0d25+155a5]\n\tchromedriver!GetHandleVerifier [0x7ff6244e0d80+15600]\n\tchromedriver!(No symbol) [0x7ff62403594d]\n\tchromedriver!(No symbol) [0x7ff62400c792]\n\tchromedriver!(No symbol) [0x7ff6240c0536]\n\tchromedriver!(No symbol) [0x7ff6240dd902]\n\tchromedriver!(No symbol) [0x7ff624082e6c]\n\tchromedriver!(No symbol) [0x7ff624083d93]\n\tchromedriver!GetHandleVerifier [0x7ff624ac6431+5facb1]\n\tchromedriver!GetHandleVerifier [0x7ff624ac0a9b+5f531b]\n\tchromedriver!GetHandleVerifier [0x7ff624ae5865+61a0e5]\n\tchromedriver!GetHandleVerifier [0x7ff6244fdace+3234e]\n\tchromedriver!GetHandleVerifier [0x7ff62450661c+3ae9c]\n\tchromedriver!GetHandleVerifier [0x7ff6244eab74+1f3f4]\n\tchromedriver!GetHandleVerifier [0x7ff6244ead04+1f584]\n\tchromedriver!GetHandleVerifier [0x7ff6244cd9d7+2257]\n\tKERNEL32!BaseThreadInitThunk [0x7ffc2a1ee957+17]\n\tntdll!RtlUserThreadStart [0x7ffc2b7aad6c+2c]\n"
}
[2026-07-23 13:38:28.452] [ROW_BEGIN] [18/20] Bắt đầu dòng 91: PHẠM ĐĂNG KHOA
{
  "raw_time": "2026/06/23 15:02",
  "parsed_time": "15:02 23/06/2026",
  "method": "Mắt cá 1-2 thương tổn",
  "old_value": ""
}
[2026-07-23 13:38:28.452] [SEARCH_BEGIN] dòng 91: tìm PHẠM ĐĂNG KHOA tại D/s Thủ thuật
{
  "patient": "PHẠM ĐĂNG KHOA",
  "target_time": "2026-06-23 15:02:00",
  "target_method": "Mắt cá 1-2 thương tổn",
  "source": "procedure"
}
[2026-07-23 13:38:28.455] [SEARCH_ERROR] procedure: lỗi tìm kiếm Message: no such window: target window already closed
from unknown error: web view not found
  (Session info: chrome=150.0.7871.181)
Stacktrace:
	chromedriver!GetHandleVerifier [0x7ff6244e0d25+155a5]
	chromedriver!GetHandleVerifier [0x7ff6244e0d80+15600]
	chromedriver!(No symbol) [0x7ff62403594d]
	chromedriver!(No symbol) [0x7ff62400c792]
	chromedriver!(No symbol) [0x7ff6240c0536]
	chromedriver!(No symbol) [0x7ff6240dd902]
	chromedriver!(No symbol) [0x7ff624082e6c]
	chromedriver!(No symbol) [0x7ff624083d93]
	chromedriver!GetHandleVerifier [0x7ff624ac6431+5facb1]
	chromedriver!GetHandleVerifier [0x7ff624ac0a9b+5f531b]
	chromedriver!GetHandleVerifier [0x7ff624ae5865+61a0e5]
	chromedriver!GetHandleVerifier [0x7ff6244fdace+3234e]
	chromedriver!GetHandleVerifier [0x7ff62450661c+3ae9c]
	chromedriver!GetHandleVerifier [0x7ff6244eab74+1f3f4]
	chromedriver!GetHandleVerifier [0x7ff6244ead04+1f584]
	chromedriver!GetHandleVerifier [0x7ff6244cd9d7+2257]
	KERNEL32!BaseThreadInitThunk [0x7ffc2a1ee957+17]
	ntdll!RtlUserThreadStart [0x7ffc2b7aad6c+2c]

{
  "traceback": "Traceback (most recent call last):\n  File \"E:\\Thong_ke\\emr_tieuphau_fill.py\", line 547, in find_doctor_for_row\n    result = client.search(source, patient_name, months=3).to_dict()\n             ~~~~~~~~~~~~~^^^^^^^^^^^^^^^^^^^^^^^^^^^^^^^^\n  File \"E:\\Thong_ke\\emr_integration\\emr_list_search.py\", line 278, in search\n    if not self._is_logged_in():\n           ~~~~~~~~~~~~~~~~~~^^\n  File \"E:\\Thong_ke\\emr_integration\\emr_list_search.py\", line 306, in _is_logged_in\n    current = str(self.driver.current_url or \"\").lower()\n                  ^^^^^^^^^^^^^^^^^^^^^^^\n  File \"E:\\Thong_ke\\.venv\\Lib\\site-packages\\selenium\\webdriver\\remote\\webdriver.py\", line 626, in current_url\n    return self.execute(Command.GET_CURRENT_URL)[\"value\"]\n           ~~~~~~~~~~~~^^^^^^^^^^^^^^^^^^^^^^^^^\n  File \"E:\\Thong_ke\\.venv\\Lib\\site-packages\\selenium\\webdriver\\remote\\webdriver.py\", line 492, in execute\n    self.error_handler.check_response(response)\n    ~~~~~~~~~~~~~~~~~~~~~~~~~~~~~~~~~^^^^^^^^^^\n  File \"E:\\Thong_ke\\.venv\\Lib\\site-packages\\selenium\\webdriver\\remote\\errorhandler.py\", line 232, in check_response\n    raise exception_class(message, screen, stacktrace)\nselenium.common.exceptions.NoSuchWindowException: Message: no such window: target window already closed\nfrom unknown error: web view not found\n  (Session info: chrome=150.0.7871.181)\nStacktrace:\n\tchromedriver!GetHandleVerifier [0x7ff6244e0d25+155a5]\n\tchromedriver!GetHandleVerifier [0x7ff6244e0d80+15600]\n\tchromedriver!(No symbol) [0x7ff62403594d]\n\tchromedriver!(No symbol) [0x7ff62400c792]\n\tchromedriver!(No symbol) [0x7ff6240c0536]\n\tchromedriver!(No symbol) [0x7ff6240dd902]\n\tchromedriver!(No symbol) [0x7ff624082e6c]\n\tchromedriver!(No symbol) [0x7ff624083d93]\n\tchromedriver!GetHandleVerifier [0x7ff624ac6431+5facb1]\n\tchromedriver!GetHandleVerifier [0x7ff624ac0a9b+5f531b]\n\tchromedriver!GetHandleVerifier [0x7ff624ae5865+61a0e5]\n\tchromedriver!GetHandleVerifier [0x7ff6244fdace+3234e]\n\tchromedriver!GetHandleVerifier [0x7ff62450661c+3ae9c]\n\tchromedriver!GetHandleVerifier [0x7ff6244eab74+1f3f4]\n\tchromedriver!GetHandleVerifier [0x7ff6244ead04+1f584]\n\tchromedriver!GetHandleVerifier [0x7ff6244cd9d7+2257]\n\tKERNEL32!BaseThreadInitThunk [0x7ffc2a1ee957+17]\n\tntdll!RtlUserThreadStart [0x7ffc2b7aad6c+2c]\n\n"
}
[2026-07-23 13:38:28.460] [DUMP] Đã lưu trạng thái trình duyệt: 91_procedure_search_error
{
  "meta": "E:\\Thong_ke\\emr_debug\\20260723_133656_331\\133828_456_91_procedure_search_error.json"
}
[2026-07-23 13:38:28.461] [SEARCH_BEGIN] dòng 91: tìm PHẠM ĐĂNG KHOA tại D/s Phẫu thuật
{
  "patient": "PHẠM ĐĂNG KHOA",
  "target_time": "2026-06-23 15:02:00",
  "target_method": "Mắt cá 1-2 thương tổn",
  "source": "surgery"
}
[2026-07-23 13:38:28.463] [SEARCH_ERROR] surgery: lỗi tìm kiếm Message: no such window: target window already closed
from unknown error: web view not found
  (Session info: chrome=150.0.7871.181)
Stacktrace:
	chromedriver!GetHandleVerifier [0x7ff6244e0d25+155a5]
	chromedriver!GetHandleVerifier [0x7ff6244e0d80+15600]
	chromedriver!(No symbol) [0x7ff62403594d]
	chromedriver!(No symbol) [0x7ff62400c792]
	chromedriver!(No symbol) [0x7ff6240c0536]
	chromedriver!(No symbol) [0x7ff6240dd902]
	chromedriver!(No symbol) [0x7ff624082e6c]
	chromedriver!(No symbol) [0x7ff624083d93]
	chromedriver!GetHandleVerifier [0x7ff624ac6431+5facb1]
	chromedriver!GetHandleVerifier [0x7ff624ac0a9b+5f531b]
	chromedriver!GetHandleVerifier [0x7ff624ae5865+61a0e5]
	chromedriver!GetHandleVerifier [0x7ff6244fdace+3234e]
	chromedriver!GetHandleVerifier [0x7ff62450661c+3ae9c]
	chromedriver!GetHandleVerifier [0x7ff6244eab74+1f3f4]
	chromedriver!GetHandleVerifier [0x7ff6244ead04+1f584]
	chromedriver!GetHandleVerifier [0x7ff6244cd9d7+2257]
	KERNEL32!BaseThreadInitThunk [0x7ffc2a1ee957+17]
	ntdll!RtlUserThreadStart [0x7ffc2b7aad6c+2c]

{
  "traceback": "Traceback (most recent call last):\n  File \"E:\\Thong_ke\\emr_tieuphau_fill.py\", line 547, in find_doctor_for_row\n    result = client.search(source, patient_name, months=3).to_dict()\n             ~~~~~~~~~~~~~^^^^^^^^^^^^^^^^^^^^^^^^^^^^^^^^\n  File \"E:\\Thong_ke\\emr_integration\\emr_list_search.py\", line 278, in search\n    if not self._is_logged_in():\n           ~~~~~~~~~~~~~~~~~~^^\n  File \"E:\\Thong_ke\\emr_integration\\emr_list_search.py\", line 306, in _is_logged_in\n    current = str(self.driver.current_url or \"\").lower()\n                  ^^^^^^^^^^^^^^^^^^^^^^^\n  File \"E:\\Thong_ke\\.venv\\Lib\\site-packages\\selenium\\webdriver\\remote\\webdriver.py\", line 626, in current_url\n    return self.execute(Command.GET_CURRENT_URL)[\"value\"]\n           ~~~~~~~~~~~~^^^^^^^^^^^^^^^^^^^^^^^^^\n  File \"E:\\Thong_ke\\.venv\\Lib\\site-packages\\selenium\\webdriver\\remote\\webdriver.py\", line 492, in execute\n    self.error_handler.check_response(response)\n    ~~~~~~~~~~~~~~~~~~~~~~~~~~~~~~~~~^^^^^^^^^^\n  File \"E:\\Thong_ke\\.venv\\Lib\\site-packages\\selenium\\webdriver\\remote\\errorhandler.py\", line 232, in check_response\n    raise exception_class(message, screen, stacktrace)\nselenium.common.exceptions.NoSuchWindowException: Message: no such window: target window already closed\nfrom unknown error: web view not found\n  (Session info: chrome=150.0.7871.181)\nStacktrace:\n\tchromedriver!GetHandleVerifier [0x7ff6244e0d25+155a5]\n\tchromedriver!GetHandleVerifier [0x7ff6244e0d80+15600]\n\tchromedriver!(No symbol) [0x7ff62403594d]\n\tchromedriver!(No symbol) [0x7ff62400c792]\n\tchromedriver!(No symbol) [0x7ff6240c0536]\n\tchromedriver!(No symbol) [0x7ff6240dd902]\n\tchromedriver!(No symbol) [0x7ff624082e6c]\n\tchromedriver!(No symbol) [0x7ff624083d93]\n\tchromedriver!GetHandleVerifier [0x7ff624ac6431+5facb1]\n\tchromedriver!GetHandleVerifier [0x7ff624ac0a9b+5f531b]\n\tchromedriver!GetHandleVerifier [0x7ff624ae5865+61a0e5]\n\tchromedriver!GetHandleVerifier [0x7ff6244fdace+3234e]\n\tchromedriver!GetHandleVerifier [0x7ff62450661c+3ae9c]\n\tchromedriver!GetHandleVerifier [0x7ff6244eab74+1f3f4]\n\tchromedriver!GetHandleVerifier [0x7ff6244ead04+1f584]\n\tchromedriver!GetHandleVerifier [0x7ff6244cd9d7+2257]\n\tKERNEL32!BaseThreadInitThunk [0x7ffc2a1ee957+17]\n\tntdll!RtlUserThreadStart [0x7ffc2b7aad6c+2c]\n\n"
}
[2026-07-23 13:38:28.470] [DUMP] Đã lưu trạng thái trình duyệt: 91_surgery_search_error
{
  "meta": "E:\\Thong_ke\\emr_debug\\20260723_133656_331\\133828_464_91_surgery_search_error.json"
}
[2026-07-23 13:38:28.471] [ROW_UNMATCHED] Dòng 91: procedure: lỗi tìm kiếm Message: no such window: target window already closed
from unknown error: web view not found
  (Session info: chrome=150.0.7871.181)
Stacktrace:
	chromedriver!GetHandleVerifier [0x7ff6244e0d25+155a5]
	chromedriver!GetHandleVerifier [0x7ff6244e0d80+15600]
	chromedriver!(No symbol) [0x7ff62403594d]
	chromedriver!(No symbol) [0x7ff62400c792]
	chromedriver!(No symbol) [0x7ff6240c0536]
	chromedriver!(No symbol) [0x7ff6240dd902]
	chromedriver!(No symbol) [0x7ff624082e6c]
	chromedriver!(No symbol) [0x7ff624083d93]
	chromedriver!GetHandleVerifier [0x7ff624ac6431+5facb1]
	chromedriver!GetHandleVerifier [0x7ff624ac0a9b+5f531b]
	chromedriver!GetHandleVerifier [0x7ff624ae5865+61a0e5]
	chromedriver!GetHandleVerifier [0x7ff6244fdace+3234e]
	chromedriver!GetHandleVerifier [0x7ff62450661c+3ae9c]
	chromedriver!GetHandleVerifier [0x7ff6244eab74+1f3f4]
	chromedriver!GetHandleVerifier [0x7ff6244ead04+1f584]
	chromedriver!GetHandleVerifier [0x7ff6244cd9d7+2257]
	KERNEL32!BaseThreadInitThunk [0x7ffc2a1ee957+17]
	ntdll!RtlUserThreadStart [0x7ffc2b7aad6c+2c]
; surgery: lỗi tìm kiếm Message: no such window: target window already closed
from unknown error: web view not found
  (Session info: chrome=150.0.7871.181)
Stacktrace:
	chromedriver!GetHandleVerifier [0x7ff6244e0d25+155a5]
	chromedriver!GetHandleVerifier [0x7ff6244e0d80+15600]
	chromedriver!(No symbol) [0x7ff62403594d]
	chromedriver!(No symbol) [0x7ff62400c792]
	chromedriver!(No symbol) [0x7ff6240c0536]
	chromedriver!(No symbol) [0x7ff6240dd902]
	chromedriver!(No symbol) [0x7ff624082e6c]
	chromedriver!(No symbol) [0x7ff624083d93]
	chromedriver!GetHandleVerifier [0x7ff624ac6431+5facb1]
	chromedriver!GetHandleVerifier [0x7ff624ac0a9b+5f531b]
	chromedriver!GetHandleVerifier [0x7ff624ae5865+61a0e5]
	chromedriver!GetHandleVerifier [0x7ff6244fdace+3234e]
	chromedriver!GetHandleVerifier [0x7ff62450661c+3ae9c]
	chromedriver!GetHandleVerifier [0x7ff6244eab74+1f3f4]
	chromedriver!GetHandleVerifier [0x7ff6244ead04+1f584]
	chromedriver!GetHandleVerifier [0x7ff6244cd9d7+2257]
	KERNEL32!BaseThreadInitThunk [0x7ffc2a1ee957+17]
	ntdll!RtlUserThreadStart [0x7ffc2b7aad6c+2c]

{
  "rowNumber": 91,
  "patient": "PHẠM ĐĂNG KHOA",
  "time": "15:02 23/06/2026",
  "method": "Mắt cá 1-2 thương tổn",
  "oldValue": "",
  "status": "unmatched",
  "reason": "procedure: lỗi tìm kiếm Message: no such window: target window already closed\nfrom unknown error: web view not found\n  (Session info: chrome=150.0.7871.181)\nStacktrace:\n\tchromedriver!GetHandleVerifier [0x7ff6244e0d25+155a5]\n\tchromedriver!GetHandleVerifier [0x7ff6244e0d80+15600]\n\tchromedriver!(No symbol) [0x7ff62403594d]\n\tchromedriver!(No symbol) [0x7ff62400c792]\n\tchromedriver!(No symbol) [0x7ff6240c0536]\n\tchromedriver!(No symbol) [0x7ff6240dd902]\n\tchromedriver!(No symbol) [0x7ff624082e6c]\n\tchromedriver!(No symbol) [0x7ff624083d93]\n\tchromedriver!GetHandleVerifier [0x7ff624ac6431+5facb1]\n\tchromedriver!GetHandleVerifier [0x7ff624ac0a9b+5f531b]\n\tchromedriver!GetHandleVerifier [0x7ff624ae5865+61a0e5]\n\tchromedriver!GetHandleVerifier [0x7ff6244fdace+3234e]\n\tchromedriver!GetHandleVerifier [0x7ff62450661c+3ae9c]\n\tchromedriver!GetHandleVerifier [0x7ff6244eab74+1f3f4]\n\tchromedriver!GetHandleVerifier [0x7ff6244ead04+1f584]\n\tchromedriver!GetHandleVerifier [0x7ff6244cd9d7+2257]\n\tKERNEL32!BaseThreadInitThunk [0x7ffc2a1ee957+17]\n\tntdll!RtlUserThreadStart [0x7ffc2b7aad6c+2c]\n; surgery: lỗi tìm kiếm Message: no such window: target window already closed\nfrom unknown error: web view not found\n  (Session info: chrome=150.0.7871.181)\nStacktrace:\n\tchromedriver!GetHandleVerifier [0x7ff6244e0d25+155a5]\n\tchromedriver!GetHandleVerifier [0x7ff6244e0d80+15600]\n\tchromedriver!(No symbol) [0x7ff62403594d]\n\tchromedriver!(No symbol) [0x7ff62400c792]\n\tchromedriver!(No symbol) [0x7ff6240c0536]\n\tchromedriver!(No symbol) [0x7ff6240dd902]\n\tchromedriver!(No symbol) [0x7ff624082e6c]\n\tchromedriver!(No symbol) [0x7ff624083d93]\n\tchromedriver!GetHandleVerifier [0x7ff624ac6431+5facb1]\n\tchromedriver!GetHandleVerifier [0x7ff624ac0a9b+5f531b]\n\tchromedriver!GetHandleVerifier [0x7ff624ae5865+61a0e5]\n\tchromedriver!GetHandleVerifier [0x7ff6244fdace+3234e]\n\tchromedriver!GetHandleVerifier [0x7ff62450661c+3ae9c]\n\tchromedriver!GetHandleVerifier [0x7ff6244eab74+1f3f4]\n\tchromedriver!GetHandleVerifier [0x7ff6244ead04+1f584]\n\tchromedriver!GetHandleVerifier [0x7ff6244cd9d7+2257]\n\tKERNEL32!BaseThreadInitThunk [0x7ffc2a1ee957+17]\n\tntdll!RtlUserThreadStart [0x7ffc2b7aad6c+2c]\n"
}
[2026-07-23 13:38:28.471] [ROW_END] Kết thúc dòng 91
{
  "status": "unmatched",
  "new_value": null,
  "reason": "procedure: lỗi tìm kiếm Message: no such window: target window already closed\nfrom unknown error: web view not found\n  (Session info: chrome=150.0.7871.181)\nStacktrace:\n\tchromedriver!GetHandleVerifier [0x7ff6244e0d25+155a5]\n\tchromedriver!GetHandleVerifier [0x7ff6244e0d80+15600]\n\tchromedriver!(No symbol) [0x7ff62403594d]\n\tchromedriver!(No symbol) [0x7ff62400c792]\n\tchromedriver!(No symbol) [0x7ff6240c0536]\n\tchromedriver!(No symbol) [0x7ff6240dd902]\n\tchromedriver!(No symbol) [0x7ff624082e6c]\n\tchromedriver!(No symbol) [0x7ff624083d93]\n\tchromedriver!GetHandleVerifier [0x7ff624ac6431+5facb1]\n\tchromedriver!GetHandleVerifier [0x7ff624ac0a9b+5f531b]\n\tchromedriver!GetHandleVerifier [0x7ff624ae5865+61a0e5]\n\tchromedriver!GetHandleVerifier [0x7ff6244fdace+3234e]\n\tchromedriver!GetHandleVerifier [0x7ff62450661c+3ae9c]\n\tchromedriver!GetHandleVerifier [0x7ff6244eab74+1f3f4]\n\tchromedriver!GetHandleVerifier [0x7ff6244ead04+1f584]\n\tchromedriver!GetHandleVerifier [0x7ff6244cd9d7+2257]\n\tKERNEL32!BaseThreadInitThunk [0x7ffc2a1ee957+17]\n\tntdll!RtlUserThreadStart [0x7ffc2b7aad6c+2c]\n; surgery: lỗi tìm kiếm Message: no such window: target window already closed\nfrom unknown error: web view not found\n  (Session info: chrome=150.0.7871.181)\nStacktrace:\n\tchromedriver!GetHandleVerifier [0x7ff6244e0d25+155a5]\n\tchromedriver!GetHandleVerifier [0x7ff6244e0d80+15600]\n\tchromedriver!(No symbol) [0x7ff62403594d]\n\tchromedriver!(No symbol) [0x7ff62400c792]\n\tchromedriver!(No symbol) [0x7ff6240c0536]\n\tchromedriver!(No symbol) [0x7ff6240dd902]\n\tchromedriver!(No symbol) [0x7ff624082e6c]\n\tchromedriver!(No symbol) [0x7ff624083d93]\n\tchromedriver!GetHandleVerifier [0x7ff624ac6431+5facb1]\n\tchromedriver!GetHandleVerifier [0x7ff624ac0a9b+5f531b]\n\tchromedriver!GetHandleVerifier [0x7ff624ae5865+61a0e5]\n\tchromedriver!GetHandleVerifier [0x7ff6244fdace+3234e]\n\tchromedriver!GetHandleVerifier [0x7ff62450661c+3ae9c]\n\tchromedriver!GetHandleVerifier [0x7ff6244eab74+1f3f4]\n\tchromedriver!GetHandleVerifier [0x7ff6244ead04+1f584]\n\tchromedriver!GetHandleVerifier [0x7ff6244cd9d7+2257]\n\tKERNEL32!BaseThreadInitThunk [0x7ffc2a1ee957+17]\n\tntdll!RtlUserThreadStart [0x7ffc2b7aad6c+2c]\n"
}
[2026-07-23 13:38:28.472] [ROW_BEGIN] [19/20] Bắt đầu dòng 93: NGUYỄN PHI ĐỨC
{
  "raw_time": "2026/06/23 15:37",
  "parsed_time": "15:37 23/06/2026",
  "method": "Hút ổ viêm/áp xe phần mềm",
  "old_value": ""
}
[2026-07-23 13:38:28.473] [SEARCH_BEGIN] dòng 93: tìm NGUYỄN PHI ĐỨC tại D/s Thủ thuật
{
  "patient": "NGUYỄN PHI ĐỨC",
  "target_time": "2026-06-23 15:37:00",
  "target_method": "Hút ổ viêm/áp xe phần mềm",
  "source": "procedure"
}
[2026-07-23 13:38:28.475] [SEARCH_ERROR] procedure: lỗi tìm kiếm Message: no such window: target window already closed
from unknown error: web view not found
  (Session info: chrome=150.0.7871.181)
Stacktrace:
	chromedriver!GetHandleVerifier [0x7ff6244e0d25+155a5]
	chromedriver!GetHandleVerifier [0x7ff6244e0d80+15600]
	chromedriver!(No symbol) [0x7ff62403594d]
	chromedriver!(No symbol) [0x7ff62400c792]
	chromedriver!(No symbol) [0x7ff6240c0536]
	chromedriver!(No symbol) [0x7ff6240dd902]
	chromedriver!(No symbol) [0x7ff624082e6c]
	chromedriver!(No symbol) [0x7ff624083d93]
	chromedriver!GetHandleVerifier [0x7ff624ac6431+5facb1]
	chromedriver!GetHandleVerifier [0x7ff624ac0a9b+5f531b]
	chromedriver!GetHandleVerifier [0x7ff624ae5865+61a0e5]
	chromedriver!GetHandleVerifier [0x7ff6244fdace+3234e]
	chromedriver!GetHandleVerifier [0x7ff62450661c+3ae9c]
	chromedriver!GetHandleVerifier [0x7ff6244eab74+1f3f4]
	chromedriver!GetHandleVerifier [0x7ff6244ead04+1f584]
	chromedriver!GetHandleVerifier [0x7ff6244cd9d7+2257]
	KERNEL32!BaseThreadInitThunk [0x7ffc2a1ee957+17]
	ntdll!RtlUserThreadStart [0x7ffc2b7aad6c+2c]

{
  "traceback": "Traceback (most recent call last):\n  File \"E:\\Thong_ke\\emr_tieuphau_fill.py\", line 547, in find_doctor_for_row\n    result = client.search(source, patient_name, months=3).to_dict()\n             ~~~~~~~~~~~~~^^^^^^^^^^^^^^^^^^^^^^^^^^^^^^^^\n  File \"E:\\Thong_ke\\emr_integration\\emr_list_search.py\", line 278, in search\n    if not self._is_logged_in():\n           ~~~~~~~~~~~~~~~~~~^^\n  File \"E:\\Thong_ke\\emr_integration\\emr_list_search.py\", line 306, in _is_logged_in\n    current = str(self.driver.current_url or \"\").lower()\n                  ^^^^^^^^^^^^^^^^^^^^^^^\n  File \"E:\\Thong_ke\\.venv\\Lib\\site-packages\\selenium\\webdriver\\remote\\webdriver.py\", line 626, in current_url\n    return self.execute(Command.GET_CURRENT_URL)[\"value\"]\n           ~~~~~~~~~~~~^^^^^^^^^^^^^^^^^^^^^^^^^\n  File \"E:\\Thong_ke\\.venv\\Lib\\site-packages\\selenium\\webdriver\\remote\\webdriver.py\", line 492, in execute\n    self.error_handler.check_response(response)\n    ~~~~~~~~~~~~~~~~~~~~~~~~~~~~~~~~~^^^^^^^^^^\n  File \"E:\\Thong_ke\\.venv\\Lib\\site-packages\\selenium\\webdriver\\remote\\errorhandler.py\", line 232, in check_response\n    raise exception_class(message, screen, stacktrace)\nselenium.common.exceptions.NoSuchWindowException: Message: no such window: target window already closed\nfrom unknown error: web view not found\n  (Session info: chrome=150.0.7871.181)\nStacktrace:\n\tchromedriver!GetHandleVerifier [0x7ff6244e0d25+155a5]\n\tchromedriver!GetHandleVerifier [0x7ff6244e0d80+15600]\n\tchromedriver!(No symbol) [0x7ff62403594d]\n\tchromedriver!(No symbol) [0x7ff62400c792]\n\tchromedriver!(No symbol) [0x7ff6240c0536]\n\tchromedriver!(No symbol) [0x7ff6240dd902]\n\tchromedriver!(No symbol) [0x7ff624082e6c]\n\tchromedriver!(No symbol) [0x7ff624083d93]\n\tchromedriver!GetHandleVerifier [0x7ff624ac6431+5facb1]\n\tchromedriver!GetHandleVerifier [0x7ff624ac0a9b+5f531b]\n\tchromedriver!GetHandleVerifier [0x7ff624ae5865+61a0e5]\n\tchromedriver!GetHandleVerifier [0x7ff6244fdace+3234e]\n\tchromedriver!GetHandleVerifier [0x7ff62450661c+3ae9c]\n\tchromedriver!GetHandleVerifier [0x7ff6244eab74+1f3f4]\n\tchromedriver!GetHandleVerifier [0x7ff6244ead04+1f584]\n\tchromedriver!GetHandleVerifier [0x7ff6244cd9d7+2257]\n\tKERNEL32!BaseThreadInitThunk [0x7ffc2a1ee957+17]\n\tntdll!RtlUserThreadStart [0x7ffc2b7aad6c+2c]\n\n"
}
[2026-07-23 13:38:28.482] [DUMP] Đã lưu trạng thái trình duyệt: 93_procedure_search_error
{
  "meta": "E:\\Thong_ke\\emr_debug\\20260723_133656_331\\133828_476_93_procedure_search_error.json"
}
[2026-07-23 13:38:28.483] [SEARCH_BEGIN] dòng 93: tìm NGUYỄN PHI ĐỨC tại D/s Phẫu thuật
{
  "patient": "NGUYỄN PHI ĐỨC",
  "target_time": "2026-06-23 15:37:00",
  "target_method": "Hút ổ viêm/áp xe phần mềm",
  "source": "surgery"
}
[2026-07-23 13:38:28.486] [SEARCH_ERROR] surgery: lỗi tìm kiếm Message: no such window: target window already closed
from unknown error: web view not found
  (Session info: chrome=150.0.7871.181)
Stacktrace:
	chromedriver!GetHandleVerifier [0x7ff6244e0d25+155a5]
	chromedriver!GetHandleVerifier [0x7ff6244e0d80+15600]
	chromedriver!(No symbol) [0x7ff62403594d]
	chromedriver!(No symbol) [0x7ff62400c792]
	chromedriver!(No symbol) [0x7ff6240c0536]
	chromedriver!(No symbol) [0x7ff6240dd902]
	chromedriver!(No symbol) [0x7ff624082e6c]
	chromedriver!(No symbol) [0x7ff624083d93]
	chromedriver!GetHandleVerifier [0x7ff624ac6431+5facb1]
	chromedriver!GetHandleVerifier [0x7ff624ac0a9b+5f531b]
	chromedriver!GetHandleVerifier [0x7ff624ae5865+61a0e5]
	chromedriver!GetHandleVerifier [0x7ff6244fdace+3234e]
	chromedriver!GetHandleVerifier [0x7ff62450661c+3ae9c]
	chromedriver!GetHandleVerifier [0x7ff6244eab74+1f3f4]
	chromedriver!GetHandleVerifier [0x7ff6244ead04+1f584]
	chromedriver!GetHandleVerifier [0x7ff6244cd9d7+2257]
	KERNEL32!BaseThreadInitThunk [0x7ffc2a1ee957+17]
	ntdll!RtlUserThreadStart [0x7ffc2b7aad6c+2c]

{
  "traceback": "Traceback (most recent call last):\n  File \"E:\\Thong_ke\\emr_tieuphau_fill.py\", line 547, in find_doctor_for_row\n    result = client.search(source, patient_name, months=3).to_dict()\n             ~~~~~~~~~~~~~^^^^^^^^^^^^^^^^^^^^^^^^^^^^^^^^\n  File \"E:\\Thong_ke\\emr_integration\\emr_list_search.py\", line 278, in search\n    if not self._is_logged_in():\n           ~~~~~~~~~~~~~~~~~~^^\n  File \"E:\\Thong_ke\\emr_integration\\emr_list_search.py\", line 306, in _is_logged_in\n    current = str(self.driver.current_url or \"\").lower()\n                  ^^^^^^^^^^^^^^^^^^^^^^^\n  File \"E:\\Thong_ke\\.venv\\Lib\\site-packages\\selenium\\webdriver\\remote\\webdriver.py\", line 626, in current_url\n    return self.execute(Command.GET_CURRENT_URL)[\"value\"]\n           ~~~~~~~~~~~~^^^^^^^^^^^^^^^^^^^^^^^^^\n  File \"E:\\Thong_ke\\.venv\\Lib\\site-packages\\selenium\\webdriver\\remote\\webdriver.py\", line 492, in execute\n    self.error_handler.check_response(response)\n    ~~~~~~~~~~~~~~~~~~~~~~~~~~~~~~~~~^^^^^^^^^^\n  File \"E:\\Thong_ke\\.venv\\Lib\\site-packages\\selenium\\webdriver\\remote\\errorhandler.py\", line 232, in check_response\n    raise exception_class(message, screen, stacktrace)\nselenium.common.exceptions.NoSuchWindowException: Message: no such window: target window already closed\nfrom unknown error: web view not found\n  (Session info: chrome=150.0.7871.181)\nStacktrace:\n\tchromedriver!GetHandleVerifier [0x7ff6244e0d25+155a5]\n\tchromedriver!GetHandleVerifier [0x7ff6244e0d80+15600]\n\tchromedriver!(No symbol) [0x7ff62403594d]\n\tchromedriver!(No symbol) [0x7ff62400c792]\n\tchromedriver!(No symbol) [0x7ff6240c0536]\n\tchromedriver!(No symbol) [0x7ff6240dd902]\n\tchromedriver!(No symbol) [0x7ff624082e6c]\n\tchromedriver!(No symbol) [0x7ff624083d93]\n\tchromedriver!GetHandleVerifier [0x7ff624ac6431+5facb1]\n\tchromedriver!GetHandleVerifier [0x7ff624ac0a9b+5f531b]\n\tchromedriver!GetHandleVerifier [0x7ff624ae5865+61a0e5]\n\tchromedriver!GetHandleVerifier [0x7ff6244fdace+3234e]\n\tchromedriver!GetHandleVerifier [0x7ff62450661c+3ae9c]\n\tchromedriver!GetHandleVerifier [0x7ff6244eab74+1f3f4]\n\tchromedriver!GetHandleVerifier [0x7ff6244ead04+1f584]\n\tchromedriver!GetHandleVerifier [0x7ff6244cd9d7+2257]\n\tKERNEL32!BaseThreadInitThunk [0x7ffc2a1ee957+17]\n\tntdll!RtlUserThreadStart [0x7ffc2b7aad6c+2c]\n\n"
}
[2026-07-23 13:38:28.492] [DUMP] Đã lưu trạng thái trình duyệt: 93_surgery_search_error
{
  "meta": "E:\\Thong_ke\\emr_debug\\20260723_133656_331\\133828_486_93_surgery_search_error.json"
}
[2026-07-23 13:38:28.492] [ROW_UNMATCHED] Dòng 93: procedure: lỗi tìm kiếm Message: no such window: target window already closed
from unknown error: web view not found
  (Session info: chrome=150.0.7871.181)
Stacktrace:
	chromedriver!GetHandleVerifier [0x7ff6244e0d25+155a5]
	chromedriver!GetHandleVerifier [0x7ff6244e0d80+15600]
	chromedriver!(No symbol) [0x7ff62403594d]
	chromedriver!(No symbol) [0x7ff62400c792]
	chromedriver!(No symbol) [0x7ff6240c0536]
	chromedriver!(No symbol) [0x7ff6240dd902]
	chromedriver!(No symbol) [0x7ff624082e6c]
	chromedriver!(No symbol) [0x7ff624083d93]
	chromedriver!GetHandleVerifier [0x7ff624ac6431+5facb1]
	chromedriver!GetHandleVerifier [0x7ff624ac0a9b+5f531b]
	chromedriver!GetHandleVerifier [0x7ff624ae5865+61a0e5]
	chromedriver!GetHandleVerifier [0x7ff6244fdace+3234e]
	chromedriver!GetHandleVerifier [0x7ff62450661c+3ae9c]
	chromedriver!GetHandleVerifier [0x7ff6244eab74+1f3f4]
	chromedriver!GetHandleVerifier [0x7ff6244ead04+1f584]
	chromedriver!GetHandleVerifier [0x7ff6244cd9d7+2257]
	KERNEL32!BaseThreadInitThunk [0x7ffc2a1ee957+17]
	ntdll!RtlUserThreadStart [0x7ffc2b7aad6c+2c]
; surgery: lỗi tìm kiếm Message: no such window: target window already closed
from unknown error: web view not found
  (Session info: chrome=150.0.7871.181)
Stacktrace:
	chromedriver!GetHandleVerifier [0x7ff6244e0d25+155a5]
	chromedriver!GetHandleVerifier [0x7ff6244e0d80+15600]
	chromedriver!(No symbol) [0x7ff62403594d]
	chromedriver!(No symbol) [0x7ff62400c792]
	chromedriver!(No symbol) [0x7ff6240c0536]
	chromedriver!(No symbol) [0x7ff6240dd902]
	chromedriver!(No symbol) [0x7ff624082e6c]
	chromedriver!(No symbol) [0x7ff624083d93]
	chromedriver!GetHandleVerifier [0x7ff624ac6431+5facb1]
	chromedriver!GetHandleVerifier [0x7ff624ac0a9b+5f531b]
	chromedriver!GetHandleVerifier [0x7ff624ae5865+61a0e5]
	chromedriver!GetHandleVerifier [0x7ff6244fdace+3234e]
	chromedriver!GetHandleVerifier [0x7ff62450661c+3ae9c]
	chromedriver!GetHandleVerifier [0x7ff6244eab74+1f3f4]
	chromedriver!GetHandleVerifier [0x7ff6244ead04+1f584]
	chromedriver!GetHandleVerifier [0x7ff6244cd9d7+2257]
	KERNEL32!BaseThreadInitThunk [0x7ffc2a1ee957+17]
	ntdll!RtlUserThreadStart [0x7ffc2b7aad6c+2c]

{
  "rowNumber": 93,
  "patient": "NGUYỄN PHI ĐỨC",
  "time": "15:37 23/06/2026",
  "method": "Hút ổ viêm/áp xe phần mềm",
  "oldValue": "",
  "status": "unmatched",
  "reason": "procedure: lỗi tìm kiếm Message: no such window: target window already closed\nfrom unknown error: web view not found\n  (Session info: chrome=150.0.7871.181)\nStacktrace:\n\tchromedriver!GetHandleVerifier [0x7ff6244e0d25+155a5]\n\tchromedriver!GetHandleVerifier [0x7ff6244e0d80+15600]\n\tchromedriver!(No symbol) [0x7ff62403594d]\n\tchromedriver!(No symbol) [0x7ff62400c792]\n\tchromedriver!(No symbol) [0x7ff6240c0536]\n\tchromedriver!(No symbol) [0x7ff6240dd902]\n\tchromedriver!(No symbol) [0x7ff624082e6c]\n\tchromedriver!(No symbol) [0x7ff624083d93]\n\tchromedriver!GetHandleVerifier [0x7ff624ac6431+5facb1]\n\tchromedriver!GetHandleVerifier [0x7ff624ac0a9b+5f531b]\n\tchromedriver!GetHandleVerifier [0x7ff624ae5865+61a0e5]\n\tchromedriver!GetHandleVerifier [0x7ff6244fdace+3234e]\n\tchromedriver!GetHandleVerifier [0x7ff62450661c+3ae9c]\n\tchromedriver!GetHandleVerifier [0x7ff6244eab74+1f3f4]\n\tchromedriver!GetHandleVerifier [0x7ff6244ead04+1f584]\n\tchromedriver!GetHandleVerifier [0x7ff6244cd9d7+2257]\n\tKERNEL32!BaseThreadInitThunk [0x7ffc2a1ee957+17]\n\tntdll!RtlUserThreadStart [0x7ffc2b7aad6c+2c]\n; surgery: lỗi tìm kiếm Message: no such window: target window already closed\nfrom unknown error: web view not found\n  (Session info: chrome=150.0.7871.181)\nStacktrace:\n\tchromedriver!GetHandleVerifier [0x7ff6244e0d25+155a5]\n\tchromedriver!GetHandleVerifier [0x7ff6244e0d80+15600]\n\tchromedriver!(No symbol) [0x7ff62403594d]\n\tchromedriver!(No symbol) [0x7ff62400c792]\n\tchromedriver!(No symbol) [0x7ff6240c0536]\n\tchromedriver!(No symbol) [0x7ff6240dd902]\n\tchromedriver!(No symbol) [0x7ff624082e6c]\n\tchromedriver!(No symbol) [0x7ff624083d93]\n\tchromedriver!GetHandleVerifier [0x7ff624ac6431+5facb1]\n\tchromedriver!GetHandleVerifier [0x7ff624ac0a9b+5f531b]\n\tchromedriver!GetHandleVerifier [0x7ff624ae5865+61a0e5]\n\tchromedriver!GetHandleVerifier [0x7ff6244fdace+3234e]\n\tchromedriver!GetHandleVerifier [0x7ff62450661c+3ae9c]\n\tchromedriver!GetHandleVerifier [0x7ff6244eab74+1f3f4]\n\tchromedriver!GetHandleVerifier [0x7ff6244ead04+1f584]\n\tchromedriver!GetHandleVerifier [0x7ff6244cd9d7+2257]\n\tKERNEL32!BaseThreadInitThunk [0x7ffc2a1ee957+17]\n\tntdll!RtlUserThreadStart [0x7ffc2b7aad6c+2c]\n"
}
[2026-07-23 13:38:28.493] [ROW_END] Kết thúc dòng 93
{
  "status": "unmatched",
  "new_value": null,
  "reason": "procedure: lỗi tìm kiếm Message: no such window: target window already closed\nfrom unknown error: web view not found\n  (Session info: chrome=150.0.7871.181)\nStacktrace:\n\tchromedriver!GetHandleVerifier [0x7ff6244e0d25+155a5]\n\tchromedriver!GetHandleVerifier [0x7ff6244e0d80+15600]\n\tchromedriver!(No symbol) [0x7ff62403594d]\n\tchromedriver!(No symbol) [0x7ff62400c792]\n\tchromedriver!(No symbol) [0x7ff6240c0536]\n\tchromedriver!(No symbol) [0x7ff6240dd902]\n\tchromedriver!(No symbol) [0x7ff624082e6c]\n\tchromedriver!(No symbol) [0x7ff624083d93]\n\tchromedriver!GetHandleVerifier [0x7ff624ac6431+5facb1]\n\tchromedriver!GetHandleVerifier [0x7ff624ac0a9b+5f531b]\n\tchromedriver!GetHandleVerifier [0x7ff624ae5865+61a0e5]\n\tchromedriver!GetHandleVerifier [0x7ff6244fdace+3234e]\n\tchromedriver!GetHandleVerifier [0x7ff62450661c+3ae9c]\n\tchromedriver!GetHandleVerifier [0x7ff6244eab74+1f3f4]\n\tchromedriver!GetHandleVerifier [0x7ff6244ead04+1f584]\n\tchromedriver!GetHandleVerifier [0x7ff6244cd9d7+2257]\n\tKERNEL32!BaseThreadInitThunk [0x7ffc2a1ee957+17]\n\tntdll!RtlUserThreadStart [0x7ffc2b7aad6c+2c]\n; surgery: lỗi tìm kiếm Message: no such window: target window already closed\nfrom unknown error: web view not found\n  (Session info: chrome=150.0.7871.181)\nStacktrace:\n\tchromedriver!GetHandleVerifier [0x7ff6244e0d25+155a5]\n\tchromedriver!GetHandleVerifier [0x7ff6244e0d80+15600]\n\tchromedriver!(No symbol) [0x7ff62403594d]\n\tchromedriver!(No symbol) [0x7ff62400c792]\n\tchromedriver!(No symbol) [0x7ff6240c0536]\n\tchromedriver!(No symbol) [0x7ff6240dd902]\n\tchromedriver!(No symbol) [0x7ff624082e6c]\n\tchromedriver!(No symbol) [0x7ff624083d93]\n\tchromedriver!GetHandleVerifier [0x7ff624ac6431+5facb1]\n\tchromedriver!GetHandleVerifier [0x7ff624ac0a9b+5f531b]\n\tchromedriver!GetHandleVerifier [0x7ff624ae5865+61a0e5]\n\tchromedriver!GetHandleVerifier [0x7ff6244fdace+3234e]\n\tchromedriver!GetHandleVerifier [0x7ff62450661c+3ae9c]\n\tchromedriver!GetHandleVerifier [0x7ff6244eab74+1f3f4]\n\tchromedriver!GetHandleVerifier [0x7ff6244ead04+1f584]\n\tchromedriver!GetHandleVerifier [0x7ff6244cd9d7+2257]\n\tKERNEL32!BaseThreadInitThunk [0x7ffc2a1ee957+17]\n\tntdll!RtlUserThreadStart [0x7ffc2b7aad6c+2c]\n"
}
[2026-07-23 13:38:28.494] [ROW_BEGIN] [20/20] Bắt đầu dòng 106: TRẦN THỊ LIỆP
{
  "raw_time": "2026/06/30 13:52",
  "parsed_time": "13:52 30/06/2026",
  "method": "Tiêm khớp gối",
  "old_value": "Lê Ngọc Diệu"
}
[2026-07-23 13:38:28.494] [SEARCH_BEGIN] dòng 106: tìm TRẦN THỊ LIỆP tại D/s Thủ thuật
{
  "patient": "TRẦN THỊ LIỆP",
  "target_time": "2026-06-30 13:52:00",
  "target_method": "Tiêm khớp gối",
  "source": "procedure"
}
[2026-07-23 13:38:28.498] [SEARCH_ERROR] procedure: lỗi tìm kiếm Message: no such window: target window already closed
from unknown error: web view not found
  (Session info: chrome=150.0.7871.181)
Stacktrace:
	chromedriver!GetHandleVerifier [0x7ff6244e0d25+155a5]
	chromedriver!GetHandleVerifier [0x7ff6244e0d80+15600]
	chromedriver!(No symbol) [0x7ff62403594d]
	chromedriver!(No symbol) [0x7ff62400c792]
	chromedriver!(No symbol) [0x7ff6240c0536]
	chromedriver!(No symbol) [0x7ff6240dd902]
	chromedriver!(No symbol) [0x7ff624082e6c]
	chromedriver!(No symbol) [0x7ff624083d93]
	chromedriver!GetHandleVerifier [0x7ff624ac6431+5facb1]
	chromedriver!GetHandleVerifier [0x7ff624ac0a9b+5f531b]
	chromedriver!GetHandleVerifier [0x7ff624ae5865+61a0e5]
	chromedriver!GetHandleVerifier [0x7ff6244fdace+3234e]
	chromedriver!GetHandleVerifier [0x7ff62450661c+3ae9c]
	chromedriver!GetHandleVerifier [0x7ff6244eab74+1f3f4]
	chromedriver!GetHandleVerifier [0x7ff6244ead04+1f584]
	chromedriver!GetHandleVerifier [0x7ff6244cd9d7+2257]
	KERNEL32!BaseThreadInitThunk [0x7ffc2a1ee957+17]
	ntdll!RtlUserThreadStart [0x7ffc2b7aad6c+2c]

{
  "traceback": "Traceback (most recent call last):\n  File \"E:\\Thong_ke\\emr_tieuphau_fill.py\", line 547, in find_doctor_for_row\n    result = client.search(source, patient_name, months=3).to_dict()\n             ~~~~~~~~~~~~~^^^^^^^^^^^^^^^^^^^^^^^^^^^^^^^^\n  File \"E:\\Thong_ke\\emr_integration\\emr_list_search.py\", line 278, in search\n    if not self._is_logged_in():\n           ~~~~~~~~~~~~~~~~~~^^\n  File \"E:\\Thong_ke\\emr_integration\\emr_list_search.py\", line 306, in _is_logged_in\n    current = str(self.driver.current_url or \"\").lower()\n                  ^^^^^^^^^^^^^^^^^^^^^^^\n  File \"E:\\Thong_ke\\.venv\\Lib\\site-packages\\selenium\\webdriver\\remote\\webdriver.py\", line 626, in current_url\n    return self.execute(Command.GET_CURRENT_URL)[\"value\"]\n           ~~~~~~~~~~~~^^^^^^^^^^^^^^^^^^^^^^^^^\n  File \"E:\\Thong_ke\\.venv\\Lib\\site-packages\\selenium\\webdriver\\remote\\webdriver.py\", line 492, in execute\n    self.error_handler.check_response(response)\n    ~~~~~~~~~~~~~~~~~~~~~~~~~~~~~~~~~^^^^^^^^^^\n  File \"E:\\Thong_ke\\.venv\\Lib\\site-packages\\selenium\\webdriver\\remote\\errorhandler.py\", line 232, in check_response\n    raise exception_class(message, screen, stacktrace)\nselenium.common.exceptions.NoSuchWindowException: Message: no such window: target window already closed\nfrom unknown error: web view not found\n  (Session info: chrome=150.0.7871.181)\nStacktrace:\n\tchromedriver!GetHandleVerifier [0x7ff6244e0d25+155a5]\n\tchromedriver!GetHandleVerifier [0x7ff6244e0d80+15600]\n\tchromedriver!(No symbol) [0x7ff62403594d]\n\tchromedriver!(No symbol) [0x7ff62400c792]\n\tchromedriver!(No symbol) [0x7ff6240c0536]\n\tchromedriver!(No symbol) [0x7ff6240dd902]\n\tchromedriver!(No symbol) [0x7ff624082e6c]\n\tchromedriver!(No symbol) [0x7ff624083d93]\n\tchromedriver!GetHandleVerifier [0x7ff624ac6431+5facb1]\n\tchromedriver!GetHandleVerifier [0x7ff624ac0a9b+5f531b]\n\tchromedriver!GetHandleVerifier [0x7ff624ae5865+61a0e5]\n\tchromedriver!GetHandleVerifier [0x7ff6244fdace+3234e]\n\tchromedriver!GetHandleVerifier [0x7ff62450661c+3ae9c]\n\tchromedriver!GetHandleVerifier [0x7ff6244eab74+1f3f4]\n\tchromedriver!GetHandleVerifier [0x7ff6244ead04+1f584]\n\tchromedriver!GetHandleVerifier [0x7ff6244cd9d7+2257]\n\tKERNEL32!BaseThreadInitThunk [0x7ffc2a1ee957+17]\n\tntdll!RtlUserThreadStart [0x7ffc2b7aad6c+2c]\n\n"
}
[2026-07-23 13:38:28.505] [DUMP] Đã lưu trạng thái trình duyệt: 106_procedure_search_error
{
  "meta": "E:\\Thong_ke\\emr_debug\\20260723_133656_331\\133828_498_106_procedure_search_error.json"
}
[2026-07-23 13:38:28.505] [SEARCH_BEGIN] dòng 106: tìm TRẦN THỊ LIỆP tại D/s Phẫu thuật
{
  "patient": "TRẦN THỊ LIỆP",
  "target_time": "2026-06-30 13:52:00",
  "target_method": "Tiêm khớp gối",
  "source": "surgery"
}
[2026-07-23 13:38:28.508] [SEARCH_ERROR] surgery: lỗi tìm kiếm Message: no such window: target window already closed
from unknown error: web view not found
  (Session info: chrome=150.0.7871.181)
Stacktrace:
	chromedriver!GetHandleVerifier [0x7ff6244e0d25+155a5]
	chromedriver!GetHandleVerifier [0x7ff6244e0d80+15600]
	chromedriver!(No symbol) [0x7ff62403594d]
	chromedriver!(No symbol) [0x7ff62400c792]
	chromedriver!(No symbol) [0x7ff6240c0536]
	chromedriver!(No symbol) [0x7ff6240dd902]
	chromedriver!(No symbol) [0x7ff624082e6c]
	chromedriver!(No symbol) [0x7ff624083d93]
	chromedriver!GetHandleVerifier [0x7ff624ac6431+5facb1]
	chromedriver!GetHandleVerifier [0x7ff624ac0a9b+5f531b]
	chromedriver!GetHandleVerifier [0x7ff624ae5865+61a0e5]
	chromedriver!GetHandleVerifier [0x7ff6244fdace+3234e]
	chromedriver!GetHandleVerifier [0x7ff62450661c+3ae9c]
	chromedriver!GetHandleVerifier [0x7ff6244eab74+1f3f4]
	chromedriver!GetHandleVerifier [0x7ff6244ead04+1f584]
	chromedriver!GetHandleVerifier [0x7ff6244cd9d7+2257]
	KERNEL32!BaseThreadInitThunk [0x7ffc2a1ee957+17]
	ntdll!RtlUserThreadStart [0x7ffc2b7aad6c+2c]

{
  "traceback": "Traceback (most recent call last):\n  File \"E:\\Thong_ke\\emr_tieuphau_fill.py\", line 547, in find_doctor_for_row\n    result = client.search(source, patient_name, months=3).to_dict()\n             ~~~~~~~~~~~~~^^^^^^^^^^^^^^^^^^^^^^^^^^^^^^^^\n  File \"E:\\Thong_ke\\emr_integration\\emr_list_search.py\", line 278, in search\n    if not self._is_logged_in():\n           ~~~~~~~~~~~~~~~~~~^^\n  File \"E:\\Thong_ke\\emr_integration\\emr_list_search.py\", line 306, in _is_logged_in\n    current = str(self.driver.current_url or \"\").lower()\n                  ^^^^^^^^^^^^^^^^^^^^^^^\n  File \"E:\\Thong_ke\\.venv\\Lib\\site-packages\\selenium\\webdriver\\remote\\webdriver.py\", line 626, in current_url\n    return self.execute(Command.GET_CURRENT_URL)[\"value\"]\n           ~~~~~~~~~~~~^^^^^^^^^^^^^^^^^^^^^^^^^\n  File \"E:\\Thong_ke\\.venv\\Lib\\site-packages\\selenium\\webdriver\\remote\\webdriver.py\", line 492, in execute\n    self.error_handler.check_response(response)\n    ~~~~~~~~~~~~~~~~~~~~~~~~~~~~~~~~~^^^^^^^^^^\n  File \"E:\\Thong_ke\\.venv\\Lib\\site-packages\\selenium\\webdriver\\remote\\errorhandler.py\", line 232, in check_response\n    raise exception_class(message, screen, stacktrace)\nselenium.common.exceptions.NoSuchWindowException: Message: no such window: target window already closed\nfrom unknown error: web view not found\n  (Session info: chrome=150.0.7871.181)\nStacktrace:\n\tchromedriver!GetHandleVerifier [0x7ff6244e0d25+155a5]\n\tchromedriver!GetHandleVerifier [0x7ff6244e0d80+15600]\n\tchromedriver!(No symbol) [0x7ff62403594d]\n\tchromedriver!(No symbol) [0x7ff62400c792]\n\tchromedriver!(No symbol) [0x7ff6240c0536]\n\tchromedriver!(No symbol) [0x7ff6240dd902]\n\tchromedriver!(No symbol) [0x7ff624082e6c]\n\tchromedriver!(No symbol) [0x7ff624083d93]\n\tchromedriver!GetHandleVerifier [0x7ff624ac6431+5facb1]\n\tchromedriver!GetHandleVerifier [0x7ff624ac0a9b+5f531b]\n\tchromedriver!GetHandleVerifier [0x7ff624ae5865+61a0e5]\n\tchromedriver!GetHandleVerifier [0x7ff6244fdace+3234e]\n\tchromedriver!GetHandleVerifier [0x7ff62450661c+3ae9c]\n\tchromedriver!GetHandleVerifier [0x7ff6244eab74+1f3f4]\n\tchromedriver!GetHandleVerifier [0x7ff6244ead04+1f584]\n\tchromedriver!GetHandleVerifier [0x7ff6244cd9d7+2257]\n\tKERNEL32!BaseThreadInitThunk [0x7ffc2a1ee957+17]\n\tntdll!RtlUserThreadStart [0x7ffc2b7aad6c+2c]\n\n"
}
[2026-07-23 13:38:28.514] [DUMP] Đã lưu trạng thái trình duyệt: 106_surgery_search_error
{
  "meta": "E:\\Thong_ke\\emr_debug\\20260723_133656_331\\133828_509_106_surgery_search_error.json"
}
[2026-07-23 13:38:28.515] [ROW_UNMATCHED] Dòng 106: procedure: lỗi tìm kiếm Message: no such window: target window already closed
from unknown error: web view not found
  (Session info: chrome=150.0.7871.181)
Stacktrace:
	chromedriver!GetHandleVerifier [0x7ff6244e0d25+155a5]
	chromedriver!GetHandleVerifier [0x7ff6244e0d80+15600]
	chromedriver!(No symbol) [0x7ff62403594d]
	chromedriver!(No symbol) [0x7ff62400c792]
	chromedriver!(No symbol) [0x7ff6240c0536]
	chromedriver!(No symbol) [0x7ff6240dd902]
	chromedriver!(No symbol) [0x7ff624082e6c]
	chromedriver!(No symbol) [0x7ff624083d93]
	chromedriver!GetHandleVerifier [0x7ff624ac6431+5facb1]
	chromedriver!GetHandleVerifier [0x7ff624ac0a9b+5f531b]
	chromedriver!GetHandleVerifier [0x7ff624ae5865+61a0e5]
	chromedriver!GetHandleVerifier [0x7ff6244fdace+3234e]
	chromedriver!GetHandleVerifier [0x7ff62450661c+3ae9c]
	chromedriver!GetHandleVerifier [0x7ff6244eab74+1f3f4]
	chromedriver!GetHandleVerifier [0x7ff6244ead04+1f584]
	chromedriver!GetHandleVerifier [0x7ff6244cd9d7+2257]
	KERNEL32!BaseThreadInitThunk [0x7ffc2a1ee957+17]
	ntdll!RtlUserThreadStart [0x7ffc2b7aad6c+2c]
; surgery: lỗi tìm kiếm Message: no such window: target window already closed
from unknown error: web view not found
  (Session info: chrome=150.0.7871.181)
Stacktrace:
	chromedriver!GetHandleVerifier [0x7ff6244e0d25+155a5]
	chromedriver!GetHandleVerifier [0x7ff6244e0d80+15600]
	chromedriver!(No symbol) [0x7ff62403594d]
	chromedriver!(No symbol) [0x7ff62400c792]
	chromedriver!(No symbol) [0x7ff6240c0536]
	chromedriver!(No symbol) [0x7ff6240dd902]
	chromedriver!(No symbol) [0x7ff624082e6c]
	chromedriver!(No symbol) [0x7ff624083d93]
	chromedriver!GetHandleVerifier [0x7ff624ac6431+5facb1]
	chromedriver!GetHandleVerifier [0x7ff624ac0a9b+5f531b]
	chromedriver!GetHandleVerifier [0x7ff624ae5865+61a0e5]
	chromedriver!GetHandleVerifier [0x7ff6244fdace+3234e]
	chromedriver!GetHandleVerifier [0x7ff62450661c+3ae9c]
	chromedriver!GetHandleVerifier [0x7ff6244eab74+1f3f4]
	chromedriver!GetHandleVerifier [0x7ff6244ead04+1f584]
	chromedriver!GetHandleVerifier [0x7ff6244cd9d7+2257]
	KERNEL32!BaseThreadInitThunk [0x7ffc2a1ee957+17]
	ntdll!RtlUserThreadStart [0x7ffc2b7aad6c+2c]

{
  "rowNumber": 106,
  "patient": "TRẦN THỊ LIỆP",
  "time": "13:52 30/06/2026",
  "method": "Tiêm khớp gối",
  "oldValue": "Lê Ngọc Diệu",
  "status": "unmatched",
  "reason": "procedure: lỗi tìm kiếm Message: no such window: target window already closed\nfrom unknown error: web view not found\n  (Session info: chrome=150.0.7871.181)\nStacktrace:\n\tchromedriver!GetHandleVerifier [0x7ff6244e0d25+155a5]\n\tchromedriver!GetHandleVerifier [0x7ff6244e0d80+15600]\n\tchromedriver!(No symbol) [0x7ff62403594d]\n\tchromedriver!(No symbol) [0x7ff62400c792]\n\tchromedriver!(No symbol) [0x7ff6240c0536]\n\tchromedriver!(No symbol) [0x7ff6240dd902]\n\tchromedriver!(No symbol) [0x7ff624082e6c]\n\tchromedriver!(No symbol) [0x7ff624083d93]\n\tchromedriver!GetHandleVerifier [0x7ff624ac6431+5facb1]\n\tchromedriver!GetHandleVerifier [0x7ff624ac0a9b+5f531b]\n\tchromedriver!GetHandleVerifier [0x7ff624ae5865+61a0e5]\n\tchromedriver!GetHandleVerifier [0x7ff6244fdace+3234e]\n\tchromedriver!GetHandleVerifier [0x7ff62450661c+3ae9c]\n\tchromedriver!GetHandleVerifier [0x7ff6244eab74+1f3f4]\n\tchromedriver!GetHandleVerifier [0x7ff6244ead04+1f584]\n\tchromedriver!GetHandleVerifier [0x7ff6244cd9d7+2257]\n\tKERNEL32!BaseThreadInitThunk [0x7ffc2a1ee957+17]\n\tntdll!RtlUserThreadStart [0x7ffc2b7aad6c+2c]\n; surgery: lỗi tìm kiếm Message: no such window: target window already closed\nfrom unknown error: web view not found\n  (Session info: chrome=150.0.7871.181)\nStacktrace:\n\tchromedriver!GetHandleVerifier [0x7ff6244e0d25+155a5]\n\tchromedriver!GetHandleVerifier [0x7ff6244e0d80+15600]\n\tchromedriver!(No symbol) [0x7ff62403594d]\n\tchromedriver!(No symbol) [0x7ff62400c792]\n\tchromedriver!(No symbol) [0x7ff6240c0536]\n\tchromedriver!(No symbol) [0x7ff6240dd902]\n\tchromedriver!(No symbol) [0x7ff624082e6c]\n\tchromedriver!(No symbol) [0x7ff624083d93]\n\tchromedriver!GetHandleVerifier [0x7ff624ac6431+5facb1]\n\tchromedriver!GetHandleVerifier [0x7ff624ac0a9b+5f531b]\n\tchromedriver!GetHandleVerifier [0x7ff624ae5865+61a0e5]\n\tchromedriver!GetHandleVerifier [0x7ff6244fdace+3234e]\n\tchromedriver!GetHandleVerifier [0x7ff62450661c+3ae9c]\n\tchromedriver!GetHandleVerifier [0x7ff6244eab74+1f3f4]\n\tchromedriver!GetHandleVerifier [0x7ff6244ead04+1f584]\n\tchromedriver!GetHandleVerifier [0x7ff6244cd9d7+2257]\n\tKERNEL32!BaseThreadInitThunk [0x7ffc2a1ee957+17]\n\tntdll!RtlUserThreadStart [0x7ffc2b7aad6c+2c]\n"
}
[2026-07-23 13:38:28.516] [ROW_END] Kết thúc dòng 106
{
  "status": "unmatched",
  "new_value": null,
  "reason": "procedure: lỗi tìm kiếm Message: no such window: target window already closed\nfrom unknown error: web view not found\n  (Session info: chrome=150.0.7871.181)\nStacktrace:\n\tchromedriver!GetHandleVerifier [0x7ff6244e0d25+155a5]\n\tchromedriver!GetHandleVerifier [0x7ff6244e0d80+15600]\n\tchromedriver!(No symbol) [0x7ff62403594d]\n\tchromedriver!(No symbol) [0x7ff62400c792]\n\tchromedriver!(No symbol) [0x7ff6240c0536]\n\tchromedriver!(No symbol) [0x7ff6240dd902]\n\tchromedriver!(No symbol) [0x7ff624082e6c]\n\tchromedriver!(No symbol) [0x7ff624083d93]\n\tchromedriver!GetHandleVerifier [0x7ff624ac6431+5facb1]\n\tchromedriver!GetHandleVerifier [0x7ff624ac0a9b+5f531b]\n\tchromedriver!GetHandleVerifier [0x7ff624ae5865+61a0e5]\n\tchromedriver!GetHandleVerifier [0x7ff6244fdace+3234e]\n\tchromedriver!GetHandleVerifier [0x7ff62450661c+3ae9c]\n\tchromedriver!GetHandleVerifier [0x7ff6244eab74+1f3f4]\n\tchromedriver!GetHandleVerifier [0x7ff6244ead04+1f584]\n\tchromedriver!GetHandleVerifier [0x7ff6244cd9d7+2257]\n\tKERNEL32!BaseThreadInitThunk [0x7ffc2a1ee957+17]\n\tntdll!RtlUserThreadStart [0x7ffc2b7aad6c+2c]\n; surgery: lỗi tìm kiếm Message: no such window: target window already closed\nfrom unknown error: web view not found\n  (Session info: chrome=150.0.7871.181)\nStacktrace:\n\tchromedriver!GetHandleVerifier [0x7ff6244e0d25+155a5]\n\tchromedriver!GetHandleVerifier [0x7ff6244e0d80+15600]\n\tchromedriver!(No symbol) [0x7ff62403594d]\n\tchromedriver!(No symbol) [0x7ff62400c792]\n\tchromedriver!(No symbol) [0x7ff6240c0536]\n\tchromedriver!(No symbol) [0x7ff6240dd902]\n\tchromedriver!(No symbol) [0x7ff624082e6c]\n\tchromedriver!(No symbol) [0x7ff624083d93]\n\tchromedriver!GetHandleVerifier [0x7ff624ac6431+5facb1]\n\tchromedriver!GetHandleVerifier [0x7ff624ac0a9b+5f531b]\n\tchromedriver!GetHandleVerifier [0x7ff624ae5865+61a0e5]\n\tchromedriver!GetHandleVerifier [0x7ff6244fdace+3234e]\n\tchromedriver!GetHandleVerifier [0x7ff62450661c+3ae9c]\n\tchromedriver!GetHandleVerifier [0x7ff6244eab74+1f3f4]\n\tchromedriver!GetHandleVerifier [0x7ff6244ead04+1f584]\n\tchromedriver!GetHandleVerifier [0x7ff6244cd9d7+2257]\n\tKERNEL32!BaseThreadInitThunk [0x7ffc2a1ee957+17]\n\tntdll!RtlUserThreadStart [0x7ffc2b7aad6c+2c]\n"
}
[2026-07-23 13:38:30.700] [BROWSER_CLOSE] Đã đóng trình duyệt EMR
[2026-07-23 13:38:31.249] [FINISH] Kết thúc phiên đối chiếu EMR
{
  "updatedRows": 0,
  "unmatchedRows": 20
}
