[2026-09-22 17:09:22.979] [START] Bắt đầu phiên đối chiếu EMR
{
  "folder": "E:\\Thong_ke\\emr_debug\\20260922_170922_978"
}
[2026-09-22 17:09:22.981] [CONFIG] Thông tin phiên chạy
{
  "input_file": "E:\\Thong_ke\\node_outputs\\PM khoa CTCH T8_NHAP_LIEU.xlsx",
  "output_file": "E:\\Thong_ke\\node_outputs\\PM khoa CTCH T8_NHAP_LIEU.xlsx",
  "config_file": "E:\\Thong_ke\\emr_config.json",
  "only_row": null,
  "headless_arg": true
}
[2026-09-22 17:09:23.338] [WORKBOOK] Đã đọc sheet tieuphau
{
  "sheet": "tieuphau",
  "header_row": 6,
  "total_row": 129,
  "columns": {
    "stt": 1,
    "ngaychidinh": 2,
    "tenbenhnhan": 3,
    "namsinh": 4,
    "tendichvuthuoc": 5,
    "soluong": 6,
    "thanhtien": 7,
    "bacsi": 8,
    "sotien": 9,
    "dieuduong": 10,
    "thuclanh": 12,
    "ngay": 2,
    "hovaten": 3,
    "tuoi": 4,
    "tencls": 5
  },
  "headers": {
    "1": "STT",
    "2": "Ngày chỉ định",
    "3": "Tên bệnh nhân",
    "4": "Năm sinh",
    "5": "Tên dịch vụ/thuốc",
    "6": "Số lượng",
    "7": "Thành tiền",
    "8": "Bác Sĩ",
    "9": "Số Tiền",
    "10": "Điều Dưỡng",
    "11": "Số Tiền",
    "12": "Thực Lãnh"
  },
  "doctor_count": 33
}
[2026-09-22 17:09:23.340] [SKIP_VALID] Dòng 7: đã là bác sĩ hợp lệ
{
  "value": "DUY"
}
[2026-09-22 17:09:23.341] [SKIP_VALID] Dòng 40: đã là bác sĩ hợp lệ
{
  "value": "BẢO"
}
[2026-09-22 17:09:23.341] [SKIP_VALID] Dòng 41: đã là bác sĩ hợp lệ
{
  "value": "SƠN"
}
[2026-09-22 17:09:23.341] [SKIP_VALID] Dòng 42: đã là bác sĩ hợp lệ
{
  "value": "BẢO"
}
[2026-09-22 17:09:23.342] [SKIP_VALID] Dòng 43: đã là bác sĩ hợp lệ
{
  "value": "SƠN"
}
[2026-09-22 17:09:23.342] [SKIP_VALID] Dòng 44: đã là bác sĩ hợp lệ
{
  "value": "TOẢN"
}
[2026-09-22 17:09:23.342] [SKIP_VALID] Dòng 45: đã là bác sĩ hợp lệ
{
  "value": "TÚ"
}
[2026-09-22 17:09:23.343] [SKIP_VALID] Dòng 46: đã là bác sĩ hợp lệ
{
  "value": "TÚ"
}
[2026-09-22 17:09:23.343] [SKIP_VALID] Dòng 47: đã là bác sĩ hợp lệ
{
  "value": "DUY"
}
[2026-09-22 17:09:23.343] [SKIP_VALID] Dòng 48: đã là bác sĩ hợp lệ
{
  "value": "DUY"
}
[2026-09-22 17:09:23.344] [SKIP_VALID] Dòng 49: đã là bác sĩ hợp lệ
{
  "value": "TÚ"
}
[2026-09-22 17:09:23.344] [SKIP_VALID] Dòng 50: đã là bác sĩ hợp lệ
{
  "value": "HOAN"
}
[2026-09-22 17:09:23.344] [SKIP_VALID] Dòng 51: đã là bác sĩ hợp lệ
{
  "value": "G.TỬ"
}
[2026-09-22 17:09:23.345] [SKIP_VALID] Dòng 52: đã là bác sĩ hợp lệ
{
  "value": "G.TỬ"
}
[2026-09-22 17:09:23.345] [SKIP_VALID] Dòng 53: đã là bác sĩ hợp lệ
{
  "value": "G.TỬ"
}
[2026-09-22 17:09:23.345] [SKIP_VALID] Dòng 54: đã là bác sĩ hợp lệ
{
  "value": "SƠN"
}
[2026-09-22 17:09:23.345] [SKIP_VALID] Dòng 55: đã là bác sĩ hợp lệ
{
  "value": "BẢO"
}
[2026-09-22 17:09:23.346] [SKIP_VALID] Dòng 61: đã là bác sĩ hợp lệ
{
  "value": "SƠN"
}
[2026-09-22 17:09:23.346] [SKIP_VALID] Dòng 62: đã là bác sĩ hợp lệ
{
  "value": "TOẢN"
}
[2026-09-22 17:09:23.346] [SKIP_VALID] Dòng 63: đã là bác sĩ hợp lệ
{
  "value": "TOẢN"
}
[2026-09-22 17:09:23.347] [SKIP_VALID] Dòng 64: đã là bác sĩ hợp lệ
{
  "value": "V.TÂN"
}
[2026-09-22 17:09:23.347] [SKIP_VALID] Dòng 65: đã là bác sĩ hợp lệ
{
  "value": "DUY"
}
[2026-09-22 17:09:23.348] [SKIP_VALID] Dòng 66: đã là bác sĩ hợp lệ
{
  "value": "V.TÂN"
}
[2026-09-22 17:09:23.348] [SKIP_VALID] Dòng 67: đã là bác sĩ hợp lệ
{
  "value": "DUY"
}
[2026-09-22 17:09:23.348] [SKIP_VALID] Dòng 68: đã là bác sĩ hợp lệ
{
  "value": "DUY"
}
[2026-09-22 17:09:23.348] [SKIP_VALID] Dòng 69: đã là bác sĩ hợp lệ
{
  "value": "DUY"
}
[2026-09-22 17:09:23.349] [SKIP_VALID] Dòng 70: đã là bác sĩ hợp lệ
{
  "value": "HOAN"
}
[2026-09-22 17:09:23.349] [SKIP_VALID] Dòng 71: đã là bác sĩ hợp lệ
{
  "value": "SƠN"
}
[2026-09-22 17:09:23.349] [SKIP_VALID] Dòng 72: đã là bác sĩ hợp lệ
{
  "value": "BẢO"
}
[2026-09-22 17:09:23.349] [SKIP_VALID] Dòng 73: đã là bác sĩ hợp lệ
{
  "value": "TOẢN"
}
[2026-09-22 17:09:23.350] [SKIP_VALID] Dòng 74: đã là bác sĩ hợp lệ
{
  "value": "TUẤN"
}
[2026-09-22 17:09:23.350] [SKIP_VALID] Dòng 75: đã là bác sĩ hợp lệ
{
  "value": "TOẢN"
}
[2026-09-22 17:09:23.350] [SKIP_VALID] Dòng 76: đã là bác sĩ hợp lệ
{
  "value": "DUY"
}
[2026-09-22 17:09:23.350] [SKIP_VALID] Dòng 77: đã là bác sĩ hợp lệ
{
  "value": "TÚ"
}
[2026-09-22 17:09:23.351] [SKIP_VALID] Dòng 78: đã là bác sĩ hợp lệ
{
  "value": "DUY"
}
[2026-09-22 17:09:23.351] [SKIP_VALID] Dòng 79: đã là bác sĩ hợp lệ
{
  "value": "DUY"
}
[2026-09-22 17:09:23.351] [SKIP_VALID] Dòng 80: đã là bác sĩ hợp lệ
{
  "value": "DUY"
}
[2026-09-22 17:09:23.351] [SKIP_VALID] Dòng 81: đã là bác sĩ hợp lệ
{
  "value": "DUY"
}
[2026-09-22 17:09:23.352] [SKIP_VALID] Dòng 82: đã là bác sĩ hợp lệ
{
  "value": "DUY"
}
[2026-09-22 17:09:23.352] [SKIP_VALID] Dòng 83: đã là bác sĩ hợp lệ
{
  "value": "DUY"
}
[2026-09-22 17:09:23.352] [SKIP_VALID] Dòng 84: đã là bác sĩ hợp lệ
{
  "value": "ĐIỀN"
}
[2026-09-22 17:09:23.352] [SKIP_VALID] Dòng 85: đã là bác sĩ hợp lệ
{
  "value": "HOAN"
}
[2026-09-22 17:09:23.352] [SKIP_VALID] Dòng 86: đã là bác sĩ hợp lệ
{
  "value": "ĐIỀN"
}
[2026-09-22 17:09:23.353] [SKIP_VALID] Dòng 87: đã là bác sĩ hợp lệ
{
  "value": "ĐIỀN"
}
[2026-09-22 17:09:23.353] [SKIP_VALID] Dòng 88: đã là bác sĩ hợp lệ
{
  "value": "ĐIỀN"
}
[2026-09-22 17:09:23.353] [SKIP_VALID] Dòng 89: đã là bác sĩ hợp lệ
{
  "value": "ĐIỀN"
}
[2026-09-22 17:09:23.353] [SKIP_VALID] Dòng 90: đã là bác sĩ hợp lệ
{
  "value": "ĐIỀN"
}
[2026-09-22 17:09:23.354] [SKIP_VALID] Dòng 91: đã là bác sĩ hợp lệ
{
  "value": "G.TỬ"
}
[2026-09-22 17:09:23.354] [SKIP_VALID] Dòng 92: đã là bác sĩ hợp lệ
{
  "value": "V.TÂN"
}
[2026-09-22 17:09:23.354] [SKIP_VALID] Dòng 93: đã là bác sĩ hợp lệ
{
  "value": "V.TÂN"
}
[2026-09-22 17:09:23.355] [SKIP_VALID] Dòng 94: đã là bác sĩ hợp lệ
{
  "value": "BẢO"
}
[2026-09-22 17:09:23.355] [SKIP_VALID] Dòng 95: đã là bác sĩ hợp lệ
{
  "value": "SƠN"
}
[2026-09-22 17:09:23.355] [SKIP_VALID] Dòng 96: đã là bác sĩ hợp lệ
{
  "value": "BẢO"
}
[2026-09-22 17:09:23.356] [SKIP_VALID] Dòng 98: đã là bác sĩ hợp lệ
{
  "value": "SƠN"
}
[2026-09-22 17:09:23.356] [SKIP_VALID] Dòng 99: đã là bác sĩ hợp lệ
{
  "value": "TUẤN"
}
[2026-09-22 17:09:23.356] [SKIP_VALID] Dòng 100: đã là bác sĩ hợp lệ
{
  "value": "DUY"
}
[2026-09-22 17:09:23.356] [SKIP_VALID] Dòng 101: đã là bác sĩ hợp lệ
{
  "value": "DUY"
}
[2026-09-22 17:09:23.357] [SKIP_VALID] Dòng 102: đã là bác sĩ hợp lệ
{
  "value": "DUY"
}
[2026-09-22 17:09:23.357] [SKIP_VALID] Dòng 103: đã là bác sĩ hợp lệ
{
  "value": "DUY"
}
[2026-09-22 17:09:23.357] [SKIP_VALID] Dòng 104: đã là bác sĩ hợp lệ
{
  "value": "DUY"
}
[2026-09-22 17:09:23.357] [SKIP_VALID] Dòng 105: đã là bác sĩ hợp lệ
{
  "value": "DUY"
}
[2026-09-22 17:09:23.358] [SKIP_VALID] Dòng 106: đã là bác sĩ hợp lệ
{
  "value": "DUY"
}
[2026-09-22 17:09:23.358] [SKIP_VALID] Dòng 107: đã là bác sĩ hợp lệ
{
  "value": "HOAN"
}
[2026-09-22 17:09:23.358] [SKIP_VALID] Dòng 108: đã là bác sĩ hợp lệ
{
  "value": "ĐIỀN"
}
[2026-09-22 17:09:23.358] [SKIP_VALID] Dòng 109: đã là bác sĩ hợp lệ
{
  "value": "ĐIỀN"
}
[2026-09-22 17:09:23.359] [SKIP_VALID] Dòng 110: đã là bác sĩ hợp lệ
{
  "value": "ĐIỀN"
}
[2026-09-22 17:09:23.359] [SKIP_VALID] Dòng 111: đã là bác sĩ hợp lệ
{
  "value": "ĐIỀN"
}
[2026-09-22 17:09:23.359] [SKIP_VALID] Dòng 112: đã là bác sĩ hợp lệ
{
  "value": "ĐIỀN"
}
[2026-09-22 17:09:23.360] [SKIP_VALID] Dòng 113: đã là bác sĩ hợp lệ
{
  "value": "ĐIỀN"
}
[2026-09-22 17:09:23.360] [SKIP_VALID] Dòng 114: đã là bác sĩ hợp lệ
{
  "value": "ĐIỀN"
}
[2026-09-22 17:09:23.360] [TARGET_ROWS] Có 38 dòng cần kiểm tra EMR
{
  "rows": [
    8,
    9,
    10,
    11,
    12,
    13,
    14,
    15,
    16,
    17,
    18,
    19,
    20,
    21,
    22,
    23,
    24,
    25,
    26,
    27,
    28,
    29,
    30,
    31,
    32,
    33,
    34,
    35,
    36,
    37,
    38,
    39,
    56,
    57,
    58,
    59,
    60,
    97
  ],
  "skipped_valid": 70
}
[2026-09-22 17:09:23.831] [AUTOSAVE_INIT] Đã tạo/cập nhật file làm việc trước khi tìm EMR
{
  "output": "E:\\Thong_ke\\node_outputs\\PM khoa CTCH T8_NHAP_LIEU.xlsx"
}
[2026-09-22 17:09:23.831] [BROWSER_START] Khởi động trình duyệt EMR
{
  "headless": true
}
[2026-09-22 17:09:26.680] [BROWSER_READY] Trình duyệt EMR đã sẵn sàng
[2026-09-22 17:09:26.689] [ROW_BEGIN] [1/38] Bắt đầu dòng 8: QUẢNG THỊ HIỆN
{
  "raw_time": "2026/08/03 08:41",
  "parsed_time": "08:41 03/08/2026",
  "method": "Phẫu thuật điều trị hội chứng ống cổ tay",
  "old_value": ""
}
[2026-09-22 17:09:26.691] [SEARCH_BEGIN] dòng 8: tìm QUẢNG THỊ HIỆN tại D/s Phẫu thuật
{
  "patient": "QUẢNG THỊ HIỆN",
  "target_time": "2026-08-03 08:41:00",
  "target_method": "Phẫu thuật điều trị hội chứng ống cổ tay",
  "source": "surgery"
}
[2026-09-22 17:09:26.709] [BROWSER] [LOGIN] http://192.168.2.26:2026/login.aspx
[2026-09-22 17:09:28.390] [BROWSER] [LOGIN] Thành công: http://192.168.2.26:2026/home.aspx?scope=sys&lang=vi&role=323&usid=172.31.255.1_oqn5yqe3ix0gr4lrbzs3p1ibd2c86039&st=170926
[2026-09-22 17:09:28.674] [BROWSER] [NAV] D/s Phẫu thuật: http://192.168.2.26:2026/home.aspx?scope=sys&lang=vi&wpid=danhsachphauthuatdraw&role=323&usid=172.31.255.1_oqn5yqe3ix0gr4lrbzs3p1ibd2c86039&st=170926
[2026-09-22 17:09:30.858] [BROWSER] [FILTER] 3 tháng
[2026-09-22 17:09:31.342] [BROWSER] [SEARCH] Nhập 'QUẢNG THỊ HIỆN' vào #txtTimKiem
[2026-09-22 17:09:31.454] [BROWSER] [SEARCH] Đã bấm Tìm kiếm bằng #btnTimKiem
[2026-09-22 17:09:31.476] [BROWSER] [RESULT] D/s Phẫu thuật: 1 dòng
[2026-09-22 17:09:31.481] [SEARCH_RESULT] D/s Phẫu thuật: nhận 1 dòng
{
  "current_url": "http://192.168.2.26:2026/home.aspx?scope=sys&lang=vi&wpid=danhsachphauthuatdraw&role=323&usid=172.31.255.1_oqn5yqe3ix0gr4lrbzs3p1ibd2c86039&st=170926",
  "search_input_id": "txtTimKiem",
  "search_trigger": "#btnTimKiem",
  "headers": [
    "STT",
    "Mã BN",
    "Họ tên",
    "Giới tính",
    "Tuổi",
    "Phòng mổ",
    "Nơi chuyển mổ",
    "Nội dung phẫu thuật",
    "Tình trạng",
    "Thời gian",
    "Trạng thái",
    "Đối tượng",
    "Đã tạm ứng"
  ],
  "rows": [
    {
      "access_id": "2ee04a31-07da-4873-9b88-b49b008f951c",
      "known_fields": {
        "stt": "1",
        "ma_bn": "26080072",
        "ho_ten": "QUẢNG THỊ HIỆN (Phẫu thuật tại khoa)",
        "gioi_tinh": "Nữ",
        "tuoi": "55 tuổi",
        "phong_mo": "PHÒNG PHẪU THUẬT",
        "noi_chuyen_mo": "Khoa Khám Bệnh",
        "noi_dung_phau_thuat": "Phẫu thuật điều trị hội chứng ống cổ tay",
        "tinh_trang": "Thường",
        "thoi_gian": "03/08/2026",
        "trang_thai": "Hoàn tất",
        "doi_tuong": "Viện phí",
        "tam_ung": "0"
      },
      "raw_text": "1 26080072 QUẢNG THỊ HIỆN (Phẫu thuật tại khoa) Nữ 55 tuổi PHÒNG PHẪU THUẬT Khoa Khám Bệnh Phẫu thuật điều trị hội chứng ống cổ tay Thường 03/08/2026 Hoàn tất Viện phí 0",
      "links": [
        {
          "text": "1",
          "href": "http://192.168.2.26:2026/home.aspx?scope=sys&lang=vi&wpid=phauthuatdraw&phauthuatid=2ee04a31-07da-4873-9b88-b49b008f951c&keyword=qu%E1%BA%A3ng%20th%E1%BB%8B%20hi%E1%BB%87n&tg=6&tungay=01/06/2026&denngay=23/09/2026&usid=172.31.255.1_oqn5yqe3ix0gr4lrbzs3p1ibd2c86039&st=170930",
          "onclick": ""
        },
        {
          "text": "26080072",
          "href": "http://192.168.2.26:2026/home.aspx?scope=sys&lang=vi&wpid=phauthuatdraw&phauthuatid=2ee04a31-07da-4873-9b88-b49b008f951c&keyword=qu%E1%BA%A3ng%20th%E1%BB%8B%20hi%E1%BB%87n&tg=6&tungay=01/06/2026&denngay=23/09/2026&usid=172.31.255.1_oqn5yqe3ix0gr4lrbzs3p1ibd2c86039&st=170930",
          "onclick": ""
        },
        {
          "text": "QUẢNG THỊ HIỆN (Phẫu thuật tại khoa)",
          "href": "http://192.168.2.26:2026/home.aspx?scope=sys&lang=vi&wpid=phauthuatdraw&phauthuatid=2ee04a31-07da-4873-9b88-b49b008f951c&keyword=qu%E1%BA%A3ng%20th%E1%BB%8B%20hi%E1%BB%87n&tg=6&tungay=01/06/2026&denngay=23/09/2026&usid=172.31.255.1_oqn5yqe3ix0gr4lrbzs3p1ibd2c86039&st=170930",
          "onclick": ""
        },
        {
          "text": "Nữ",
          "href": "http://192.168.2.26:2026/home.aspx?scope=sys&lang=vi&wpid=phauthuatdraw&phauthuatid=2ee04a31-07da-4873-9b88-b49b008f951c&keyword=qu%E1%BA%A3ng%20th%E1%BB%8B%20hi%E1%BB%87n&tg=6&tungay=01/06/2026&denngay=23/09/2026&usid=172.31.255.1_oqn5yqe3ix0gr4lrbzs3p1ibd2c86039&st=170930",
          "onclick": ""
        },
        {
          "text": "55 tuổi",
          "href": "http://192.168.2.26:2026/home.aspx?scope=sys&lang=vi&wpid=phauthuatdraw&phauthuatid=2ee04a31-07da-4873-9b88-b49b008f951c&keyword=qu%E1%BA%A3ng%20th%E1%BB%8B%20hi%E1%BB%87n&tg=6&tungay=01/06/2026&denngay=23/09/2026&usid=172.31.255.1_oqn5yqe3ix0gr4lrbzs3p1ibd2c86039&st=170930",
          "onclick": ""
        },
        {
          "text": "PHÒNG PHẪU THUẬT",
          "href": "http://192.168.2.26:2026/home.aspx?scope=sys&lang=vi&wpid=phauthuatdraw&phauthuatid=2ee04a31-07da-4873-9b88-b49b008f951c&keyword=qu%E1%BA%A3ng%20th%E1%BB%8B%20hi%E1%BB%87n&tg=6&tungay=01/06/2026&denngay=23/09/2026&usid=172.31.255.1_oqn5yqe3ix0gr4lrbzs3p1ibd2c86039&st=170930",
          "onclick": ""
        },
        {
          "text": "Khoa Khám Bệnh",
          "href": "http://192.168.2.26:2026/home.aspx?scope=sys&lang=vi&wpid=phauthuatdraw&phauthuatid=2ee04a31-07da-4873-9b88-b49b008f951c&keyword=qu%E1%BA%A3ng%20th%E1%BB%8B%20hi%E1%BB%87n&tg=6&tungay=01/06/2026&denngay=23/09/2026&usid=172.31.255.1_oqn5yqe3ix0gr4lrbzs3p1ibd2c86039&st=170930",
          "onclick": ""
        },
        {
          "text": "Phẫu thuật điều trị hội chứng ống cổ tay",
          "href": "http://192.168.2.26:2026/home.aspx?scope=sys&lang=vi&wpid=phauthuatdraw&phauthuatid=2ee04a31-07da-4873-9b88-b49b008f951c&keyword=qu%E1%BA%A3ng%20th%E1%BB%8B%20hi%E1%BB%87n&tg=6&tungay=01/06/2026&denngay=23/09/2026&usid=172.31.255.1_oqn5yqe3ix0gr4lrbzs3p1ibd2c86039&st=170930",
          "onclick": ""
        },
        {
          "text": "Thường",
          "href": "http://192.168.2.26:2026/home.aspx?scope=sys&lang=vi&wpid=phauthuatdraw&phauthuatid=2ee04a31-07da-4873-9b88-b49b008f951c&keyword=qu%E1%BA%A3ng%20th%E1%BB%8B%20hi%E1%BB%87n&tg=6&tungay=01/06/2026&denngay=23/09/2026&usid=172.31.255.1_oqn5yqe3ix0gr4lrbzs3p1ibd2c86039&st=170930",
          "onclick": ""
        },
        {
          "text": "03/08/2026",
          "href": "http://192.168.2.26:2026/home.aspx?scope=sys&lang=vi&wpid=phauthuatdraw&phauthuatid=2ee04a31-07da-4873-9b88-b49b008f951c&keyword=qu%E1%BA%A3ng%20th%E1%BB%8B%20hi%E1%BB%87n&tg=6&tungay=01/06/2026&denngay=23/09/2026&usid=172.31.255.1_oqn5yqe3ix0gr4lrbzs3p1ibd2c86039&st=170930",
          "onclick": ""
        }
      ]
    }
  ]
}
[2026-09-22 17:09:31.486] [CANDIDATES] D/s Phẫu thuật: có 1 ứng viên cùng người bệnh
{
  "candidates": [
    {
      "list_score": 125.0,
      "list_datetime": "2026-08-03 00:00:00",
      "list_time_source": "Thời gian",
      "list_method": "Phẫu thuật điều trị hội chứng ống cổ tay",
      "list_method_source": "Nội dung phẫu thuật",
      "method_score": 1.0,
      "detail_marker": "http://192.168.2.26:2026/home.aspx?scope=sys&lang=vi&wpid=phauthuatdraw&phauthuatid=2ee04a31-07da-4873-9b88-b49b008f951c&keyword=qu%E1%BA%A3ng%20th%E1%BB%8B%20hi%E1%BB%87n&tg=6&tungay=01/06/2026&denngay=23/09/2026&usid=172.31.255.1_oqn5yqe3ix0gr4lrbzs3p1ibd2c86039&st=170930",
      "row": {
        "access_id": "2ee04a31-07da-4873-9b88-b49b008f951c",
        "known_fields": {
          "stt": "1",
          "ma_bn": "26080072",
          "ho_ten": "QUẢNG THỊ HIỆN (Phẫu thuật tại khoa)",
          "gioi_tinh": "Nữ",
          "tuoi": "55 tuổi",
          "phong_mo": "PHÒNG PHẪU THUẬT",
          "noi_chuyen_mo": "Khoa Khám Bệnh",
          "noi_dung_phau_thuat": "Phẫu thuật điều trị hội chứng ống cổ tay",
          "tinh_trang": "Thường",
          "thoi_gian": "03/08/2026",
          "trang_thai": "Hoàn tất",
          "doi_tuong": "Viện phí",
          "tam_ung": "0"
        },
        "raw_text": "1 26080072 QUẢNG THỊ HIỆN (Phẫu thuật tại khoa) Nữ 55 tuổi PHÒNG PHẪU THUẬT Khoa Khám Bệnh Phẫu thuật điều trị hội chứng ống cổ tay Thường 03/08/2026 Hoàn tất Viện phí 0",
        "links": [
          {
            "text": "1",
            "href": "http://192.168.2.26:2026/home.aspx?scope=sys&lang=vi&wpid=phauthuatdraw&phauthuatid=2ee04a31-07da-4873-9b88-b49b008f951c&keyword=qu%E1%BA%A3ng%20th%E1%BB%8B%20hi%E1%BB%87n&tg=6&tungay=01/06/2026&denngay=23/09/2026&usid=172.31.255.1_oqn5yqe3ix0gr4lrbzs3p1ibd2c86039&st=170930",
            "onclick": ""
          },
          {
            "text": "26080072",
            "href": "http://192.168.2.26:2026/home.aspx?scope=sys&lang=vi&wpid=phauthuatdraw&phauthuatid=2ee04a31-07da-4873-9b88-b49b008f951c&keyword=qu%E1%BA%A3ng%20th%E1%BB%8B%20hi%E1%BB%87n&tg=6&tungay=01/06/2026&denngay=23/09/2026&usid=172.31.255.1_oqn5yqe3ix0gr4lrbzs3p1ibd2c86039&st=170930",
            "onclick": ""
          },
          {
            "text": "QUẢNG THỊ HIỆN (Phẫu thuật tại khoa)",
            "href": "http://192.168.2.26:2026/home.aspx?scope=sys&lang=vi&wpid=phauthuatdraw&phauthuatid=2ee04a31-07da-4873-9b88-b49b008f951c&keyword=qu%E1%BA%A3ng%20th%E1%BB%8B%20hi%E1%BB%87n&tg=6&tungay=01/06/2026&denngay=23/09/2026&usid=172.31.255.1_oqn5yqe3ix0gr4lrbzs3p1ibd2c86039&st=170930",
            "onclick": ""
          },
          {
            "text": "Nữ",
            "href": "http://192.168.2.26:2026/home.aspx?scope=sys&lang=vi&wpid=phauthuatdraw&phauthuatid=2ee04a31-07da-4873-9b88-b49b008f951c&keyword=qu%E1%BA%A3ng%20th%E1%BB%8B%20hi%E1%BB%87n&tg=6&tungay=01/06/2026&denngay=23/09/2026&usid=172.31.255.1_oqn5yqe3ix0gr4lrbzs3p1ibd2c86039&st=170930",
            "onclick": ""
          },
          {
            "text": "55 tuổi",
            "href": "http://192.168.2.26:2026/home.aspx?scope=sys&lang=vi&wpid=phauthuatdraw&phauthuatid=2ee04a31-07da-4873-9b88-b49b008f951c&keyword=qu%E1%BA%A3ng%20th%E1%BB%8B%20hi%E1%BB%87n&tg=6&tungay=01/06/2026&denngay=23/09/2026&usid=172.31.255.1_oqn5yqe3ix0gr4lrbzs3p1ibd2c86039&st=170930",
            "onclick": ""
          },
          {
            "text": "PHÒNG PHẪU THUẬT",
            "href": "http://192.168.2.26:2026/home.aspx?scope=sys&lang=vi&wpid=phauthuatdraw&phauthuatid=2ee04a31-07da-4873-9b88-b49b008f951c&keyword=qu%E1%BA%A3ng%20th%E1%BB%8B%20hi%E1%BB%87n&tg=6&tungay=01/06/2026&denngay=23/09/2026&usid=172.31.255.1_oqn5yqe3ix0gr4lrbzs3p1ibd2c86039&st=170930",
            "onclick": ""
          },
          {
            "text": "Khoa Khám Bệnh",
            "href": "http://192.168.2.26:2026/home.aspx?scope=sys&lang=vi&wpid=phauthuatdraw&phauthuatid=2ee04a31-07da-4873-9b88-b49b008f951c&keyword=qu%E1%BA%A3ng%20th%E1%BB%8B%20hi%E1%BB%87n&tg=6&tungay=01/06/2026&denngay=23/09/2026&usid=172.31.255.1_oqn5yqe3ix0gr4lrbzs3p1ibd2c86039&st=170930",
            "onclick": ""
          },
          {
            "text": "Phẫu thuật điều trị hội chứng ống cổ tay",
            "href": "http://192.168.2.26:2026/home.aspx?scope=sys&lang=vi&wpid=phauthuatdraw&phauthuatid=2ee04a31-07da-4873-9b88-b49b008f951c&keyword=qu%E1%BA%A3ng%20th%E1%BB%8B%20hi%E1%BB%87n&tg=6&tungay=01/06/2026&denngay=23/09/2026&usid=172.31.255.1_oqn5yqe3ix0gr4lrbzs3p1ibd2c86039&st=170930",
            "onclick": ""
          },
          {
            "text": "Thường",
            "href": "http://192.168.2.26:2026/home.aspx?scope=sys&lang=vi&wpid=phauthuatdraw&phauthuatid=2ee04a31-07da-4873-9b88-b49b008f951c&keyword=qu%E1%BA%A3ng%20th%E1%BB%8B%20hi%E1%BB%87n&tg=6&tungay=01/06/2026&denngay=23/09/2026&usid=172.31.255.1_oqn5yqe3ix0gr4lrbzs3p1ibd2c86039&st=170930",
            "onclick": ""
          },
          {
            "text": "03/08/2026",
            "href": "http://192.168.2.26:2026/home.aspx?scope=sys&lang=vi&wpid=phauthuatdraw&phauthuatid=2ee04a31-07da-4873-9b88-b49b008f951c&keyword=qu%E1%BA%A3ng%20th%E1%BB%8B%20hi%E1%BB%87n&tg=6&tungay=01/06/2026&denngay=23/09/2026&usid=172.31.255.1_oqn5yqe3ix0gr4lrbzs3p1ibd2c86039&st=170930",
            "onclick": ""
          }
        ]
      }
    }
  ]
}
[2026-09-22 17:09:31.487] [DETAIL_BEGIN] D/s Phẫu thuật: mở ứng viên 1
{
  "detail_marker": "http://192.168.2.26:2026/home.aspx?scope=sys&lang=vi&wpid=phauthuatdraw&phauthuatid=2ee04a31-07da-4873-9b88-b49b008f951c&keyword=qu%E1%BA%A3ng%20th%E1%BB%8B%20hi%E1%BB%87n&tg=6&tungay=01/06/2026&denngay=23/09/2026&usid=172.31.255.1_oqn5yqe3ix0gr4lrbzs3p1ibd2c86039&st=170930",
  "list_datetime": "2026-08-03 00:00:00",
  "list_method": "Phẫu thuật điều trị hội chứng ống cổ tay",
  "row": {
    "access_id": "2ee04a31-07da-4873-9b88-b49b008f951c",
    "known_fields": {
      "stt": "1",
      "ma_bn": "26080072",
      "ho_ten": "QUẢNG THỊ HIỆN (Phẫu thuật tại khoa)",
      "gioi_tinh": "Nữ",
      "tuoi": "55 tuổi",
      "phong_mo": "PHÒNG PHẪU THUẬT",
      "noi_chuyen_mo": "Khoa Khám Bệnh",
      "noi_dung_phau_thuat": "Phẫu thuật điều trị hội chứng ống cổ tay",
      "tinh_trang": "Thường",
      "thoi_gian": "03/08/2026",
      "trang_thai": "Hoàn tất",
      "doi_tuong": "Viện phí",
      "tam_ung": "0"
    },
    "raw_text": "1 26080072 QUẢNG THỊ HIỆN (Phẫu thuật tại khoa) Nữ 55 tuổi PHÒNG PHẪU THUẬT Khoa Khám Bệnh Phẫu thuật điều trị hội chứng ống cổ tay Thường 03/08/2026 Hoàn tất Viện phí 0",
    "links": [
      {
        "text": "1",
        "href": "http://192.168.2.26:2026/home.aspx?scope=sys&lang=vi&wpid=phauthuatdraw&phauthuatid=2ee04a31-07da-4873-9b88-b49b008f951c&keyword=qu%E1%BA%A3ng%20th%E1%BB%8B%20hi%E1%BB%87n&tg=6&tungay=01/06/2026&denngay=23/09/2026&usid=172.31.255.1_oqn5yqe3ix0gr4lrbzs3p1ibd2c86039&st=170930",
        "onclick": ""
      },
      {
        "text": "26080072",
        "href": "http://192.168.2.26:2026/home.aspx?scope=sys&lang=vi&wpid=phauthuatdraw&phauthuatid=2ee04a31-07da-4873-9b88-b49b008f951c&keyword=qu%E1%BA%A3ng%20th%E1%BB%8B%20hi%E1%BB%87n&tg=6&tungay=01/06/2026&denngay=23/09/2026&usid=172.31.255.1_oqn5yqe3ix0gr4lrbzs3p1ibd2c86039&st=170930",
        "onclick": ""
      },
      {
        "text": "QUẢNG THỊ HIỆN (Phẫu thuật tại khoa)",
        "href": "http://192.168.2.26:2026/home.aspx?scope=sys&lang=vi&wpid=phauthuatdraw&phauthuatid=2ee04a31-07da-4873-9b88-b49b008f951c&keyword=qu%E1%BA%A3ng%20th%E1%BB%8B%20hi%E1%BB%87n&tg=6&tungay=01/06/2026&denngay=23/09/2026&usid=172.31.255.1_oqn5yqe3ix0gr4lrbzs3p1ibd2c86039&st=170930",
        "onclick": ""
      },
      {
        "text": "Nữ",
        "href": "http://192.168.2.26:2026/home.aspx?scope=sys&lang=vi&wpid=phauthuatdraw&phauthuatid=2ee04a31-07da-4873-9b88-b49b008f951c&keyword=qu%E1%BA%A3ng%20th%E1%BB%8B%20hi%E1%BB%87n&tg=6&tungay=01/06/2026&denngay=23/09/2026&usid=172.31.255.1_oqn5yqe3ix0gr4lrbzs3p1ibd2c86039&st=170930",
        "onclick": ""
      },
      {
        "text": "55 tuổi",
        "href": "http://192.168.2.26:2026/home.aspx?scope=sys&lang=vi&wpid=phauthuatdraw&phauthuatid=2ee04a31-07da-4873-9b88-b49b008f951c&keyword=qu%E1%BA%A3ng%20th%E1%BB%8B%20hi%E1%BB%87n&tg=6&tungay=01/06/2026&denngay=23/09/2026&usid=172.31.255.1_oqn5yqe3ix0gr4lrbzs3p1ibd2c86039&st=170930",
        "onclick": ""
      },
      {
        "text": "PHÒNG PHẪU THUẬT",
        "href": "http://192.168.2.26:2026/home.aspx?scope=sys&lang=vi&wpid=phauthuatdraw&phauthuatid=2ee04a31-07da-4873-9b88-b49b008f951c&keyword=qu%E1%BA%A3ng%20th%E1%BB%8B%20hi%E1%BB%87n&tg=6&tungay=01/06/2026&denngay=23/09/2026&usid=172.31.255.1_oqn5yqe3ix0gr4lrbzs3p1ibd2c86039&st=170930",
        "onclick": ""
      },
      {
        "text": "Khoa Khám Bệnh",
        "href": "http://192.168.2.26:2026/home.aspx?scope=sys&lang=vi&wpid=phauthuatdraw&phauthuatid=2ee04a31-07da-4873-9b88-b49b008f951c&keyword=qu%E1%BA%A3ng%20th%E1%BB%8B%20hi%E1%BB%87n&tg=6&tungay=01/06/2026&denngay=23/09/2026&usid=172.31.255.1_oqn5yqe3ix0gr4lrbzs3p1ibd2c86039&st=170930",
        "onclick": ""
      },
      {
        "text": "Phẫu thuật điều trị hội chứng ống cổ tay",
        "href": "http://192.168.2.26:2026/home.aspx?scope=sys&lang=vi&wpid=phauthuatdraw&phauthuatid=2ee04a31-07da-4873-9b88-b49b008f951c&keyword=qu%E1%BA%A3ng%20th%E1%BB%8B%20hi%E1%BB%87n&tg=6&tungay=01/06/2026&denngay=23/09/2026&usid=172.31.255.1_oqn5yqe3ix0gr4lrbzs3p1ibd2c86039&st=170930",
        "onclick": ""
      },
      {
        "text": "Thường",
        "href": "http://192.168.2.26:2026/home.aspx?scope=sys&lang=vi&wpid=phauthuatdraw&phauthuatid=2ee04a31-07da-4873-9b88-b49b008f951c&keyword=qu%E1%BA%A3ng%20th%E1%BB%8B%20hi%E1%BB%87n&tg=6&tungay=01/06/2026&denngay=23/09/2026&usid=172.31.255.1_oqn5yqe3ix0gr4lrbzs3p1ibd2c86039&st=170930",
        "onclick": ""
      },
      {
        "text": "03/08/2026",
        "href": "http://192.168.2.26:2026/home.aspx?scope=sys&lang=vi&wpid=phauthuatdraw&phauthuatid=2ee04a31-07da-4873-9b88-b49b008f951c&keyword=qu%E1%BA%A3ng%20th%E1%BB%8B%20hi%E1%BB%87n&tg=6&tungay=01/06/2026&denngay=23/09/2026&usid=172.31.255.1_oqn5yqe3ix0gr4lrbzs3p1ibd2c86039&st=170930",
        "onclick": ""
      }
    ]
  }
}
[2026-09-22 17:09:31.492] [BROWSER] [DETAIL] kind=surgery; access_id=2ee04a31-07da-4873-9b88-b49b008f951c; direct_url=yes; onclick=no
[2026-09-22 17:09:31.492] [BROWSER] [DETAIL] Mở liên kết trực tiếp: http://192.168.2.26:2026/home.aspx?scope=sys&lang=vi&wpid=phauthuatdraw&phauthuatid=2ee04a31-07da-4873-9b88-b49b008f951c&keyword=qu%E1%BA%A3ng%20th%E1%BB%8B%20hi%E1%BB%87n&tg=6&tungay=01/06/2026&denngay=23/09/2026&usid=172.31.255.1_oqn5yqe3ix0gr4lrbzs3p1ibd2c86039&st=170930
[2026-09-22 17:09:32.623] [BROWSER] [DETAIL] Dữ liệu đọc được: {"ajax_active": 0, "complete_info": "Người hoàn tất: Trần Quang Sơn (tqson) | TG nhấn hoàn tất: 11:33 03/08/2026", "current_url": "http://192.168.2.26:2026/home.aspx?scope=sys&lang=vi&wpid=phauthuatdraw&phauthuatid=2ee04a31-07da-4873-9b88-b49b008f951c&keyword=qu%E1%BA%A3ng%20th%E1%BB%8B%20hi%E1%BB%87n&tg=6&tungay=01/06/2026&denngay=23/09/2026&usid=172.31.255.1_oqn5yqe3ix0gr4lrbzs3p1ibd2c86039&st=170930", "doctor": "Trần Quang Sơn", "doctor_candidates": [{"id": "cbbBacSiPT", "value": "Trần Quang Sơn"}], "doctor_field": "cbbBacSiPT", "doctor_found": true, "method": "Phẫu thuật điều trị hội chứng ống cổ tay", "method_candidates": [{"id": "txtNoiDungPT", "value": ""}, {"id": "cbbPhuongPhapPT", "value": "Phẫu thuật điều trị hội chứng ống cổ tay"}, {"id": "cbbChiDinhMoPT", "value": "(PT.1247)Phẫu thuật điều trị hội chứng ống cổ tay"}], "method_field": "cbbPhuongPhapPT", "patient_info": "", "root_found": true, "start_candidates": [{"id": "txtBatDauPT", "value": "11:00 03/08/2026"}], "start_time": "11:00 03/08/2026", "start_time_field": "txtBatDauPT"}
[2026-09-22 17:09:32.624] [BROWSER] [DETAIL] Nguồn bác sĩ: BS mổ chính; field=cbbBacSiPT; value=Trần Quang Sơn
[2026-09-22 17:09:32.624] [DETAIL_OK] D/s Phẫu thuật: đọc được hồ sơ chi tiết
{
  "doctor_from_emr": "Trần Quang Sơn",
  "mapped_alias": "SƠN",
  "mapped_name": "Trần Quang Sơn",
  "start_time": "11:00 03/08/2026",
  "start_time_field": "txtBatDauPT",
  "method": "Phẫu thuật điều trị hội chứng ống cổ tay",
  "method_field": "cbbPhuongPhapPT",
  "list_time_source": "Thời gian",
  "list_method_source": "Nội dung phẫu thuật",
  "current_url": "http://192.168.2.26:2026/home.aspx?scope=sys&lang=vi&wpid=phauthuatdraw&phauthuatid=2ee04a31-07da-4873-9b88-b49b008f951c&keyword=qu%E1%BA%A3ng%20th%E1%BB%8B%20hi%E1%BB%87n&tg=6&tungay=01/06/2026&denngay=23/09/2026&usid=172.31.255.1_oqn5yqe3ix0gr4lrbzs3p1ibd2c86039&st=170930",
  "total_score": 380.0,
  "method_score": 1.0
}
[2026-09-22 17:09:32.625] [EVALUATED] D/s Phẫu thuật: đánh giá 1 hồ sơ
{
  "items": [
    {
      "doctor": "Trần Quang Sơn",
      "alias": "SƠN",
      "detail_datetime": "2026-08-03 11:00:00",
      "method_score": 1.0,
      "total_score": 380.0,
      "confidence_ok": true
    }
  ]
}
[2026-09-22 17:09:32.625] [SOURCE_MATCH] D/s Phẫu thuật: đã chọn bác sĩ, không tìm nguồn còn lại
{
  "alias": "SƠN"
}
[2026-09-22 17:09:33.163] [AUTOSAVE_ROW] Dòng 8: đã điền SƠN và lưu ngay
{
  "patient": "QUẢNG THỊ HIỆN",
  "source": "D/s Phẫu thuật",
  "doctor_name": "Trần Quang Sơn",
  "emr_doctor": "Trần Quang Sơn",
  "matched_time": "11:00 03/08/2026",
  "matched_method": "Phẫu thuật điều trị hội chứng ống cổ tay",
  "progress": "1/38",
  "output": "E:\\Thong_ke\\node_outputs\\PM khoa CTCH T8_NHAP_LIEU.xlsx"
}
[2026-09-22 17:09:33.164] [ROW_END] Kết thúc dòng 8
{
  "status": "updated",
  "new_value": "SƠN",
  "reason": null
}
[2026-09-22 17:09:33.165] [ROW_BEGIN] [2/38] Bắt đầu dòng 9: DƯƠNG THỊ LỘC
{
  "raw_time": "2026/08/03 08:55",
  "parsed_time": "08:55 03/08/2026",
  "method": "Phẫu thuật điều trị hội chứng ống cổ tay",
  "old_value": ""
}
[2026-09-22 17:09:33.166] [SEARCH_BEGIN] dòng 9: tìm DƯƠNG THỊ LỘC tại D/s Phẫu thuật
{
  "patient": "DƯƠNG THỊ LỘC",
  "target_time": "2026-08-03 08:55:00",
  "target_method": "Phẫu thuật điều trị hội chứng ống cổ tay",
  "source": "surgery"
}
[2026-09-22 17:09:33.523] [BROWSER] [NAV] D/s Phẫu thuật: http://192.168.2.26:2026/home.aspx?scope=sys&lang=vi&wpid=danhsachphauthuatdraw&role=323&usid=172.31.255.1_oqn5yqe3ix0gr4lrbzs3p1ibd2c86039&st=170930
[2026-09-22 17:09:35.484] [BROWSER] [FILTER] 3 tháng
[2026-09-22 17:09:35.907] [BROWSER] [SEARCH] Nhập 'DƯƠNG THỊ LỘC' vào #txtTimKiem
[2026-09-22 17:09:36.023] [BROWSER] [SEARCH] Đã bấm Tìm kiếm bằng #btnTimKiem
[2026-09-22 17:09:36.042] [BROWSER] [RESULT] D/s Phẫu thuật: 1 dòng
[2026-09-22 17:09:36.049] [SEARCH_RESULT] D/s Phẫu thuật: nhận 1 dòng
{
  "current_url": "http://192.168.2.26:2026/home.aspx?scope=sys&lang=vi&wpid=danhsachphauthuatdraw&role=323&usid=172.31.255.1_oqn5yqe3ix0gr4lrbzs3p1ibd2c86039&st=170930",
  "search_input_id": "txtTimKiem",
  "search_trigger": "#btnTimKiem",
  "headers": [
    "STT",
    "Mã BN",
    "Họ tên",
    "Giới tính",
    "Tuổi",
    "Phòng mổ",
    "Nơi chuyển mổ",
    "Nội dung phẫu thuật",
    "Tình trạng",
    "Thời gian",
    "Trạng thái",
    "Đối tượng",
    "Đã tạm ứng"
  ],
  "rows": [
    {
      "access_id": "1e684e40-ad58-4587-99f3-b49b009388dd",
      "known_fields": {
        "stt": "1",
        "ma_bn": "26079975",
        "ho_ten": "DƯƠNG THỊ LỘC (Phẫu thuật tại khoa)",
        "gioi_tinh": "Nữ",
        "tuoi": "52 tuổi",
        "phong_mo": "PHÒNG PHẪU THUẬT",
        "noi_chuyen_mo": "Khoa Khám Bệnh",
        "noi_dung_phau_thuat": "Phẫu thuật điều trị hội chứng ống cổ tay",
        "tinh_trang": "Thường",
        "thoi_gian": "03/08/2026",
        "trang_thai": "Hoàn tất",
        "doi_tuong": "Bảo hiểm",
        "tam_ung": "0"
      },
      "raw_text": "1 26079975 DƯƠNG THỊ LỘC (Phẫu thuật tại khoa) Nữ 52 tuổi PHÒNG PHẪU THUẬT Khoa Khám Bệnh Phẫu thuật điều trị hội chứng ống cổ tay Thường 03/08/2026 Hoàn tất Bảo hiểm 0",
      "links": [
        {
          "text": "1",
          "href": "http://192.168.2.26:2026/home.aspx?scope=sys&lang=vi&wpid=phauthuatdraw&phauthuatid=1e684e40-ad58-4587-99f3-b49b009388dd&keyword=d%C6%B0%C6%A1ng%20th%E1%BB%8B%20l%E1%BB%99c&tg=6&tungay=01/06/2026&denngay=23/09/2026&usid=172.31.255.1_oqn5yqe3ix0gr4lrbzs3p1ibd2c86039&st=170934",
          "onclick": ""
        },
        {
          "text": "26079975",
          "href": "http://192.168.2.26:2026/home.aspx?scope=sys&lang=vi&wpid=phauthuatdraw&phauthuatid=1e684e40-ad58-4587-99f3-b49b009388dd&keyword=d%C6%B0%C6%A1ng%20th%E1%BB%8B%20l%E1%BB%99c&tg=6&tungay=01/06/2026&denngay=23/09/2026&usid=172.31.255.1_oqn5yqe3ix0gr4lrbzs3p1ibd2c86039&st=170934",
          "onclick": ""
        },
        {
          "text": "DƯƠNG THỊ LỘC (Phẫu thuật tại khoa)",
          "href": "http://192.168.2.26:2026/home.aspx?scope=sys&lang=vi&wpid=phauthuatdraw&phauthuatid=1e684e40-ad58-4587-99f3-b49b009388dd&keyword=d%C6%B0%C6%A1ng%20th%E1%BB%8B%20l%E1%BB%99c&tg=6&tungay=01/06/2026&denngay=23/09/2026&usid=172.31.255.1_oqn5yqe3ix0gr4lrbzs3p1ibd2c86039&st=170934",
          "onclick": ""
        },
        {
          "text": "Nữ",
          "href": "http://192.168.2.26:2026/home.aspx?scope=sys&lang=vi&wpid=phauthuatdraw&phauthuatid=1e684e40-ad58-4587-99f3-b49b009388dd&keyword=d%C6%B0%C6%A1ng%20th%E1%BB%8B%20l%E1%BB%99c&tg=6&tungay=01/06/2026&denngay=23/09/2026&usid=172.31.255.1_oqn5yqe3ix0gr4lrbzs3p1ibd2c86039&st=170934",
          "onclick": ""
        },
        {
          "text": "52 tuổi",
          "href": "http://192.168.2.26:2026/home.aspx?scope=sys&lang=vi&wpid=phauthuatdraw&phauthuatid=1e684e40-ad58-4587-99f3-b49b009388dd&keyword=d%C6%B0%C6%A1ng%20th%E1%BB%8B%20l%E1%BB%99c&tg=6&tungay=01/06/2026&denngay=23/09/2026&usid=172.31.255.1_oqn5yqe3ix0gr4lrbzs3p1ibd2c86039&st=170934",
          "onclick": ""
        },
        {
          "text": "PHÒNG PHẪU THUẬT",
          "href": "http://192.168.2.26:2026/home.aspx?scope=sys&lang=vi&wpid=phauthuatdraw&phauthuatid=1e684e40-ad58-4587-99f3-b49b009388dd&keyword=d%C6%B0%C6%A1ng%20th%E1%BB%8B%20l%E1%BB%99c&tg=6&tungay=01/06/2026&denngay=23/09/2026&usid=172.31.255.1_oqn5yqe3ix0gr4lrbzs3p1ibd2c86039&st=170934",
          "onclick": ""
        },
        {
          "text": "Khoa Khám Bệnh",
          "href": "http://192.168.2.26:2026/home.aspx?scope=sys&lang=vi&wpid=phauthuatdraw&phauthuatid=1e684e40-ad58-4587-99f3-b49b009388dd&keyword=d%C6%B0%C6%A1ng%20th%E1%BB%8B%20l%E1%BB%99c&tg=6&tungay=01/06/2026&denngay=23/09/2026&usid=172.31.255.1_oqn5yqe3ix0gr4lrbzs3p1ibd2c86039&st=170934",
          "onclick": ""
        },
        {
          "text": "Phẫu thuật điều trị hội chứng ống cổ tay",
          "href": "http://192.168.2.26:2026/home.aspx?scope=sys&lang=vi&wpid=phauthuatdraw&phauthuatid=1e684e40-ad58-4587-99f3-b49b009388dd&keyword=d%C6%B0%C6%A1ng%20th%E1%BB%8B%20l%E1%BB%99c&tg=6&tungay=01/06/2026&denngay=23/09/2026&usid=172.31.255.1_oqn5yqe3ix0gr4lrbzs3p1ibd2c86039&st=170934",
          "onclick": ""
        },
        {
          "text": "Thường",
          "href": "http://192.168.2.26:2026/home.aspx?scope=sys&lang=vi&wpid=phauthuatdraw&phauthuatid=1e684e40-ad58-4587-99f3-b49b009388dd&keyword=d%C6%B0%C6%A1ng%20th%E1%BB%8B%20l%E1%BB%99c&tg=6&tungay=01/06/2026&denngay=23/09/2026&usid=172.31.255.1_oqn5yqe3ix0gr4lrbzs3p1ibd2c86039&st=170934",
          "onclick": ""
        },
        {
          "text": "03/08/2026",
          "href": "http://192.168.2.26:2026/home.aspx?scope=sys&lang=vi&wpid=phauthuatdraw&phauthuatid=1e684e40-ad58-4587-99f3-b49b009388dd&keyword=d%C6%B0%C6%A1ng%20th%E1%BB%8B%20l%E1%BB%99c&tg=6&tungay=01/06/2026&denngay=23/09/2026&usid=172.31.255.1_oqn5yqe3ix0gr4lrbzs3p1ibd2c86039&st=170934",
          "onclick": ""
        }
      ]
    }
  ]
}
[2026-09-22 17:09:36.050] [CANDIDATES] D/s Phẫu thuật: có 1 ứng viên cùng người bệnh
{
  "candidates": [
    {
      "list_score": 125.0,
      "list_datetime": "2026-08-03 00:00:00",
      "list_time_source": "Thời gian",
      "list_method": "Phẫu thuật điều trị hội chứng ống cổ tay",
      "list_method_source": "Nội dung phẫu thuật",
      "method_score": 1.0,
      "detail_marker": "http://192.168.2.26:2026/home.aspx?scope=sys&lang=vi&wpid=phauthuatdraw&phauthuatid=1e684e40-ad58-4587-99f3-b49b009388dd&keyword=d%C6%B0%C6%A1ng%20th%E1%BB%8B%20l%E1%BB%99c&tg=6&tungay=01/06/2026&denngay=23/09/2026&usid=172.31.255.1_oqn5yqe3ix0gr4lrbzs3p1ibd2c86039&st=170934",
      "row": {
        "access_id": "1e684e40-ad58-4587-99f3-b49b009388dd",
        "known_fields": {
          "stt": "1",
          "ma_bn": "26079975",
          "ho_ten": "DƯƠNG THỊ LỘC (Phẫu thuật tại khoa)",
          "gioi_tinh": "Nữ",
          "tuoi": "52 tuổi",
          "phong_mo": "PHÒNG PHẪU THUẬT",
          "noi_chuyen_mo": "Khoa Khám Bệnh",
          "noi_dung_phau_thuat": "Phẫu thuật điều trị hội chứng ống cổ tay",
          "tinh_trang": "Thường",
          "thoi_gian": "03/08/2026",
          "trang_thai": "Hoàn tất",
          "doi_tuong": "Bảo hiểm",
          "tam_ung": "0"
        },
        "raw_text": "1 26079975 DƯƠNG THỊ LỘC (Phẫu thuật tại khoa) Nữ 52 tuổi PHÒNG PHẪU THUẬT Khoa Khám Bệnh Phẫu thuật điều trị hội chứng ống cổ tay Thường 03/08/2026 Hoàn tất Bảo hiểm 0",
        "links": [
          {
            "text": "1",
            "href": "http://192.168.2.26:2026/home.aspx?scope=sys&lang=vi&wpid=phauthuatdraw&phauthuatid=1e684e40-ad58-4587-99f3-b49b009388dd&keyword=d%C6%B0%C6%A1ng%20th%E1%BB%8B%20l%E1%BB%99c&tg=6&tungay=01/06/2026&denngay=23/09/2026&usid=172.31.255.1_oqn5yqe3ix0gr4lrbzs3p1ibd2c86039&st=170934",
            "onclick": ""
          },
          {
            "text": "26079975",
            "href": "http://192.168.2.26:2026/home.aspx?scope=sys&lang=vi&wpid=phauthuatdraw&phauthuatid=1e684e40-ad58-4587-99f3-b49b009388dd&keyword=d%C6%B0%C6%A1ng%20th%E1%BB%8B%20l%E1%BB%99c&tg=6&tungay=01/06/2026&denngay=23/09/2026&usid=172.31.255.1_oqn5yqe3ix0gr4lrbzs3p1ibd2c86039&st=170934",
            "onclick": ""
          },
          {
            "text": "DƯƠNG THỊ LỘC (Phẫu thuật tại khoa)",
            "href": "http://192.168.2.26:2026/home.aspx?scope=sys&lang=vi&wpid=phauthuatdraw&phauthuatid=1e684e40-ad58-4587-99f3-b49b009388dd&keyword=d%C6%B0%C6%A1ng%20th%E1%BB%8B%20l%E1%BB%99c&tg=6&tungay=01/06/2026&denngay=23/09/2026&usid=172.31.255.1_oqn5yqe3ix0gr4lrbzs3p1ibd2c86039&st=170934",
            "onclick": ""
          },
          {
            "text": "Nữ",
            "href": "http://192.168.2.26:2026/home.aspx?scope=sys&lang=vi&wpid=phauthuatdraw&phauthuatid=1e684e40-ad58-4587-99f3-b49b009388dd&keyword=d%C6%B0%C6%A1ng%20th%E1%BB%8B%20l%E1%BB%99c&tg=6&tungay=01/06/2026&denngay=23/09/2026&usid=172.31.255.1_oqn5yqe3ix0gr4lrbzs3p1ibd2c86039&st=170934",
            "onclick": ""
          },
          {
            "text": "52 tuổi",
            "href": "http://192.168.2.26:2026/home.aspx?scope=sys&lang=vi&wpid=phauthuatdraw&phauthuatid=1e684e40-ad58-4587-99f3-b49b009388dd&keyword=d%C6%B0%C6%A1ng%20th%E1%BB%8B%20l%E1%BB%99c&tg=6&tungay=01/06/2026&denngay=23/09/2026&usid=172.31.255.1_oqn5yqe3ix0gr4lrbzs3p1ibd2c86039&st=170934",
            "onclick": ""
          },
          {
            "text": "PHÒNG PHẪU THUẬT",
            "href": "http://192.168.2.26:2026/home.aspx?scope=sys&lang=vi&wpid=phauthuatdraw&phauthuatid=1e684e40-ad58-4587-99f3-b49b009388dd&keyword=d%C6%B0%C6%A1ng%20th%E1%BB%8B%20l%E1%BB%99c&tg=6&tungay=01/06/2026&denngay=23/09/2026&usid=172.31.255.1_oqn5yqe3ix0gr4lrbzs3p1ibd2c86039&st=170934",
            "onclick": ""
          },
          {
            "text": "Khoa Khám Bệnh",
            "href": "http://192.168.2.26:2026/home.aspx?scope=sys&lang=vi&wpid=phauthuatdraw&phauthuatid=1e684e40-ad58-4587-99f3-b49b009388dd&keyword=d%C6%B0%C6%A1ng%20th%E1%BB%8B%20l%E1%BB%99c&tg=6&tungay=01/06/2026&denngay=23/09/2026&usid=172.31.255.1_oqn5yqe3ix0gr4lrbzs3p1ibd2c86039&st=170934",
            "onclick": ""
          },
          {
            "text": "Phẫu thuật điều trị hội chứng ống cổ tay",
            "href": "http://192.168.2.26:2026/home.aspx?scope=sys&lang=vi&wpid=phauthuatdraw&phauthuatid=1e684e40-ad58-4587-99f3-b49b009388dd&keyword=d%C6%B0%C6%A1ng%20th%E1%BB%8B%20l%E1%BB%99c&tg=6&tungay=01/06/2026&denngay=23/09/2026&usid=172.31.255.1_oqn5yqe3ix0gr4lrbzs3p1ibd2c86039&st=170934",
            "onclick": ""
          },
          {
            "text": "Thường",
            "href": "http://192.168.2.26:2026/home.aspx?scope=sys&lang=vi&wpid=phauthuatdraw&phauthuatid=1e684e40-ad58-4587-99f3-b49b009388dd&keyword=d%C6%B0%C6%A1ng%20th%E1%BB%8B%20l%E1%BB%99c&tg=6&tungay=01/06/2026&denngay=23/09/2026&usid=172.31.255.1_oqn5yqe3ix0gr4lrbzs3p1ibd2c86039&st=170934",
            "onclick": ""
          },
          {
            "text": "03/08/2026",
            "href": "http://192.168.2.26:2026/home.aspx?scope=sys&lang=vi&wpid=phauthuatdraw&phauthuatid=1e684e40-ad58-4587-99f3-b49b009388dd&keyword=d%C6%B0%C6%A1ng%20th%E1%BB%8B%20l%E1%BB%99c&tg=6&tungay=01/06/2026&denngay=23/09/2026&usid=172.31.255.1_oqn5yqe3ix0gr4lrbzs3p1ibd2c86039&st=170934",
            "onclick": ""
          }
        ]
      }
    }
  ]
}
[2026-09-22 17:09:36.051] [DETAIL_BEGIN] D/s Phẫu thuật: mở ứng viên 1
{
  "detail_marker": "http://192.168.2.26:2026/home.aspx?scope=sys&lang=vi&wpid=phauthuatdraw&phauthuatid=1e684e40-ad58-4587-99f3-b49b009388dd&keyword=d%C6%B0%C6%A1ng%20th%E1%BB%8B%20l%E1%BB%99c&tg=6&tungay=01/06/2026&denngay=23/09/2026&usid=172.31.255.1_oqn5yqe3ix0gr4lrbzs3p1ibd2c86039&st=170934",
  "list_datetime": "2026-08-03 00:00:00",
  "list_method": "Phẫu thuật điều trị hội chứng ống cổ tay",
  "row": {
    "access_id": "1e684e40-ad58-4587-99f3-b49b009388dd",
    "known_fields": {
      "stt": "1",
      "ma_bn": "26079975",
      "ho_ten": "DƯƠNG THỊ LỘC (Phẫu thuật tại khoa)",
      "gioi_tinh": "Nữ",
      "tuoi": "52 tuổi",
      "phong_mo": "PHÒNG PHẪU THUẬT",
      "noi_chuyen_mo": "Khoa Khám Bệnh",
      "noi_dung_phau_thuat": "Phẫu thuật điều trị hội chứng ống cổ tay",
      "tinh_trang": "Thường",
      "thoi_gian": "03/08/2026",
      "trang_thai": "Hoàn tất",
      "doi_tuong": "Bảo hiểm",
      "tam_ung": "0"
    },
    "raw_text": "1 26079975 DƯƠNG THỊ LỘC (Phẫu thuật tại khoa) Nữ 52 tuổi PHÒNG PHẪU THUẬT Khoa Khám Bệnh Phẫu thuật điều trị hội chứng ống cổ tay Thường 03/08/2026 Hoàn tất Bảo hiểm 0",
    "links": [
      {
        "text": "1",
        "href": "http://192.168.2.26:2026/home.aspx?scope=sys&lang=vi&wpid=phauthuatdraw&phauthuatid=1e684e40-ad58-4587-99f3-b49b009388dd&keyword=d%C6%B0%C6%A1ng%20th%E1%BB%8B%20l%E1%BB%99c&tg=6&tungay=01/06/2026&denngay=23/09/2026&usid=172.31.255.1_oqn5yqe3ix0gr4lrbzs3p1ibd2c86039&st=170934",
        "onclick": ""
      },
      {
        "text": "26079975",
        "href": "http://192.168.2.26:2026/home.aspx?scope=sys&lang=vi&wpid=phauthuatdraw&phauthuatid=1e684e40-ad58-4587-99f3-b49b009388dd&keyword=d%C6%B0%C6%A1ng%20th%E1%BB%8B%20l%E1%BB%99c&tg=6&tungay=01/06/2026&denngay=23/09/2026&usid=172.31.255.1_oqn5yqe3ix0gr4lrbzs3p1ibd2c86039&st=170934",
        "onclick": ""
      },
      {
        "text": "DƯƠNG THỊ LỘC (Phẫu thuật tại khoa)",
        "href": "http://192.168.2.26:2026/home.aspx?scope=sys&lang=vi&wpid=phauthuatdraw&phauthuatid=1e684e40-ad58-4587-99f3-b49b009388dd&keyword=d%C6%B0%C6%A1ng%20th%E1%BB%8B%20l%E1%BB%99c&tg=6&tungay=01/06/2026&denngay=23/09/2026&usid=172.31.255.1_oqn5yqe3ix0gr4lrbzs3p1ibd2c86039&st=170934",
        "onclick": ""
      },
      {
        "text": "Nữ",
        "href": "http://192.168.2.26:2026/home.aspx?scope=sys&lang=vi&wpid=phauthuatdraw&phauthuatid=1e684e40-ad58-4587-99f3-b49b009388dd&keyword=d%C6%B0%C6%A1ng%20th%E1%BB%8B%20l%E1%BB%99c&tg=6&tungay=01/06/2026&denngay=23/09/2026&usid=172.31.255.1_oqn5yqe3ix0gr4lrbzs3p1ibd2c86039&st=170934",
        "onclick": ""
      },
      {
        "text": "52 tuổi",
        "href": "http://192.168.2.26:2026/home.aspx?scope=sys&lang=vi&wpid=phauthuatdraw&phauthuatid=1e684e40-ad58-4587-99f3-b49b009388dd&keyword=d%C6%B0%C6%A1ng%20th%E1%BB%8B%20l%E1%BB%99c&tg=6&tungay=01/06/2026&denngay=23/09/2026&usid=172.31.255.1_oqn5yqe3ix0gr4lrbzs3p1ibd2c86039&st=170934",
        "onclick": ""
      },
      {
        "text": "PHÒNG PHẪU THUẬT",
        "href": "http://192.168.2.26:2026/home.aspx?scope=sys&lang=vi&wpid=phauthuatdraw&phauthuatid=1e684e40-ad58-4587-99f3-b49b009388dd&keyword=d%C6%B0%C6%A1ng%20th%E1%BB%8B%20l%E1%BB%99c&tg=6&tungay=01/06/2026&denngay=23/09/2026&usid=172.31.255.1_oqn5yqe3ix0gr4lrbzs3p1ibd2c86039&st=170934",
        "onclick": ""
      },
      {
        "text": "Khoa Khám Bệnh",
        "href": "http://192.168.2.26:2026/home.aspx?scope=sys&lang=vi&wpid=phauthuatdraw&phauthuatid=1e684e40-ad58-4587-99f3-b49b009388dd&keyword=d%C6%B0%C6%A1ng%20th%E1%BB%8B%20l%E1%BB%99c&tg=6&tungay=01/06/2026&denngay=23/09/2026&usid=172.31.255.1_oqn5yqe3ix0gr4lrbzs3p1ibd2c86039&st=170934",
        "onclick": ""
      },
      {
        "text": "Phẫu thuật điều trị hội chứng ống cổ tay",
        "href": "http://192.168.2.26:2026/home.aspx?scope=sys&lang=vi&wpid=phauthuatdraw&phauthuatid=1e684e40-ad58-4587-99f3-b49b009388dd&keyword=d%C6%B0%C6%A1ng%20th%E1%BB%8B%20l%E1%BB%99c&tg=6&tungay=01/06/2026&denngay=23/09/2026&usid=172.31.255.1_oqn5yqe3ix0gr4lrbzs3p1ibd2c86039&st=170934",
        "onclick": ""
      },
      {
        "text": "Thường",
        "href": "http://192.168.2.26:2026/home.aspx?scope=sys&lang=vi&wpid=phauthuatdraw&phauthuatid=1e684e40-ad58-4587-99f3-b49b009388dd&keyword=d%C6%B0%C6%A1ng%20th%E1%BB%8B%20l%E1%BB%99c&tg=6&tungay=01/06/2026&denngay=23/09/2026&usid=172.31.255.1_oqn5yqe3ix0gr4lrbzs3p1ibd2c86039&st=170934",
        "onclick": ""
      },
      {
        "text": "03/08/2026",
        "href": "http://192.168.2.26:2026/home.aspx?scope=sys&lang=vi&wpid=phauthuatdraw&phauthuatid=1e684e40-ad58-4587-99f3-b49b009388dd&keyword=d%C6%B0%C6%A1ng%20th%E1%BB%8B%20l%E1%BB%99c&tg=6&tungay=01/06/2026&denngay=23/09/2026&usid=172.31.255.1_oqn5yqe3ix0gr4lrbzs3p1ibd2c86039&st=170934",
        "onclick": ""
      }
    ]
  }
}
[2026-09-22 17:09:36.056] [BROWSER] [DETAIL] kind=surgery; access_id=1e684e40-ad58-4587-99f3-b49b009388dd; direct_url=yes; onclick=no
[2026-09-22 17:09:36.056] [BROWSER] [DETAIL] Mở liên kết trực tiếp: http://192.168.2.26:2026/home.aspx?scope=sys&lang=vi&wpid=phauthuatdraw&phauthuatid=1e684e40-ad58-4587-99f3-b49b009388dd&keyword=d%C6%B0%C6%A1ng%20th%E1%BB%8B%20l%E1%BB%99c&tg=6&tungay=01/06/2026&denngay=23/09/2026&usid=172.31.255.1_oqn5yqe3ix0gr4lrbzs3p1ibd2c86039&st=170934
[2026-09-22 17:09:37.074] [BROWSER] [DETAIL] Dữ liệu đọc được: {"ajax_active": 0, "complete_info": "Người hoàn tất: Nguyễn Tư Thái Bảo (nttbao) | TG nhấn hoàn tất: 14:56 03/08/2026", "current_url": "http://192.168.2.26:2026/home.aspx?scope=sys&lang=vi&wpid=phauthuatdraw&phauthuatid=1e684e40-ad58-4587-99f3-b49b009388dd&keyword=d%C6%B0%C6%A1ng%20th%E1%BB%8B%20l%E1%BB%99c&tg=6&tungay=01/06/2026&denngay=23/09/2026&usid=172.31.255.1_oqn5yqe3ix0gr4lrbzs3p1ibd2c86039&st=170934", "doctor": "Trần Quang Sơn", "doctor_candidates": [{"id": "cbbBacSiPT", "value": "Trần Quang Sơn"}], "doctor_field": "cbbBacSiPT", "doctor_found": true, "method": "Phẫu thuật điều trị hội chứng ống cổ tay", "method_candidates": [{"id": "txtNoiDungPT", "value": ""}, {"id": "cbbPhuongPhapPT", "value": "Phẫu thuật điều trị hội chứng ống cổ tay"}, {"id": "cbbChiDinhMoPT", "value": "(PT.1247)Phẫu thuật điều trị hội chứng ống cổ tay"}], "method_field": "cbbPhuongPhapPT", "patient_info": "", "root_found": true, "start_candidates": [{"id": "txtBatDauPT", "value": "11:06 03/08/2026"}], "start_time": "11:06 03/08/2026", "start_time_field": "txtBatDauPT"}
[2026-09-22 17:09:37.074] [BROWSER] [DETAIL] Nguồn bác sĩ: BS mổ chính; field=cbbBacSiPT; value=Trần Quang Sơn
[2026-09-22 17:09:37.075] [DETAIL_OK] D/s Phẫu thuật: đọc được hồ sơ chi tiết
{
  "doctor_from_emr": "Trần Quang Sơn",
  "mapped_alias": "SƠN",
  "mapped_name": "Trần Quang Sơn",
  "start_time": "11:06 03/08/2026",
  "start_time_field": "txtBatDauPT",
  "method": "Phẫu thuật điều trị hội chứng ống cổ tay",
  "method_field": "cbbPhuongPhapPT",
  "list_time_source": "Thời gian",
  "list_method_source": "Nội dung phẫu thuật",
  "current_url": "http://192.168.2.26:2026/home.aspx?scope=sys&lang=vi&wpid=phauthuatdraw&phauthuatid=1e684e40-ad58-4587-99f3-b49b009388dd&keyword=d%C6%B0%C6%A1ng%20th%E1%BB%8B%20l%E1%BB%99c&tg=6&tungay=01/06/2026&denngay=23/09/2026&usid=172.31.255.1_oqn5yqe3ix0gr4lrbzs3p1ibd2c86039&st=170934",
  "total_score": 380.0,
  "method_score": 1.0
}
[2026-09-22 17:09:37.075] [EVALUATED] D/s Phẫu thuật: đánh giá 1 hồ sơ
{
  "items": [
    {
      "doctor": "Trần Quang Sơn",
      "alias": "SƠN",
      "detail_datetime": "2026-08-03 11:06:00",
      "method_score": 1.0,
      "total_score": 380.0,
      "confidence_ok": true
    }
  ]
}
[2026-09-22 17:09:37.075] [SOURCE_MATCH] D/s Phẫu thuật: đã chọn bác sĩ, không tìm nguồn còn lại
{
  "alias": "SƠN"
}
[2026-09-22 17:09:37.607] [AUTOSAVE_ROW] Dòng 9: đã điền SƠN và lưu ngay
{
  "patient": "DƯƠNG THỊ LỘC",
  "source": "D/s Phẫu thuật",
  "doctor_name": "Trần Quang Sơn",
  "emr_doctor": "Trần Quang Sơn",
  "matched_time": "11:06 03/08/2026",
  "matched_method": "Phẫu thuật điều trị hội chứng ống cổ tay",
  "progress": "2/38",
  "output": "E:\\Thong_ke\\node_outputs\\PM khoa CTCH T8_NHAP_LIEU.xlsx"
}
[2026-09-22 17:09:37.608] [ROW_END] Kết thúc dòng 9
{
  "status": "updated",
  "new_value": "SƠN",
  "reason": null
}
[2026-09-22 17:09:37.608] [ROW_BEGIN] [3/38] Bắt đầu dòng 10: LÊ HÙNG TÂN
{
  "raw_time": "2026/08/03 10:33",
  "parsed_time": "10:33 03/08/2026",
  "method": "Phẫu thuật điều trị hội chứng ống cổ tay",
  "old_value": ""
}
[2026-09-22 17:09:37.608] [SEARCH_BEGIN] dòng 10: tìm LÊ HÙNG TÂN tại D/s Phẫu thuật
{
  "patient": "LÊ HÙNG TÂN",
  "target_time": "2026-08-03 10:33:00",
  "target_method": "Phẫu thuật điều trị hội chứng ống cổ tay",
  "source": "surgery"
}
[2026-09-22 17:09:37.933] [BROWSER] [NAV] D/s Phẫu thuật: http://192.168.2.26:2026/home.aspx?scope=sys&lang=vi&wpid=danhsachphauthuatdraw&role=323&usid=172.31.255.1_oqn5yqe3ix0gr4lrbzs3p1ibd2c86039&st=170934
[2026-09-22 17:09:39.816] [BROWSER] [FILTER] 3 tháng
[2026-09-22 17:09:40.238] [BROWSER] [SEARCH] Nhập 'LÊ HÙNG TÂN' vào #txtTimKiem
[2026-09-22 17:09:40.352] [BROWSER] [SEARCH] Đã bấm Tìm kiếm bằng #btnTimKiem
[2026-09-22 17:09:40.372] [BROWSER] [RESULT] D/s Phẫu thuật: 1 dòng
[2026-09-22 17:09:40.376] [SEARCH_RESULT] D/s Phẫu thuật: nhận 1 dòng
{
  "current_url": "http://192.168.2.26:2026/home.aspx?scope=sys&lang=vi&wpid=danhsachphauthuatdraw&role=323&usid=172.31.255.1_oqn5yqe3ix0gr4lrbzs3p1ibd2c86039&st=170934",
  "search_input_id": "txtTimKiem",
  "search_trigger": "#btnTimKiem",
  "headers": [
    "STT",
    "Mã BN",
    "Họ tên",
    "Giới tính",
    "Tuổi",
    "Phòng mổ",
    "Nơi chuyển mổ",
    "Nội dung phẫu thuật",
    "Tình trạng",
    "Thời gian",
    "Trạng thái",
    "Đối tượng",
    "Đã tạm ứng"
  ],
  "rows": [
    {
      "access_id": "597ec65c-9848-4d20-ac22-b49b00ae2f47",
      "known_fields": {
        "stt": "1",
        "ma_bn": "26080099",
        "ho_ten": "LÊ HÙNG TÂN (Phẫu thuật tại khoa)",
        "gioi_tinh": "Nam",
        "tuoi": "53 tuổi",
        "phong_mo": "PHÒNG PHẪU THUẬT",
        "noi_chuyen_mo": "Khoa Khám Bệnh",
        "noi_dung_phau_thuat": "Phẫu thuật điều trị hội chứng ống cổ tay",
        "tinh_trang": "Thường",
        "thoi_gian": "03/08/2026",
        "trang_thai": "Hoàn tất",
        "doi_tuong": "Viện phí",
        "tam_ung": "0"
      },
      "raw_text": "1 26080099 LÊ HÙNG TÂN (Phẫu thuật tại khoa) Nam 53 tuổi PHÒNG PHẪU THUẬT Khoa Khám Bệnh Phẫu thuật điều trị hội chứng ống cổ tay Thường 03/08/2026 Hoàn tất Viện phí 0",
      "links": [
        {
          "text": "1",
          "href": "http://192.168.2.26:2026/home.aspx?scope=sys&lang=vi&wpid=phauthuatdraw&phauthuatid=597ec65c-9848-4d20-ac22-b49b00ae2f47&keyword=l%C3%AA%20h%C3%B9ng%20t%C3%A2n&tg=6&tungay=01/06/2026&denngay=23/09/2026&usid=172.31.255.1_oqn5yqe3ix0gr4lrbzs3p1ibd2c86039&st=170939",
          "onclick": ""
        },
        {
          "text": "26080099",
          "href": "http://192.168.2.26:2026/home.aspx?scope=sys&lang=vi&wpid=phauthuatdraw&phauthuatid=597ec65c-9848-4d20-ac22-b49b00ae2f47&keyword=l%C3%AA%20h%C3%B9ng%20t%C3%A2n&tg=6&tungay=01/06/2026&denngay=23/09/2026&usid=172.31.255.1_oqn5yqe3ix0gr4lrbzs3p1ibd2c86039&st=170939",
          "onclick": ""
        },
        {
          "text": "LÊ HÙNG TÂN (Phẫu thuật tại khoa)",
          "href": "http://192.168.2.26:2026/home.aspx?scope=sys&lang=vi&wpid=phauthuatdraw&phauthuatid=597ec65c-9848-4d20-ac22-b49b00ae2f47&keyword=l%C3%AA%20h%C3%B9ng%20t%C3%A2n&tg=6&tungay=01/06/2026&denngay=23/09/2026&usid=172.31.255.1_oqn5yqe3ix0gr4lrbzs3p1ibd2c86039&st=170939",
          "onclick": ""
        },
        {
          "text": "Nam",
          "href": "http://192.168.2.26:2026/home.aspx?scope=sys&lang=vi&wpid=phauthuatdraw&phauthuatid=597ec65c-9848-4d20-ac22-b49b00ae2f47&keyword=l%C3%AA%20h%C3%B9ng%20t%C3%A2n&tg=6&tungay=01/06/2026&denngay=23/09/2026&usid=172.31.255.1_oqn5yqe3ix0gr4lrbzs3p1ibd2c86039&st=170939",
          "onclick": ""
        },
        {
          "text": "53 tuổi",
          "href": "http://192.168.2.26:2026/home.aspx?scope=sys&lang=vi&wpid=phauthuatdraw&phauthuatid=597ec65c-9848-4d20-ac22-b49b00ae2f47&keyword=l%C3%AA%20h%C3%B9ng%20t%C3%A2n&tg=6&tungay=01/06/2026&denngay=23/09/2026&usid=172.31.255.1_oqn5yqe3ix0gr4lrbzs3p1ibd2c86039&st=170939",
          "onclick": ""
        },
        {
          "text": "PHÒNG PHẪU THUẬT",
          "href": "http://192.168.2.26:2026/home.aspx?scope=sys&lang=vi&wpid=phauthuatdraw&phauthuatid=597ec65c-9848-4d20-ac22-b49b00ae2f47&keyword=l%C3%AA%20h%C3%B9ng%20t%C3%A2n&tg=6&tungay=01/06/2026&denngay=23/09/2026&usid=172.31.255.1_oqn5yqe3ix0gr4lrbzs3p1ibd2c86039&st=170939",
          "onclick": ""
        },
        {
          "text": "Khoa Khám Bệnh",
          "href": "http://192.168.2.26:2026/home.aspx?scope=sys&lang=vi&wpid=phauthuatdraw&phauthuatid=597ec65c-9848-4d20-ac22-b49b00ae2f47&keyword=l%C3%AA%20h%C3%B9ng%20t%C3%A2n&tg=6&tungay=01/06/2026&denngay=23/09/2026&usid=172.31.255.1_oqn5yqe3ix0gr4lrbzs3p1ibd2c86039&st=170939",
          "onclick": ""
        },
        {
          "text": "Phẫu thuật điều trị hội chứng ống cổ tay",
          "href": "http://192.168.2.26:2026/home.aspx?scope=sys&lang=vi&wpid=phauthuatdraw&phauthuatid=597ec65c-9848-4d20-ac22-b49b00ae2f47&keyword=l%C3%AA%20h%C3%B9ng%20t%C3%A2n&tg=6&tungay=01/06/2026&denngay=23/09/2026&usid=172.31.255.1_oqn5yqe3ix0gr4lrbzs3p1ibd2c86039&st=170939",
          "onclick": ""
        },
        {
          "text": "Thường",
          "href": "http://192.168.2.26:2026/home.aspx?scope=sys&lang=vi&wpid=phauthuatdraw&phauthuatid=597ec65c-9848-4d20-ac22-b49b00ae2f47&keyword=l%C3%AA%20h%C3%B9ng%20t%C3%A2n&tg=6&tungay=01/06/2026&denngay=23/09/2026&usid=172.31.255.1_oqn5yqe3ix0gr4lrbzs3p1ibd2c86039&st=170939",
          "onclick": ""
        },
        {
          "text": "03/08/2026",
          "href": "http://192.168.2.26:2026/home.aspx?scope=sys&lang=vi&wpid=phauthuatdraw&phauthuatid=597ec65c-9848-4d20-ac22-b49b00ae2f47&keyword=l%C3%AA%20h%C3%B9ng%20t%C3%A2n&tg=6&tungay=01/06/2026&denngay=23/09/2026&usid=172.31.255.1_oqn5yqe3ix0gr4lrbzs3p1ibd2c86039&st=170939",
          "onclick": ""
        }
      ]
    }
  ]
}
[2026-09-22 17:09:40.377] [CANDIDATES] D/s Phẫu thuật: có 1 ứng viên cùng người bệnh
{
  "candidates": [
    {
      "list_score": 125.0,
      "list_datetime": "2026-08-03 00:00:00",
      "list_time_source": "Thời gian",
      "list_method": "Phẫu thuật điều trị hội chứng ống cổ tay",
      "list_method_source": "Nội dung phẫu thuật",
      "method_score": 1.0,
      "detail_marker": "http://192.168.2.26:2026/home.aspx?scope=sys&lang=vi&wpid=phauthuatdraw&phauthuatid=597ec65c-9848-4d20-ac22-b49b00ae2f47&keyword=l%C3%AA%20h%C3%B9ng%20t%C3%A2n&tg=6&tungay=01/06/2026&denngay=23/09/2026&usid=172.31.255.1_oqn5yqe3ix0gr4lrbzs3p1ibd2c86039&st=170939",
      "row": {
        "access_id": "597ec65c-9848-4d20-ac22-b49b00ae2f47",
        "known_fields": {
          "stt": "1",
          "ma_bn": "26080099",
          "ho_ten": "LÊ HÙNG TÂN (Phẫu thuật tại khoa)",
          "gioi_tinh": "Nam",
          "tuoi": "53 tuổi",
          "phong_mo": "PHÒNG PHẪU THUẬT",
          "noi_chuyen_mo": "Khoa Khám Bệnh",
          "noi_dung_phau_thuat": "Phẫu thuật điều trị hội chứng ống cổ tay",
          "tinh_trang": "Thường",
          "thoi_gian": "03/08/2026",
          "trang_thai": "Hoàn tất",
          "doi_tuong": "Viện phí",
          "tam_ung": "0"
        },
        "raw_text": "1 26080099 LÊ HÙNG TÂN (Phẫu thuật tại khoa) Nam 53 tuổi PHÒNG PHẪU THUẬT Khoa Khám Bệnh Phẫu thuật điều trị hội chứng ống cổ tay Thường 03/08/2026 Hoàn tất Viện phí 0",
        "links": [
          {
            "text": "1",
            "href": "http://192.168.2.26:2026/home.aspx?scope=sys&lang=vi&wpid=phauthuatdraw&phauthuatid=597ec65c-9848-4d20-ac22-b49b00ae2f47&keyword=l%C3%AA%20h%C3%B9ng%20t%C3%A2n&tg=6&tungay=01/06/2026&denngay=23/09/2026&usid=172.31.255.1_oqn5yqe3ix0gr4lrbzs3p1ibd2c86039&st=170939",
            "onclick": ""
          },
          {
            "text": "26080099",
            "href": "http://192.168.2.26:2026/home.aspx?scope=sys&lang=vi&wpid=phauthuatdraw&phauthuatid=597ec65c-9848-4d20-ac22-b49b00ae2f47&keyword=l%C3%AA%20h%C3%B9ng%20t%C3%A2n&tg=6&tungay=01/06/2026&denngay=23/09/2026&usid=172.31.255.1_oqn5yqe3ix0gr4lrbzs3p1ibd2c86039&st=170939",
            "onclick": ""
          },
          {
            "text": "LÊ HÙNG TÂN (Phẫu thuật tại khoa)",
            "href": "http://192.168.2.26:2026/home.aspx?scope=sys&lang=vi&wpid=phauthuatdraw&phauthuatid=597ec65c-9848-4d20-ac22-b49b00ae2f47&keyword=l%C3%AA%20h%C3%B9ng%20t%C3%A2n&tg=6&tungay=01/06/2026&denngay=23/09/2026&usid=172.31.255.1_oqn5yqe3ix0gr4lrbzs3p1ibd2c86039&st=170939",
            "onclick": ""
          },
          {
            "text": "Nam",
            "href": "http://192.168.2.26:2026/home.aspx?scope=sys&lang=vi&wpid=phauthuatdraw&phauthuatid=597ec65c-9848-4d20-ac22-b49b00ae2f47&keyword=l%C3%AA%20h%C3%B9ng%20t%C3%A2n&tg=6&tungay=01/06/2026&denngay=23/09/2026&usid=172.31.255.1_oqn5yqe3ix0gr4lrbzs3p1ibd2c86039&st=170939",
            "onclick": ""
          },
          {
            "text": "53 tuổi",
            "href": "http://192.168.2.26:2026/home.aspx?scope=sys&lang=vi&wpid=phauthuatdraw&phauthuatid=597ec65c-9848-4d20-ac22-b49b00ae2f47&keyword=l%C3%AA%20h%C3%B9ng%20t%C3%A2n&tg=6&tungay=01/06/2026&denngay=23/09/2026&usid=172.31.255.1_oqn5yqe3ix0gr4lrbzs3p1ibd2c86039&st=170939",
            "onclick": ""
          },
          {
            "text": "PHÒNG PHẪU THUẬT",
            "href": "http://192.168.2.26:2026/home.aspx?scope=sys&lang=vi&wpid=phauthuatdraw&phauthuatid=597ec65c-9848-4d20-ac22-b49b00ae2f47&keyword=l%C3%AA%20h%C3%B9ng%20t%C3%A2n&tg=6&tungay=01/06/2026&denngay=23/09/2026&usid=172.31.255.1_oqn5yqe3ix0gr4lrbzs3p1ibd2c86039&st=170939",
            "onclick": ""
          },
          {
            "text": "Khoa Khám Bệnh",
            "href": "http://192.168.2.26:2026/home.aspx?scope=sys&lang=vi&wpid=phauthuatdraw&phauthuatid=597ec65c-9848-4d20-ac22-b49b00ae2f47&keyword=l%C3%AA%20h%C3%B9ng%20t%C3%A2n&tg=6&tungay=01/06/2026&denngay=23/09/2026&usid=172.31.255.1_oqn5yqe3ix0gr4lrbzs3p1ibd2c86039&st=170939",
            "onclick": ""
          },
          {
            "text": "Phẫu thuật điều trị hội chứng ống cổ tay",
            "href": "http://192.168.2.26:2026/home.aspx?scope=sys&lang=vi&wpid=phauthuatdraw&phauthuatid=597ec65c-9848-4d20-ac22-b49b00ae2f47&keyword=l%C3%AA%20h%C3%B9ng%20t%C3%A2n&tg=6&tungay=01/06/2026&denngay=23/09/2026&usid=172.31.255.1_oqn5yqe3ix0gr4lrbzs3p1ibd2c86039&st=170939",
            "onclick": ""
          },
          {
            "text": "Thường",
            "href": "http://192.168.2.26:2026/home.aspx?scope=sys&lang=vi&wpid=phauthuatdraw&phauthuatid=597ec65c-9848-4d20-ac22-b49b00ae2f47&keyword=l%C3%AA%20h%C3%B9ng%20t%C3%A2n&tg=6&tungay=01/06/2026&denngay=23/09/2026&usid=172.31.255.1_oqn5yqe3ix0gr4lrbzs3p1ibd2c86039&st=170939",
            "onclick": ""
          },
          {
            "text": "03/08/2026",
            "href": "http://192.168.2.26:2026/home.aspx?scope=sys&lang=vi&wpid=phauthuatdraw&phauthuatid=597ec65c-9848-4d20-ac22-b49b00ae2f47&keyword=l%C3%AA%20h%C3%B9ng%20t%C3%A2n&tg=6&tungay=01/06/2026&denngay=23/09/2026&usid=172.31.255.1_oqn5yqe3ix0gr4lrbzs3p1ibd2c86039&st=170939",
            "onclick": ""
          }
        ]
      }
    }
  ]
}
[2026-09-22 17:09:40.379] [DETAIL_BEGIN] D/s Phẫu thuật: mở ứng viên 1
{
  "detail_marker": "http://192.168.2.26:2026/home.aspx?scope=sys&lang=vi&wpid=phauthuatdraw&phauthuatid=597ec65c-9848-4d20-ac22-b49b00ae2f47&keyword=l%C3%AA%20h%C3%B9ng%20t%C3%A2n&tg=6&tungay=01/06/2026&denngay=23/09/2026&usid=172.31.255.1_oqn5yqe3ix0gr4lrbzs3p1ibd2c86039&st=170939",
  "list_datetime": "2026-08-03 00:00:00",
  "list_method": "Phẫu thuật điều trị hội chứng ống cổ tay",
  "row": {
    "access_id": "597ec65c-9848-4d20-ac22-b49b00ae2f47",
    "known_fields": {
      "stt": "1",
      "ma_bn": "26080099",
      "ho_ten": "LÊ HÙNG TÂN (Phẫu thuật tại khoa)",
      "gioi_tinh": "Nam",
      "tuoi": "53 tuổi",
      "phong_mo": "PHÒNG PHẪU THUẬT",
      "noi_chuyen_mo": "Khoa Khám Bệnh",
      "noi_dung_phau_thuat": "Phẫu thuật điều trị hội chứng ống cổ tay",
      "tinh_trang": "Thường",
      "thoi_gian": "03/08/2026",
      "trang_thai": "Hoàn tất",
      "doi_tuong": "Viện phí",
      "tam_ung": "0"
    },
    "raw_text": "1 26080099 LÊ HÙNG TÂN (Phẫu thuật tại khoa) Nam 53 tuổi PHÒNG PHẪU THUẬT Khoa Khám Bệnh Phẫu thuật điều trị hội chứng ống cổ tay Thường 03/08/2026 Hoàn tất Viện phí 0",
    "links": [
      {
        "text": "1",
        "href": "http://192.168.2.26:2026/home.aspx?scope=sys&lang=vi&wpid=phauthuatdraw&phauthuatid=597ec65c-9848-4d20-ac22-b49b00ae2f47&keyword=l%C3%AA%20h%C3%B9ng%20t%C3%A2n&tg=6&tungay=01/06/2026&denngay=23/09/2026&usid=172.31.255.1_oqn5yqe3ix0gr4lrbzs3p1ibd2c86039&st=170939",
        "onclick": ""
      },
      {
        "text": "26080099",
        "href": "http://192.168.2.26:2026/home.aspx?scope=sys&lang=vi&wpid=phauthuatdraw&phauthuatid=597ec65c-9848-4d20-ac22-b49b00ae2f47&keyword=l%C3%AA%20h%C3%B9ng%20t%C3%A2n&tg=6&tungay=01/06/2026&denngay=23/09/2026&usid=172.31.255.1_oqn5yqe3ix0gr4lrbzs3p1ibd2c86039&st=170939",
        "onclick": ""
      },
      {
        "text": "LÊ HÙNG TÂN (Phẫu thuật tại khoa)",
        "href": "http://192.168.2.26:2026/home.aspx?scope=sys&lang=vi&wpid=phauthuatdraw&phauthuatid=597ec65c-9848-4d20-ac22-b49b00ae2f47&keyword=l%C3%AA%20h%C3%B9ng%20t%C3%A2n&tg=6&tungay=01/06/2026&denngay=23/09/2026&usid=172.31.255.1_oqn5yqe3ix0gr4lrbzs3p1ibd2c86039&st=170939",
        "onclick": ""
      },
      {
        "text": "Nam",
        "href": "http://192.168.2.26:2026/home.aspx?scope=sys&lang=vi&wpid=phauthuatdraw&phauthuatid=597ec65c-9848-4d20-ac22-b49b00ae2f47&keyword=l%C3%AA%20h%C3%B9ng%20t%C3%A2n&tg=6&tungay=01/06/2026&denngay=23/09/2026&usid=172.31.255.1_oqn5yqe3ix0gr4lrbzs3p1ibd2c86039&st=170939",
        "onclick": ""
      },
      {
        "text": "53 tuổi",
        "href": "http://192.168.2.26:2026/home.aspx?scope=sys&lang=vi&wpid=phauthuatdraw&phauthuatid=597ec65c-9848-4d20-ac22-b49b00ae2f47&keyword=l%C3%AA%20h%C3%B9ng%20t%C3%A2n&tg=6&tungay=01/06/2026&denngay=23/09/2026&usid=172.31.255.1_oqn5yqe3ix0gr4lrbzs3p1ibd2c86039&st=170939",
        "onclick": ""
      },
      {
        "text": "PHÒNG PHẪU THUẬT",
        "href": "http://192.168.2.26:2026/home.aspx?scope=sys&lang=vi&wpid=phauthuatdraw&phauthuatid=597ec65c-9848-4d20-ac22-b49b00ae2f47&keyword=l%C3%AA%20h%C3%B9ng%20t%C3%A2n&tg=6&tungay=01/06/2026&denngay=23/09/2026&usid=172.31.255.1_oqn5yqe3ix0gr4lrbzs3p1ibd2c86039&st=170939",
        "onclick": ""
      },
      {
        "text": "Khoa Khám Bệnh",
        "href": "http://192.168.2.26:2026/home.aspx?scope=sys&lang=vi&wpid=phauthuatdraw&phauthuatid=597ec65c-9848-4d20-ac22-b49b00ae2f47&keyword=l%C3%AA%20h%C3%B9ng%20t%C3%A2n&tg=6&tungay=01/06/2026&denngay=23/09/2026&usid=172.31.255.1_oqn5yqe3ix0gr4lrbzs3p1ibd2c86039&st=170939",
        "onclick": ""
      },
      {
        "text": "Phẫu thuật điều trị hội chứng ống cổ tay",
        "href": "http://192.168.2.26:2026/home.aspx?scope=sys&lang=vi&wpid=phauthuatdraw&phauthuatid=597ec65c-9848-4d20-ac22-b49b00ae2f47&keyword=l%C3%AA%20h%C3%B9ng%20t%C3%A2n&tg=6&tungay=01/06/2026&denngay=23/09/2026&usid=172.31.255.1_oqn5yqe3ix0gr4lrbzs3p1ibd2c86039&st=170939",
        "onclick": ""
      },
      {
        "text": "Thường",
        "href": "http://192.168.2.26:2026/home.aspx?scope=sys&lang=vi&wpid=phauthuatdraw&phauthuatid=597ec65c-9848-4d20-ac22-b49b00ae2f47&keyword=l%C3%AA%20h%C3%B9ng%20t%C3%A2n&tg=6&tungay=01/06/2026&denngay=23/09/2026&usid=172.31.255.1_oqn5yqe3ix0gr4lrbzs3p1ibd2c86039&st=170939",
        "onclick": ""
      },
      {
        "text": "03/08/2026",
        "href": "http://192.168.2.26:2026/home.aspx?scope=sys&lang=vi&wpid=phauthuatdraw&phauthuatid=597ec65c-9848-4d20-ac22-b49b00ae2f47&keyword=l%C3%AA%20h%C3%B9ng%20t%C3%A2n&tg=6&tungay=01/06/2026&denngay=23/09/2026&usid=172.31.255.1_oqn5yqe3ix0gr4lrbzs3p1ibd2c86039&st=170939",
        "onclick": ""
      }
    ]
  }
}
[2026-09-22 17:09:40.384] [BROWSER] [DETAIL] kind=surgery; access_id=597ec65c-9848-4d20-ac22-b49b00ae2f47; direct_url=yes; onclick=no
[2026-09-22 17:09:40.385] [BROWSER] [DETAIL] Mở liên kết trực tiếp: http://192.168.2.26:2026/home.aspx?scope=sys&lang=vi&wpid=phauthuatdraw&phauthuatid=597ec65c-9848-4d20-ac22-b49b00ae2f47&keyword=l%C3%AA%20h%C3%B9ng%20t%C3%A2n&tg=6&tungay=01/06/2026&denngay=23/09/2026&usid=172.31.255.1_oqn5yqe3ix0gr4lrbzs3p1ibd2c86039&st=170939
[2026-09-22 17:09:41.593] [BROWSER] [DETAIL] Dữ liệu đọc được: {"ajax_active": 0, "complete_info": "Người hoàn tất: Nguyễn Tư Thái Bảo (nttbao) | TG nhấn hoàn tất: 10:52 03/08/2026", "current_url": "http://192.168.2.26:2026/home.aspx?scope=sys&lang=vi&wpid=phauthuatdraw&phauthuatid=597ec65c-9848-4d20-ac22-b49b00ae2f47&keyword=l%C3%AA%20h%C3%B9ng%20t%C3%A2n&tg=6&tungay=01/06/2026&denngay=23/09/2026&usid=172.31.255.1_oqn5yqe3ix0gr4lrbzs3p1ibd2c86039&st=170939", "doctor": "Nguyễn Tư Thái Bảo", "doctor_candidates": [{"id": "cbbBacSiPT", "value": "Nguyễn Tư Thái Bảo"}], "doctor_field": "cbbBacSiPT", "doctor_found": true, "method": "Phẫu thuật điều trị hội chứng ống cổ tay", "method_candidates": [{"id": "txtNoiDungPT", "value": ""}, {"id": "cbbPhuongPhapPT", "value": "Phẫu thuật điều trị hội chứng ống cổ tay"}, {"id": "cbbChiDinhMoPT", "value": "(PT.1247)Phẫu thuật điều trị hội chứng ống cổ tay"}], "method_field": "cbbPhuongPhapPT", "patient_info": "", "root_found": true, "start_candidates": [{"id": "txtBatDauPT", "value": "10:40 03/08/2026"}], "start_time": "10:40 03/08/2026", "start_time_field": "txtBatDauPT"}
[2026-09-22 17:09:41.593] [BROWSER] [DETAIL] Nguồn bác sĩ: BS mổ chính; field=cbbBacSiPT; value=Nguyễn Tư Thái Bảo
[2026-09-22 17:09:41.594] [DETAIL_OK] D/s Phẫu thuật: đọc được hồ sơ chi tiết
{
  "doctor_from_emr": "Nguyễn Tư Thái Bảo",
  "mapped_alias": "BẢO",
  "mapped_name": "Nguyễn Tư Thái Bảo",
  "start_time": "10:40 03/08/2026",
  "start_time_field": "txtBatDauPT",
  "method": "Phẫu thuật điều trị hội chứng ống cổ tay",
  "method_field": "cbbPhuongPhapPT",
  "list_time_source": "Thời gian",
  "list_method_source": "Nội dung phẫu thuật",
  "current_url": "http://192.168.2.26:2026/home.aspx?scope=sys&lang=vi&wpid=phauthuatdraw&phauthuatid=597ec65c-9848-4d20-ac22-b49b00ae2f47&keyword=l%C3%AA%20h%C3%B9ng%20t%C3%A2n&tg=6&tungay=01/06/2026&denngay=23/09/2026&usid=172.31.255.1_oqn5yqe3ix0gr4lrbzs3p1ibd2c86039&st=170939",
  "total_score": 475.0,
  "method_score": 1.0
}
[2026-09-22 17:09:41.594] [EVALUATED] D/s Phẫu thuật: đánh giá 1 hồ sơ
{
  "items": [
    {
      "doctor": "Nguyễn Tư Thái Bảo",
      "alias": "BẢO",
      "detail_datetime": "2026-08-03 10:40:00",
      "method_score": 1.0,
      "total_score": 475.0,
      "confidence_ok": true
    }
  ]
}
[2026-09-22 17:09:41.594] [SOURCE_MATCH] D/s Phẫu thuật: đã chọn bác sĩ, không tìm nguồn còn lại
{
  "alias": "BẢO"
}
[2026-09-22 17:09:42.076] [AUTOSAVE_ROW] Dòng 10: đã điền BẢO và lưu ngay
{
  "patient": "LÊ HÙNG TÂN",
  "source": "D/s Phẫu thuật",
  "doctor_name": "Nguyễn Tư Thái Bảo",
  "emr_doctor": "Nguyễn Tư Thái Bảo",
  "matched_time": "10:40 03/08/2026",
  "matched_method": "Phẫu thuật điều trị hội chứng ống cổ tay",
  "progress": "3/38",
  "output": "E:\\Thong_ke\\node_outputs\\PM khoa CTCH T8_NHAP_LIEU.xlsx"
}
[2026-09-22 17:09:42.077] [ROW_END] Kết thúc dòng 10
{
  "status": "updated",
  "new_value": "BẢO",
  "reason": null
}
[2026-09-22 17:09:42.077] [ROW_BEGIN] [4/38] Bắt đầu dòng 11: VÕ THỊ THO
{
  "raw_time": "2026/08/04 07:36",
  "parsed_time": "07:36 04/08/2026",
  "method": "Phẫu thuật điều trị hội chứng ống cổ tay",
  "old_value": ""
}
[2026-09-22 17:09:42.077] [SEARCH_BEGIN] dòng 11: tìm VÕ THỊ THO tại D/s Phẫu thuật
{
  "patient": "VÕ THỊ THO",
  "target_time": "2026-08-04 07:36:00",
  "target_method": "Phẫu thuật điều trị hội chứng ống cổ tay",
  "source": "surgery"
}
[2026-09-22 17:09:42.402] [BROWSER] [NAV] D/s Phẫu thuật: http://192.168.2.26:2026/home.aspx?scope=sys&lang=vi&wpid=danhsachphauthuatdraw&role=323&usid=172.31.255.1_oqn5yqe3ix0gr4lrbzs3p1ibd2c86039&st=170939
[2026-09-22 17:09:44.386] [BROWSER] [FILTER] 3 tháng
[2026-09-22 17:09:44.800] [BROWSER] [SEARCH] Nhập 'VÕ THỊ THO' vào #txtTimKiem
[2026-09-22 17:09:44.910] [BROWSER] [SEARCH] Đã bấm Tìm kiếm bằng #btnTimKiem
[2026-09-22 17:09:44.926] [BROWSER] [RESULT] D/s Phẫu thuật: 1 dòng
[2026-09-22 17:09:44.931] [SEARCH_RESULT] D/s Phẫu thuật: nhận 1 dòng
{
  "current_url": "http://192.168.2.26:2026/home.aspx?scope=sys&lang=vi&wpid=danhsachphauthuatdraw&role=323&usid=172.31.255.1_oqn5yqe3ix0gr4lrbzs3p1ibd2c86039&st=170939",
  "search_input_id": "txtTimKiem",
  "search_trigger": "#btnTimKiem",
  "headers": [
    "STT",
    "Mã BN",
    "Họ tên",
    "Giới tính",
    "Tuổi",
    "Phòng mổ",
    "Nơi chuyển mổ",
    "Nội dung phẫu thuật",
    "Tình trạng",
    "Thời gian",
    "Trạng thái",
    "Đối tượng",
    "Đã tạm ứng"
  ],
  "rows": [
    {
      "access_id": "962ed18f-b652-47ab-86b9-b49c007db56a",
      "known_fields": {
        "stt": "1",
        "ma_bn": "26001617",
        "ho_ten": "VÕ THỊ THO (Phẫu thuật tại khoa)",
        "gioi_tinh": "Nữ",
        "tuoi": "48 tuổi",
        "phong_mo": "PHÒNG PHẪU THUẬT",
        "noi_chuyen_mo": "Khoa Khám Bệnh",
        "noi_dung_phau_thuat": "Phẫu thuật điều trị hội chứng ống cổ tay",
        "tinh_trang": "Thường",
        "thoi_gian": "04/08/2026",
        "trang_thai": "Hoàn tất",
        "doi_tuong": "Viện phí",
        "tam_ung": "0"
      },
      "raw_text": "1 26001617 VÕ THỊ THO (Phẫu thuật tại khoa) Nữ 48 tuổi PHÒNG PHẪU THUẬT Khoa Khám Bệnh Phẫu thuật điều trị hội chứng ống cổ tay Thường 04/08/2026 Hoàn tất Viện phí 0",
      "links": [
        {
          "text": "1",
          "href": "http://192.168.2.26:2026/home.aspx?scope=sys&lang=vi&wpid=phauthuatdraw&phauthuatid=962ed18f-b652-47ab-86b9-b49c007db56a&keyword=v%C3%B5%20th%E1%BB%8B%20tho&tg=6&tungay=01/06/2026&denngay=23/09/2026&usid=172.31.255.1_oqn5yqe3ix0gr4lrbzs3p1ibd2c86039&st=170943",
          "onclick": ""
        },
        {
          "text": "26001617",
          "href": "http://192.168.2.26:2026/home.aspx?scope=sys&lang=vi&wpid=phauthuatdraw&phauthuatid=962ed18f-b652-47ab-86b9-b49c007db56a&keyword=v%C3%B5%20th%E1%BB%8B%20tho&tg=6&tungay=01/06/2026&denngay=23/09/2026&usid=172.31.255.1_oqn5yqe3ix0gr4lrbzs3p1ibd2c86039&st=170943",
          "onclick": ""
        },
        {
          "text": "VÕ THỊ THO (Phẫu thuật tại khoa)",
          "href": "http://192.168.2.26:2026/home.aspx?scope=sys&lang=vi&wpid=phauthuatdraw&phauthuatid=962ed18f-b652-47ab-86b9-b49c007db56a&keyword=v%C3%B5%20th%E1%BB%8B%20tho&tg=6&tungay=01/06/2026&denngay=23/09/2026&usid=172.31.255.1_oqn5yqe3ix0gr4lrbzs3p1ibd2c86039&st=170943",
          "onclick": ""
        },
        {
          "text": "Nữ",
          "href": "http://192.168.2.26:2026/home.aspx?scope=sys&lang=vi&wpid=phauthuatdraw&phauthuatid=962ed18f-b652-47ab-86b9-b49c007db56a&keyword=v%C3%B5%20th%E1%BB%8B%20tho&tg=6&tungay=01/06/2026&denngay=23/09/2026&usid=172.31.255.1_oqn5yqe3ix0gr4lrbzs3p1ibd2c86039&st=170943",
          "onclick": ""
        },
        {
          "text": "48 tuổi",
          "href": "http://192.168.2.26:2026/home.aspx?scope=sys&lang=vi&wpid=phauthuatdraw&phauthuatid=962ed18f-b652-47ab-86b9-b49c007db56a&keyword=v%C3%B5%20th%E1%BB%8B%20tho&tg=6&tungay=01/06/2026&denngay=23/09/2026&usid=172.31.255.1_oqn5yqe3ix0gr4lrbzs3p1ibd2c86039&st=170943",
          "onclick": ""
        },
        {
          "text": "PHÒNG PHẪU THUẬT",
          "href": "http://192.168.2.26:2026/home.aspx?scope=sys&lang=vi&wpid=phauthuatdraw&phauthuatid=962ed18f-b652-47ab-86b9-b49c007db56a&keyword=v%C3%B5%20th%E1%BB%8B%20tho&tg=6&tungay=01/06/2026&denngay=23/09/2026&usid=172.31.255.1_oqn5yqe3ix0gr4lrbzs3p1ibd2c86039&st=170943",
          "onclick": ""
        },
        {
          "text": "Khoa Khám Bệnh",
          "href": "http://192.168.2.26:2026/home.aspx?scope=sys&lang=vi&wpid=phauthuatdraw&phauthuatid=962ed18f-b652-47ab-86b9-b49c007db56a&keyword=v%C3%B5%20th%E1%BB%8B%20tho&tg=6&tungay=01/06/2026&denngay=23/09/2026&usid=172.31.255.1_oqn5yqe3ix0gr4lrbzs3p1ibd2c86039&st=170943",
          "onclick": ""
        },
        {
          "text": "Phẫu thuật điều trị hội chứng ống cổ tay",
          "href": "http://192.168.2.26:2026/home.aspx?scope=sys&lang=vi&wpid=phauthuatdraw&phauthuatid=962ed18f-b652-47ab-86b9-b49c007db56a&keyword=v%C3%B5%20th%E1%BB%8B%20tho&tg=6&tungay=01/06/2026&denngay=23/09/2026&usid=172.31.255.1_oqn5yqe3ix0gr4lrbzs3p1ibd2c86039&st=170943",
          "onclick": ""
        },
        {
          "text": "Thường",
          "href": "http://192.168.2.26:2026/home.aspx?scope=sys&lang=vi&wpid=phauthuatdraw&phauthuatid=962ed18f-b652-47ab-86b9-b49c007db56a&keyword=v%C3%B5%20th%E1%BB%8B%20tho&tg=6&tungay=01/06/2026&denngay=23/09/2026&usid=172.31.255.1_oqn5yqe3ix0gr4lrbzs3p1ibd2c86039&st=170943",
          "onclick": ""
        },
        {
          "text": "04/08/2026",
          "href": "http://192.168.2.26:2026/home.aspx?scope=sys&lang=vi&wpid=phauthuatdraw&phauthuatid=962ed18f-b652-47ab-86b9-b49c007db56a&keyword=v%C3%B5%20th%E1%BB%8B%20tho&tg=6&tungay=01/06/2026&denngay=23/09/2026&usid=172.31.255.1_oqn5yqe3ix0gr4lrbzs3p1ibd2c86039&st=170943",
          "onclick": ""
        }
      ]
    }
  ]
}
[2026-09-22 17:09:44.932] [CANDIDATES] D/s Phẫu thuật: có 1 ứng viên cùng người bệnh
{
  "candidates": [
    {
      "list_score": 125.0,
      "list_datetime": "2026-08-04 00:00:00",
      "list_time_source": "Thời gian",
      "list_method": "Phẫu thuật điều trị hội chứng ống cổ tay",
      "list_method_source": "Nội dung phẫu thuật",
      "method_score": 1.0,
      "detail_marker": "http://192.168.2.26:2026/home.aspx?scope=sys&lang=vi&wpid=phauthuatdraw&phauthuatid=962ed18f-b652-47ab-86b9-b49c007db56a&keyword=v%C3%B5%20th%E1%BB%8B%20tho&tg=6&tungay=01/06/2026&denngay=23/09/2026&usid=172.31.255.1_oqn5yqe3ix0gr4lrbzs3p1ibd2c86039&st=170943",
      "row": {
        "access_id": "962ed18f-b652-47ab-86b9-b49c007db56a",
        "known_fields": {
          "stt": "1",
          "ma_bn": "26001617",
          "ho_ten": "VÕ THỊ THO (Phẫu thuật tại khoa)",
          "gioi_tinh": "Nữ",
          "tuoi": "48 tuổi",
          "phong_mo": "PHÒNG PHẪU THUẬT",
          "noi_chuyen_mo": "Khoa Khám Bệnh",
          "noi_dung_phau_thuat": "Phẫu thuật điều trị hội chứng ống cổ tay",
          "tinh_trang": "Thường",
          "thoi_gian": "04/08/2026",
          "trang_thai": "Hoàn tất",
          "doi_tuong": "Viện phí",
          "tam_ung": "0"
        },
        "raw_text": "1 26001617 VÕ THỊ THO (Phẫu thuật tại khoa) Nữ 48 tuổi PHÒNG PHẪU THUẬT Khoa Khám Bệnh Phẫu thuật điều trị hội chứng ống cổ tay Thường 04/08/2026 Hoàn tất Viện phí 0",
        "links": [
          {
            "text": "1",
            "href": "http://192.168.2.26:2026/home.aspx?scope=sys&lang=vi&wpid=phauthuatdraw&phauthuatid=962ed18f-b652-47ab-86b9-b49c007db56a&keyword=v%C3%B5%20th%E1%BB%8B%20tho&tg=6&tungay=01/06/2026&denngay=23/09/2026&usid=172.31.255.1_oqn5yqe3ix0gr4lrbzs3p1ibd2c86039&st=170943",
            "onclick": ""
          },
          {
            "text": "26001617",
            "href": "http://192.168.2.26:2026/home.aspx?scope=sys&lang=vi&wpid=phauthuatdraw&phauthuatid=962ed18f-b652-47ab-86b9-b49c007db56a&keyword=v%C3%B5%20th%E1%BB%8B%20tho&tg=6&tungay=01/06/2026&denngay=23/09/2026&usid=172.31.255.1_oqn5yqe3ix0gr4lrbzs3p1ibd2c86039&st=170943",
            "onclick": ""
          },
          {
            "text": "VÕ THỊ THO (Phẫu thuật tại khoa)",
            "href": "http://192.168.2.26:2026/home.aspx?scope=sys&lang=vi&wpid=phauthuatdraw&phauthuatid=962ed18f-b652-47ab-86b9-b49c007db56a&keyword=v%C3%B5%20th%E1%BB%8B%20tho&tg=6&tungay=01/06/2026&denngay=23/09/2026&usid=172.31.255.1_oqn5yqe3ix0gr4lrbzs3p1ibd2c86039&st=170943",
            "onclick": ""
          },
          {
            "text": "Nữ",
            "href": "http://192.168.2.26:2026/home.aspx?scope=sys&lang=vi&wpid=phauthuatdraw&phauthuatid=962ed18f-b652-47ab-86b9-b49c007db56a&keyword=v%C3%B5%20th%E1%BB%8B%20tho&tg=6&tungay=01/06/2026&denngay=23/09/2026&usid=172.31.255.1_oqn5yqe3ix0gr4lrbzs3p1ibd2c86039&st=170943",
            "onclick": ""
          },
          {
            "text": "48 tuổi",
            "href": "http://192.168.2.26:2026/home.aspx?scope=sys&lang=vi&wpid=phauthuatdraw&phauthuatid=962ed18f-b652-47ab-86b9-b49c007db56a&keyword=v%C3%B5%20th%E1%BB%8B%20tho&tg=6&tungay=01/06/2026&denngay=23/09/2026&usid=172.31.255.1_oqn5yqe3ix0gr4lrbzs3p1ibd2c86039&st=170943",
            "onclick": ""
          },
          {
            "text": "PHÒNG PHẪU THUẬT",
            "href": "http://192.168.2.26:2026/home.aspx?scope=sys&lang=vi&wpid=phauthuatdraw&phauthuatid=962ed18f-b652-47ab-86b9-b49c007db56a&keyword=v%C3%B5%20th%E1%BB%8B%20tho&tg=6&tungay=01/06/2026&denngay=23/09/2026&usid=172.31.255.1_oqn5yqe3ix0gr4lrbzs3p1ibd2c86039&st=170943",
            "onclick": ""
          },
          {
            "text": "Khoa Khám Bệnh",
            "href": "http://192.168.2.26:2026/home.aspx?scope=sys&lang=vi&wpid=phauthuatdraw&phauthuatid=962ed18f-b652-47ab-86b9-b49c007db56a&keyword=v%C3%B5%20th%E1%BB%8B%20tho&tg=6&tungay=01/06/2026&denngay=23/09/2026&usid=172.31.255.1_oqn5yqe3ix0gr4lrbzs3p1ibd2c86039&st=170943",
            "onclick": ""
          },
          {
            "text": "Phẫu thuật điều trị hội chứng ống cổ tay",
            "href": "http://192.168.2.26:2026/home.aspx?scope=sys&lang=vi&wpid=phauthuatdraw&phauthuatid=962ed18f-b652-47ab-86b9-b49c007db56a&keyword=v%C3%B5%20th%E1%BB%8B%20tho&tg=6&tungay=01/06/2026&denngay=23/09/2026&usid=172.31.255.1_oqn5yqe3ix0gr4lrbzs3p1ibd2c86039&st=170943",
            "onclick": ""
          },
          {
            "text": "Thường",
            "href": "http://192.168.2.26:2026/home.aspx?scope=sys&lang=vi&wpid=phauthuatdraw&phauthuatid=962ed18f-b652-47ab-86b9-b49c007db56a&keyword=v%C3%B5%20th%E1%BB%8B%20tho&tg=6&tungay=01/06/2026&denngay=23/09/2026&usid=172.31.255.1_oqn5yqe3ix0gr4lrbzs3p1ibd2c86039&st=170943",
            "onclick": ""
          },
          {
            "text": "04/08/2026",
            "href": "http://192.168.2.26:2026/home.aspx?scope=sys&lang=vi&wpid=phauthuatdraw&phauthuatid=962ed18f-b652-47ab-86b9-b49c007db56a&keyword=v%C3%B5%20th%E1%BB%8B%20tho&tg=6&tungay=01/06/2026&denngay=23/09/2026&usid=172.31.255.1_oqn5yqe3ix0gr4lrbzs3p1ibd2c86039&st=170943",
            "onclick": ""
          }
        ]
      }
    }
  ]
}
[2026-09-22 17:09:44.932] [DETAIL_BEGIN] D/s Phẫu thuật: mở ứng viên 1
{
  "detail_marker": "http://192.168.2.26:2026/home.aspx?scope=sys&lang=vi&wpid=phauthuatdraw&phauthuatid=962ed18f-b652-47ab-86b9-b49c007db56a&keyword=v%C3%B5%20th%E1%BB%8B%20tho&tg=6&tungay=01/06/2026&denngay=23/09/2026&usid=172.31.255.1_oqn5yqe3ix0gr4lrbzs3p1ibd2c86039&st=170943",
  "list_datetime": "2026-08-04 00:00:00",
  "list_method": "Phẫu thuật điều trị hội chứng ống cổ tay",
  "row": {
    "access_id": "962ed18f-b652-47ab-86b9-b49c007db56a",
    "known_fields": {
      "stt": "1",
      "ma_bn": "26001617",
      "ho_ten": "VÕ THỊ THO (Phẫu thuật tại khoa)",
      "gioi_tinh": "Nữ",
      "tuoi": "48 tuổi",
      "phong_mo": "PHÒNG PHẪU THUẬT",
      "noi_chuyen_mo": "Khoa Khám Bệnh",
      "noi_dung_phau_thuat": "Phẫu thuật điều trị hội chứng ống cổ tay",
      "tinh_trang": "Thường",
      "thoi_gian": "04/08/2026",
      "trang_thai": "Hoàn tất",
      "doi_tuong": "Viện phí",
      "tam_ung": "0"
    },
    "raw_text": "1 26001617 VÕ THỊ THO (Phẫu thuật tại khoa) Nữ 48 tuổi PHÒNG PHẪU THUẬT Khoa Khám Bệnh Phẫu thuật điều trị hội chứng ống cổ tay Thường 04/08/2026 Hoàn tất Viện phí 0",
    "links": [
      {
        "text": "1",
        "href": "http://192.168.2.26:2026/home.aspx?scope=sys&lang=vi&wpid=phauthuatdraw&phauthuatid=962ed18f-b652-47ab-86b9-b49c007db56a&keyword=v%C3%B5%20th%E1%BB%8B%20tho&tg=6&tungay=01/06/2026&denngay=23/09/2026&usid=172.31.255.1_oqn5yqe3ix0gr4lrbzs3p1ibd2c86039&st=170943",
        "onclick": ""
      },
      {
        "text": "26001617",
        "href": "http://192.168.2.26:2026/home.aspx?scope=sys&lang=vi&wpid=phauthuatdraw&phauthuatid=962ed18f-b652-47ab-86b9-b49c007db56a&keyword=v%C3%B5%20th%E1%BB%8B%20tho&tg=6&tungay=01/06/2026&denngay=23/09/2026&usid=172.31.255.1_oqn5yqe3ix0gr4lrbzs3p1ibd2c86039&st=170943",
        "onclick": ""
      },
      {
        "text": "VÕ THỊ THO (Phẫu thuật tại khoa)",
        "href": "http://192.168.2.26:2026/home.aspx?scope=sys&lang=vi&wpid=phauthuatdraw&phauthuatid=962ed18f-b652-47ab-86b9-b49c007db56a&keyword=v%C3%B5%20th%E1%BB%8B%20tho&tg=6&tungay=01/06/2026&denngay=23/09/2026&usid=172.31.255.1_oqn5yqe3ix0gr4lrbzs3p1ibd2c86039&st=170943",
        "onclick": ""
      },
      {
        "text": "Nữ",
        "href": "http://192.168.2.26:2026/home.aspx?scope=sys&lang=vi&wpid=phauthuatdraw&phauthuatid=962ed18f-b652-47ab-86b9-b49c007db56a&keyword=v%C3%B5%20th%E1%BB%8B%20tho&tg=6&tungay=01/06/2026&denngay=23/09/2026&usid=172.31.255.1_oqn5yqe3ix0gr4lrbzs3p1ibd2c86039&st=170943",
        "onclick": ""
      },
      {
        "text": "48 tuổi",
        "href": "http://192.168.2.26:2026/home.aspx?scope=sys&lang=vi&wpid=phauthuatdraw&phauthuatid=962ed18f-b652-47ab-86b9-b49c007db56a&keyword=v%C3%B5%20th%E1%BB%8B%20tho&tg=6&tungay=01/06/2026&denngay=23/09/2026&usid=172.31.255.1_oqn5yqe3ix0gr4lrbzs3p1ibd2c86039&st=170943",
        "onclick": ""
      },
      {
        "text": "PHÒNG PHẪU THUẬT",
        "href": "http://192.168.2.26:2026/home.aspx?scope=sys&lang=vi&wpid=phauthuatdraw&phauthuatid=962ed18f-b652-47ab-86b9-b49c007db56a&keyword=v%C3%B5%20th%E1%BB%8B%20tho&tg=6&tungay=01/06/2026&denngay=23/09/2026&usid=172.31.255.1_oqn5yqe3ix0gr4lrbzs3p1ibd2c86039&st=170943",
        "onclick": ""
      },
      {
        "text": "Khoa Khám Bệnh",
        "href": "http://192.168.2.26:2026/home.aspx?scope=sys&lang=vi&wpid=phauthuatdraw&phauthuatid=962ed18f-b652-47ab-86b9-b49c007db56a&keyword=v%C3%B5%20th%E1%BB%8B%20tho&tg=6&tungay=01/06/2026&denngay=23/09/2026&usid=172.31.255.1_oqn5yqe3ix0gr4lrbzs3p1ibd2c86039&st=170943",
        "onclick": ""
      },
      {
        "text": "Phẫu thuật điều trị hội chứng ống cổ tay",
        "href": "http://192.168.2.26:2026/home.aspx?scope=sys&lang=vi&wpid=phauthuatdraw&phauthuatid=962ed18f-b652-47ab-86b9-b49c007db56a&keyword=v%C3%B5%20th%E1%BB%8B%20tho&tg=6&tungay=01/06/2026&denngay=23/09/2026&usid=172.31.255.1_oqn5yqe3ix0gr4lrbzs3p1ibd2c86039&st=170943",
        "onclick": ""
      },
      {
        "text": "Thường",
        "href": "http://192.168.2.26:2026/home.aspx?scope=sys&lang=vi&wpid=phauthuatdraw&phauthuatid=962ed18f-b652-47ab-86b9-b49c007db56a&keyword=v%C3%B5%20th%E1%BB%8B%20tho&tg=6&tungay=01/06/2026&denngay=23/09/2026&usid=172.31.255.1_oqn5yqe3ix0gr4lrbzs3p1ibd2c86039&st=170943",
        "onclick": ""
      },
      {
        "text": "04/08/2026",
        "href": "http://192.168.2.26:2026/home.aspx?scope=sys&lang=vi&wpid=phauthuatdraw&phauthuatid=962ed18f-b652-47ab-86b9-b49c007db56a&keyword=v%C3%B5%20th%E1%BB%8B%20tho&tg=6&tungay=01/06/2026&denngay=23/09/2026&usid=172.31.255.1_oqn5yqe3ix0gr4lrbzs3p1ibd2c86039&st=170943",
        "onclick": ""
      }
    ]
  }
}
[2026-09-22 17:09:44.938] [BROWSER] [DETAIL] kind=surgery; access_id=962ed18f-b652-47ab-86b9-b49c007db56a; direct_url=yes; onclick=no
[2026-09-22 17:09:44.939] [BROWSER] [DETAIL] Mở liên kết trực tiếp: http://192.168.2.26:2026/home.aspx?scope=sys&lang=vi&wpid=phauthuatdraw&phauthuatid=962ed18f-b652-47ab-86b9-b49c007db56a&keyword=v%C3%B5%20th%E1%BB%8B%20tho&tg=6&tungay=01/06/2026&denngay=23/09/2026&usid=172.31.255.1_oqn5yqe3ix0gr4lrbzs3p1ibd2c86039&st=170943
[2026-09-22 17:09:46.195] [BROWSER] [DETAIL] Dữ liệu đọc được: {"ajax_active": 0, "complete_info": "Người hoàn tất: Trần Quốc Toản (tqtoan) | TG nhấn hoàn tất: 09:10 04/08/2026", "current_url": "http://192.168.2.26:2026/home.aspx?scope=sys&lang=vi&wpid=phauthuatdraw&phauthuatid=962ed18f-b652-47ab-86b9-b49c007db56a&keyword=v%C3%B5%20th%E1%BB%8B%20tho&tg=6&tungay=01/06/2026&denngay=23/09/2026&usid=172.31.255.1_oqn5yqe3ix0gr4lrbzs3p1ibd2c86039&st=170943", "doctor": "Phan Văn Tuấn", "doctor_candidates": [{"id": "cbbBacSiPT", "value": "Phan Văn Tuấn"}], "doctor_field": "cbbBacSiPT", "doctor_found": true, "method": "Phẫu thuật điều trị hội chứng ống cổ tay", "method_candidates": [{"id": "txtNoiDungPT", "value": ""}, {"id": "cbbPhuongPhapPT", "value": "Phẫu thuật điều trị hội chứng ống cổ tay"}, {"id": "cbbChiDinhMoPT", "value": "(PT.1247)Phẫu thuật điều trị hội chứng ống cổ tay"}], "method_field": "cbbPhuongPhapPT", "patient_info": "", "root_found": true, "start_candidates": [{"id": "txtBatDauPT", "value": "08:30 04/08/2026"}], "start_time": "08:30 04/08/2026", "start_time_field": "txtBatDauPT"}
[2026-09-22 17:09:46.196] [BROWSER] [DETAIL] Nguồn bác sĩ: BS mổ chính; field=cbbBacSiPT; value=Phan Văn Tuấn
[2026-09-22 17:09:46.198] [DETAIL_OK] D/s Phẫu thuật: đọc được hồ sơ chi tiết
{
  "doctor_from_emr": "Phan Văn Tuấn",
  "mapped_alias": "TUẤN",
  "mapped_name": "Phan Văn Tuấn",
  "start_time": "08:30 04/08/2026",
  "start_time_field": "txtBatDauPT",
  "method": "Phẫu thuật điều trị hội chứng ống cổ tay",
  "method_field": "cbbPhuongPhapPT",
  "list_time_source": "Thời gian",
  "list_method_source": "Nội dung phẫu thuật",
  "current_url": "http://192.168.2.26:2026/home.aspx?scope=sys&lang=vi&wpid=phauthuatdraw&phauthuatid=962ed18f-b652-47ab-86b9-b49c007db56a&keyword=v%C3%B5%20th%E1%BB%8B%20tho&tg=6&tungay=01/06/2026&denngay=23/09/2026&usid=172.31.255.1_oqn5yqe3ix0gr4lrbzs3p1ibd2c86039&st=170943",
  "total_score": 380.0,
  "method_score": 1.0
}
[2026-09-22 17:09:46.199] [EVALUATED] D/s Phẫu thuật: đánh giá 1 hồ sơ
{
  "items": [
    {
      "doctor": "Phan Văn Tuấn",
      "alias": "TUẤN",
      "detail_datetime": "2026-08-04 08:30:00",
      "method_score": 1.0,
      "total_score": 380.0,
      "confidence_ok": true
    }
  ]
}
[2026-09-22 17:09:46.200] [SOURCE_MATCH] D/s Phẫu thuật: đã chọn bác sĩ, không tìm nguồn còn lại
{
  "alias": "TUẤN"
}
[2026-09-22 17:09:46.850] [AUTOSAVE_ROW] Dòng 11: đã điền TUẤN và lưu ngay
{
  "patient": "VÕ THỊ THO",
  "source": "D/s Phẫu thuật",
  "doctor_name": "Phan Văn Tuấn",
  "emr_doctor": "Phan Văn Tuấn",
  "matched_time": "08:30 04/08/2026",
  "matched_method": "Phẫu thuật điều trị hội chứng ống cổ tay",
  "progress": "4/38",
  "output": "E:\\Thong_ke\\node_outputs\\PM khoa CTCH T8_NHAP_LIEU.xlsx"
}
[2026-09-22 17:09:46.851] [ROW_END] Kết thúc dòng 11
{
  "status": "updated",
  "new_value": "TUẤN",
  "reason": null
}
[2026-09-22 17:09:46.852] [ROW_BEGIN] [5/38] Bắt đầu dòng 12: HỒ LÊ BỬU NGỌC
{
  "raw_time": "2026/08/04 09:01",
  "parsed_time": "09:01 04/08/2026",
  "method": "Phẫu thuật điều trị ngón tay cò súng (1 ngón)",
  "old_value": ""
}
[2026-09-22 17:09:46.852] [SEARCH_BEGIN] dòng 12: tìm HỒ LÊ BỬU NGỌC tại D/s Phẫu thuật
{
  "patient": "HỒ LÊ BỬU NGỌC",
  "target_time": "2026-08-04 09:01:00",
  "target_method": "Phẫu thuật điều trị ngón tay cò súng (1 ngón)",
  "source": "surgery"
}
[2026-09-22 17:09:47.327] [BROWSER] [NAV] D/s Phẫu thuật: http://192.168.2.26:2026/home.aspx?scope=sys&lang=vi&wpid=danhsachphauthuatdraw&role=323&usid=172.31.255.1_oqn5yqe3ix0gr4lrbzs3p1ibd2c86039&st=170943
[2026-09-22 17:09:49.239] [BROWSER] [FILTER] 3 tháng
[2026-09-22 17:09:50.005] [BROWSER] [SEARCH] Nhập 'HỒ LÊ BỬU NGỌC' vào #txtTimKiem
[2026-09-22 17:09:50.193] [BROWSER] [SEARCH] Đã bấm Tìm kiếm bằng #btnTimKiem
[2026-09-22 17:09:50.221] [BROWSER] [RESULT] D/s Phẫu thuật: 2 dòng
[2026-09-22 17:09:50.231] [SEARCH_RESULT] D/s Phẫu thuật: nhận 2 dòng
{
  "current_url": "http://192.168.2.26:2026/home.aspx?scope=sys&lang=vi&wpid=danhsachphauthuatdraw&role=323&usid=172.31.255.1_oqn5yqe3ix0gr4lrbzs3p1ibd2c86039&st=170943",
  "search_input_id": "txtTimKiem",
  "search_trigger": "#btnTimKiem",
  "headers": [
    "STT",
    "Mã BN",
    "Họ tên",
    "Giới tính",
    "Tuổi",
    "Phòng mổ",
    "Nơi chuyển mổ",
    "Nội dung phẫu thuật",
    "Tình trạng",
    "Thời gian",
    "Trạng thái",
    "Đối tượng",
    "Đã tạm ứng"
  ],
  "rows": [
    {
      "access_id": "ad8b71e4-afb4-4adc-a003-b49c0094f1a2",
      "known_fields": {
        "stt": "1",
        "ma_bn": "26001964",
        "ho_ten": "HỒ LÊ BỬU NGỌC (Phẫu thuật tại khoa)",
        "gioi_tinh": "Nữ",
        "tuoi": "51 tuổi",
        "phong_mo": "PHÒNG PHẪU THUẬT",
        "noi_chuyen_mo": "Khoa Khám Bệnh",
        "noi_dung_phau_thuat": "Phẫu thuật điều trị ngón tay cò súng (1 ngón)",
        "tinh_trang": "Thường",
        "thoi_gian": "04/08/2026",
        "trang_thai": "Hoàn tất",
        "doi_tuong": "Bảo hiểm",
        "tam_ung": "0"
      },
      "raw_text": "1 26001964 HỒ LÊ BỬU NGỌC (Phẫu thuật tại khoa) Nữ 51 tuổi PHÒNG PHẪU THUẬT Khoa Khám Bệnh Phẫu thuật điều trị ngón tay cò súng (1 ngón) Thường 04/08/2026 Hoàn tất Bảo hiểm 0",
      "links": [
        {
          "text": "1",
          "href": "http://192.168.2.26:2026/home.aspx?scope=sys&lang=vi&wpid=phauthuatdraw&phauthuatid=ad8b71e4-afb4-4adc-a003-b49c0094f1a2&keyword=h%E1%BB%93%20l%C3%AA%20b%E1%BB%ADu%20ng%E1%BB%8Dc&tg=6&tungay=01/06/2026&denngay=23/09/2026&usid=172.31.255.1_oqn5yqe3ix0gr4lrbzs3p1ibd2c86039&st=170948",
          "onclick": ""
        },
        {
          "text": "26001964",
          "href": "http://192.168.2.26:2026/home.aspx?scope=sys&lang=vi&wpid=phauthuatdraw&phauthuatid=ad8b71e4-afb4-4adc-a003-b49c0094f1a2&keyword=h%E1%BB%93%20l%C3%AA%20b%E1%BB%ADu%20ng%E1%BB%8Dc&tg=6&tungay=01/06/2026&denngay=23/09/2026&usid=172.31.255.1_oqn5yqe3ix0gr4lrbzs3p1ibd2c86039&st=170948",
          "onclick": ""
        },
        {
          "text": "HỒ LÊ BỬU NGỌC (Phẫu thuật tại khoa)",
          "href": "http://192.168.2.26:2026/home.aspx?scope=sys&lang=vi&wpid=phauthuatdraw&phauthuatid=ad8b71e4-afb4-4adc-a003-b49c0094f1a2&keyword=h%E1%BB%93%20l%C3%AA%20b%E1%BB%ADu%20ng%E1%BB%8Dc&tg=6&tungay=01/06/2026&denngay=23/09/2026&usid=172.31.255.1_oqn5yqe3ix0gr4lrbzs3p1ibd2c86039&st=170948",
          "onclick": ""
        },
        {
          "text": "Nữ",
          "href": "http://192.168.2.26:2026/home.aspx?scope=sys&lang=vi&wpid=phauthuatdraw&phauthuatid=ad8b71e4-afb4-4adc-a003-b49c0094f1a2&keyword=h%E1%BB%93%20l%C3%AA%20b%E1%BB%ADu%20ng%E1%BB%8Dc&tg=6&tungay=01/06/2026&denngay=23/09/2026&usid=172.31.255.1_oqn5yqe3ix0gr4lrbzs3p1ibd2c86039&st=170948",
          "onclick": ""
        },
        {
          "text": "51 tuổi",
          "href": "http://192.168.2.26:2026/home.aspx?scope=sys&lang=vi&wpid=phauthuatdraw&phauthuatid=ad8b71e4-afb4-4adc-a003-b49c0094f1a2&keyword=h%E1%BB%93%20l%C3%AA%20b%E1%BB%ADu%20ng%E1%BB%8Dc&tg=6&tungay=01/06/2026&denngay=23/09/2026&usid=172.31.255.1_oqn5yqe3ix0gr4lrbzs3p1ibd2c86039&st=170948",
          "onclick": ""
        },
        {
          "text": "PHÒNG PHẪU THUẬT",
          "href": "http://192.168.2.26:2026/home.aspx?scope=sys&lang=vi&wpid=phauthuatdraw&phauthuatid=ad8b71e4-afb4-4adc-a003-b49c0094f1a2&keyword=h%E1%BB%93%20l%C3%AA%20b%E1%BB%ADu%20ng%E1%BB%8Dc&tg=6&tungay=01/06/2026&denngay=23/09/2026&usid=172.31.255.1_oqn5yqe3ix0gr4lrbzs3p1ibd2c86039&st=170948",
          "onclick": ""
        },
        {
          "text": "Khoa Khám Bệnh",
          "href": "http://192.168.2.26:2026/home.aspx?scope=sys&lang=vi&wpid=phauthuatdraw&phauthuatid=ad8b71e4-afb4-4adc-a003-b49c0094f1a2&keyword=h%E1%BB%93%20l%C3%AA%20b%E1%BB%ADu%20ng%E1%BB%8Dc&tg=6&tungay=01/06/2026&denngay=23/09/2026&usid=172.31.255.1_oqn5yqe3ix0gr4lrbzs3p1ibd2c86039&st=170948",
          "onclick": ""
        },
        {
          "text": "Phẫu thuật điều trị ngón tay cò súng (1 ngón)",
          "href": "http://192.168.2.26:2026/home.aspx?scope=sys&lang=vi&wpid=phauthuatdraw&phauthuatid=ad8b71e4-afb4-4adc-a003-b49c0094f1a2&keyword=h%E1%BB%93%20l%C3%AA%20b%E1%BB%ADu%20ng%E1%BB%8Dc&tg=6&tungay=01/06/2026&denngay=23/09/2026&usid=172.31.255.1_oqn5yqe3ix0gr4lrbzs3p1ibd2c86039&st=170948",
          "onclick": ""
        },
        {
          "text": "Thường",
          "href": "http://192.168.2.26:2026/home.aspx?scope=sys&lang=vi&wpid=phauthuatdraw&phauthuatid=ad8b71e4-afb4-4adc-a003-b49c0094f1a2&keyword=h%E1%BB%93%20l%C3%AA%20b%E1%BB%ADu%20ng%E1%BB%8Dc&tg=6&tungay=01/06/2026&denngay=23/09/2026&usid=172.31.255.1_oqn5yqe3ix0gr4lrbzs3p1ibd2c86039&st=170948",
          "onclick": ""
        },
        {
          "text": "04/08/2026",
          "href": "http://192.168.2.26:2026/home.aspx?scope=sys&lang=vi&wpid=phauthuatdraw&phauthuatid=ad8b71e4-afb4-4adc-a003-b49c0094f1a2&keyword=h%E1%BB%93%20l%C3%AA%20b%E1%BB%ADu%20ng%E1%BB%8Dc&tg=6&tungay=01/06/2026&denngay=23/09/2026&usid=172.31.255.1_oqn5yqe3ix0gr4lrbzs3p1ibd2c86039&st=170948",
          "onclick": ""
        }
      ]
    },
    {
      "access_id": "b3212e82-3c77-4e4b-b2ff-b472009db93e",
      "known_fields": {
        "stt": "2",
        "ma_bn": "26001964",
        "ho_ten": "HỒ LÊ BỬU NGỌC (Phẫu thuật tại khoa)",
        "gioi_tinh": "Nữ",
        "tuoi": "51 tuổi",
        "phong_mo": "PHÒNG PHẪU THUẬT",
        "noi_chuyen_mo": "Khoa Khám Bệnh",
        "noi_dung_phau_thuat": "Phẫu thuật điều trị hội chứng ống cổ tay",
        "tinh_trang": "Thường",
        "thoi_gian": "23/06/2026",
        "trang_thai": "Hoàn tất",
        "doi_tuong": "Bảo hiểm",
        "tam_ung": "0"
      },
      "raw_text": "2 26001964 HỒ LÊ BỬU NGỌC (Phẫu thuật tại khoa) Nữ 51 tuổi PHÒNG PHẪU THUẬT Khoa Khám Bệnh Phẫu thuật điều trị hội chứng ống cổ tay Thường 23/06/2026 Hoàn tất Bảo hiểm 0",
      "links": [
        {
          "text": "2",
          "href": "http://192.168.2.26:2026/home.aspx?scope=sys&lang=vi&wpid=phauthuatdraw&phauthuatid=b3212e82-3c77-4e4b-b2ff-b472009db93e&keyword=h%E1%BB%93%20l%C3%AA%20b%E1%BB%ADu%20ng%E1%BB%8Dc&tg=6&tungay=01/06/2026&denngay=23/09/2026&usid=172.31.255.1_oqn5yqe3ix0gr4lrbzs3p1ibd2c86039&st=170948",
          "onclick": ""
        },
        {
          "text": "26001964",
          "href": "http://192.168.2.26:2026/home.aspx?scope=sys&lang=vi&wpid=phauthuatdraw&phauthuatid=b3212e82-3c77-4e4b-b2ff-b472009db93e&keyword=h%E1%BB%93%20l%C3%AA%20b%E1%BB%ADu%20ng%E1%BB%8Dc&tg=6&tungay=01/06/2026&denngay=23/09/2026&usid=172.31.255.1_oqn5yqe3ix0gr4lrbzs3p1ibd2c86039&st=170948",
          "onclick": ""
        },
        {
          "text": "HỒ LÊ BỬU NGỌC (Phẫu thuật tại khoa)",
          "href": "http://192.168.2.26:2026/home.aspx?scope=sys&lang=vi&wpid=phauthuatdraw&phauthuatid=b3212e82-3c77-4e4b-b2ff-b472009db93e&keyword=h%E1%BB%93%20l%C3%AA%20b%E1%BB%ADu%20ng%E1%BB%8Dc&tg=6&tungay=01/06/2026&denngay=23/09/2026&usid=172.31.255.1_oqn5yqe3ix0gr4lrbzs3p1ibd2c86039&st=170948",
          "onclick": ""
        },
        {
          "text": "Nữ",
          "href": "http://192.168.2.26:2026/home.aspx?scope=sys&lang=vi&wpid=phauthuatdraw&phauthuatid=b3212e82-3c77-4e4b-b2ff-b472009db93e&keyword=h%E1%BB%93%20l%C3%AA%20b%E1%BB%ADu%20ng%E1%BB%8Dc&tg=6&tungay=01/06/2026&denngay=23/09/2026&usid=172.31.255.1_oqn5yqe3ix0gr4lrbzs3p1ibd2c86039&st=170948",
          "onclick": ""
        },
        {
          "text": "51 tuổi",
          "href": "http://192.168.2.26:2026/home.aspx?scope=sys&lang=vi&wpid=phauthuatdraw&phauthuatid=b3212e82-3c77-4e4b-b2ff-b472009db93e&keyword=h%E1%BB%93%20l%C3%AA%20b%E1%BB%ADu%20ng%E1%BB%8Dc&tg=6&tungay=01/06/2026&denngay=23/09/2026&usid=172.31.255.1_oqn5yqe3ix0gr4lrbzs3p1ibd2c86039&st=170948",
          "onclick": ""
        },
        {
          "text": "PHÒNG PHẪU THUẬT",
          "href": "http://192.168.2.26:2026/home.aspx?scope=sys&lang=vi&wpid=phauthuatdraw&phauthuatid=b3212e82-3c77-4e4b-b2ff-b472009db93e&keyword=h%E1%BB%93%20l%C3%AA%20b%E1%BB%ADu%20ng%E1%BB%8Dc&tg=6&tungay=01/06/2026&denngay=23/09/2026&usid=172.31.255.1_oqn5yqe3ix0gr4lrbzs3p1ibd2c86039&st=170948",
          "onclick": ""
        },
        {
          "text": "Khoa Khám Bệnh",
          "href": "http://192.168.2.26:2026/home.aspx?scope=sys&lang=vi&wpid=phauthuatdraw&phauthuatid=b3212e82-3c77-4e4b-b2ff-b472009db93e&keyword=h%E1%BB%93%20l%C3%AA%20b%E1%BB%ADu%20ng%E1%BB%8Dc&tg=6&tungay=01/06/2026&denngay=23/09/2026&usid=172.31.255.1_oqn5yqe3ix0gr4lrbzs3p1ibd2c86039&st=170948",
          "onclick": ""
        },
        {
          "text": "Phẫu thuật điều trị hội chứng ống cổ tay",
          "href": "http://192.168.2.26:2026/home.aspx?scope=sys&lang=vi&wpid=phauthuatdraw&phauthuatid=b3212e82-3c77-4e4b-b2ff-b472009db93e&keyword=h%E1%BB%93%20l%C3%AA%20b%E1%BB%ADu%20ng%E1%BB%8Dc&tg=6&tungay=01/06/2026&denngay=23/09/2026&usid=172.31.255.1_oqn5yqe3ix0gr4lrbzs3p1ibd2c86039&st=170948",
          "onclick": ""
        },
        {
          "text": "Thường",
          "href": "http://192.168.2.26:2026/home.aspx?scope=sys&lang=vi&wpid=phauthuatdraw&phauthuatid=b3212e82-3c77-4e4b-b2ff-b472009db93e&keyword=h%E1%BB%93%20l%C3%AA%20b%E1%BB%ADu%20ng%E1%BB%8Dc&tg=6&tungay=01/06/2026&denngay=23/09/2026&usid=172.31.255.1_oqn5yqe3ix0gr4lrbzs3p1ibd2c86039&st=170948",
          "onclick": ""
        },
        {
          "text": "23/06/2026",
          "href": "http://192.168.2.26:2026/home.aspx?scope=sys&lang=vi&wpid=phauthuatdraw&phauthuatid=b3212e82-3c77-4e4b-b2ff-b472009db93e&keyword=h%E1%BB%93%20l%C3%AA%20b%E1%BB%ADu%20ng%E1%BB%8Dc&tg=6&tungay=01/06/2026&denngay=23/09/2026&usid=172.31.255.1_oqn5yqe3ix0gr4lrbzs3p1ibd2c86039&st=170948",
          "onclick": ""
        }
      ]
    }
  ]
}
[2026-09-22 17:09:50.235] [CANDIDATES] D/s Phẫu thuật: có 2 ứng viên cùng người bệnh
{
  "candidates": [
    {
      "list_score": 125.0,
      "list_datetime": "2026-08-04 00:00:00",
      "list_time_source": "Thời gian",
      "list_method": "Phẫu thuật điều trị ngón tay cò súng (1 ngón)",
      "list_method_source": "Nội dung phẫu thuật",
      "method_score": 1.0,
      "detail_marker": "http://192.168.2.26:2026/home.aspx?scope=sys&lang=vi&wpid=phauthuatdraw&phauthuatid=ad8b71e4-afb4-4adc-a003-b49c0094f1a2&keyword=h%E1%BB%93%20l%C3%AA%20b%E1%BB%ADu%20ng%E1%BB%8Dc&tg=6&tungay=01/06/2026&denngay=23/09/2026&usid=172.31.255.1_oqn5yqe3ix0gr4lrbzs3p1ibd2c86039&st=170948",
      "row": {
        "access_id": "ad8b71e4-afb4-4adc-a003-b49c0094f1a2",
        "known_fields": {
          "stt": "1",
          "ma_bn": "26001964",
          "ho_ten": "HỒ LÊ BỬU NGỌC (Phẫu thuật tại khoa)",
          "gioi_tinh": "Nữ",
          "tuoi": "51 tuổi",
          "phong_mo": "PHÒNG PHẪU THUẬT",
          "noi_chuyen_mo": "Khoa Khám Bệnh",
          "noi_dung_phau_thuat": "Phẫu thuật điều trị ngón tay cò súng (1 ngón)",
          "tinh_trang": "Thường",
          "thoi_gian": "04/08/2026",
          "trang_thai": "Hoàn tất",
          "doi_tuong": "Bảo hiểm",
          "tam_ung": "0"
        },
        "raw_text": "1 26001964 HỒ LÊ BỬU NGỌC (Phẫu thuật tại khoa) Nữ 51 tuổi PHÒNG PHẪU THUẬT Khoa Khám Bệnh Phẫu thuật điều trị ngón tay cò súng (1 ngón) Thường 04/08/2026 Hoàn tất Bảo hiểm 0",
        "links": [
          {
            "text": "1",
            "href": "http://192.168.2.26:2026/home.aspx?scope=sys&lang=vi&wpid=phauthuatdraw&phauthuatid=ad8b71e4-afb4-4adc-a003-b49c0094f1a2&keyword=h%E1%BB%93%20l%C3%AA%20b%E1%BB%ADu%20ng%E1%BB%8Dc&tg=6&tungay=01/06/2026&denngay=23/09/2026&usid=172.31.255.1_oqn5yqe3ix0gr4lrbzs3p1ibd2c86039&st=170948",
            "onclick": ""
          },
          {
            "text": "26001964",
            "href": "http://192.168.2.26:2026/home.aspx?scope=sys&lang=vi&wpid=phauthuatdraw&phauthuatid=ad8b71e4-afb4-4adc-a003-b49c0094f1a2&keyword=h%E1%BB%93%20l%C3%AA%20b%E1%BB%ADu%20ng%E1%BB%8Dc&tg=6&tungay=01/06/2026&denngay=23/09/2026&usid=172.31.255.1_oqn5yqe3ix0gr4lrbzs3p1ibd2c86039&st=170948",
            "onclick": ""
          },
          {
            "text": "HỒ LÊ BỬU NGỌC (Phẫu thuật tại khoa)",
            "href": "http://192.168.2.26:2026/home.aspx?scope=sys&lang=vi&wpid=phauthuatdraw&phauthuatid=ad8b71e4-afb4-4adc-a003-b49c0094f1a2&keyword=h%E1%BB%93%20l%C3%AA%20b%E1%BB%ADu%20ng%E1%BB%8Dc&tg=6&tungay=01/06/2026&denngay=23/09/2026&usid=172.31.255.1_oqn5yqe3ix0gr4lrbzs3p1ibd2c86039&st=170948",
            "onclick": ""
          },
          {
            "text": "Nữ",
            "href": "http://192.168.2.26:2026/home.aspx?scope=sys&lang=vi&wpid=phauthuatdraw&phauthuatid=ad8b71e4-afb4-4adc-a003-b49c0094f1a2&keyword=h%E1%BB%93%20l%C3%AA%20b%E1%BB%ADu%20ng%E1%BB%8Dc&tg=6&tungay=01/06/2026&denngay=23/09/2026&usid=172.31.255.1_oqn5yqe3ix0gr4lrbzs3p1ibd2c86039&st=170948",
            "onclick": ""
          },
          {
            "text": "51 tuổi",
            "href": "http://192.168.2.26:2026/home.aspx?scope=sys&lang=vi&wpid=phauthuatdraw&phauthuatid=ad8b71e4-afb4-4adc-a003-b49c0094f1a2&keyword=h%E1%BB%93%20l%C3%AA%20b%E1%BB%ADu%20ng%E1%BB%8Dc&tg=6&tungay=01/06/2026&denngay=23/09/2026&usid=172.31.255.1_oqn5yqe3ix0gr4lrbzs3p1ibd2c86039&st=170948",
            "onclick": ""
          },
          {
            "text": "PHÒNG PHẪU THUẬT",
            "href": "http://192.168.2.26:2026/home.aspx?scope=sys&lang=vi&wpid=phauthuatdraw&phauthuatid=ad8b71e4-afb4-4adc-a003-b49c0094f1a2&keyword=h%E1%BB%93%20l%C3%AA%20b%E1%BB%ADu%20ng%E1%BB%8Dc&tg=6&tungay=01/06/2026&denngay=23/09/2026&usid=172.31.255.1_oqn5yqe3ix0gr4lrbzs3p1ibd2c86039&st=170948",
            "onclick": ""
          },
          {
            "text": "Khoa Khám Bệnh",
            "href": "http://192.168.2.26:2026/home.aspx?scope=sys&lang=vi&wpid=phauthuatdraw&phauthuatid=ad8b71e4-afb4-4adc-a003-b49c0094f1a2&keyword=h%E1%BB%93%20l%C3%AA%20b%E1%BB%ADu%20ng%E1%BB%8Dc&tg=6&tungay=01/06/2026&denngay=23/09/2026&usid=172.31.255.1_oqn5yqe3ix0gr4lrbzs3p1ibd2c86039&st=170948",
            "onclick": ""
          },
          {
            "text": "Phẫu thuật điều trị ngón tay cò súng (1 ngón)",
            "href": "http://192.168.2.26:2026/home.aspx?scope=sys&lang=vi&wpid=phauthuatdraw&phauthuatid=ad8b71e4-afb4-4adc-a003-b49c0094f1a2&keyword=h%E1%BB%93%20l%C3%AA%20b%E1%BB%ADu%20ng%E1%BB%8Dc&tg=6&tungay=01/06/2026&denngay=23/09/2026&usid=172.31.255.1_oqn5yqe3ix0gr4lrbzs3p1ibd2c86039&st=170948",
            "onclick": ""
          },
          {
            "text": "Thường",
            "href": "http://192.168.2.26:2026/home.aspx?scope=sys&lang=vi&wpid=phauthuatdraw&phauthuatid=ad8b71e4-afb4-4adc-a003-b49c0094f1a2&keyword=h%E1%BB%93%20l%C3%AA%20b%E1%BB%ADu%20ng%E1%BB%8Dc&tg=6&tungay=01/06/2026&denngay=23/09/2026&usid=172.31.255.1_oqn5yqe3ix0gr4lrbzs3p1ibd2c86039&st=170948",
            "onclick": ""
          },
          {
            "text": "04/08/2026",
            "href": "http://192.168.2.26:2026/home.aspx?scope=sys&lang=vi&wpid=phauthuatdraw&phauthuatid=ad8b71e4-afb4-4adc-a003-b49c0094f1a2&keyword=h%E1%BB%93%20l%C3%AA%20b%E1%BB%ADu%20ng%E1%BB%8Dc&tg=6&tungay=01/06/2026&denngay=23/09/2026&usid=172.31.255.1_oqn5yqe3ix0gr4lrbzs3p1ibd2c86039&st=170948",
            "onclick": ""
          }
        ]
      }
    },
    {
      "list_score": 62.10843373493976,
      "list_datetime": "2026-06-23 00:00:00",
      "list_time_source": "Thời gian",
      "list_method": "Phẫu thuật điều trị hội chứng ống cổ tay",
      "list_method_source": "Nội dung phẫu thuật",
      "method_score": 0.6746987951807228,
      "detail_marker": "http://192.168.2.26:2026/home.aspx?scope=sys&lang=vi&wpid=phauthuatdraw&phauthuatid=b3212e82-3c77-4e4b-b2ff-b472009db93e&keyword=h%E1%BB%93%20l%C3%AA%20b%E1%BB%ADu%20ng%E1%BB%8Dc&tg=6&tungay=01/06/2026&denngay=23/09/2026&usid=172.31.255.1_oqn5yqe3ix0gr4lrbzs3p1ibd2c86039&st=170948",
      "row": {
        "access_id": "b3212e82-3c77-4e4b-b2ff-b472009db93e",
        "known_fields": {
          "stt": "2",
          "ma_bn": "26001964",
          "ho_ten": "HỒ LÊ BỬU NGỌC (Phẫu thuật tại khoa)",
          "gioi_tinh": "Nữ",
          "tuoi": "51 tuổi",
          "phong_mo": "PHÒNG PHẪU THUẬT",
          "noi_chuyen_mo": "Khoa Khám Bệnh",
          "noi_dung_phau_thuat": "Phẫu thuật điều trị hội chứng ống cổ tay",
          "tinh_trang": "Thường",
          "thoi_gian": "23/06/2026",
          "trang_thai": "Hoàn tất",
          "doi_tuong": "Bảo hiểm",
          "tam_ung": "0"
        },
        "raw_text": "2 26001964 HỒ LÊ BỬU NGỌC (Phẫu thuật tại khoa) Nữ 51 tuổi PHÒNG PHẪU THUẬT Khoa Khám Bệnh Phẫu thuật điều trị hội chứng ống cổ tay Thường 23/06/2026 Hoàn tất Bảo hiểm 0",
        "links": [
          {
            "text": "2",
            "href": "http://192.168.2.26:2026/home.aspx?scope=sys&lang=vi&wpid=phauthuatdraw&phauthuatid=b3212e82-3c77-4e4b-b2ff-b472009db93e&keyword=h%E1%BB%93%20l%C3%AA%20b%E1%BB%ADu%20ng%E1%BB%8Dc&tg=6&tungay=01/06/2026&denngay=23/09/2026&usid=172.31.255.1_oqn5yqe3ix0gr4lrbzs3p1ibd2c86039&st=170948",
            "onclick": ""
          },
          {
            "text": "26001964",
            "href": "http://192.168.2.26:2026/home.aspx?scope=sys&lang=vi&wpid=phauthuatdraw&phauthuatid=b3212e82-3c77-4e4b-b2ff-b472009db93e&keyword=h%E1%BB%93%20l%C3%AA%20b%E1%BB%ADu%20ng%E1%BB%8Dc&tg=6&tungay=01/06/2026&denngay=23/09/2026&usid=172.31.255.1_oqn5yqe3ix0gr4lrbzs3p1ibd2c86039&st=170948",
            "onclick": ""
          },
          {
            "text": "HỒ LÊ BỬU NGỌC (Phẫu thuật tại khoa)",
            "href": "http://192.168.2.26:2026/home.aspx?scope=sys&lang=vi&wpid=phauthuatdraw&phauthuatid=b3212e82-3c77-4e4b-b2ff-b472009db93e&keyword=h%E1%BB%93%20l%C3%AA%20b%E1%BB%ADu%20ng%E1%BB%8Dc&tg=6&tungay=01/06/2026&denngay=23/09/2026&usid=172.31.255.1_oqn5yqe3ix0gr4lrbzs3p1ibd2c86039&st=170948",
            "onclick": ""
          },
          {
            "text": "Nữ",
            "href": "http://192.168.2.26:2026/home.aspx?scope=sys&lang=vi&wpid=phauthuatdraw&phauthuatid=b3212e82-3c77-4e4b-b2ff-b472009db93e&keyword=h%E1%BB%93%20l%C3%AA%20b%E1%BB%ADu%20ng%E1%BB%8Dc&tg=6&tungay=01/06/2026&denngay=23/09/2026&usid=172.31.255.1_oqn5yqe3ix0gr4lrbzs3p1ibd2c86039&st=170948",
            "onclick": ""
          },
          {
            "text": "51 tuổi",
            "href": "http://192.168.2.26:2026/home.aspx?scope=sys&lang=vi&wpid=phauthuatdraw&phauthuatid=b3212e82-3c77-4e4b-b2ff-b472009db93e&keyword=h%E1%BB%93%20l%C3%AA%20b%E1%BB%ADu%20ng%E1%BB%8Dc&tg=6&tungay=01/06/2026&denngay=23/09/2026&usid=172.31.255.1_oqn5yqe3ix0gr4lrbzs3p1ibd2c86039&st=170948",
            "onclick": ""
          },
          {
            "text": "PHÒNG PHẪU THUẬT",
            "href": "http://192.168.2.26:2026/home.aspx?scope=sys&lang=vi&wpid=phauthuatdraw&phauthuatid=b3212e82-3c77-4e4b-b2ff-b472009db93e&keyword=h%E1%BB%93%20l%C3%AA%20b%E1%BB%ADu%20ng%E1%BB%8Dc&tg=6&tungay=01/06/2026&denngay=23/09/2026&usid=172.31.255.1_oqn5yqe3ix0gr4lrbzs3p1ibd2c86039&st=170948",
            "onclick": ""
          },
          {
            "text": "Khoa Khám Bệnh",
            "href": "http://192.168.2.26:2026/home.aspx?scope=sys&lang=vi&wpid=phauthuatdraw&phauthuatid=b3212e82-3c77-4e4b-b2ff-b472009db93e&keyword=h%E1%BB%93%20l%C3%AA%20b%E1%BB%ADu%20ng%E1%BB%8Dc&tg=6&tungay=01/06/2026&denngay=23/09/2026&usid=172.31.255.1_oqn5yqe3ix0gr4lrbzs3p1ibd2c86039&st=170948",
            "onclick": ""
          },
          {
            "text": "Phẫu thuật điều trị hội chứng ống cổ tay",
            "href": "http://192.168.2.26:2026/home.aspx?scope=sys&lang=vi&wpid=phauthuatdraw&phauthuatid=b3212e82-3c77-4e4b-b2ff-b472009db93e&keyword=h%E1%BB%93%20l%C3%AA%20b%E1%BB%ADu%20ng%E1%BB%8Dc&tg=6&tungay=01/06/2026&denngay=23/09/2026&usid=172.31.255.1_oqn5yqe3ix0gr4lrbzs3p1ibd2c86039&st=170948",
            "onclick": ""
          },
          {
            "text": "Thường",
            "href": "http://192.168.2.26:2026/home.aspx?scope=sys&lang=vi&wpid=phauthuatdraw&phauthuatid=b3212e82-3c77-4e4b-b2ff-b472009db93e&keyword=h%E1%BB%93%20l%C3%AA%20b%E1%BB%ADu%20ng%E1%BB%8Dc&tg=6&tungay=01/06/2026&denngay=23/09/2026&usid=172.31.255.1_oqn5yqe3ix0gr4lrbzs3p1ibd2c86039&st=170948",
            "onclick": ""
          },
          {
            "text": "23/06/2026",
            "href": "http://192.168.2.26:2026/home.aspx?scope=sys&lang=vi&wpid=phauthuatdraw&phauthuatid=b3212e82-3c77-4e4b-b2ff-b472009db93e&keyword=h%E1%BB%93%20l%C3%AA%20b%E1%BB%ADu%20ng%E1%BB%8Dc&tg=6&tungay=01/06/2026&denngay=23/09/2026&usid=172.31.255.1_oqn5yqe3ix0gr4lrbzs3p1ibd2c86039&st=170948",
            "onclick": ""
          }
        ]
      }
    }
  ]
}
[2026-09-22 17:09:50.237] [DETAIL_BEGIN] D/s Phẫu thuật: mở ứng viên 1
{
  "detail_marker": "http://192.168.2.26:2026/home.aspx?scope=sys&lang=vi&wpid=phauthuatdraw&phauthuatid=ad8b71e4-afb4-4adc-a003-b49c0094f1a2&keyword=h%E1%BB%93%20l%C3%AA%20b%E1%BB%ADu%20ng%E1%BB%8Dc&tg=6&tungay=01/06/2026&denngay=23/09/2026&usid=172.31.255.1_oqn5yqe3ix0gr4lrbzs3p1ibd2c86039&st=170948",
  "list_datetime": "2026-08-04 00:00:00",
  "list_method": "Phẫu thuật điều trị ngón tay cò súng (1 ngón)",
  "row": {
    "access_id": "ad8b71e4-afb4-4adc-a003-b49c0094f1a2",
    "known_fields": {
      "stt": "1",
      "ma_bn": "26001964",
      "ho_ten": "HỒ LÊ BỬU NGỌC (Phẫu thuật tại khoa)",
      "gioi_tinh": "Nữ",
      "tuoi": "51 tuổi",
      "phong_mo": "PHÒNG PHẪU THUẬT",
      "noi_chuyen_mo": "Khoa Khám Bệnh",
      "noi_dung_phau_thuat": "Phẫu thuật điều trị ngón tay cò súng (1 ngón)",
      "tinh_trang": "Thường",
      "thoi_gian": "04/08/2026",
      "trang_thai": "Hoàn tất",
      "doi_tuong": "Bảo hiểm",
      "tam_ung": "0"
    },
    "raw_text": "1 26001964 HỒ LÊ BỬU NGỌC (Phẫu thuật tại khoa) Nữ 51 tuổi PHÒNG PHẪU THUẬT Khoa Khám Bệnh Phẫu thuật điều trị ngón tay cò súng (1 ngón) Thường 04/08/2026 Hoàn tất Bảo hiểm 0",
    "links": [
      {
        "text": "1",
        "href": "http://192.168.2.26:2026/home.aspx?scope=sys&lang=vi&wpid=phauthuatdraw&phauthuatid=ad8b71e4-afb4-4adc-a003-b49c0094f1a2&keyword=h%E1%BB%93%20l%C3%AA%20b%E1%BB%ADu%20ng%E1%BB%8Dc&tg=6&tungay=01/06/2026&denngay=23/09/2026&usid=172.31.255.1_oqn5yqe3ix0gr4lrbzs3p1ibd2c86039&st=170948",
        "onclick": ""
      },
      {
        "text": "26001964",
        "href": "http://192.168.2.26:2026/home.aspx?scope=sys&lang=vi&wpid=phauthuatdraw&phauthuatid=ad8b71e4-afb4-4adc-a003-b49c0094f1a2&keyword=h%E1%BB%93%20l%C3%AA%20b%E1%BB%ADu%20ng%E1%BB%8Dc&tg=6&tungay=01/06/2026&denngay=23/09/2026&usid=172.31.255.1_oqn5yqe3ix0gr4lrbzs3p1ibd2c86039&st=170948",
        "onclick": ""
      },
      {
        "text": "HỒ LÊ BỬU NGỌC (Phẫu thuật tại khoa)",
        "href": "http://192.168.2.26:2026/home.aspx?scope=sys&lang=vi&wpid=phauthuatdraw&phauthuatid=ad8b71e4-afb4-4adc-a003-b49c0094f1a2&keyword=h%E1%BB%93%20l%C3%AA%20b%E1%BB%ADu%20ng%E1%BB%8Dc&tg=6&tungay=01/06/2026&denngay=23/09/2026&usid=172.31.255.1_oqn5yqe3ix0gr4lrbzs3p1ibd2c86039&st=170948",
        "onclick": ""
      },
      {
        "text": "Nữ",
        "href": "http://192.168.2.26:2026/home.aspx?scope=sys&lang=vi&wpid=phauthuatdraw&phauthuatid=ad8b71e4-afb4-4adc-a003-b49c0094f1a2&keyword=h%E1%BB%93%20l%C3%AA%20b%E1%BB%ADu%20ng%E1%BB%8Dc&tg=6&tungay=01/06/2026&denngay=23/09/2026&usid=172.31.255.1_oqn5yqe3ix0gr4lrbzs3p1ibd2c86039&st=170948",
        "onclick": ""
      },
      {
        "text": "51 tuổi",
        "href": "http://192.168.2.26:2026/home.aspx?scope=sys&lang=vi&wpid=phauthuatdraw&phauthuatid=ad8b71e4-afb4-4adc-a003-b49c0094f1a2&keyword=h%E1%BB%93%20l%C3%AA%20b%E1%BB%ADu%20ng%E1%BB%8Dc&tg=6&tungay=01/06/2026&denngay=23/09/2026&usid=172.31.255.1_oqn5yqe3ix0gr4lrbzs3p1ibd2c86039&st=170948",
        "onclick": ""
      },
      {
        "text": "PHÒNG PHẪU THUẬT",
        "href": "http://192.168.2.26:2026/home.aspx?scope=sys&lang=vi&wpid=phauthuatdraw&phauthuatid=ad8b71e4-afb4-4adc-a003-b49c0094f1a2&keyword=h%E1%BB%93%20l%C3%AA%20b%E1%BB%ADu%20ng%E1%BB%8Dc&tg=6&tungay=01/06/2026&denngay=23/09/2026&usid=172.31.255.1_oqn5yqe3ix0gr4lrbzs3p1ibd2c86039&st=170948",
        "onclick": ""
      },
      {
        "text": "Khoa Khám Bệnh",
        "href": "http://192.168.2.26:2026/home.aspx?scope=sys&lang=vi&wpid=phauthuatdraw&phauthuatid=ad8b71e4-afb4-4adc-a003-b49c0094f1a2&keyword=h%E1%BB%93%20l%C3%AA%20b%E1%BB%ADu%20ng%E1%BB%8Dc&tg=6&tungay=01/06/2026&denngay=23/09/2026&usid=172.31.255.1_oqn5yqe3ix0gr4lrbzs3p1ibd2c86039&st=170948",
        "onclick": ""
      },
      {
        "text": "Phẫu thuật điều trị ngón tay cò súng (1 ngón)",
        "href": "http://192.168.2.26:2026/home.aspx?scope=sys&lang=vi&wpid=phauthuatdraw&phauthuatid=ad8b71e4-afb4-4adc-a003-b49c0094f1a2&keyword=h%E1%BB%93%20l%C3%AA%20b%E1%BB%ADu%20ng%E1%BB%8Dc&tg=6&tungay=01/06/2026&denngay=23/09/2026&usid=172.31.255.1_oqn5yqe3ix0gr4lrbzs3p1ibd2c86039&st=170948",
        "onclick": ""
      },
      {
        "text": "Thường",
        "href": "http://192.168.2.26:2026/home.aspx?scope=sys&lang=vi&wpid=phauthuatdraw&phauthuatid=ad8b71e4-afb4-4adc-a003-b49c0094f1a2&keyword=h%E1%BB%93%20l%C3%AA%20b%E1%BB%ADu%20ng%E1%BB%8Dc&tg=6&tungay=01/06/2026&denngay=23/09/2026&usid=172.31.255.1_oqn5yqe3ix0gr4lrbzs3p1ibd2c86039&st=170948",
        "onclick": ""
      },
      {
        "text": "04/08/2026",
        "href": "http://192.168.2.26:2026/home.aspx?scope=sys&lang=vi&wpid=phauthuatdraw&phauthuatid=ad8b71e4-afb4-4adc-a003-b49c0094f1a2&keyword=h%E1%BB%93%20l%C3%AA%20b%E1%BB%ADu%20ng%E1%BB%8Dc&tg=6&tungay=01/06/2026&denngay=23/09/2026&usid=172.31.255.1_oqn5yqe3ix0gr4lrbzs3p1ibd2c86039&st=170948",
        "onclick": ""
      }
    ]
  }
}
[2026-09-22 17:09:50.246] [BROWSER] [DETAIL] kind=surgery; access_id=ad8b71e4-afb4-4adc-a003-b49c0094f1a2; direct_url=yes; onclick=no
[2026-09-22 17:09:50.246] [BROWSER] [DETAIL] Mở liên kết trực tiếp: http://192.168.2.26:2026/home.aspx?scope=sys&lang=vi&wpid=phauthuatdraw&phauthuatid=ad8b71e4-afb4-4adc-a003-b49c0094f1a2&keyword=h%E1%BB%93%20l%C3%AA%20b%E1%BB%ADu%20ng%E1%BB%8Dc&tg=6&tungay=01/06/2026&denngay=23/09/2026&usid=172.31.255.1_oqn5yqe3ix0gr4lrbzs3p1ibd2c86039&st=170948
[2026-09-22 17:09:51.583] [BROWSER] [DETAIL] Dữ liệu đọc được: {"ajax_active": 0, "complete_info": "Người hoàn tất: Trần Quốc Toản (tqtoan) | TG nhấn hoàn tất: 09:08 04/08/2026", "current_url": "http://192.168.2.26:2026/home.aspx?scope=sys&lang=vi&wpid=phauthuatdraw&phauthuatid=ad8b71e4-afb4-4adc-a003-b49c0094f1a2&keyword=h%E1%BB%93%20l%C3%AA%20b%E1%BB%ADu%20ng%E1%BB%8Dc&tg=6&tungay=01/06/2026&denngay=23/09/2026&usid=172.31.255.1_oqn5yqe3ix0gr4lrbzs3p1ibd2c86039&st=170948", "doctor": "Trần Quốc Toản", "doctor_candidates": [{"id": "cbbBacSiPT", "value": "Trần Quốc Toản"}], "doctor_field": "cbbBacSiPT", "doctor_found": true, "method": "Phẫu thuật điều trị ngón tay cò súng (1 ngón)", "method_candidates": [{"id": "txtNoiDungPT", "value": ""}, {"id": "cbbPhuongPhapPT", "value": "Phẫu thuật điều trị ngón tay cò súng (1 ngón)"}, {"id": "cbbChiDinhMoPT", "value": "(PT.2597)Phẫu thuật điều trị ngón tay cò súng (1 ngón)"}], "method_field": "cbbPhuongPhapPT", "patient_info": "", "root_found": true, "start_candidates": [{"id": "txtBatDauPT", "value": "09:06 04/08/2026"}], "start_time": "09:06 04/08/2026", "start_time_field": "txtBatDauPT"}
[2026-09-22 17:09:51.584] [BROWSER] [DETAIL] Nguồn bác sĩ: BS mổ chính; field=cbbBacSiPT; value=Trần Quốc Toản
[2026-09-22 17:09:51.584] [DETAIL_OK] D/s Phẫu thuật: đọc được hồ sơ chi tiết
{
  "doctor_from_emr": "Trần Quốc Toản",
  "mapped_alias": "TOẢN",
  "mapped_name": "Trần Quốc Toản",
  "start_time": "09:06 04/08/2026",
  "start_time_field": "txtBatDauPT",
  "method": "Phẫu thuật điều trị ngón tay cò súng (1 ngón)",
  "method_field": "cbbPhuongPhapPT",
  "list_time_source": "Thời gian",
  "list_method_source": "Nội dung phẫu thuật",
  "current_url": "http://192.168.2.26:2026/home.aspx?scope=sys&lang=vi&wpid=phauthuatdraw&phauthuatid=ad8b71e4-afb4-4adc-a003-b49c0094f1a2&keyword=h%E1%BB%93%20l%C3%AA%20b%E1%BB%ADu%20ng%E1%BB%8Dc&tg=6&tungay=01/06/2026&denngay=23/09/2026&usid=172.31.255.1_oqn5yqe3ix0gr4lrbzs3p1ibd2c86039&st=170948",
  "total_score": 535.0,
  "method_score": 1.0
}
[2026-09-22 17:09:51.585] [EVALUATED] D/s Phẫu thuật: đánh giá 1 hồ sơ
{
  "items": [
    {
      "doctor": "Trần Quốc Toản",
      "alias": "TOẢN",
      "detail_datetime": "2026-08-04 09:06:00",
      "method_score": 1.0,
      "total_score": 535.0,
      "confidence_ok": true
    }
  ]
}
[2026-09-22 17:09:51.585] [SOURCE_MATCH] D/s Phẫu thuật: đã chọn bác sĩ, không tìm nguồn còn lại
{
  "alias": "TOẢN"
}
[2026-09-22 17:09:52.148] [AUTOSAVE_ROW] Dòng 12: đã điền TOẢN và lưu ngay
{
  "patient": "HỒ LÊ BỬU NGỌC",
  "source": "D/s Phẫu thuật",
  "doctor_name": "Trần Quốc Toản",
  "emr_doctor": "Trần Quốc Toản",
  "matched_time": "09:06 04/08/2026",
  "matched_method": "Phẫu thuật điều trị ngón tay cò súng (1 ngón)",
  "progress": "5/38",
  "output": "E:\\Thong_ke\\node_outputs\\PM khoa CTCH T8_NHAP_LIEU.xlsx"
}
[2026-09-22 17:09:52.149] [ROW_END] Kết thúc dòng 12
{
  "status": "updated",
  "new_value": "TOẢN",
  "reason": null
}
[2026-09-22 17:09:52.150] [ROW_BEGIN] [6/38] Bắt đầu dòng 13: TRẦN THANH BÌNH
{
  "raw_time": "2026/08/07 09:03",
  "parsed_time": "09:03 07/08/2026",
  "method": "Phẫu thuật điều trị ngón tay cò súng (1 ngón)",
  "old_value": ""
}
[2026-09-22 17:09:52.150] [SEARCH_BEGIN] dòng 13: tìm TRẦN THANH BÌNH tại D/s Phẫu thuật
{
  "patient": "TRẦN THANH BÌNH",
  "target_time": "2026-08-07 09:03:00",
  "target_method": "Phẫu thuật điều trị ngón tay cò súng (1 ngón)",
  "source": "surgery"
}
[2026-09-22 17:09:52.496] [BROWSER] [NAV] D/s Phẫu thuật: http://192.168.2.26:2026/home.aspx?scope=sys&lang=vi&wpid=danhsachphauthuatdraw&role=323&usid=172.31.255.1_oqn5yqe3ix0gr4lrbzs3p1ibd2c86039&st=170949
[2026-09-22 17:09:54.386] [BROWSER] [FILTER] 3 tháng
[2026-09-22 17:09:54.845] [BROWSER] [SEARCH] Nhập 'TRẦN THANH BÌNH' vào #txtTimKiem
[2026-09-22 17:09:54.972] [BROWSER] [SEARCH] Đã bấm Tìm kiếm bằng #btnTimKiem
[2026-09-22 17:09:54.993] [BROWSER] [RESULT] D/s Phẫu thuật: 1 dòng
[2026-09-22 17:09:54.999] [SEARCH_RESULT] D/s Phẫu thuật: nhận 1 dòng
{
  "current_url": "http://192.168.2.26:2026/home.aspx?scope=sys&lang=vi&wpid=danhsachphauthuatdraw&role=323&usid=172.31.255.1_oqn5yqe3ix0gr4lrbzs3p1ibd2c86039&st=170949",
  "search_input_id": "txtTimKiem",
  "search_trigger": "#btnTimKiem",
  "headers": [
    "STT",
    "Mã BN",
    "Họ tên",
    "Giới tính",
    "Tuổi",
    "Phòng mổ",
    "Nơi chuyển mổ",
    "Nội dung phẫu thuật",
    "Tình trạng",
    "Thời gian",
    "Trạng thái",
    "Đối tượng",
    "Đã tạm ứng"
  ],
  "rows": [
    {
      "access_id": "62ae4db0-efa2-4923-a860-b49f0095689b",
      "known_fields": {
        "stt": "1",
        "ma_bn": "26081698",
        "ho_ten": "TRẦN THANH BÌNH (Phẫu thuật tại khoa)",
        "gioi_tinh": "Nam",
        "tuoi": "51 tuổi",
        "phong_mo": "PHÒNG PHẪU THUẬT",
        "noi_chuyen_mo": "Khoa Khám Bệnh",
        "noi_dung_phau_thuat": "",
        "tinh_trang": "Thường",
        "thoi_gian": "07/08/2026",
        "trang_thai": "Chờ thực hiện",
        "doi_tuong": "Viện phí",
        "tam_ung": "0"
      },
      "raw_text": "1 26081698 TRẦN THANH BÌNH (Phẫu thuật tại khoa) Nam 51 tuổi PHÒNG PHẪU THUẬT Khoa Khám Bệnh Thường 07/08/2026 Chờ thực hiện Viện phí 0",
      "links": [
        {
          "text": "1",
          "href": "javascript:void(0);",
          "onclick": "checkBanGiaoPT('62ae4db0-efa2-4923-a860-b49f0095689b'); return false;"
        },
        {
          "text": "26081698",
          "href": "javascript:void(0);",
          "onclick": "checkBanGiaoPT('62ae4db0-efa2-4923-a860-b49f0095689b'); return false;"
        },
        {
          "text": "TRẦN THANH BÌNH (Phẫu thuật tại khoa)",
          "href": "javascript:void(0);",
          "onclick": "checkBanGiaoPT('62ae4db0-efa2-4923-a860-b49f0095689b'); return false;"
        },
        {
          "text": "Nam",
          "href": "javascript:void(0);",
          "onclick": "checkBanGiaoPT('62ae4db0-efa2-4923-a860-b49f0095689b'); return false;"
        },
        {
          "text": "51 tuổi",
          "href": "javascript:void(0);",
          "onclick": "checkBanGiaoPT('62ae4db0-efa2-4923-a860-b49f0095689b'); return false;"
        },
        {
          "text": "PHÒNG PHẪU THUẬT",
          "href": "javascript:void(0);",
          "onclick": "checkBanGiaoPT('62ae4db0-efa2-4923-a860-b49f0095689b'); return false;"
        },
        {
          "text": "Khoa Khám Bệnh",
          "href": "javascript:void(0);",
          "onclick": "checkBanGiaoPT('62ae4db0-efa2-4923-a860-b49f0095689b'); return false;"
        },
        {
          "text": "",
          "href": "javascript:void(0);",
          "onclick": "checkBanGiaoPT('62ae4db0-efa2-4923-a860-b49f0095689b'); return false;"
        },
        {
          "text": "Thường",
          "href": "javascript:void(0);",
          "onclick": "checkBanGiaoPT('62ae4db0-efa2-4923-a860-b49f0095689b'); return false;"
        },
        {
          "text": "07/08/2026",
          "href": "javascript:void(0);",
          "onclick": "checkBanGiaoPT('62ae4db0-efa2-4923-a860-b49f0095689b'); return false;"
        }
      ]
    }
  ]
}
[2026-09-22 17:09:55.000] [CANDIDATES] D/s Phẫu thuật: có 1 ứng viên cùng người bệnh
{
  "candidates": [
    {
      "list_score": 65.0,
      "list_datetime": "2026-08-07 00:00:00",
      "list_time_source": "Thời gian",
      "list_method": "",
      "list_method_source": "Nội dung phẫu thuật",
      "method_score": 0.0,
      "detail_marker": "javascript:checkBanGiaoPT('62ae4db0-efa2-4923-a860-b49f0095689b'); return false;",
      "row": {
        "access_id": "62ae4db0-efa2-4923-a860-b49f0095689b",
        "known_fields": {
          "stt": "1",
          "ma_bn": "26081698",
          "ho_ten": "TRẦN THANH BÌNH (Phẫu thuật tại khoa)",
          "gioi_tinh": "Nam",
          "tuoi": "51 tuổi",
          "phong_mo": "PHÒNG PHẪU THUẬT",
          "noi_chuyen_mo": "Khoa Khám Bệnh",
          "noi_dung_phau_thuat": "",
          "tinh_trang": "Thường",
          "thoi_gian": "07/08/2026",
          "trang_thai": "Chờ thực hiện",
          "doi_tuong": "Viện phí",
          "tam_ung": "0"
        },
        "raw_text": "1 26081698 TRẦN THANH BÌNH (Phẫu thuật tại khoa) Nam 51 tuổi PHÒNG PHẪU THUẬT Khoa Khám Bệnh Thường 07/08/2026 Chờ thực hiện Viện phí 0",
        "links": [
          {
            "text": "1",
            "href": "javascript:void(0);",
            "onclick": "checkBanGiaoPT('62ae4db0-efa2-4923-a860-b49f0095689b'); return false;"
          },
          {
            "text": "26081698",
            "href": "javascript:void(0);",
            "onclick": "checkBanGiaoPT('62ae4db0-efa2-4923-a860-b49f0095689b'); return false;"
          },
          {
            "text": "TRẦN THANH BÌNH (Phẫu thuật tại khoa)",
            "href": "javascript:void(0);",
            "onclick": "checkBanGiaoPT('62ae4db0-efa2-4923-a860-b49f0095689b'); return false;"
          },
          {
            "text": "Nam",
            "href": "javascript:void(0);",
            "onclick": "checkBanGiaoPT('62ae4db0-efa2-4923-a860-b49f0095689b'); return false;"
          },
          {
            "text": "51 tuổi",
            "href": "javascript:void(0);",
            "onclick": "checkBanGiaoPT('62ae4db0-efa2-4923-a860-b49f0095689b'); return false;"
          },
          {
            "text": "PHÒNG PHẪU THUẬT",
            "href": "javascript:void(0);",
            "onclick": "checkBanGiaoPT('62ae4db0-efa2-4923-a860-b49f0095689b'); return false;"
          },
          {
            "text": "Khoa Khám Bệnh",
            "href": "javascript:void(0);",
            "onclick": "checkBanGiaoPT('62ae4db0-efa2-4923-a860-b49f0095689b'); return false;"
          },
          {
            "text": "",
            "href": "javascript:void(0);",
            "onclick": "checkBanGiaoPT('62ae4db0-efa2-4923-a860-b49f0095689b'); return false;"
          },
          {
            "text": "Thường",
            "href": "javascript:void(0);",
            "onclick": "checkBanGiaoPT('62ae4db0-efa2-4923-a860-b49f0095689b'); return false;"
          },
          {
            "text": "07/08/2026",
            "href": "javascript:void(0);",
            "onclick": "checkBanGiaoPT('62ae4db0-efa2-4923-a860-b49f0095689b'); return false;"
          }
        ]
      }
    }
  ]
}
[2026-09-22 17:09:55.001] [DETAIL_BEGIN] D/s Phẫu thuật: mở ứng viên 1
{
  "detail_marker": "javascript:checkBanGiaoPT('62ae4db0-efa2-4923-a860-b49f0095689b'); return false;",
  "list_datetime": "2026-08-07 00:00:00",
  "list_method": "",
  "row": {
    "access_id": "62ae4db0-efa2-4923-a860-b49f0095689b",
    "known_fields": {
      "stt": "1",
      "ma_bn": "26081698",
      "ho_ten": "TRẦN THANH BÌNH (Phẫu thuật tại khoa)",
      "gioi_tinh": "Nam",
      "tuoi": "51 tuổi",
      "phong_mo": "PHÒNG PHẪU THUẬT",
      "noi_chuyen_mo": "Khoa Khám Bệnh",
      "noi_dung_phau_thuat": "",
      "tinh_trang": "Thường",
      "thoi_gian": "07/08/2026",
      "trang_thai": "Chờ thực hiện",
      "doi_tuong": "Viện phí",
      "tam_ung": "0"
    },
    "raw_text": "1 26081698 TRẦN THANH BÌNH (Phẫu thuật tại khoa) Nam 51 tuổi PHÒNG PHẪU THUẬT Khoa Khám Bệnh Thường 07/08/2026 Chờ thực hiện Viện phí 0",
    "links": [
      {
        "text": "1",
        "href": "javascript:void(0);",
        "onclick": "checkBanGiaoPT('62ae4db0-efa2-4923-a860-b49f0095689b'); return false;"
      },
      {
        "text": "26081698",
        "href": "javascript:void(0);",
        "onclick": "checkBanGiaoPT('62ae4db0-efa2-4923-a860-b49f0095689b'); return false;"
      },
      {
        "text": "TRẦN THANH BÌNH (Phẫu thuật tại khoa)",
        "href": "javascript:void(0);",
        "onclick": "checkBanGiaoPT('62ae4db0-efa2-4923-a860-b49f0095689b'); return false;"
      },
      {
        "text": "Nam",
        "href": "javascript:void(0);",
        "onclick": "checkBanGiaoPT('62ae4db0-efa2-4923-a860-b49f0095689b'); return false;"
      },
      {
        "text": "51 tuổi",
        "href": "javascript:void(0);",
        "onclick": "checkBanGiaoPT('62ae4db0-efa2-4923-a860-b49f0095689b'); return false;"
      },
      {
        "text": "PHÒNG PHẪU THUẬT",
        "href": "javascript:void(0);",
        "onclick": "checkBanGiaoPT('62ae4db0-efa2-4923-a860-b49f0095689b'); return false;"
      },
      {
        "text": "Khoa Khám Bệnh",
        "href": "javascript:void(0);",
        "onclick": "checkBanGiaoPT('62ae4db0-efa2-4923-a860-b49f0095689b'); return false;"
      },
      {
        "text": "",
        "href": "javascript:void(0);",
        "onclick": "checkBanGiaoPT('62ae4db0-efa2-4923-a860-b49f0095689b'); return false;"
      },
      {
        "text": "Thường",
        "href": "javascript:void(0);",
        "onclick": "checkBanGiaoPT('62ae4db0-efa2-4923-a860-b49f0095689b'); return false;"
      },
      {
        "text": "07/08/2026",
        "href": "javascript:void(0);",
        "onclick": "checkBanGiaoPT('62ae4db0-efa2-4923-a860-b49f0095689b'); return false;"
      }
    ]
  }
}
[2026-09-22 17:09:55.007] [BROWSER] [DETAIL] kind=surgery; access_id=62ae4db0-efa2-4923-a860-b49f0095689b; direct_url=no; onclick=yes
[2026-09-22 17:09:55.033] [BROWSER] [DETAIL] Kết quả gọi checkBanGiaoPT: {"access_id": "62ae4db0-efa2-4923-a860-b49f0095689b", "anchor_found": true, "captured_url": "home.aspx?scope=sys&lang=vi&wpid=phauthuatdraw&phauthuatid=62ae4db0-efa2-4923-a860-b49f0095689b&usid=172.31.255.1_oqn5yqe3ix0gr4lrbzs3p1ibd2c86039&st=170953", "error": "", "function_found": true, "onclick": "checkBanGiaoPT('62ae4db0-efa2-4923-a860-b49f0095689b'); return false;", "row_found": true}
[2026-09-22 17:09:55.033] [BROWSER] [DETAIL] URL chi tiết bắt được: http://192.168.2.26:2026/home.aspx?scope=sys&lang=vi&wpid=phauthuatdraw&phauthuatid=62ae4db0-efa2-4923-a860-b49f0095689b&usid=172.31.255.1_oqn5yqe3ix0gr4lrbzs3p1ibd2c86039&st=170953
[2026-09-22 17:09:56.111] [BROWSER] [DETAIL] Dữ liệu đọc được: {"ajax_active": 0, "complete_info": "", "current_url": "http://192.168.2.26:2026/home.aspx?scope=sys&lang=vi&wpid=phauthuatdraw&phauthuatid=62ae4db0-efa2-4923-a860-b49f0095689b&usid=172.31.255.1_oqn5yqe3ix0gr4lrbzs3p1ibd2c86039&st=170953", "doctor": "Nguyễn Giang Tử", "doctor_candidates": [{"id": "cbbBacSiPT", "value": "Nguyễn Giang Tử"}], "doctor_field": "cbbBacSiPT", "doctor_found": true, "method": "Phẫu thuật điều trị ngón tay cò súng (1 ngón)", "method_candidates": [{"id": "txtNoiDungPT", "value": ""}, {"id": "cbbPhuongPhapPT", "value": "Phẫu thuật điều trị ngón tay cò súng (1 ngón)"}, {"id": "cbbChiDinhMoPT", "value": "(PT.2597)Phẫu thuật điều trị ngón tay cò súng (1 ngón)"}], "method_field": "cbbPhuongPhapPT", "patient_info": "", "root_found": true, "start_candidates": [{"id": "txtBatDauPT", "value": "17:08 22/09/2026"}], "start_time": "17:08 22/09/2026", "start_time_field": "txtBatDauPT"}
[2026-09-22 17:09:56.111] [BROWSER] [DETAIL] Nguồn bác sĩ: BS mổ chính; field=cbbBacSiPT; value=Nguyễn Giang Tử
[2026-09-22 17:09:56.112] [DETAIL_OK] D/s Phẫu thuật: đọc được hồ sơ chi tiết
{
  "doctor_from_emr": "Nguyễn Giang Tử",
  "mapped_alias": "G.TỬ",
  "mapped_name": "Nguyễn Giang Tử",
  "start_time": "17:08 22/09/2026",
  "start_time_field": "txtBatDauPT",
  "method": "Phẫu thuật điều trị ngón tay cò súng (1 ngón)",
  "method_field": "cbbPhuongPhapPT",
  "list_time_source": "Thời gian",
  "list_method_source": "Nội dung phẫu thuật",
  "current_url": "http://192.168.2.26:2026/home.aspx?scope=sys&lang=vi&wpid=phauthuatdraw&phauthuatid=62ae4db0-efa2-4923-a860-b49f0095689b&usid=172.31.255.1_oqn5yqe3ix0gr4lrbzs3p1ibd2c86039&st=170953",
  "total_score": 135.0,
  "method_score": 1.0
}
[2026-09-22 17:09:56.112] [EVALUATED] D/s Phẫu thuật: đánh giá 1 hồ sơ
{
  "items": [
    {
      "doctor": "Nguyễn Giang Tử",
      "alias": "G.TỬ",
      "detail_datetime": "2026-09-22 17:08:00",
      "method_score": 1.0,
      "total_score": 135.0,
      "confidence_ok": false
    }
  ]
}
[2026-09-22 17:09:56.113] [SOURCE_MATCH_DATE] D/s Phẫu thuật: chọn hồ sơ cùng ngày và dừng
{
  "alias": "G.TỬ"
}
[2026-09-22 17:09:56.972] [AUTOSAVE_ROW] Dòng 13: đã điền G.TỬ và lưu ngay
{
  "patient": "TRẦN THANH BÌNH",
  "source": "D/s Phẫu thuật",
  "doctor_name": "Nguyễn Giang Tử",
  "emr_doctor": "Nguyễn Giang Tử",
  "matched_time": "17:08 22/09/2026",
  "matched_method": "Phẫu thuật điều trị ngón tay cò súng (1 ngón)",
  "progress": "6/38",
  "output": "E:\\Thong_ke\\node_outputs\\PM khoa CTCH T8_NHAP_LIEU.xlsx"
}
[2026-09-22 17:09:56.973] [ROW_END] Kết thúc dòng 13
{
  "status": "updated",
  "new_value": "G.TỬ",
  "reason": null
}
[2026-09-22 17:09:56.973] [ROW_BEGIN] [7/38] Bắt đầu dòng 14: NGUYỄN THỊ TUYẾT HẠNH
{
  "raw_time": "2026/08/07 09:44",
  "parsed_time": "09:44 07/08/2026",
  "method": "Phẫu thuật điều trị hội chứng ống cổ tay",
  "old_value": ""
}
[2026-09-22 17:09:56.974] [SEARCH_BEGIN] dòng 14: tìm NGUYỄN THỊ TUYẾT HẠNH tại D/s Phẫu thuật
{
  "patient": "NGUYỄN THỊ TUYẾT HẠNH",
  "target_time": "2026-08-07 09:44:00",
  "target_method": "Phẫu thuật điều trị hội chứng ống cổ tay",
  "source": "surgery"
}
[2026-09-22 17:09:57.336] [BROWSER] [NAV] D/s Phẫu thuật: http://192.168.2.26:2026/home.aspx?scope=sys&lang=vi&wpid=danhsachphauthuatdraw&role=323&usid=172.31.255.1_oqn5yqe3ix0gr4lrbzs3p1ibd2c86039&st=170953
[2026-09-22 17:09:59.427] [BROWSER] [FILTER] 3 tháng
[2026-09-22 17:09:59.888] [BROWSER] [SEARCH] Nhập 'NGUYỄN THỊ TUYẾT HẠNH' vào #txtTimKiem
[2026-09-22 17:09:59.993] [BROWSER] [SEARCH] Đã bấm Tìm kiếm bằng #btnTimKiem
[2026-09-22 17:10:00.011] [BROWSER] [RESULT] D/s Phẫu thuật: 1 dòng
[2026-09-22 17:10:00.019] [SEARCH_RESULT] D/s Phẫu thuật: nhận 1 dòng
{
  "current_url": "http://192.168.2.26:2026/home.aspx?scope=sys&lang=vi&wpid=danhsachphauthuatdraw&role=323&usid=172.31.255.1_oqn5yqe3ix0gr4lrbzs3p1ibd2c86039&st=170953",
  "search_input_id": "txtTimKiem",
  "search_trigger": "#btnTimKiem",
  "headers": [
    "STT",
    "Mã BN",
    "Họ tên",
    "Giới tính",
    "Tuổi",
    "Phòng mổ",
    "Nơi chuyển mổ",
    "Nội dung phẫu thuật",
    "Tình trạng",
    "Thời gian",
    "Trạng thái",
    "Đối tượng",
    "Đã tạm ứng"
  ],
  "rows": [
    {
      "access_id": "4e206211-fbf0-41bb-8154-b49f00a0b707",
      "known_fields": {
        "stt": "1",
        "ma_bn": "26081658",
        "ho_ten": "NGUYỄN THỊ TUYẾT HẠNH (Phẫu thuật tại khoa)",
        "gioi_tinh": "Nữ",
        "tuoi": "44 tuổi",
        "phong_mo": "PHÒNG PHẪU THUẬT",
        "noi_chuyen_mo": "Khoa Khám Bệnh",
        "noi_dung_phau_thuat": "",
        "tinh_trang": "Thường",
        "thoi_gian": "07/08/2026",
        "trang_thai": "Chờ thực hiện",
        "doi_tuong": "Viện phí",
        "tam_ung": "0"
      },
      "raw_text": "1 26081658 NGUYỄN THỊ TUYẾT HẠNH (Phẫu thuật tại khoa) Nữ 44 tuổi PHÒNG PHẪU THUẬT Khoa Khám Bệnh Thường 07/08/2026 Chờ thực hiện Viện phí 0",
      "links": [
        {
          "text": "1",
          "href": "javascript:void(0);",
          "onclick": "checkBanGiaoPT('4e206211-fbf0-41bb-8154-b49f00a0b707'); return false;"
        },
        {
          "text": "26081658",
          "href": "javascript:void(0);",
          "onclick": "checkBanGiaoPT('4e206211-fbf0-41bb-8154-b49f00a0b707'); return false;"
        },
        {
          "text": "NGUYỄN THỊ TUYẾT HẠNH (Phẫu thuật tại khoa)",
          "href": "javascript:void(0);",
          "onclick": "checkBanGiaoPT('4e206211-fbf0-41bb-8154-b49f00a0b707'); return false;"
        },
        {
          "text": "Nữ",
          "href": "javascript:void(0);",
          "onclick": "checkBanGiaoPT('4e206211-fbf0-41bb-8154-b49f00a0b707'); return false;"
        },
        {
          "text": "44 tuổi",
          "href": "javascript:void(0);",
          "onclick": "checkBanGiaoPT('4e206211-fbf0-41bb-8154-b49f00a0b707'); return false;"
        },
        {
          "text": "PHÒNG PHẪU THUẬT",
          "href": "javascript:void(0);",
          "onclick": "checkBanGiaoPT('4e206211-fbf0-41bb-8154-b49f00a0b707'); return false;"
        },
        {
          "text": "Khoa Khám Bệnh",
          "href": "javascript:void(0);",
          "onclick": "checkBanGiaoPT('4e206211-fbf0-41bb-8154-b49f00a0b707'); return false;"
        },
        {
          "text": "",
          "href": "javascript:void(0);",
          "onclick": "checkBanGiaoPT('4e206211-fbf0-41bb-8154-b49f00a0b707'); return false;"
        },
        {
          "text": "Thường",
          "href": "javascript:void(0);",
          "onclick": "checkBanGiaoPT('4e206211-fbf0-41bb-8154-b49f00a0b707'); return false;"
        },
        {
          "text": "07/08/2026",
          "href": "javascript:void(0);",
          "onclick": "checkBanGiaoPT('4e206211-fbf0-41bb-8154-b49f00a0b707'); return false;"
        }
      ]
    }
  ]
}
[2026-09-22 17:10:00.020] [CANDIDATES] D/s Phẫu thuật: có 1 ứng viên cùng người bệnh
{
  "candidates": [
    {
      "list_score": 65.0,
      "list_datetime": "2026-08-07 00:00:00",
      "list_time_source": "Thời gian",
      "list_method": "",
      "list_method_source": "Nội dung phẫu thuật",
      "method_score": 0.0,
      "detail_marker": "javascript:checkBanGiaoPT('4e206211-fbf0-41bb-8154-b49f00a0b707'); return false;",
      "row": {
        "access_id": "4e206211-fbf0-41bb-8154-b49f00a0b707",
        "known_fields": {
          "stt": "1",
          "ma_bn": "26081658",
          "ho_ten": "NGUYỄN THỊ TUYẾT HẠNH (Phẫu thuật tại khoa)",
          "gioi_tinh": "Nữ",
          "tuoi": "44 tuổi",
          "phong_mo": "PHÒNG PHẪU THUẬT",
          "noi_chuyen_mo": "Khoa Khám Bệnh",
          "noi_dung_phau_thuat": "",
          "tinh_trang": "Thường",
          "thoi_gian": "07/08/2026",
          "trang_thai": "Chờ thực hiện",
          "doi_tuong": "Viện phí",
          "tam_ung": "0"
        },
        "raw_text": "1 26081658 NGUYỄN THỊ TUYẾT HẠNH (Phẫu thuật tại khoa) Nữ 44 tuổi PHÒNG PHẪU THUẬT Khoa Khám Bệnh Thường 07/08/2026 Chờ thực hiện Viện phí 0",
        "links": [
          {
            "text": "1",
            "href": "javascript:void(0);",
            "onclick": "checkBanGiaoPT('4e206211-fbf0-41bb-8154-b49f00a0b707'); return false;"
          },
          {
            "text": "26081658",
            "href": "javascript:void(0);",
            "onclick": "checkBanGiaoPT('4e206211-fbf0-41bb-8154-b49f00a0b707'); return false;"
          },
          {
            "text": "NGUYỄN THỊ TUYẾT HẠNH (Phẫu thuật tại khoa)",
            "href": "javascript:void(0);",
            "onclick": "checkBanGiaoPT('4e206211-fbf0-41bb-8154-b49f00a0b707'); return false;"
          },
          {
            "text": "Nữ",
            "href": "javascript:void(0);",
            "onclick": "checkBanGiaoPT('4e206211-fbf0-41bb-8154-b49f00a0b707'); return false;"
          },
          {
            "text": "44 tuổi",
            "href": "javascript:void(0);",
            "onclick": "checkBanGiaoPT('4e206211-fbf0-41bb-8154-b49f00a0b707'); return false;"
          },
          {
            "text": "PHÒNG PHẪU THUẬT",
            "href": "javascript:void(0);",
            "onclick": "checkBanGiaoPT('4e206211-fbf0-41bb-8154-b49f00a0b707'); return false;"
          },
          {
            "text": "Khoa Khám Bệnh",
            "href": "javascript:void(0);",
            "onclick": "checkBanGiaoPT('4e206211-fbf0-41bb-8154-b49f00a0b707'); return false;"
          },
          {
            "text": "",
            "href": "javascript:void(0);",
            "onclick": "checkBanGiaoPT('4e206211-fbf0-41bb-8154-b49f00a0b707'); return false;"
          },
          {
            "text": "Thường",
            "href": "javascript:void(0);",
            "onclick": "checkBanGiaoPT('4e206211-fbf0-41bb-8154-b49f00a0b707'); return false;"
          },
          {
            "text": "07/08/2026",
            "href": "javascript:void(0);",
            "onclick": "checkBanGiaoPT('4e206211-fbf0-41bb-8154-b49f00a0b707'); return false;"
          }
        ]
      }
    }
  ]
}
[2026-09-22 17:10:00.021] [DETAIL_BEGIN] D/s Phẫu thuật: mở ứng viên 1
{
  "detail_marker": "javascript:checkBanGiaoPT('4e206211-fbf0-41bb-8154-b49f00a0b707'); return false;",
  "list_datetime": "2026-08-07 00:00:00",
  "list_method": "",
  "row": {
    "access_id": "4e206211-fbf0-41bb-8154-b49f00a0b707",
    "known_fields": {
      "stt": "1",
      "ma_bn": "26081658",
      "ho_ten": "NGUYỄN THỊ TUYẾT HẠNH (Phẫu thuật tại khoa)",
      "gioi_tinh": "Nữ",
      "tuoi": "44 tuổi",
      "phong_mo": "PHÒNG PHẪU THUẬT",
      "noi_chuyen_mo": "Khoa Khám Bệnh",
      "noi_dung_phau_thuat": "",
      "tinh_trang": "Thường",
      "thoi_gian": "07/08/2026",
      "trang_thai": "Chờ thực hiện",
      "doi_tuong": "Viện phí",
      "tam_ung": "0"
    },
    "raw_text": "1 26081658 NGUYỄN THỊ TUYẾT HẠNH (Phẫu thuật tại khoa) Nữ 44 tuổi PHÒNG PHẪU THUẬT Khoa Khám Bệnh Thường 07/08/2026 Chờ thực hiện Viện phí 0",
    "links": [
      {
        "text": "1",
        "href": "javascript:void(0);",
        "onclick": "checkBanGiaoPT('4e206211-fbf0-41bb-8154-b49f00a0b707'); return false;"
      },
      {
        "text": "26081658",
        "href": "javascript:void(0);",
        "onclick": "checkBanGiaoPT('4e206211-fbf0-41bb-8154-b49f00a0b707'); return false;"
      },
      {
        "text": "NGUYỄN THỊ TUYẾT HẠNH (Phẫu thuật tại khoa)",
        "href": "javascript:void(0);",
        "onclick": "checkBanGiaoPT('4e206211-fbf0-41bb-8154-b49f00a0b707'); return false;"
      },
      {
        "text": "Nữ",
        "href": "javascript:void(0);",
        "onclick": "checkBanGiaoPT('4e206211-fbf0-41bb-8154-b49f00a0b707'); return false;"
      },
      {
        "text": "44 tuổi",
        "href": "javascript:void(0);",
        "onclick": "checkBanGiaoPT('4e206211-fbf0-41bb-8154-b49f00a0b707'); return false;"
      },
      {
        "text": "PHÒNG PHẪU THUẬT",
        "href": "javascript:void(0);",
        "onclick": "checkBanGiaoPT('4e206211-fbf0-41bb-8154-b49f00a0b707'); return false;"
      },
      {
        "text": "Khoa Khám Bệnh",
        "href": "javascript:void(0);",
        "onclick": "checkBanGiaoPT('4e206211-fbf0-41bb-8154-b49f00a0b707'); return false;"
      },
      {
        "text": "",
        "href": "javascript:void(0);",
        "onclick": "checkBanGiaoPT('4e206211-fbf0-41bb-8154-b49f00a0b707'); return false;"
      },
      {
        "text": "Thường",
        "href": "javascript:void(0);",
        "onclick": "checkBanGiaoPT('4e206211-fbf0-41bb-8154-b49f00a0b707'); return false;"
      },
      {
        "text": "07/08/2026",
        "href": "javascript:void(0);",
        "onclick": "checkBanGiaoPT('4e206211-fbf0-41bb-8154-b49f00a0b707'); return false;"
      }
    ]
  }
}
[2026-09-22 17:10:00.027] [BROWSER] [DETAIL] kind=surgery; access_id=4e206211-fbf0-41bb-8154-b49f00a0b707; direct_url=no; onclick=yes
[2026-09-22 17:10:00.091] [BROWSER] [DETAIL] Kết quả gọi checkBanGiaoPT: {"access_id": "4e206211-fbf0-41bb-8154-b49f00a0b707", "anchor_found": true, "captured_url": "home.aspx?scope=sys&lang=vi&wpid=phauthuatdraw&phauthuatid=4e206211-fbf0-41bb-8154-b49f00a0b707&usid=172.31.255.1_oqn5yqe3ix0gr4lrbzs3p1ibd2c86039&st=170958", "error": "", "function_found": true, "onclick": "checkBanGiaoPT('4e206211-fbf0-41bb-8154-b49f00a0b707'); return false;", "row_found": true}
[2026-09-22 17:10:00.091] [BROWSER] [DETAIL] URL chi tiết bắt được: http://192.168.2.26:2026/home.aspx?scope=sys&lang=vi&wpid=phauthuatdraw&phauthuatid=4e206211-fbf0-41bb-8154-b49f00a0b707&usid=172.31.255.1_oqn5yqe3ix0gr4lrbzs3p1ibd2c86039&st=170958
[2026-09-22 17:10:01.423] [BROWSER] [DETAIL] Dữ liệu đọc được: {"ajax_active": 0, "complete_info": "", "current_url": "http://192.168.2.26:2026/home.aspx?scope=sys&lang=vi&wpid=phauthuatdraw&phauthuatid=4e206211-fbf0-41bb-8154-b49f00a0b707&usid=172.31.255.1_oqn5yqe3ix0gr4lrbzs3p1ibd2c86039&st=170958", "doctor": "Phạm Việt Tân", "doctor_candidates": [{"id": "cbbBacSiPT", "value": "Phạm Việt Tân"}], "doctor_field": "cbbBacSiPT", "doctor_found": true, "method": "Phẫu thuật điều trị hội chứng ống cổ tay", "method_candidates": [{"id": "txtNoiDungPT", "value": ""}, {"id": "cbbPhuongPhapPT", "value": "Phẫu thuật điều trị hội chứng ống cổ tay"}, {"id": "cbbChiDinhMoPT", "value": "(PT.1247)Phẫu thuật điều trị hội chứng ống cổ tay"}], "method_field": "cbbPhuongPhapPT", "patient_info": "", "root_found": true, "start_candidates": [{"id": "txtBatDauPT", "value": "17:08 22/09/2026"}], "start_time": "17:08 22/09/2026", "start_time_field": "txtBatDauPT"}
[2026-09-22 17:10:01.424] [BROWSER] [DETAIL] Nguồn bác sĩ: BS mổ chính; field=cbbBacSiPT; value=Phạm Việt Tân
[2026-09-22 17:10:01.425] [DETAIL_OK] D/s Phẫu thuật: đọc được hồ sơ chi tiết
{
  "doctor_from_emr": "Phạm Việt Tân",
  "mapped_alias": "V.TÂN",
  "mapped_name": "Phạm Việt Tân",
  "start_time": "17:08 22/09/2026",
  "start_time_field": "txtBatDauPT",
  "method": "Phẫu thuật điều trị hội chứng ống cổ tay",
  "method_field": "cbbPhuongPhapPT",
  "list_time_source": "Thời gian",
  "list_method_source": "Nội dung phẫu thuật",
  "current_url": "http://192.168.2.26:2026/home.aspx?scope=sys&lang=vi&wpid=phauthuatdraw&phauthuatid=4e206211-fbf0-41bb-8154-b49f00a0b707&usid=172.31.255.1_oqn5yqe3ix0gr4lrbzs3p1ibd2c86039&st=170958",
  "total_score": 135.0,
  "method_score": 1.0
}
[2026-09-22 17:10:01.425] [EVALUATED] D/s Phẫu thuật: đánh giá 1 hồ sơ
{
  "items": [
    {
      "doctor": "Phạm Việt Tân",
      "alias": "V.TÂN",
      "detail_datetime": "2026-09-22 17:08:00",
      "method_score": 1.0,
      "total_score": 135.0,
      "confidence_ok": false
    }
  ]
}
[2026-09-22 17:10:01.425] [SOURCE_MATCH_DATE] D/s Phẫu thuật: chọn hồ sơ cùng ngày và dừng
{
  "alias": "V.TÂN"
}
[2026-09-22 17:10:01.973] [AUTOSAVE_ROW] Dòng 14: đã điền V.TÂN và lưu ngay
{
  "patient": "NGUYỄN THỊ TUYẾT HẠNH",
  "source": "D/s Phẫu thuật",
  "doctor_name": "Phạm Việt Tân",
  "emr_doctor": "Phạm Việt Tân",
  "matched_time": "17:08 22/09/2026",
  "matched_method": "Phẫu thuật điều trị hội chứng ống cổ tay",
  "progress": "7/38",
  "output": "E:\\Thong_ke\\node_outputs\\PM khoa CTCH T8_NHAP_LIEU.xlsx"
}
[2026-09-22 17:10:01.974] [ROW_END] Kết thúc dòng 14
{
  "status": "updated",
  "new_value": "V.TÂN",
  "reason": null
}
[2026-09-22 17:10:01.975] [ROW_BEGIN] [8/38] Bắt đầu dòng 15: DƯƠNG HOÀNG TRUNG
{
  "raw_time": "2026/08/07 10:00",
  "parsed_time": "10:00 07/08/2026",
  "method": "Phẫu thuật rạch dẫn lưu viêm tấy lan toả vùng hàm mặt",
  "old_value": ""
}
[2026-09-22 17:10:01.975] [SEARCH_BEGIN] dòng 15: tìm DƯƠNG HOÀNG TRUNG tại D/s Phẫu thuật
{
  "patient": "DƯƠNG HOÀNG TRUNG",
  "target_time": "2026-08-07 10:00:00",
  "target_method": "Phẫu thuật rạch dẫn lưu viêm tấy lan toả vùng hàm mặt",
  "source": "surgery"
}
[2026-09-22 17:10:02.441] [BROWSER] [NAV] D/s Phẫu thuật: http://192.168.2.26:2026/home.aspx?scope=sys&lang=vi&wpid=danhsachphauthuatdraw&role=323&usid=172.31.255.1_oqn5yqe3ix0gr4lrbzs3p1ibd2c86039&st=170958
[2026-09-22 17:10:04.428] [BROWSER] [FILTER] 3 tháng
[2026-09-22 17:10:04.911] [BROWSER] [SEARCH] Nhập 'DƯƠNG HOÀNG TRUNG' vào #txtTimKiem
[2026-09-22 17:10:05.057] [BROWSER] [SEARCH] Đã bấm Tìm kiếm bằng #btnTimKiem
[2026-09-22 17:10:05.076] [BROWSER] [RESULT] D/s Phẫu thuật: 1 dòng
[2026-09-22 17:10:05.083] [SEARCH_RESULT] D/s Phẫu thuật: nhận 1 dòng
{
  "current_url": "http://192.168.2.26:2026/home.aspx?scope=sys&lang=vi&wpid=danhsachphauthuatdraw&role=323&usid=172.31.255.1_oqn5yqe3ix0gr4lrbzs3p1ibd2c86039&st=170958",
  "search_input_id": "txtTimKiem",
  "search_trigger": "#btnTimKiem",
  "headers": [
    "STT",
    "Mã BN",
    "Họ tên",
    "Giới tính",
    "Tuổi",
    "Phòng mổ",
    "Nơi chuyển mổ",
    "Nội dung phẫu thuật",
    "Tình trạng",
    "Thời gian",
    "Trạng thái",
    "Đối tượng",
    "Đã tạm ứng"
  ],
  "rows": [
    {
      "access_id": "2cd04673-b056-4160-bfa6-b49f00d2aa95",
      "known_fields": {
        "stt": "1",
        "ma_bn": "26080774",
        "ho_ten": "DƯƠNG HOÀNG TRUNG (Phẫu thuật tại khoa)",
        "gioi_tinh": "Nam",
        "tuoi": "43 tuổi",
        "phong_mo": "PHÒNG PHẪU THUẬT",
        "noi_chuyen_mo": "Khoa Ngoại Chấn Thương Chỉnh Hình và Thần Kinh",
        "noi_dung_phau_thuat": "Phẫu thuật rạch dẫn lưu viêm tấy lan toả vùng hàm mặt",
        "tinh_trang": "Thường",
        "thoi_gian": "07/08/2026",
        "trang_thai": "Hoàn tất",
        "doi_tuong": "Bảo hiểm",
        "tam_ung": "2,000,000"
      },
      "raw_text": "1 26080774 DƯƠNG HOÀNG TRUNG (Phẫu thuật tại khoa) Nam 43 tuổi PHÒNG PHẪU THUẬT Khoa Ngoại Chấn Thương Chỉnh Hình và Thần Kinh Phẫu thuật rạch dẫn lưu viêm tấy lan toả vùng hàm mặt Thường 07/08/2026 Hoàn tất Bảo hiểm 2,000,000",
      "links": [
        {
          "text": "1",
          "href": "http://192.168.2.26:2026/home.aspx?scope=sys&lang=vi&wpid=phauthuatdraw&phauthuatid=2cd04673-b056-4160-bfa6-b49f00d2aa95&keyword=d%C6%B0%C6%A1ng%20ho%C3%A0ng%20trung&tg=6&tungay=01/06/2026&denngay=23/09/2026&usid=172.31.255.1_oqn5yqe3ix0gr4lrbzs3p1ibd2c86039&st=171003",
          "onclick": ""
        },
        {
          "text": "26080774",
          "href": "http://192.168.2.26:2026/home.aspx?scope=sys&lang=vi&wpid=phauthuatdraw&phauthuatid=2cd04673-b056-4160-bfa6-b49f00d2aa95&keyword=d%C6%B0%C6%A1ng%20ho%C3%A0ng%20trung&tg=6&tungay=01/06/2026&denngay=23/09/2026&usid=172.31.255.1_oqn5yqe3ix0gr4lrbzs3p1ibd2c86039&st=171003",
          "onclick": ""
        },
        {
          "text": "DƯƠNG HOÀNG TRUNG (Phẫu thuật tại khoa)",
          "href": "http://192.168.2.26:2026/home.aspx?scope=sys&lang=vi&wpid=phauthuatdraw&phauthuatid=2cd04673-b056-4160-bfa6-b49f00d2aa95&keyword=d%C6%B0%C6%A1ng%20ho%C3%A0ng%20trung&tg=6&tungay=01/06/2026&denngay=23/09/2026&usid=172.31.255.1_oqn5yqe3ix0gr4lrbzs3p1ibd2c86039&st=171003",
          "onclick": ""
        },
        {
          "text": "Nam",
          "href": "http://192.168.2.26:2026/home.aspx?scope=sys&lang=vi&wpid=phauthuatdraw&phauthuatid=2cd04673-b056-4160-bfa6-b49f00d2aa95&keyword=d%C6%B0%C6%A1ng%20ho%C3%A0ng%20trung&tg=6&tungay=01/06/2026&denngay=23/09/2026&usid=172.31.255.1_oqn5yqe3ix0gr4lrbzs3p1ibd2c86039&st=171003",
          "onclick": ""
        },
        {
          "text": "43 tuổi",
          "href": "http://192.168.2.26:2026/home.aspx?scope=sys&lang=vi&wpid=phauthuatdraw&phauthuatid=2cd04673-b056-4160-bfa6-b49f00d2aa95&keyword=d%C6%B0%C6%A1ng%20ho%C3%A0ng%20trung&tg=6&tungay=01/06/2026&denngay=23/09/2026&usid=172.31.255.1_oqn5yqe3ix0gr4lrbzs3p1ibd2c86039&st=171003",
          "onclick": ""
        },
        {
          "text": "PHÒNG PHẪU THUẬT",
          "href": "http://192.168.2.26:2026/home.aspx?scope=sys&lang=vi&wpid=phauthuatdraw&phauthuatid=2cd04673-b056-4160-bfa6-b49f00d2aa95&keyword=d%C6%B0%C6%A1ng%20ho%C3%A0ng%20trung&tg=6&tungay=01/06/2026&denngay=23/09/2026&usid=172.31.255.1_oqn5yqe3ix0gr4lrbzs3p1ibd2c86039&st=171003",
          "onclick": ""
        },
        {
          "text": "Khoa Ngoại Chấn Thương Chỉnh Hình và Thần Kinh",
          "href": "http://192.168.2.26:2026/home.aspx?scope=sys&lang=vi&wpid=phauthuatdraw&phauthuatid=2cd04673-b056-4160-bfa6-b49f00d2aa95&keyword=d%C6%B0%C6%A1ng%20ho%C3%A0ng%20trung&tg=6&tungay=01/06/2026&denngay=23/09/2026&usid=172.31.255.1_oqn5yqe3ix0gr4lrbzs3p1ibd2c86039&st=171003",
          "onclick": ""
        },
        {
          "text": "Phẫu thuật rạch dẫn lưu viêm tấy lan toả vùng hàm mặt",
          "href": "http://192.168.2.26:2026/home.aspx?scope=sys&lang=vi&wpid=phauthuatdraw&phauthuatid=2cd04673-b056-4160-bfa6-b49f00d2aa95&keyword=d%C6%B0%C6%A1ng%20ho%C3%A0ng%20trung&tg=6&tungay=01/06/2026&denngay=23/09/2026&usid=172.31.255.1_oqn5yqe3ix0gr4lrbzs3p1ibd2c86039&st=171003",
          "onclick": ""
        },
        {
          "text": "Thường",
          "href": "http://192.168.2.26:2026/home.aspx?scope=sys&lang=vi&wpid=phauthuatdraw&phauthuatid=2cd04673-b056-4160-bfa6-b49f00d2aa95&keyword=d%C6%B0%C6%A1ng%20ho%C3%A0ng%20trung&tg=6&tungay=01/06/2026&denngay=23/09/2026&usid=172.31.255.1_oqn5yqe3ix0gr4lrbzs3p1ibd2c86039&st=171003",
          "onclick": ""
        },
        {
          "text": "07/08/2026",
          "href": "http://192.168.2.26:2026/home.aspx?scope=sys&lang=vi&wpid=phauthuatdraw&phauthuatid=2cd04673-b056-4160-bfa6-b49f00d2aa95&keyword=d%C6%B0%C6%A1ng%20ho%C3%A0ng%20trung&tg=6&tungay=01/06/2026&denngay=23/09/2026&usid=172.31.255.1_oqn5yqe3ix0gr4lrbzs3p1ibd2c86039&st=171003",
          "onclick": ""
        }
      ]
    }
  ]
}
[2026-09-22 17:10:05.084] [CANDIDATES] D/s Phẫu thuật: có 1 ứng viên cùng người bệnh
{
  "candidates": [
    {
      "list_score": 125.0,
      "list_datetime": "2026-08-07 00:00:00",
      "list_time_source": "Thời gian",
      "list_method": "Phẫu thuật rạch dẫn lưu viêm tấy lan toả vùng hàm mặt",
      "list_method_source": "Nội dung phẫu thuật",
      "method_score": 1.0,
      "detail_marker": "http://192.168.2.26:2026/home.aspx?scope=sys&lang=vi&wpid=phauthuatdraw&phauthuatid=2cd04673-b056-4160-bfa6-b49f00d2aa95&keyword=d%C6%B0%C6%A1ng%20ho%C3%A0ng%20trung&tg=6&tungay=01/06/2026&denngay=23/09/2026&usid=172.31.255.1_oqn5yqe3ix0gr4lrbzs3p1ibd2c86039&st=171003",
      "row": {
        "access_id": "2cd04673-b056-4160-bfa6-b49f00d2aa95",
        "known_fields": {
          "stt": "1",
          "ma_bn": "26080774",
          "ho_ten": "DƯƠNG HOÀNG TRUNG (Phẫu thuật tại khoa)",
          "gioi_tinh": "Nam",
          "tuoi": "43 tuổi",
          "phong_mo": "PHÒNG PHẪU THUẬT",
          "noi_chuyen_mo": "Khoa Ngoại Chấn Thương Chỉnh Hình và Thần Kinh",
          "noi_dung_phau_thuat": "Phẫu thuật rạch dẫn lưu viêm tấy lan toả vùng hàm mặt",
          "tinh_trang": "Thường",
          "thoi_gian": "07/08/2026",
          "trang_thai": "Hoàn tất",
          "doi_tuong": "Bảo hiểm",
          "tam_ung": "2,000,000"
        },
        "raw_text": "1 26080774 DƯƠNG HOÀNG TRUNG (Phẫu thuật tại khoa) Nam 43 tuổi PHÒNG PHẪU THUẬT Khoa Ngoại Chấn Thương Chỉnh Hình và Thần Kinh Phẫu thuật rạch dẫn lưu viêm tấy lan toả vùng hàm mặt Thường 07/08/2026 Hoàn tất Bảo hiểm 2,000,000",
        "links": [
          {
            "text": "1",
            "href": "http://192.168.2.26:2026/home.aspx?scope=sys&lang=vi&wpid=phauthuatdraw&phauthuatid=2cd04673-b056-4160-bfa6-b49f00d2aa95&keyword=d%C6%B0%C6%A1ng%20ho%C3%A0ng%20trung&tg=6&tungay=01/06/2026&denngay=23/09/2026&usid=172.31.255.1_oqn5yqe3ix0gr4lrbzs3p1ibd2c86039&st=171003",
            "onclick": ""
          },
          {
            "text": "26080774",
            "href": "http://192.168.2.26:2026/home.aspx?scope=sys&lang=vi&wpid=phauthuatdraw&phauthuatid=2cd04673-b056-4160-bfa6-b49f00d2aa95&keyword=d%C6%B0%C6%A1ng%20ho%C3%A0ng%20trung&tg=6&tungay=01/06/2026&denngay=23/09/2026&usid=172.31.255.1_oqn5yqe3ix0gr4lrbzs3p1ibd2c86039&st=171003",
            "onclick": ""
          },
          {
            "text": "DƯƠNG HOÀNG TRUNG (Phẫu thuật tại khoa)",
            "href": "http://192.168.2.26:2026/home.aspx?scope=sys&lang=vi&wpid=phauthuatdraw&phauthuatid=2cd04673-b056-4160-bfa6-b49f00d2aa95&keyword=d%C6%B0%C6%A1ng%20ho%C3%A0ng%20trung&tg=6&tungay=01/06/2026&denngay=23/09/2026&usid=172.31.255.1_oqn5yqe3ix0gr4lrbzs3p1ibd2c86039&st=171003",
            "onclick": ""
          },
          {
            "text": "Nam",
            "href": "http://192.168.2.26:2026/home.aspx?scope=sys&lang=vi&wpid=phauthuatdraw&phauthuatid=2cd04673-b056-4160-bfa6-b49f00d2aa95&keyword=d%C6%B0%C6%A1ng%20ho%C3%A0ng%20trung&tg=6&tungay=01/06/2026&denngay=23/09/2026&usid=172.31.255.1_oqn5yqe3ix0gr4lrbzs3p1ibd2c86039&st=171003",
            "onclick": ""
          },
          {
            "text": "43 tuổi",
            "href": "http://192.168.2.26:2026/home.aspx?scope=sys&lang=vi&wpid=phauthuatdraw&phauthuatid=2cd04673-b056-4160-bfa6-b49f00d2aa95&keyword=d%C6%B0%C6%A1ng%20ho%C3%A0ng%20trung&tg=6&tungay=01/06/2026&denngay=23/09/2026&usid=172.31.255.1_oqn5yqe3ix0gr4lrbzs3p1ibd2c86039&st=171003",
            "onclick": ""
          },
          {
            "text": "PHÒNG PHẪU THUẬT",
            "href": "http://192.168.2.26:2026/home.aspx?scope=sys&lang=vi&wpid=phauthuatdraw&phauthuatid=2cd04673-b056-4160-bfa6-b49f00d2aa95&keyword=d%C6%B0%C6%A1ng%20ho%C3%A0ng%20trung&tg=6&tungay=01/06/2026&denngay=23/09/2026&usid=172.31.255.1_oqn5yqe3ix0gr4lrbzs3p1ibd2c86039&st=171003",
            "onclick": ""
          },
          {
            "text": "Khoa Ngoại Chấn Thương Chỉnh Hình và Thần Kinh",
            "href": "http://192.168.2.26:2026/home.aspx?scope=sys&lang=vi&wpid=phauthuatdraw&phauthuatid=2cd04673-b056-4160-bfa6-b49f00d2aa95&keyword=d%C6%B0%C6%A1ng%20ho%C3%A0ng%20trung&tg=6&tungay=01/06/2026&denngay=23/09/2026&usid=172.31.255.1_oqn5yqe3ix0gr4lrbzs3p1ibd2c86039&st=171003",
            "onclick": ""
          },
          {
            "text": "Phẫu thuật rạch dẫn lưu viêm tấy lan toả vùng hàm mặt",
            "href": "http://192.168.2.26:2026/home.aspx?scope=sys&lang=vi&wpid=phauthuatdraw&phauthuatid=2cd04673-b056-4160-bfa6-b49f00d2aa95&keyword=d%C6%B0%C6%A1ng%20ho%C3%A0ng%20trung&tg=6&tungay=01/06/2026&denngay=23/09/2026&usid=172.31.255.1_oqn5yqe3ix0gr4lrbzs3p1ibd2c86039&st=171003",
            "onclick": ""
          },
          {
            "text": "Thường",
            "href": "http://192.168.2.26:2026/home.aspx?scope=sys&lang=vi&wpid=phauthuatdraw&phauthuatid=2cd04673-b056-4160-bfa6-b49f00d2aa95&keyword=d%C6%B0%C6%A1ng%20ho%C3%A0ng%20trung&tg=6&tungay=01/06/2026&denngay=23/09/2026&usid=172.31.255.1_oqn5yqe3ix0gr4lrbzs3p1ibd2c86039&st=171003",
            "onclick": ""
          },
          {
            "text": "07/08/2026",
            "href": "http://192.168.2.26:2026/home.aspx?scope=sys&lang=vi&wpid=phauthuatdraw&phauthuatid=2cd04673-b056-4160-bfa6-b49f00d2aa95&keyword=d%C6%B0%C6%A1ng%20ho%C3%A0ng%20trung&tg=6&tungay=01/06/2026&denngay=23/09/2026&usid=172.31.255.1_oqn5yqe3ix0gr4lrbzs3p1ibd2c86039&st=171003",
            "onclick": ""
          }
        ]
      }
    }
  ]
}
[2026-09-22 17:10:05.085] [DETAIL_BEGIN] D/s Phẫu thuật: mở ứng viên 1
{
  "detail_marker": "http://192.168.2.26:2026/home.aspx?scope=sys&lang=vi&wpid=phauthuatdraw&phauthuatid=2cd04673-b056-4160-bfa6-b49f00d2aa95&keyword=d%C6%B0%C6%A1ng%20ho%C3%A0ng%20trung&tg=6&tungay=01/06/2026&denngay=23/09/2026&usid=172.31.255.1_oqn5yqe3ix0gr4lrbzs3p1ibd2c86039&st=171003",
  "list_datetime": "2026-08-07 00:00:00",
  "list_method": "Phẫu thuật rạch dẫn lưu viêm tấy lan toả vùng hàm mặt",
  "row": {
    "access_id": "2cd04673-b056-4160-bfa6-b49f00d2aa95",
    "known_fields": {
      "stt": "1",
      "ma_bn": "26080774",
      "ho_ten": "DƯƠNG HOÀNG TRUNG (Phẫu thuật tại khoa)",
      "gioi_tinh": "Nam",
      "tuoi": "43 tuổi",
      "phong_mo": "PHÒNG PHẪU THUẬT",
      "noi_chuyen_mo": "Khoa Ngoại Chấn Thương Chỉnh Hình và Thần Kinh",
      "noi_dung_phau_thuat": "Phẫu thuật rạch dẫn lưu viêm tấy lan toả vùng hàm mặt",
      "tinh_trang": "Thường",
      "thoi_gian": "07/08/2026",
      "trang_thai": "Hoàn tất",
      "doi_tuong": "Bảo hiểm",
      "tam_ung": "2,000,000"
    },
    "raw_text": "1 26080774 DƯƠNG HOÀNG TRUNG (Phẫu thuật tại khoa) Nam 43 tuổi PHÒNG PHẪU THUẬT Khoa Ngoại Chấn Thương Chỉnh Hình và Thần Kinh Phẫu thuật rạch dẫn lưu viêm tấy lan toả vùng hàm mặt Thường 07/08/2026 Hoàn tất Bảo hiểm 2,000,000",
    "links": [
      {
        "text": "1",
        "href": "http://192.168.2.26:2026/home.aspx?scope=sys&lang=vi&wpid=phauthuatdraw&phauthuatid=2cd04673-b056-4160-bfa6-b49f00d2aa95&keyword=d%C6%B0%C6%A1ng%20ho%C3%A0ng%20trung&tg=6&tungay=01/06/2026&denngay=23/09/2026&usid=172.31.255.1_oqn5yqe3ix0gr4lrbzs3p1ibd2c86039&st=171003",
        "onclick": ""
      },
      {
        "text": "26080774",
        "href": "http://192.168.2.26:2026/home.aspx?scope=sys&lang=vi&wpid=phauthuatdraw&phauthuatid=2cd04673-b056-4160-bfa6-b49f00d2aa95&keyword=d%C6%B0%C6%A1ng%20ho%C3%A0ng%20trung&tg=6&tungay=01/06/2026&denngay=23/09/2026&usid=172.31.255.1_oqn5yqe3ix0gr4lrbzs3p1ibd2c86039&st=171003",
        "onclick": ""
      },
      {
        "text": "DƯƠNG HOÀNG TRUNG (Phẫu thuật tại khoa)",
        "href": "http://192.168.2.26:2026/home.aspx?scope=sys&lang=vi&wpid=phauthuatdraw&phauthuatid=2cd04673-b056-4160-bfa6-b49f00d2aa95&keyword=d%C6%B0%C6%A1ng%20ho%C3%A0ng%20trung&tg=6&tungay=01/06/2026&denngay=23/09/2026&usid=172.31.255.1_oqn5yqe3ix0gr4lrbzs3p1ibd2c86039&st=171003",
        "onclick": ""
      },
      {
        "text": "Nam",
        "href": "http://192.168.2.26:2026/home.aspx?scope=sys&lang=vi&wpid=phauthuatdraw&phauthuatid=2cd04673-b056-4160-bfa6-b49f00d2aa95&keyword=d%C6%B0%C6%A1ng%20ho%C3%A0ng%20trung&tg=6&tungay=01/06/2026&denngay=23/09/2026&usid=172.31.255.1_oqn5yqe3ix0gr4lrbzs3p1ibd2c86039&st=171003",
        "onclick": ""
      },
      {
        "text": "43 tuổi",
        "href": "http://192.168.2.26:2026/home.aspx?scope=sys&lang=vi&wpid=phauthuatdraw&phauthuatid=2cd04673-b056-4160-bfa6-b49f00d2aa95&keyword=d%C6%B0%C6%A1ng%20ho%C3%A0ng%20trung&tg=6&tungay=01/06/2026&denngay=23/09/2026&usid=172.31.255.1_oqn5yqe3ix0gr4lrbzs3p1ibd2c86039&st=171003",
        "onclick": ""
      },
      {
        "text": "PHÒNG PHẪU THUẬT",
        "href": "http://192.168.2.26:2026/home.aspx?scope=sys&lang=vi&wpid=phauthuatdraw&phauthuatid=2cd04673-b056-4160-bfa6-b49f00d2aa95&keyword=d%C6%B0%C6%A1ng%20ho%C3%A0ng%20trung&tg=6&tungay=01/06/2026&denngay=23/09/2026&usid=172.31.255.1_oqn5yqe3ix0gr4lrbzs3p1ibd2c86039&st=171003",
        "onclick": ""
      },
      {
        "text": "Khoa Ngoại Chấn Thương Chỉnh Hình và Thần Kinh",
        "href": "http://192.168.2.26:2026/home.aspx?scope=sys&lang=vi&wpid=phauthuatdraw&phauthuatid=2cd04673-b056-4160-bfa6-b49f00d2aa95&keyword=d%C6%B0%C6%A1ng%20ho%C3%A0ng%20trung&tg=6&tungay=01/06/2026&denngay=23/09/2026&usid=172.31.255.1_oqn5yqe3ix0gr4lrbzs3p1ibd2c86039&st=171003",
        "onclick": ""
      },
      {
        "text": "Phẫu thuật rạch dẫn lưu viêm tấy lan toả vùng hàm mặt",
        "href": "http://192.168.2.26:2026/home.aspx?scope=sys&lang=vi&wpid=phauthuatdraw&phauthuatid=2cd04673-b056-4160-bfa6-b49f00d2aa95&keyword=d%C6%B0%C6%A1ng%20ho%C3%A0ng%20trung&tg=6&tungay=01/06/2026&denngay=23/09/2026&usid=172.31.255.1_oqn5yqe3ix0gr4lrbzs3p1ibd2c86039&st=171003",
        "onclick": ""
      },
      {
        "text": "Thường",
        "href": "http://192.168.2.26:2026/home.aspx?scope=sys&lang=vi&wpid=phauthuatdraw&phauthuatid=2cd04673-b056-4160-bfa6-b49f00d2aa95&keyword=d%C6%B0%C6%A1ng%20ho%C3%A0ng%20trung&tg=6&tungay=01/06/2026&denngay=23/09/2026&usid=172.31.255.1_oqn5yqe3ix0gr4lrbzs3p1ibd2c86039&st=171003",
        "onclick": ""
      },
      {
        "text": "07/08/2026",
        "href": "http://192.168.2.26:2026/home.aspx?scope=sys&lang=vi&wpid=phauthuatdraw&phauthuatid=2cd04673-b056-4160-bfa6-b49f00d2aa95&keyword=d%C6%B0%C6%A1ng%20ho%C3%A0ng%20trung&tg=6&tungay=01/06/2026&denngay=23/09/2026&usid=172.31.255.1_oqn5yqe3ix0gr4lrbzs3p1ibd2c86039&st=171003",
        "onclick": ""
      }
    ]
  }
}
[2026-09-22 17:10:05.091] [BROWSER] [DETAIL] kind=surgery; access_id=2cd04673-b056-4160-bfa6-b49f00d2aa95; direct_url=yes; onclick=no
[2026-09-22 17:10:05.092] [BROWSER] [DETAIL] Mở liên kết trực tiếp: http://192.168.2.26:2026/home.aspx?scope=sys&lang=vi&wpid=phauthuatdraw&phauthuatid=2cd04673-b056-4160-bfa6-b49f00d2aa95&keyword=d%C6%B0%C6%A1ng%20ho%C3%A0ng%20trung&tg=6&tungay=01/06/2026&denngay=23/09/2026&usid=172.31.255.1_oqn5yqe3ix0gr4lrbzs3p1ibd2c86039&st=171003
[2026-09-22 17:10:06.193] [BROWSER] [DETAIL] Dữ liệu đọc được: {"ajax_active": 0, "complete_info": "Người hoàn tất: Nguyễn Hoàng Nam (nhnam) | TG nhấn hoàn tất: 12:56 07/08/2026", "current_url": "http://192.168.2.26:2026/home.aspx?scope=sys&lang=vi&wpid=phauthuatdraw&phauthuatid=2cd04673-b056-4160-bfa6-b49f00d2aa95&keyword=d%C6%B0%C6%A1ng%20ho%C3%A0ng%20trung&tg=6&tungay=01/06/2026&denngay=23/09/2026&usid=172.31.255.1_oqn5yqe3ix0gr4lrbzs3p1ibd2c86039&st=171003", "doctor": "Nguyễn Hoàng Nam", "doctor_candidates": [{"id": "cbbBacSiPT", "value": "Nguyễn Hoàng Nam"}], "doctor_field": "cbbBacSiPT", "doctor_found": true, "method": "Phẫu thuật rạch dẫn lưu viêm tấy lan toả vùng hàm mặt", "method_candidates": [{"id": "txtNoiDungPT", "value": ""}, {"id": "cbbPhuongPhapPT", "value": "Phẫu thuật rạch dẫn lưu viêm tấy lan toả vùng hàm mặt"}, {"id": "cbbChiDinhMoPT", "value": "(PT.1048)Phẫu thuật rạch dẫn lưu viêm tấy lan toả vùng hàm mặt"}], "method_field": "cbbPhuongPhapPT", "patient_info": "", "root_found": true, "start_candidates": [{"id": "txtBatDauPT", "value": "10:10 07/08/2026"}], "start_time": "10:10 07/08/2026", "start_time_field": "txtBatDauPT"}
[2026-09-22 17:10:06.193] [BROWSER] [DETAIL] Nguồn bác sĩ: BS mổ chính; field=cbbBacSiPT; value=Nguyễn Hoàng Nam
[2026-09-22 17:10:06.196] [DETAIL_OK] D/s Phẫu thuật: đọc được hồ sơ chi tiết
{
  "doctor_from_emr": "Nguyễn Hoàng Nam",
  "mapped_alias": null,
  "mapped_name": null,
  "start_time": "10:10 07/08/2026",
  "start_time_field": "txtBatDauPT",
  "method": "Phẫu thuật rạch dẫn lưu viêm tấy lan toả vùng hàm mặt",
  "method_field": "cbbPhuongPhapPT",
  "list_time_source": "Thời gian",
  "list_method_source": "Nội dung phẫu thuật",
  "current_url": "http://192.168.2.26:2026/home.aspx?scope=sys&lang=vi&wpid=phauthuatdraw&phauthuatid=2cd04673-b056-4160-bfa6-b49f00d2aa95&keyword=d%C6%B0%C6%A1ng%20ho%C3%A0ng%20trung&tg=6&tungay=01/06/2026&denngay=23/09/2026&usid=172.31.255.1_oqn5yqe3ix0gr4lrbzs3p1ibd2c86039&st=171003",
  "total_score": 255.0,
  "method_score": 1.0
}
[2026-09-22 17:10:06.197] [EVALUATED] D/s Phẫu thuật: đánh giá 1 hồ sơ
{
  "items": [
    {
      "doctor": "Nguyễn Hoàng Nam",
      "alias": null,
      "detail_datetime": "2026-08-07 10:10:00",
      "method_score": 1.0,
      "total_score": 255.0,
      "confidence_ok": false
    }
  ]
}
[2026-09-22 17:10:06.198] [STOP_AT_SOURCE] D/s Phẫu thuật: đã thấy ca cùng ngày nên không sang nguồn khác
{
  "reason": "surgery: đã có ca cùng ngày nhưng chưa lấy được bác sĩ"
}
[2026-09-22 17:10:06.199] [ROW_UNMATCHED] Dòng 15: surgery: đã có ca cùng ngày nhưng chưa lấy được bác sĩ
{
  "rowNumber": 15,
  "patient": "DƯƠNG HOÀNG TRUNG",
  "time": "10:00 07/08/2026",
  "method": "Phẫu thuật rạch dẫn lưu viêm tấy lan toả vùng hàm mặt",
  "oldValue": "",
  "status": "unmatched",
  "reason": "surgery: đã có ca cùng ngày nhưng chưa lấy được bác sĩ"
}
[2026-09-22 17:10:06.199] [ROW_END] Kết thúc dòng 15
{
  "status": "unmatched",
  "new_value": null,
  "reason": "surgery: đã có ca cùng ngày nhưng chưa lấy được bác sĩ"
}
[2026-09-22 17:10:06.200] [ROW_BEGIN] [9/38] Bắt đầu dòng 16: HỒ THỊ HỒNG MAI
{
  "raw_time": "2026/08/07 14:22",
  "parsed_time": "14:22 07/08/2026",
  "method": "Phẫu thuật điều trị hội chứng ống cổ tay",
  "old_value": ""
}
[2026-09-22 17:10:06.200] [SEARCH_BEGIN] dòng 16: tìm HỒ THỊ HỒNG MAI tại D/s Phẫu thuật
{
  "patient": "HỒ THỊ HỒNG MAI",
  "target_time": "2026-08-07 14:22:00",
  "target_method": "Phẫu thuật điều trị hội chứng ống cổ tay",
  "source": "surgery"
}
[2026-09-22 17:10:06.567] [BROWSER] [NAV] D/s Phẫu thuật: http://192.168.2.26:2026/home.aspx?scope=sys&lang=vi&wpid=danhsachphauthuatdraw&role=323&usid=172.31.255.1_oqn5yqe3ix0gr4lrbzs3p1ibd2c86039&st=171003
[2026-09-22 17:10:08.749] [BROWSER] [FILTER] 3 tháng
[2026-09-22 17:10:09.225] [BROWSER] [SEARCH] Nhập 'HỒ THỊ HỒNG MAI' vào #txtTimKiem
[2026-09-22 17:10:09.346] [BROWSER] [SEARCH] Đã bấm Tìm kiếm bằng #btnTimKiem
[2026-09-22 17:10:09.365] [BROWSER] [RESULT] D/s Phẫu thuật: 1 dòng
[2026-09-22 17:10:09.372] [SEARCH_RESULT] D/s Phẫu thuật: nhận 1 dòng
{
  "current_url": "http://192.168.2.26:2026/home.aspx?scope=sys&lang=vi&wpid=danhsachphauthuatdraw&role=323&usid=172.31.255.1_oqn5yqe3ix0gr4lrbzs3p1ibd2c86039&st=171003",
  "search_input_id": "txtTimKiem",
  "search_trigger": "#btnTimKiem",
  "headers": [
    "STT",
    "Mã BN",
    "Họ tên",
    "Giới tính",
    "Tuổi",
    "Phòng mổ",
    "Nơi chuyển mổ",
    "Nội dung phẫu thuật",
    "Tình trạng",
    "Thời gian",
    "Trạng thái",
    "Đối tượng",
    "Đã tạm ứng"
  ],
  "rows": [
    {
      "access_id": "754adfca-3c48-4e78-8562-b49f00edf468",
      "known_fields": {
        "stt": "1",
        "ma_bn": "26066728",
        "ho_ten": "HỒ THỊ HỒNG MAI (Phẫu thuật tại khoa)",
        "gioi_tinh": "Nữ",
        "tuoi": "45 tuổi",
        "phong_mo": "PHÒNG PHẪU THUẬT",
        "noi_chuyen_mo": "Khoa Khám Bệnh",
        "noi_dung_phau_thuat": "Phẫu thuật điều trị hội chứng ống cổ tay",
        "tinh_trang": "Thường",
        "thoi_gian": "07/08/2026",
        "trang_thai": "Hoàn tất",
        "doi_tuong": "Bảo hiểm",
        "tam_ung": "0"
      },
      "raw_text": "1 26066728 HỒ THỊ HỒNG MAI (Phẫu thuật tại khoa) Nữ 45 tuổi PHÒNG PHẪU THUẬT Khoa Khám Bệnh Phẫu thuật điều trị hội chứng ống cổ tay Thường 07/08/2026 Hoàn tất Bảo hiểm 0",
      "links": [
        {
          "text": "1",
          "href": "http://192.168.2.26:2026/home.aspx?scope=sys&lang=vi&wpid=phauthuatdraw&phauthuatid=754adfca-3c48-4e78-8562-b49f00edf468&keyword=h%E1%BB%93%20th%E1%BB%8B%20h%E1%BB%93ng%20mai&tg=6&tungay=01/06/2026&denngay=23/09/2026&usid=172.31.255.1_oqn5yqe3ix0gr4lrbzs3p1ibd2c86039&st=171008",
          "onclick": ""
        },
        {
          "text": "26066728",
          "href": "http://192.168.2.26:2026/home.aspx?scope=sys&lang=vi&wpid=phauthuatdraw&phauthuatid=754adfca-3c48-4e78-8562-b49f00edf468&keyword=h%E1%BB%93%20th%E1%BB%8B%20h%E1%BB%93ng%20mai&tg=6&tungay=01/06/2026&denngay=23/09/2026&usid=172.31.255.1_oqn5yqe3ix0gr4lrbzs3p1ibd2c86039&st=171008",
          "onclick": ""
        },
        {
          "text": "HỒ THỊ HỒNG MAI (Phẫu thuật tại khoa)",
          "href": "http://192.168.2.26:2026/home.aspx?scope=sys&lang=vi&wpid=phauthuatdraw&phauthuatid=754adfca-3c48-4e78-8562-b49f00edf468&keyword=h%E1%BB%93%20th%E1%BB%8B%20h%E1%BB%93ng%20mai&tg=6&tungay=01/06/2026&denngay=23/09/2026&usid=172.31.255.1_oqn5yqe3ix0gr4lrbzs3p1ibd2c86039&st=171008",
          "onclick": ""
        },
        {
          "text": "Nữ",
          "href": "http://192.168.2.26:2026/home.aspx?scope=sys&lang=vi&wpid=phauthuatdraw&phauthuatid=754adfca-3c48-4e78-8562-b49f00edf468&keyword=h%E1%BB%93%20th%E1%BB%8B%20h%E1%BB%93ng%20mai&tg=6&tungay=01/06/2026&denngay=23/09/2026&usid=172.31.255.1_oqn5yqe3ix0gr4lrbzs3p1ibd2c86039&st=171008",
          "onclick": ""
        },
        {
          "text": "45 tuổi",
          "href": "http://192.168.2.26:2026/home.aspx?scope=sys&lang=vi&wpid=phauthuatdraw&phauthuatid=754adfca-3c48-4e78-8562-b49f00edf468&keyword=h%E1%BB%93%20th%E1%BB%8B%20h%E1%BB%93ng%20mai&tg=6&tungay=01/06/2026&denngay=23/09/2026&usid=172.31.255.1_oqn5yqe3ix0gr4lrbzs3p1ibd2c86039&st=171008",
          "onclick": ""
        },
        {
          "text": "PHÒNG PHẪU THUẬT",
          "href": "http://192.168.2.26:2026/home.aspx?scope=sys&lang=vi&wpid=phauthuatdraw&phauthuatid=754adfca-3c48-4e78-8562-b49f00edf468&keyword=h%E1%BB%93%20th%E1%BB%8B%20h%E1%BB%93ng%20mai&tg=6&tungay=01/06/2026&denngay=23/09/2026&usid=172.31.255.1_oqn5yqe3ix0gr4lrbzs3p1ibd2c86039&st=171008",
          "onclick": ""
        },
        {
          "text": "Khoa Khám Bệnh",
          "href": "http://192.168.2.26:2026/home.aspx?scope=sys&lang=vi&wpid=phauthuatdraw&phauthuatid=754adfca-3c48-4e78-8562-b49f00edf468&keyword=h%E1%BB%93%20th%E1%BB%8B%20h%E1%BB%93ng%20mai&tg=6&tungay=01/06/2026&denngay=23/09/2026&usid=172.31.255.1_oqn5yqe3ix0gr4lrbzs3p1ibd2c86039&st=171008",
          "onclick": ""
        },
        {
          "text": "Phẫu thuật điều trị hội chứng ống cổ tay",
          "href": "http://192.168.2.26:2026/home.aspx?scope=sys&lang=vi&wpid=phauthuatdraw&phauthuatid=754adfca-3c48-4e78-8562-b49f00edf468&keyword=h%E1%BB%93%20th%E1%BB%8B%20h%E1%BB%93ng%20mai&tg=6&tungay=01/06/2026&denngay=23/09/2026&usid=172.31.255.1_oqn5yqe3ix0gr4lrbzs3p1ibd2c86039&st=171008",
          "onclick": ""
        },
        {
          "text": "Thường",
          "href": "http://192.168.2.26:2026/home.aspx?scope=sys&lang=vi&wpid=phauthuatdraw&phauthuatid=754adfca-3c48-4e78-8562-b49f00edf468&keyword=h%E1%BB%93%20th%E1%BB%8B%20h%E1%BB%93ng%20mai&tg=6&tungay=01/06/2026&denngay=23/09/2026&usid=172.31.255.1_oqn5yqe3ix0gr4lrbzs3p1ibd2c86039&st=171008",
          "onclick": ""
        },
        {
          "text": "07/08/2026",
          "href": "http://192.168.2.26:2026/home.aspx?scope=sys&lang=vi&wpid=phauthuatdraw&phauthuatid=754adfca-3c48-4e78-8562-b49f00edf468&keyword=h%E1%BB%93%20th%E1%BB%8B%20h%E1%BB%93ng%20mai&tg=6&tungay=01/06/2026&denngay=23/09/2026&usid=172.31.255.1_oqn5yqe3ix0gr4lrbzs3p1ibd2c86039&st=171008",
          "onclick": ""
        }
      ]
    }
  ]
}
[2026-09-22 17:10:09.373] [CANDIDATES] D/s Phẫu thuật: có 1 ứng viên cùng người bệnh
{
  "candidates": [
    {
      "list_score": 125.0,
      "list_datetime": "2026-08-07 00:00:00",
      "list_time_source": "Thời gian",
      "list_method": "Phẫu thuật điều trị hội chứng ống cổ tay",
      "list_method_source": "Nội dung phẫu thuật",
      "method_score": 1.0,
      "detail_marker": "http://192.168.2.26:2026/home.aspx?scope=sys&lang=vi&wpid=phauthuatdraw&phauthuatid=754adfca-3c48-4e78-8562-b49f00edf468&keyword=h%E1%BB%93%20th%E1%BB%8B%20h%E1%BB%93ng%20mai&tg=6&tungay=01/06/2026&denngay=23/09/2026&usid=172.31.255.1_oqn5yqe3ix0gr4lrbzs3p1ibd2c86039&st=171008",
      "row": {
        "access_id": "754adfca-3c48-4e78-8562-b49f00edf468",
        "known_fields": {
          "stt": "1",
          "ma_bn": "26066728",
          "ho_ten": "HỒ THỊ HỒNG MAI (Phẫu thuật tại khoa)",
          "gioi_tinh": "Nữ",
          "tuoi": "45 tuổi",
          "phong_mo": "PHÒNG PHẪU THUẬT",
          "noi_chuyen_mo": "Khoa Khám Bệnh",
          "noi_dung_phau_thuat": "Phẫu thuật điều trị hội chứng ống cổ tay",
          "tinh_trang": "Thường",
          "thoi_gian": "07/08/2026",
          "trang_thai": "Hoàn tất",
          "doi_tuong": "Bảo hiểm",
          "tam_ung": "0"
        },
        "raw_text": "1 26066728 HỒ THỊ HỒNG MAI (Phẫu thuật tại khoa) Nữ 45 tuổi PHÒNG PHẪU THUẬT Khoa Khám Bệnh Phẫu thuật điều trị hội chứng ống cổ tay Thường 07/08/2026 Hoàn tất Bảo hiểm 0",
        "links": [
          {
            "text": "1",
            "href": "http://192.168.2.26:2026/home.aspx?scope=sys&lang=vi&wpid=phauthuatdraw&phauthuatid=754adfca-3c48-4e78-8562-b49f00edf468&keyword=h%E1%BB%93%20th%E1%BB%8B%20h%E1%BB%93ng%20mai&tg=6&tungay=01/06/2026&denngay=23/09/2026&usid=172.31.255.1_oqn5yqe3ix0gr4lrbzs3p1ibd2c86039&st=171008",
            "onclick": ""
          },
          {
            "text": "26066728",
            "href": "http://192.168.2.26:2026/home.aspx?scope=sys&lang=vi&wpid=phauthuatdraw&phauthuatid=754adfca-3c48-4e78-8562-b49f00edf468&keyword=h%E1%BB%93%20th%E1%BB%8B%20h%E1%BB%93ng%20mai&tg=6&tungay=01/06/2026&denngay=23/09/2026&usid=172.31.255.1_oqn5yqe3ix0gr4lrbzs3p1ibd2c86039&st=171008",
            "onclick": ""
          },
          {
            "text": "HỒ THỊ HỒNG MAI (Phẫu thuật tại khoa)",
            "href": "http://192.168.2.26:2026/home.aspx?scope=sys&lang=vi&wpid=phauthuatdraw&phauthuatid=754adfca-3c48-4e78-8562-b49f00edf468&keyword=h%E1%BB%93%20th%E1%BB%8B%20h%E1%BB%93ng%20mai&tg=6&tungay=01/06/2026&denngay=23/09/2026&usid=172.31.255.1_oqn5yqe3ix0gr4lrbzs3p1ibd2c86039&st=171008",
            "onclick": ""
          },
          {
            "text": "Nữ",
            "href": "http://192.168.2.26:2026/home.aspx?scope=sys&lang=vi&wpid=phauthuatdraw&phauthuatid=754adfca-3c48-4e78-8562-b49f00edf468&keyword=h%E1%BB%93%20th%E1%BB%8B%20h%E1%BB%93ng%20mai&tg=6&tungay=01/06/2026&denngay=23/09/2026&usid=172.31.255.1_oqn5yqe3ix0gr4lrbzs3p1ibd2c86039&st=171008",
            "onclick": ""
          },
          {
            "text": "45 tuổi",
            "href": "http://192.168.2.26:2026/home.aspx?scope=sys&lang=vi&wpid=phauthuatdraw&phauthuatid=754adfca-3c48-4e78-8562-b49f00edf468&keyword=h%E1%BB%93%20th%E1%BB%8B%20h%E1%BB%93ng%20mai&tg=6&tungay=01/06/2026&denngay=23/09/2026&usid=172.31.255.1_oqn5yqe3ix0gr4lrbzs3p1ibd2c86039&st=171008",
            "onclick": ""
          },
          {
            "text": "PHÒNG PHẪU THUẬT",
            "href": "http://192.168.2.26:2026/home.aspx?scope=sys&lang=vi&wpid=phauthuatdraw&phauthuatid=754adfca-3c48-4e78-8562-b49f00edf468&keyword=h%E1%BB%93%20th%E1%BB%8B%20h%E1%BB%93ng%20mai&tg=6&tungay=01/06/2026&denngay=23/09/2026&usid=172.31.255.1_oqn5yqe3ix0gr4lrbzs3p1ibd2c86039&st=171008",
            "onclick": ""
          },
          {
            "text": "Khoa Khám Bệnh",
            "href": "http://192.168.2.26:2026/home.aspx?scope=sys&lang=vi&wpid=phauthuatdraw&phauthuatid=754adfca-3c48-4e78-8562-b49f00edf468&keyword=h%E1%BB%93%20th%E1%BB%8B%20h%E1%BB%93ng%20mai&tg=6&tungay=01/06/2026&denngay=23/09/2026&usid=172.31.255.1_oqn5yqe3ix0gr4lrbzs3p1ibd2c86039&st=171008",
            "onclick": ""
          },
          {
            "text": "Phẫu thuật điều trị hội chứng ống cổ tay",
            "href": "http://192.168.2.26:2026/home.aspx?scope=sys&lang=vi&wpid=phauthuatdraw&phauthuatid=754adfca-3c48-4e78-8562-b49f00edf468&keyword=h%E1%BB%93%20th%E1%BB%8B%20h%E1%BB%93ng%20mai&tg=6&tungay=01/06/2026&denngay=23/09/2026&usid=172.31.255.1_oqn5yqe3ix0gr4lrbzs3p1ibd2c86039&st=171008",
            "onclick": ""
          },
          {
            "text": "Thường",
            "href": "http://192.168.2.26:2026/home.aspx?scope=sys&lang=vi&wpid=phauthuatdraw&phauthuatid=754adfca-3c48-4e78-8562-b49f00edf468&keyword=h%E1%BB%93%20th%E1%BB%8B%20h%E1%BB%93ng%20mai&tg=6&tungay=01/06/2026&denngay=23/09/2026&usid=172.31.255.1_oqn5yqe3ix0gr4lrbzs3p1ibd2c86039&st=171008",
            "onclick": ""
          },
          {
            "text": "07/08/2026",
            "href": "http://192.168.2.26:2026/home.aspx?scope=sys&lang=vi&wpid=phauthuatdraw&phauthuatid=754adfca-3c48-4e78-8562-b49f00edf468&keyword=h%E1%BB%93%20th%E1%BB%8B%20h%E1%BB%93ng%20mai&tg=6&tungay=01/06/2026&denngay=23/09/2026&usid=172.31.255.1_oqn5yqe3ix0gr4lrbzs3p1ibd2c86039&st=171008",
            "onclick": ""
          }
        ]
      }
    }
  ]
}
[2026-09-22 17:10:09.373] [DETAIL_BEGIN] D/s Phẫu thuật: mở ứng viên 1
{
  "detail_marker": "http://192.168.2.26:2026/home.aspx?scope=sys&lang=vi&wpid=phauthuatdraw&phauthuatid=754adfca-3c48-4e78-8562-b49f00edf468&keyword=h%E1%BB%93%20th%E1%BB%8B%20h%E1%BB%93ng%20mai&tg=6&tungay=01/06/2026&denngay=23/09/2026&usid=172.31.255.1_oqn5yqe3ix0gr4lrbzs3p1ibd2c86039&st=171008",
  "list_datetime": "2026-08-07 00:00:00",
  "list_method": "Phẫu thuật điều trị hội chứng ống cổ tay",
  "row": {
    "access_id": "754adfca-3c48-4e78-8562-b49f00edf468",
    "known_fields": {
      "stt": "1",
      "ma_bn": "26066728",
      "ho_ten": "HỒ THỊ HỒNG MAI (Phẫu thuật tại khoa)",
      "gioi_tinh": "Nữ",
      "tuoi": "45 tuổi",
      "phong_mo": "PHÒNG PHẪU THUẬT",
      "noi_chuyen_mo": "Khoa Khám Bệnh",
      "noi_dung_phau_thuat": "Phẫu thuật điều trị hội chứng ống cổ tay",
      "tinh_trang": "Thường",
      "thoi_gian": "07/08/2026",
      "trang_thai": "Hoàn tất",
      "doi_tuong": "Bảo hiểm",
      "tam_ung": "0"
    },
    "raw_text": "1 26066728 HỒ THỊ HỒNG MAI (Phẫu thuật tại khoa) Nữ 45 tuổi PHÒNG PHẪU THUẬT Khoa Khám Bệnh Phẫu thuật điều trị hội chứng ống cổ tay Thường 07/08/2026 Hoàn tất Bảo hiểm 0",
    "links": [
      {
        "text": "1",
        "href": "http://192.168.2.26:2026/home.aspx?scope=sys&lang=vi&wpid=phauthuatdraw&phauthuatid=754adfca-3c48-4e78-8562-b49f00edf468&keyword=h%E1%BB%93%20th%E1%BB%8B%20h%E1%BB%93ng%20mai&tg=6&tungay=01/06/2026&denngay=23/09/2026&usid=172.31.255.1_oqn5yqe3ix0gr4lrbzs3p1ibd2c86039&st=171008",
        "onclick": ""
      },
      {
        "text": "26066728",
        "href": "http://192.168.2.26:2026/home.aspx?scope=sys&lang=vi&wpid=phauthuatdraw&phauthuatid=754adfca-3c48-4e78-8562-b49f00edf468&keyword=h%E1%BB%93%20th%E1%BB%8B%20h%E1%BB%93ng%20mai&tg=6&tungay=01/06/2026&denngay=23/09/2026&usid=172.31.255.1_oqn5yqe3ix0gr4lrbzs3p1ibd2c86039&st=171008",
        "onclick": ""
      },
      {
        "text": "HỒ THỊ HỒNG MAI (Phẫu thuật tại khoa)",
        "href": "http://192.168.2.26:2026/home.aspx?scope=sys&lang=vi&wpid=phauthuatdraw&phauthuatid=754adfca-3c48-4e78-8562-b49f00edf468&keyword=h%E1%BB%93%20th%E1%BB%8B%20h%E1%BB%93ng%20mai&tg=6&tungay=01/06/2026&denngay=23/09/2026&usid=172.31.255.1_oqn5yqe3ix0gr4lrbzs3p1ibd2c86039&st=171008",
        "onclick": ""
      },
      {
        "text": "Nữ",
        "href": "http://192.168.2.26:2026/home.aspx?scope=sys&lang=vi&wpid=phauthuatdraw&phauthuatid=754adfca-3c48-4e78-8562-b49f00edf468&keyword=h%E1%BB%93%20th%E1%BB%8B%20h%E1%BB%93ng%20mai&tg=6&tungay=01/06/2026&denngay=23/09/2026&usid=172.31.255.1_oqn5yqe3ix0gr4lrbzs3p1ibd2c86039&st=171008",
        "onclick": ""
      },
      {
        "text": "45 tuổi",
        "href": "http://192.168.2.26:2026/home.aspx?scope=sys&lang=vi&wpid=phauthuatdraw&phauthuatid=754adfca-3c48-4e78-8562-b49f00edf468&keyword=h%E1%BB%93%20th%E1%BB%8B%20h%E1%BB%93ng%20mai&tg=6&tungay=01/06/2026&denngay=23/09/2026&usid=172.31.255.1_oqn5yqe3ix0gr4lrbzs3p1ibd2c86039&st=171008",
        "onclick": ""
      },
      {
        "text": "PHÒNG PHẪU THUẬT",
        "href": "http://192.168.2.26:2026/home.aspx?scope=sys&lang=vi&wpid=phauthuatdraw&phauthuatid=754adfca-3c48-4e78-8562-b49f00edf468&keyword=h%E1%BB%93%20th%E1%BB%8B%20h%E1%BB%93ng%20mai&tg=6&tungay=01/06/2026&denngay=23/09/2026&usid=172.31.255.1_oqn5yqe3ix0gr4lrbzs3p1ibd2c86039&st=171008",
        "onclick": ""
      },
      {
        "text": "Khoa Khám Bệnh",
        "href": "http://192.168.2.26:2026/home.aspx?scope=sys&lang=vi&wpid=phauthuatdraw&phauthuatid=754adfca-3c48-4e78-8562-b49f00edf468&keyword=h%E1%BB%93%20th%E1%BB%8B%20h%E1%BB%93ng%20mai&tg=6&tungay=01/06/2026&denngay=23/09/2026&usid=172.31.255.1_oqn5yqe3ix0gr4lrbzs3p1ibd2c86039&st=171008",
        "onclick": ""
      },
      {
        "text": "Phẫu thuật điều trị hội chứng ống cổ tay",
        "href": "http://192.168.2.26:2026/home.aspx?scope=sys&lang=vi&wpid=phauthuatdraw&phauthuatid=754adfca-3c48-4e78-8562-b49f00edf468&keyword=h%E1%BB%93%20th%E1%BB%8B%20h%E1%BB%93ng%20mai&tg=6&tungay=01/06/2026&denngay=23/09/2026&usid=172.31.255.1_oqn5yqe3ix0gr4lrbzs3p1ibd2c86039&st=171008",
        "onclick": ""
      },
      {
        "text": "Thường",
        "href": "http://192.168.2.26:2026/home.aspx?scope=sys&lang=vi&wpid=phauthuatdraw&phauthuatid=754adfca-3c48-4e78-8562-b49f00edf468&keyword=h%E1%BB%93%20th%E1%BB%8B%20h%E1%BB%93ng%20mai&tg=6&tungay=01/06/2026&denngay=23/09/2026&usid=172.31.255.1_oqn5yqe3ix0gr4lrbzs3p1ibd2c86039&st=171008",
        "onclick": ""
      },
      {
        "text": "07/08/2026",
        "href": "http://192.168.2.26:2026/home.aspx?scope=sys&lang=vi&wpid=phauthuatdraw&phauthuatid=754adfca-3c48-4e78-8562-b49f00edf468&keyword=h%E1%BB%93%20th%E1%BB%8B%20h%E1%BB%93ng%20mai&tg=6&tungay=01/06/2026&denngay=23/09/2026&usid=172.31.255.1_oqn5yqe3ix0gr4lrbzs3p1ibd2c86039&st=171008",
        "onclick": ""
      }
    ]
  }
}
[2026-09-22 17:10:09.378] [BROWSER] [DETAIL] kind=surgery; access_id=754adfca-3c48-4e78-8562-b49f00edf468; direct_url=yes; onclick=no
[2026-09-22 17:10:09.379] [BROWSER] [DETAIL] Mở liên kết trực tiếp: http://192.168.2.26:2026/home.aspx?scope=sys&lang=vi&wpid=phauthuatdraw&phauthuatid=754adfca-3c48-4e78-8562-b49f00edf468&keyword=h%E1%BB%93%20th%E1%BB%8B%20h%E1%BB%93ng%20mai&tg=6&tungay=01/06/2026&denngay=23/09/2026&usid=172.31.255.1_oqn5yqe3ix0gr4lrbzs3p1ibd2c86039&st=171008
[2026-09-22 17:10:10.410] [BROWSER] [DETAIL] Dữ liệu đọc được: {"ajax_active": 0, "complete_info": "Người hoàn tất: Nguyễn Giang Tử (ngtu) | TG nhấn hoàn tất: 15:03 07/08/2026", "current_url": "http://192.168.2.26:2026/home.aspx?scope=sys&lang=vi&wpid=phauthuatdraw&phauthuatid=754adfca-3c48-4e78-8562-b49f00edf468&keyword=h%E1%BB%93%20th%E1%BB%8B%20h%E1%BB%93ng%20mai&tg=6&tungay=01/06/2026&denngay=23/09/2026&usid=172.31.255.1_oqn5yqe3ix0gr4lrbzs3p1ibd2c86039&st=171008", "doctor": "Nguyễn Giang Tử", "doctor_candidates": [{"id": "cbbBacSiPT", "value": "Nguyễn Giang Tử"}], "doctor_field": "cbbBacSiPT", "doctor_found": true, "method": "Phẫu thuật điều trị hội chứng ống cổ tay", "method_candidates": [{"id": "txtNoiDungPT", "value": ""}, {"id": "cbbPhuongPhapPT", "value": "Phẫu thuật điều trị hội chứng ống cổ tay"}, {"id": "cbbChiDinhMoPT", "value": "(PT.1247)Phẫu thuật điều trị hội chứng ống cổ tay"}], "method_field": "cbbPhuongPhapPT", "patient_info": "", "root_found": true, "start_candidates": [{"id": "txtBatDauPT", "value": "14:25 07/08/2026"}], "start_time": "14:25 07/08/2026", "start_time_field": "txtBatDauPT"}
[2026-09-22 17:10:10.410] [BROWSER] [DETAIL] Nguồn bác sĩ: BS mổ chính; field=cbbBacSiPT; value=Nguyễn Giang Tử
[2026-09-22 17:10:10.411] [DETAIL_OK] D/s Phẫu thuật: đọc được hồ sơ chi tiết
{
  "doctor_from_emr": "Nguyễn Giang Tử",
  "mapped_alias": "G.TỬ",
  "mapped_name": "Nguyễn Giang Tử",
  "start_time": "14:25 07/08/2026",
  "start_time_field": "txtBatDauPT",
  "method": "Phẫu thuật điều trị hội chứng ống cổ tay",
  "method_field": "cbbPhuongPhapPT",
  "list_time_source": "Thời gian",
  "list_method_source": "Nội dung phẫu thuật",
  "current_url": "http://192.168.2.26:2026/home.aspx?scope=sys&lang=vi&wpid=phauthuatdraw&phauthuatid=754adfca-3c48-4e78-8562-b49f00edf468&keyword=h%E1%BB%93%20th%E1%BB%8B%20h%E1%BB%93ng%20mai&tg=6&tungay=01/06/2026&denngay=23/09/2026&usid=172.31.255.1_oqn5yqe3ix0gr4lrbzs3p1ibd2c86039&st=171008",
  "total_score": 535.0,
  "method_score": 1.0
}
[2026-09-22 17:10:10.411] [EVALUATED] D/s Phẫu thuật: đánh giá 1 hồ sơ
{
  "items": [
    {
      "doctor": "Nguyễn Giang Tử",
      "alias": "G.TỬ",
      "detail_datetime": "2026-08-07 14:25:00",
      "method_score": 1.0,
      "total_score": 535.0,
      "confidence_ok": true
    }
  ]
}
[2026-09-22 17:10:10.411] [SOURCE_MATCH] D/s Phẫu thuật: đã chọn bác sĩ, không tìm nguồn còn lại
{
  "alias": "G.TỬ"
}
[2026-09-22 17:10:10.895] [AUTOSAVE_ROW] Dòng 16: đã điền G.TỬ và lưu ngay
{
  "patient": "HỒ THỊ HỒNG MAI",
  "source": "D/s Phẫu thuật",
  "doctor_name": "Nguyễn Giang Tử",
  "emr_doctor": "Nguyễn Giang Tử",
  "matched_time": "14:25 07/08/2026",
  "matched_method": "Phẫu thuật điều trị hội chứng ống cổ tay",
  "progress": "8/38",
  "output": "E:\\Thong_ke\\node_outputs\\PM khoa CTCH T8_NHAP_LIEU.xlsx"
}
[2026-09-22 17:10:10.896] [ROW_END] Kết thúc dòng 16
{
  "status": "updated",
  "new_value": "G.TỬ",
  "reason": null
}
[2026-09-22 17:10:10.896] [ROW_BEGIN] [10/38] Bắt đầu dòng 17: TRẦN NGỌC ĐIỆP
{
  "raw_time": "2026/08/10 10:49",
  "parsed_time": "10:49 10/08/2026",
  "method": "Phẫu thuật điều trị ngón tay cò súng (2 ngón)",
  "old_value": ""
}
[2026-09-22 17:10:10.897] [SEARCH_BEGIN] dòng 17: tìm TRẦN NGỌC ĐIỆP tại D/s Phẫu thuật
{
  "patient": "TRẦN NGỌC ĐIỆP",
  "target_time": "2026-08-10 10:49:00",
  "target_method": "Phẫu thuật điều trị ngón tay cò súng (2 ngón)",
  "source": "surgery"
}
[2026-09-22 17:10:11.212] [BROWSER] [NAV] D/s Phẫu thuật: http://192.168.2.26:2026/home.aspx?scope=sys&lang=vi&wpid=danhsachphauthuatdraw&role=323&usid=172.31.255.1_oqn5yqe3ix0gr4lrbzs3p1ibd2c86039&st=171008
[2026-09-22 17:10:13.181] [BROWSER] [FILTER] 3 tháng
[2026-09-22 17:10:13.698] [BROWSER] [SEARCH] Nhập 'TRẦN NGỌC ĐIỆP' vào #txtTimKiem
[2026-09-22 17:10:13.817] [BROWSER] [SEARCH] Đã bấm Tìm kiếm bằng #btnTimKiem
[2026-09-22 17:10:13.833] [BROWSER] [RESULT] D/s Phẫu thuật: 1 dòng
[2026-09-22 17:10:13.841] [SEARCH_RESULT] D/s Phẫu thuật: nhận 1 dòng
{
  "current_url": "http://192.168.2.26:2026/home.aspx?scope=sys&lang=vi&wpid=danhsachphauthuatdraw&role=323&usid=172.31.255.1_oqn5yqe3ix0gr4lrbzs3p1ibd2c86039&st=171008",
  "search_input_id": "txtTimKiem",
  "search_trigger": "#btnTimKiem",
  "headers": [
    "STT",
    "Mã BN",
    "Họ tên",
    "Giới tính",
    "Tuổi",
    "Phòng mổ",
    "Nơi chuyển mổ",
    "Nội dung phẫu thuật",
    "Tình trạng",
    "Thời gian",
    "Trạng thái",
    "Đối tượng",
    "Đã tạm ứng"
  ],
  "rows": [
    {
      "access_id": "4a7729eb-b982-4fac-9ef0-b4a200b29451",
      "known_fields": {
        "stt": "1",
        "ma_bn": "26082361",
        "ho_ten": "TRẦN NGỌC ĐIỆP (Phẫu thuật tại khoa)",
        "gioi_tinh": "Nữ",
        "tuoi": "52 tuổi",
        "phong_mo": "PHÒNG PHẪU THUẬT",
        "noi_chuyen_mo": "Khoa Khám Bệnh",
        "noi_dung_phau_thuat": "",
        "tinh_trang": "Thường",
        "thoi_gian": "10/08/2026",
        "trang_thai": "Chờ thực hiện",
        "doi_tuong": "Viện phí",
        "tam_ung": "0"
      },
      "raw_text": "1 26082361 TRẦN NGỌC ĐIỆP (Phẫu thuật tại khoa) Nữ 52 tuổi PHÒNG PHẪU THUẬT Khoa Khám Bệnh Thường 10/08/2026 Chờ thực hiện Viện phí 0",
      "links": [
        {
          "text": "1",
          "href": "javascript:void(0);",
          "onclick": "checkBanGiaoPT('4a7729eb-b982-4fac-9ef0-b4a200b29451'); return false;"
        },
        {
          "text": "26082361",
          "href": "javascript:void(0);",
          "onclick": "checkBanGiaoPT('4a7729eb-b982-4fac-9ef0-b4a200b29451'); return false;"
        },
        {
          "text": "TRẦN NGỌC ĐIỆP (Phẫu thuật tại khoa)",
          "href": "javascript:void(0);",
          "onclick": "checkBanGiaoPT('4a7729eb-b982-4fac-9ef0-b4a200b29451'); return false;"
        },
        {
          "text": "Nữ",
          "href": "javascript:void(0);",
          "onclick": "checkBanGiaoPT('4a7729eb-b982-4fac-9ef0-b4a200b29451'); return false;"
        },
        {
          "text": "52 tuổi",
          "href": "javascript:void(0);",
          "onclick": "checkBanGiaoPT('4a7729eb-b982-4fac-9ef0-b4a200b29451'); return false;"
        },
        {
          "text": "PHÒNG PHẪU THUẬT",
          "href": "javascript:void(0);",
          "onclick": "checkBanGiaoPT('4a7729eb-b982-4fac-9ef0-b4a200b29451'); return false;"
        },
        {
          "text": "Khoa Khám Bệnh",
          "href": "javascript:void(0);",
          "onclick": "checkBanGiaoPT('4a7729eb-b982-4fac-9ef0-b4a200b29451'); return false;"
        },
        {
          "text": "",
          "href": "javascript:void(0);",
          "onclick": "checkBanGiaoPT('4a7729eb-b982-4fac-9ef0-b4a200b29451'); return false;"
        },
        {
          "text": "Thường",
          "href": "javascript:void(0);",
          "onclick": "checkBanGiaoPT('4a7729eb-b982-4fac-9ef0-b4a200b29451'); return false;"
        },
        {
          "text": "10/08/2026",
          "href": "javascript:void(0);",
          "onclick": "checkBanGiaoPT('4a7729eb-b982-4fac-9ef0-b4a200b29451'); return false;"
        }
      ]
    }
  ]
}
[2026-09-22 17:10:13.842] [CANDIDATES] D/s Phẫu thuật: có 1 ứng viên cùng người bệnh
{
  "candidates": [
    {
      "list_score": 65.0,
      "list_datetime": "2026-08-10 00:00:00",
      "list_time_source": "Thời gian",
      "list_method": "",
      "list_method_source": "Nội dung phẫu thuật",
      "method_score": 0.0,
      "detail_marker": "javascript:checkBanGiaoPT('4a7729eb-b982-4fac-9ef0-b4a200b29451'); return false;",
      "row": {
        "access_id": "4a7729eb-b982-4fac-9ef0-b4a200b29451",
        "known_fields": {
          "stt": "1",
          "ma_bn": "26082361",
          "ho_ten": "TRẦN NGỌC ĐIỆP (Phẫu thuật tại khoa)",
          "gioi_tinh": "Nữ",
          "tuoi": "52 tuổi",
          "phong_mo": "PHÒNG PHẪU THUẬT",
          "noi_chuyen_mo": "Khoa Khám Bệnh",
          "noi_dung_phau_thuat": "",
          "tinh_trang": "Thường",
          "thoi_gian": "10/08/2026",
          "trang_thai": "Chờ thực hiện",
          "doi_tuong": "Viện phí",
          "tam_ung": "0"
        },
        "raw_text": "1 26082361 TRẦN NGỌC ĐIỆP (Phẫu thuật tại khoa) Nữ 52 tuổi PHÒNG PHẪU THUẬT Khoa Khám Bệnh Thường 10/08/2026 Chờ thực hiện Viện phí 0",
        "links": [
          {
            "text": "1",
            "href": "javascript:void(0);",
            "onclick": "checkBanGiaoPT('4a7729eb-b982-4fac-9ef0-b4a200b29451'); return false;"
          },
          {
            "text": "26082361",
            "href": "javascript:void(0);",
            "onclick": "checkBanGiaoPT('4a7729eb-b982-4fac-9ef0-b4a200b29451'); return false;"
          },
          {
            "text": "TRẦN NGỌC ĐIỆP (Phẫu thuật tại khoa)",
            "href": "javascript:void(0);",
            "onclick": "checkBanGiaoPT('4a7729eb-b982-4fac-9ef0-b4a200b29451'); return false;"
          },
          {
            "text": "Nữ",
            "href": "javascript:void(0);",
            "onclick": "checkBanGiaoPT('4a7729eb-b982-4fac-9ef0-b4a200b29451'); return false;"
          },
          {
            "text": "52 tuổi",
            "href": "javascript:void(0);",
            "onclick": "checkBanGiaoPT('4a7729eb-b982-4fac-9ef0-b4a200b29451'); return false;"
          },
          {
            "text": "PHÒNG PHẪU THUẬT",
            "href": "javascript:void(0);",
            "onclick": "checkBanGiaoPT('4a7729eb-b982-4fac-9ef0-b4a200b29451'); return false;"
          },
          {
            "text": "Khoa Khám Bệnh",
            "href": "javascript:void(0);",
            "onclick": "checkBanGiaoPT('4a7729eb-b982-4fac-9ef0-b4a200b29451'); return false;"
          },
          {
            "text": "",
            "href": "javascript:void(0);",
            "onclick": "checkBanGiaoPT('4a7729eb-b982-4fac-9ef0-b4a200b29451'); return false;"
          },
          {
            "text": "Thường",
            "href": "javascript:void(0);",
            "onclick": "checkBanGiaoPT('4a7729eb-b982-4fac-9ef0-b4a200b29451'); return false;"
          },
          {
            "text": "10/08/2026",
            "href": "javascript:void(0);",
            "onclick": "checkBanGiaoPT('4a7729eb-b982-4fac-9ef0-b4a200b29451'); return false;"
          }
        ]
      }
    }
  ]
}
[2026-09-22 17:10:13.842] [DETAIL_BEGIN] D/s Phẫu thuật: mở ứng viên 1
{
  "detail_marker": "javascript:checkBanGiaoPT('4a7729eb-b982-4fac-9ef0-b4a200b29451'); return false;",
  "list_datetime": "2026-08-10 00:00:00",
  "list_method": "",
  "row": {
    "access_id": "4a7729eb-b982-4fac-9ef0-b4a200b29451",
    "known_fields": {
      "stt": "1",
      "ma_bn": "26082361",
      "ho_ten": "TRẦN NGỌC ĐIỆP (Phẫu thuật tại khoa)",
      "gioi_tinh": "Nữ",
      "tuoi": "52 tuổi",
      "phong_mo": "PHÒNG PHẪU THUẬT",
      "noi_chuyen_mo": "Khoa Khám Bệnh",
      "noi_dung_phau_thuat": "",
      "tinh_trang": "Thường",
      "thoi_gian": "10/08/2026",
      "trang_thai": "Chờ thực hiện",
      "doi_tuong": "Viện phí",
      "tam_ung": "0"
    },
    "raw_text": "1 26082361 TRẦN NGỌC ĐIỆP (Phẫu thuật tại khoa) Nữ 52 tuổi PHÒNG PHẪU THUẬT Khoa Khám Bệnh Thường 10/08/2026 Chờ thực hiện Viện phí 0",
    "links": [
      {
        "text": "1",
        "href": "javascript:void(0);",
        "onclick": "checkBanGiaoPT('4a7729eb-b982-4fac-9ef0-b4a200b29451'); return false;"
      },
      {
        "text": "26082361",
        "href": "javascript:void(0);",
        "onclick": "checkBanGiaoPT('4a7729eb-b982-4fac-9ef0-b4a200b29451'); return false;"
      },
      {
        "text": "TRẦN NGỌC ĐIỆP (Phẫu thuật tại khoa)",
        "href": "javascript:void(0);",
        "onclick": "checkBanGiaoPT('4a7729eb-b982-4fac-9ef0-b4a200b29451'); return false;"
      },
      {
        "text": "Nữ",
        "href": "javascript:void(0);",
        "onclick": "checkBanGiaoPT('4a7729eb-b982-4fac-9ef0-b4a200b29451'); return false;"
      },
      {
        "text": "52 tuổi",
        "href": "javascript:void(0);",
        "onclick": "checkBanGiaoPT('4a7729eb-b982-4fac-9ef0-b4a200b29451'); return false;"
      },
      {
        "text": "PHÒNG PHẪU THUẬT",
        "href": "javascript:void(0);",
        "onclick": "checkBanGiaoPT('4a7729eb-b982-4fac-9ef0-b4a200b29451'); return false;"
      },
      {
        "text": "Khoa Khám Bệnh",
        "href": "javascript:void(0);",
        "onclick": "checkBanGiaoPT('4a7729eb-b982-4fac-9ef0-b4a200b29451'); return false;"
      },
      {
        "text": "",
        "href": "javascript:void(0);",
        "onclick": "checkBanGiaoPT('4a7729eb-b982-4fac-9ef0-b4a200b29451'); return false;"
      },
      {
        "text": "Thường",
        "href": "javascript:void(0);",
        "onclick": "checkBanGiaoPT('4a7729eb-b982-4fac-9ef0-b4a200b29451'); return false;"
      },
      {
        "text": "10/08/2026",
        "href": "javascript:void(0);",
        "onclick": "checkBanGiaoPT('4a7729eb-b982-4fac-9ef0-b4a200b29451'); return false;"
      }
    ]
  }
}
[2026-09-22 17:10:13.848] [BROWSER] [DETAIL] kind=surgery; access_id=4a7729eb-b982-4fac-9ef0-b4a200b29451; direct_url=no; onclick=yes
[2026-09-22 17:10:13.899] [BROWSER] [DETAIL] Kết quả gọi checkBanGiaoPT: {"access_id": "4a7729eb-b982-4fac-9ef0-b4a200b29451", "anchor_found": true, "captured_url": "home.aspx?scope=sys&lang=vi&wpid=phauthuatdraw&phauthuatid=4a7729eb-b982-4fac-9ef0-b4a200b29451&usid=172.31.255.1_oqn5yqe3ix0gr4lrbzs3p1ibd2c86039&st=171012", "error": "", "function_found": true, "onclick": "checkBanGiaoPT('4a7729eb-b982-4fac-9ef0-b4a200b29451'); return false;", "row_found": true}
[2026-09-22 17:10:13.900] [BROWSER] [DETAIL] URL chi tiết bắt được: http://192.168.2.26:2026/home.aspx?scope=sys&lang=vi&wpid=phauthuatdraw&phauthuatid=4a7729eb-b982-4fac-9ef0-b4a200b29451&usid=172.31.255.1_oqn5yqe3ix0gr4lrbzs3p1ibd2c86039&st=171012
[2026-09-22 17:10:14.950] [BROWSER] [DETAIL] Dữ liệu đọc được: {"ajax_active": 0, "complete_info": "", "current_url": "http://192.168.2.26:2026/home.aspx?scope=sys&lang=vi&wpid=phauthuatdraw&phauthuatid=4a7729eb-b982-4fac-9ef0-b4a200b29451&usid=172.31.255.1_oqn5yqe3ix0gr4lrbzs3p1ibd2c86039&st=171012", "doctor": "Trần Quang Sơn", "doctor_candidates": [{"id": "cbbBacSiPT", "value": "Trần Quang Sơn"}], "doctor_field": "cbbBacSiPT", "doctor_found": true, "method": "Phẫu thuật điều trị ngón tay cò súng (2 ngón)", "method_candidates": [{"id": "txtNoiDungPT", "value": ""}, {"id": "cbbPhuongPhapPT", "value": "Phẫu thuật điều trị ngón tay cò súng (2 ngón)"}, {"id": "cbbChiDinhMoPT", "value": "(PT.2598)Phẫu thuật điều trị ngón tay cò súng (2 ngón)"}], "method_field": "cbbPhuongPhapPT", "patient_info": "", "root_found": true, "start_candidates": [{"id": "txtBatDauPT", "value": "17:09 22/09/2026"}], "start_time": "17:09 22/09/2026", "start_time_field": "txtBatDauPT"}
[2026-09-22 17:10:14.950] [BROWSER] [DETAIL] Nguồn bác sĩ: BS mổ chính; field=cbbBacSiPT; value=Trần Quang Sơn
[2026-09-22 17:10:14.951] [DETAIL_OK] D/s Phẫu thuật: đọc được hồ sơ chi tiết
{
  "doctor_from_emr": "Trần Quang Sơn",
  "mapped_alias": "SƠN",
  "mapped_name": "Trần Quang Sơn",
  "start_time": "17:09 22/09/2026",
  "start_time_field": "txtBatDauPT",
  "method": "Phẫu thuật điều trị ngón tay cò súng (2 ngón)",
  "method_field": "cbbPhuongPhapPT",
  "list_time_source": "Thời gian",
  "list_method_source": "Nội dung phẫu thuật",
  "current_url": "http://192.168.2.26:2026/home.aspx?scope=sys&lang=vi&wpid=phauthuatdraw&phauthuatid=4a7729eb-b982-4fac-9ef0-b4a200b29451&usid=172.31.255.1_oqn5yqe3ix0gr4lrbzs3p1ibd2c86039&st=171012",
  "total_score": 135.0,
  "method_score": 1.0
}
[2026-09-22 17:10:14.951] [EVALUATED] D/s Phẫu thuật: đánh giá 1 hồ sơ
{
  "items": [
    {
      "doctor": "Trần Quang Sơn",
      "alias": "SƠN",
      "detail_datetime": "2026-09-22 17:09:00",
      "method_score": 1.0,
      "total_score": 135.0,
      "confidence_ok": false
    }
  ]
}
[2026-09-22 17:10:14.951] [SOURCE_MATCH_DATE] D/s Phẫu thuật: chọn hồ sơ cùng ngày và dừng
{
  "alias": "SƠN"
}
[2026-09-22 17:10:15.585] [AUTOSAVE_ROW] Dòng 17: đã điền SƠN và lưu ngay
{
  "patient": "TRẦN NGỌC ĐIỆP",
  "source": "D/s Phẫu thuật",
  "doctor_name": "Trần Quang Sơn",
  "emr_doctor": "Trần Quang Sơn",
  "matched_time": "17:09 22/09/2026",
  "matched_method": "Phẫu thuật điều trị ngón tay cò súng (2 ngón)",
  "progress": "9/38",
  "output": "E:\\Thong_ke\\node_outputs\\PM khoa CTCH T8_NHAP_LIEU.xlsx"
}
[2026-09-22 17:10:15.586] [ROW_END] Kết thúc dòng 17
{
  "status": "updated",
  "new_value": "SƠN",
  "reason": null
}
[2026-09-22 17:10:15.587] [ROW_BEGIN] [11/38] Bắt đầu dòng 18: NGUYỄN THỊ KIM NHUNG
{
  "raw_time": "2026/08/10 11:00",
  "parsed_time": "11:00 10/08/2026",
  "method": "Phẫu thuật điều trị ngón tay cò súng (1 ngón)",
  "old_value": ""
}
[2026-09-22 17:10:15.587] [SEARCH_BEGIN] dòng 18: tìm NGUYỄN THỊ KIM NHUNG tại D/s Phẫu thuật
{
  "patient": "NGUYỄN THỊ KIM NHUNG",
  "target_time": "2026-08-10 11:00:00",
  "target_method": "Phẫu thuật điều trị ngón tay cò súng (1 ngón)",
  "source": "surgery"
}
[2026-09-22 17:10:15.996] [BROWSER] [NAV] D/s Phẫu thuật: http://192.168.2.26:2026/home.aspx?scope=sys&lang=vi&wpid=danhsachphauthuatdraw&role=323&usid=172.31.255.1_oqn5yqe3ix0gr4lrbzs3p1ibd2c86039&st=171012
[2026-09-22 17:10:17.882] [BROWSER] [FILTER] 3 tháng
[2026-09-22 17:10:18.318] [BROWSER] [SEARCH] Nhập 'NGUYỄN THỊ KIM NHUNG' vào #txtTimKiem
[2026-09-22 17:10:18.433] [BROWSER] [SEARCH] Đã bấm Tìm kiếm bằng #btnTimKiem
[2026-09-22 17:10:18.452] [BROWSER] [RESULT] D/s Phẫu thuật: 1 dòng
[2026-09-22 17:10:18.459] [SEARCH_RESULT] D/s Phẫu thuật: nhận 1 dòng
{
  "current_url": "http://192.168.2.26:2026/home.aspx?scope=sys&lang=vi&wpid=danhsachphauthuatdraw&role=323&usid=172.31.255.1_oqn5yqe3ix0gr4lrbzs3p1ibd2c86039&st=171012",
  "search_input_id": "txtTimKiem",
  "search_trigger": "#btnTimKiem",
  "headers": [
    "STT",
    "Mã BN",
    "Họ tên",
    "Giới tính",
    "Tuổi",
    "Phòng mổ",
    "Nơi chuyển mổ",
    "Nội dung phẫu thuật",
    "Tình trạng",
    "Thời gian",
    "Trạng thái",
    "Đối tượng",
    "Đã tạm ứng"
  ],
  "rows": [
    {
      "access_id": "5530e24b-d0bc-45b1-a59e-b4a200b5dd0b",
      "known_fields": {
        "stt": "1",
        "ma_bn": "26008165",
        "ho_ten": "NGUYỄN THỊ KIM NHUNG (Phẫu thuật tại khoa)",
        "gioi_tinh": "Nữ",
        "tuoi": "50 tuổi",
        "phong_mo": "PHÒNG PHẪU THUẬT",
        "noi_chuyen_mo": "Khoa Khám Bệnh",
        "noi_dung_phau_thuat": "Phẫu thuật điều trị ngón tay cò súng (1 ngón)",
        "tinh_trang": "Thường",
        "thoi_gian": "10/08/2026",
        "trang_thai": "Hoàn tất",
        "doi_tuong": "Bảo hiểm",
        "tam_ung": "0"
      },
      "raw_text": "1 26008165 NGUYỄN THỊ KIM NHUNG (Phẫu thuật tại khoa) Nữ 50 tuổi PHÒNG PHẪU THUẬT Khoa Khám Bệnh Phẫu thuật điều trị ngón tay cò súng (1 ngón) Thường 10/08/2026 Hoàn tất Bảo hiểm 0",
      "links": [
        {
          "text": "1",
          "href": "http://192.168.2.26:2026/home.aspx?scope=sys&lang=vi&wpid=phauthuatdraw&phauthuatid=5530e24b-d0bc-45b1-a59e-b4a200b5dd0b&keyword=nguy%E1%BB%85n%20th%E1%BB%8B%20kim%20nhung&tg=6&tungay=01/06/2026&denngay=23/09/2026&usid=172.31.255.1_oqn5yqe3ix0gr4lrbzs3p1ibd2c86039&st=171017",
          "onclick": ""
        },
        {
          "text": "26008165",
          "href": "http://192.168.2.26:2026/home.aspx?scope=sys&lang=vi&wpid=phauthuatdraw&phauthuatid=5530e24b-d0bc-45b1-a59e-b4a200b5dd0b&keyword=nguy%E1%BB%85n%20th%E1%BB%8B%20kim%20nhung&tg=6&tungay=01/06/2026&denngay=23/09/2026&usid=172.31.255.1_oqn5yqe3ix0gr4lrbzs3p1ibd2c86039&st=171017",
          "onclick": ""
        },
        {
          "text": "NGUYỄN THỊ KIM NHUNG (Phẫu thuật tại khoa)",
          "href": "http://192.168.2.26:2026/home.aspx?scope=sys&lang=vi&wpid=phauthuatdraw&phauthuatid=5530e24b-d0bc-45b1-a59e-b4a200b5dd0b&keyword=nguy%E1%BB%85n%20th%E1%BB%8B%20kim%20nhung&tg=6&tungay=01/06/2026&denngay=23/09/2026&usid=172.31.255.1_oqn5yqe3ix0gr4lrbzs3p1ibd2c86039&st=171017",
          "onclick": ""
        },
        {
          "text": "Nữ",
          "href": "http://192.168.2.26:2026/home.aspx?scope=sys&lang=vi&wpid=phauthuatdraw&phauthuatid=5530e24b-d0bc-45b1-a59e-b4a200b5dd0b&keyword=nguy%E1%BB%85n%20th%E1%BB%8B%20kim%20nhung&tg=6&tungay=01/06/2026&denngay=23/09/2026&usid=172.31.255.1_oqn5yqe3ix0gr4lrbzs3p1ibd2c86039&st=171017",
          "onclick": ""
        },
        {
          "text": "50 tuổi",
          "href": "http://192.168.2.26:2026/home.aspx?scope=sys&lang=vi&wpid=phauthuatdraw&phauthuatid=5530e24b-d0bc-45b1-a59e-b4a200b5dd0b&keyword=nguy%E1%BB%85n%20th%E1%BB%8B%20kim%20nhung&tg=6&tungay=01/06/2026&denngay=23/09/2026&usid=172.31.255.1_oqn5yqe3ix0gr4lrbzs3p1ibd2c86039&st=171017",
          "onclick": ""
        },
        {
          "text": "PHÒNG PHẪU THUẬT",
          "href": "http://192.168.2.26:2026/home.aspx?scope=sys&lang=vi&wpid=phauthuatdraw&phauthuatid=5530e24b-d0bc-45b1-a59e-b4a200b5dd0b&keyword=nguy%E1%BB%85n%20th%E1%BB%8B%20kim%20nhung&tg=6&tungay=01/06/2026&denngay=23/09/2026&usid=172.31.255.1_oqn5yqe3ix0gr4lrbzs3p1ibd2c86039&st=171017",
          "onclick": ""
        },
        {
          "text": "Khoa Khám Bệnh",
          "href": "http://192.168.2.26:2026/home.aspx?scope=sys&lang=vi&wpid=phauthuatdraw&phauthuatid=5530e24b-d0bc-45b1-a59e-b4a200b5dd0b&keyword=nguy%E1%BB%85n%20th%E1%BB%8B%20kim%20nhung&tg=6&tungay=01/06/2026&denngay=23/09/2026&usid=172.31.255.1_oqn5yqe3ix0gr4lrbzs3p1ibd2c86039&st=171017",
          "onclick": ""
        },
        {
          "text": "Phẫu thuật điều trị ngón tay cò súng (1 ngón)",
          "href": "http://192.168.2.26:2026/home.aspx?scope=sys&lang=vi&wpid=phauthuatdraw&phauthuatid=5530e24b-d0bc-45b1-a59e-b4a200b5dd0b&keyword=nguy%E1%BB%85n%20th%E1%BB%8B%20kim%20nhung&tg=6&tungay=01/06/2026&denngay=23/09/2026&usid=172.31.255.1_oqn5yqe3ix0gr4lrbzs3p1ibd2c86039&st=171017",
          "onclick": ""
        },
        {
          "text": "Thường",
          "href": "http://192.168.2.26:2026/home.aspx?scope=sys&lang=vi&wpid=phauthuatdraw&phauthuatid=5530e24b-d0bc-45b1-a59e-b4a200b5dd0b&keyword=nguy%E1%BB%85n%20th%E1%BB%8B%20kim%20nhung&tg=6&tungay=01/06/2026&denngay=23/09/2026&usid=172.31.255.1_oqn5yqe3ix0gr4lrbzs3p1ibd2c86039&st=171017",
          "onclick": ""
        },
        {
          "text": "10/08/2026",
          "href": "http://192.168.2.26:2026/home.aspx?scope=sys&lang=vi&wpid=phauthuatdraw&phauthuatid=5530e24b-d0bc-45b1-a59e-b4a200b5dd0b&keyword=nguy%E1%BB%85n%20th%E1%BB%8B%20kim%20nhung&tg=6&tungay=01/06/2026&denngay=23/09/2026&usid=172.31.255.1_oqn5yqe3ix0gr4lrbzs3p1ibd2c86039&st=171017",
          "onclick": ""
        }
      ]
    }
  ]
}
[2026-09-22 17:10:18.460] [CANDIDATES] D/s Phẫu thuật: có 1 ứng viên cùng người bệnh
{
  "candidates": [
    {
      "list_score": 125.0,
      "list_datetime": "2026-08-10 00:00:00",
      "list_time_source": "Thời gian",
      "list_method": "Phẫu thuật điều trị ngón tay cò súng (1 ngón)",
      "list_method_source": "Nội dung phẫu thuật",
      "method_score": 1.0,
      "detail_marker": "http://192.168.2.26:2026/home.aspx?scope=sys&lang=vi&wpid=phauthuatdraw&phauthuatid=5530e24b-d0bc-45b1-a59e-b4a200b5dd0b&keyword=nguy%E1%BB%85n%20th%E1%BB%8B%20kim%20nhung&tg=6&tungay=01/06/2026&denngay=23/09/2026&usid=172.31.255.1_oqn5yqe3ix0gr4lrbzs3p1ibd2c86039&st=171017",
      "row": {
        "access_id": "5530e24b-d0bc-45b1-a59e-b4a200b5dd0b",
        "known_fields": {
          "stt": "1",
          "ma_bn": "26008165",
          "ho_ten": "NGUYỄN THỊ KIM NHUNG (Phẫu thuật tại khoa)",
          "gioi_tinh": "Nữ",
          "tuoi": "50 tuổi",
          "phong_mo": "PHÒNG PHẪU THUẬT",
          "noi_chuyen_mo": "Khoa Khám Bệnh",
          "noi_dung_phau_thuat": "Phẫu thuật điều trị ngón tay cò súng (1 ngón)",
          "tinh_trang": "Thường",
          "thoi_gian": "10/08/2026",
          "trang_thai": "Hoàn tất",
          "doi_tuong": "Bảo hiểm",
          "tam_ung": "0"
        },
        "raw_text": "1 26008165 NGUYỄN THỊ KIM NHUNG (Phẫu thuật tại khoa) Nữ 50 tuổi PHÒNG PHẪU THUẬT Khoa Khám Bệnh Phẫu thuật điều trị ngón tay cò súng (1 ngón) Thường 10/08/2026 Hoàn tất Bảo hiểm 0",
        "links": [
          {
            "text": "1",
            "href": "http://192.168.2.26:2026/home.aspx?scope=sys&lang=vi&wpid=phauthuatdraw&phauthuatid=5530e24b-d0bc-45b1-a59e-b4a200b5dd0b&keyword=nguy%E1%BB%85n%20th%E1%BB%8B%20kim%20nhung&tg=6&tungay=01/06/2026&denngay=23/09/2026&usid=172.31.255.1_oqn5yqe3ix0gr4lrbzs3p1ibd2c86039&st=171017",
            "onclick": ""
          },
          {
            "text": "26008165",
            "href": "http://192.168.2.26:2026/home.aspx?scope=sys&lang=vi&wpid=phauthuatdraw&phauthuatid=5530e24b-d0bc-45b1-a59e-b4a200b5dd0b&keyword=nguy%E1%BB%85n%20th%E1%BB%8B%20kim%20nhung&tg=6&tungay=01/06/2026&denngay=23/09/2026&usid=172.31.255.1_oqn5yqe3ix0gr4lrbzs3p1ibd2c86039&st=171017",
            "onclick": ""
          },
          {
            "text": "NGUYỄN THỊ KIM NHUNG (Phẫu thuật tại khoa)",
            "href": "http://192.168.2.26:2026/home.aspx?scope=sys&lang=vi&wpid=phauthuatdraw&phauthuatid=5530e24b-d0bc-45b1-a59e-b4a200b5dd0b&keyword=nguy%E1%BB%85n%20th%E1%BB%8B%20kim%20nhung&tg=6&tungay=01/06/2026&denngay=23/09/2026&usid=172.31.255.1_oqn5yqe3ix0gr4lrbzs3p1ibd2c86039&st=171017",
            "onclick": ""
          },
          {
            "text": "Nữ",
            "href": "http://192.168.2.26:2026/home.aspx?scope=sys&lang=vi&wpid=phauthuatdraw&phauthuatid=5530e24b-d0bc-45b1-a59e-b4a200b5dd0b&keyword=nguy%E1%BB%85n%20th%E1%BB%8B%20kim%20nhung&tg=6&tungay=01/06/2026&denngay=23/09/2026&usid=172.31.255.1_oqn5yqe3ix0gr4lrbzs3p1ibd2c86039&st=171017",
            "onclick": ""
          },
          {
            "text": "50 tuổi",
            "href": "http://192.168.2.26:2026/home.aspx?scope=sys&lang=vi&wpid=phauthuatdraw&phauthuatid=5530e24b-d0bc-45b1-a59e-b4a200b5dd0b&keyword=nguy%E1%BB%85n%20th%E1%BB%8B%20kim%20nhung&tg=6&tungay=01/06/2026&denngay=23/09/2026&usid=172.31.255.1_oqn5yqe3ix0gr4lrbzs3p1ibd2c86039&st=171017",
            "onclick": ""
          },
          {
            "text": "PHÒNG PHẪU THUẬT",
            "href": "http://192.168.2.26:2026/home.aspx?scope=sys&lang=vi&wpid=phauthuatdraw&phauthuatid=5530e24b-d0bc-45b1-a59e-b4a200b5dd0b&keyword=nguy%E1%BB%85n%20th%E1%BB%8B%20kim%20nhung&tg=6&tungay=01/06/2026&denngay=23/09/2026&usid=172.31.255.1_oqn5yqe3ix0gr4lrbzs3p1ibd2c86039&st=171017",
            "onclick": ""
          },
          {
            "text": "Khoa Khám Bệnh",
            "href": "http://192.168.2.26:2026/home.aspx?scope=sys&lang=vi&wpid=phauthuatdraw&phauthuatid=5530e24b-d0bc-45b1-a59e-b4a200b5dd0b&keyword=nguy%E1%BB%85n%20th%E1%BB%8B%20kim%20nhung&tg=6&tungay=01/06/2026&denngay=23/09/2026&usid=172.31.255.1_oqn5yqe3ix0gr4lrbzs3p1ibd2c86039&st=171017",
            "onclick": ""
          },
          {
            "text": "Phẫu thuật điều trị ngón tay cò súng (1 ngón)",
            "href": "http://192.168.2.26:2026/home.aspx?scope=sys&lang=vi&wpid=phauthuatdraw&phauthuatid=5530e24b-d0bc-45b1-a59e-b4a200b5dd0b&keyword=nguy%E1%BB%85n%20th%E1%BB%8B%20kim%20nhung&tg=6&tungay=01/06/2026&denngay=23/09/2026&usid=172.31.255.1_oqn5yqe3ix0gr4lrbzs3p1ibd2c86039&st=171017",
            "onclick": ""
          },
          {
            "text": "Thường",
            "href": "http://192.168.2.26:2026/home.aspx?scope=sys&lang=vi&wpid=phauthuatdraw&phauthuatid=5530e24b-d0bc-45b1-a59e-b4a200b5dd0b&keyword=nguy%E1%BB%85n%20th%E1%BB%8B%20kim%20nhung&tg=6&tungay=01/06/2026&denngay=23/09/2026&usid=172.31.255.1_oqn5yqe3ix0gr4lrbzs3p1ibd2c86039&st=171017",
            "onclick": ""
          },
          {
            "text": "10/08/2026",
            "href": "http://192.168.2.26:2026/home.aspx?scope=sys&lang=vi&wpid=phauthuatdraw&phauthuatid=5530e24b-d0bc-45b1-a59e-b4a200b5dd0b&keyword=nguy%E1%BB%85n%20th%E1%BB%8B%20kim%20nhung&tg=6&tungay=01/06/2026&denngay=23/09/2026&usid=172.31.255.1_oqn5yqe3ix0gr4lrbzs3p1ibd2c86039&st=171017",
            "onclick": ""
          }
        ]
      }
    }
  ]
}
[2026-09-22 17:10:18.460] [DETAIL_BEGIN] D/s Phẫu thuật: mở ứng viên 1
{
  "detail_marker": "http://192.168.2.26:2026/home.aspx?scope=sys&lang=vi&wpid=phauthuatdraw&phauthuatid=5530e24b-d0bc-45b1-a59e-b4a200b5dd0b&keyword=nguy%E1%BB%85n%20th%E1%BB%8B%20kim%20nhung&tg=6&tungay=01/06/2026&denngay=23/09/2026&usid=172.31.255.1_oqn5yqe3ix0gr4lrbzs3p1ibd2c86039&st=171017",
  "list_datetime": "2026-08-10 00:00:00",
  "list_method": "Phẫu thuật điều trị ngón tay cò súng (1 ngón)",
  "row": {
    "access_id": "5530e24b-d0bc-45b1-a59e-b4a200b5dd0b",
    "known_fields": {
      "stt": "1",
      "ma_bn": "26008165",
      "ho_ten": "NGUYỄN THỊ KIM NHUNG (Phẫu thuật tại khoa)",
      "gioi_tinh": "Nữ",
      "tuoi": "50 tuổi",
      "phong_mo": "PHÒNG PHẪU THUẬT",
      "noi_chuyen_mo": "Khoa Khám Bệnh",
      "noi_dung_phau_thuat": "Phẫu thuật điều trị ngón tay cò súng (1 ngón)",
      "tinh_trang": "Thường",
      "thoi_gian": "10/08/2026",
      "trang_thai": "Hoàn tất",
      "doi_tuong": "Bảo hiểm",
      "tam_ung": "0"
    },
    "raw_text": "1 26008165 NGUYỄN THỊ KIM NHUNG (Phẫu thuật tại khoa) Nữ 50 tuổi PHÒNG PHẪU THUẬT Khoa Khám Bệnh Phẫu thuật điều trị ngón tay cò súng (1 ngón) Thường 10/08/2026 Hoàn tất Bảo hiểm 0",
    "links": [
      {
        "text": "1",
        "href": "http://192.168.2.26:2026/home.aspx?scope=sys&lang=vi&wpid=phauthuatdraw&phauthuatid=5530e24b-d0bc-45b1-a59e-b4a200b5dd0b&keyword=nguy%E1%BB%85n%20th%E1%BB%8B%20kim%20nhung&tg=6&tungay=01/06/2026&denngay=23/09/2026&usid=172.31.255.1_oqn5yqe3ix0gr4lrbzs3p1ibd2c86039&st=171017",
        "onclick": ""
      },
      {
        "text": "26008165",
        "href": "http://192.168.2.26:2026/home.aspx?scope=sys&lang=vi&wpid=phauthuatdraw&phauthuatid=5530e24b-d0bc-45b1-a59e-b4a200b5dd0b&keyword=nguy%E1%BB%85n%20th%E1%BB%8B%20kim%20nhung&tg=6&tungay=01/06/2026&denngay=23/09/2026&usid=172.31.255.1_oqn5yqe3ix0gr4lrbzs3p1ibd2c86039&st=171017",
        "onclick": ""
      },
      {
        "text": "NGUYỄN THỊ KIM NHUNG (Phẫu thuật tại khoa)",
        "href": "http://192.168.2.26:2026/home.aspx?scope=sys&lang=vi&wpid=phauthuatdraw&phauthuatid=5530e24b-d0bc-45b1-a59e-b4a200b5dd0b&keyword=nguy%E1%BB%85n%20th%E1%BB%8B%20kim%20nhung&tg=6&tungay=01/06/2026&denngay=23/09/2026&usid=172.31.255.1_oqn5yqe3ix0gr4lrbzs3p1ibd2c86039&st=171017",
        "onclick": ""
      },
      {
        "text": "Nữ",
        "href": "http://192.168.2.26:2026/home.aspx?scope=sys&lang=vi&wpid=phauthuatdraw&phauthuatid=5530e24b-d0bc-45b1-a59e-b4a200b5dd0b&keyword=nguy%E1%BB%85n%20th%E1%BB%8B%20kim%20nhung&tg=6&tungay=01/06/2026&denngay=23/09/2026&usid=172.31.255.1_oqn5yqe3ix0gr4lrbzs3p1ibd2c86039&st=171017",
        "onclick": ""
      },
      {
        "text": "50 tuổi",
        "href": "http://192.168.2.26:2026/home.aspx?scope=sys&lang=vi&wpid=phauthuatdraw&phauthuatid=5530e24b-d0bc-45b1-a59e-b4a200b5dd0b&keyword=nguy%E1%BB%85n%20th%E1%BB%8B%20kim%20nhung&tg=6&tungay=01/06/2026&denngay=23/09/2026&usid=172.31.255.1_oqn5yqe3ix0gr4lrbzs3p1ibd2c86039&st=171017",
        "onclick": ""
      },
      {
        "text": "PHÒNG PHẪU THUẬT",
        "href": "http://192.168.2.26:2026/home.aspx?scope=sys&lang=vi&wpid=phauthuatdraw&phauthuatid=5530e24b-d0bc-45b1-a59e-b4a200b5dd0b&keyword=nguy%E1%BB%85n%20th%E1%BB%8B%20kim%20nhung&tg=6&tungay=01/06/2026&denngay=23/09/2026&usid=172.31.255.1_oqn5yqe3ix0gr4lrbzs3p1ibd2c86039&st=171017",
        "onclick": ""
      },
      {
        "text": "Khoa Khám Bệnh",
        "href": "http://192.168.2.26:2026/home.aspx?scope=sys&lang=vi&wpid=phauthuatdraw&phauthuatid=5530e24b-d0bc-45b1-a59e-b4a200b5dd0b&keyword=nguy%E1%BB%85n%20th%E1%BB%8B%20kim%20nhung&tg=6&tungay=01/06/2026&denngay=23/09/2026&usid=172.31.255.1_oqn5yqe3ix0gr4lrbzs3p1ibd2c86039&st=171017",
        "onclick": ""
      },
      {
        "text": "Phẫu thuật điều trị ngón tay cò súng (1 ngón)",
        "href": "http://192.168.2.26:2026/home.aspx?scope=sys&lang=vi&wpid=phauthuatdraw&phauthuatid=5530e24b-d0bc-45b1-a59e-b4a200b5dd0b&keyword=nguy%E1%BB%85n%20th%E1%BB%8B%20kim%20nhung&tg=6&tungay=01/06/2026&denngay=23/09/2026&usid=172.31.255.1_oqn5yqe3ix0gr4lrbzs3p1ibd2c86039&st=171017",
        "onclick": ""
      },
      {
        "text": "Thường",
        "href": "http://192.168.2.26:2026/home.aspx?scope=sys&lang=vi&wpid=phauthuatdraw&phauthuatid=5530e24b-d0bc-45b1-a59e-b4a200b5dd0b&keyword=nguy%E1%BB%85n%20th%E1%BB%8B%20kim%20nhung&tg=6&tungay=01/06/2026&denngay=23/09/2026&usid=172.31.255.1_oqn5yqe3ix0gr4lrbzs3p1ibd2c86039&st=171017",
        "onclick": ""
      },
      {
        "text": "10/08/2026",
        "href": "http://192.168.2.26:2026/home.aspx?scope=sys&lang=vi&wpid=phauthuatdraw&phauthuatid=5530e24b-d0bc-45b1-a59e-b4a200b5dd0b&keyword=nguy%E1%BB%85n%20th%E1%BB%8B%20kim%20nhung&tg=6&tungay=01/06/2026&denngay=23/09/2026&usid=172.31.255.1_oqn5yqe3ix0gr4lrbzs3p1ibd2c86039&st=171017",
        "onclick": ""
      }
    ]
  }
}
[2026-09-22 17:10:18.466] [BROWSER] [DETAIL] kind=surgery; access_id=5530e24b-d0bc-45b1-a59e-b4a200b5dd0b; direct_url=yes; onclick=no
[2026-09-22 17:10:18.467] [BROWSER] [DETAIL] Mở liên kết trực tiếp: http://192.168.2.26:2026/home.aspx?scope=sys&lang=vi&wpid=phauthuatdraw&phauthuatid=5530e24b-d0bc-45b1-a59e-b4a200b5dd0b&keyword=nguy%E1%BB%85n%20th%E1%BB%8B%20kim%20nhung&tg=6&tungay=01/06/2026&denngay=23/09/2026&usid=172.31.255.1_oqn5yqe3ix0gr4lrbzs3p1ibd2c86039&st=171017
[2026-09-22 17:10:19.508] [BROWSER] [DETAIL] Dữ liệu đọc được: {"ajax_active": 0, "complete_info": "Người hoàn tất: Trần Quang Sơn (tqson) | TG nhấn hoàn tất: 15:53 10/08/2026", "current_url": "http://192.168.2.26:2026/home.aspx?scope=sys&lang=vi&wpid=phauthuatdraw&phauthuatid=5530e24b-d0bc-45b1-a59e-b4a200b5dd0b&keyword=nguy%E1%BB%85n%20th%E1%BB%8B%20kim%20nhung&tg=6&tungay=01/06/2026&denngay=23/09/2026&usid=172.31.255.1_oqn5yqe3ix0gr4lrbzs3p1ibd2c86039&st=171017", "doctor": "Trần Quang Sơn", "doctor_candidates": [{"id": "cbbBacSiPT", "value": "Trần Quang Sơn"}], "doctor_field": "cbbBacSiPT", "doctor_found": true, "method": "Phẫu thuật điều trị ngón tay cò súng (1 ngón)", "method_candidates": [{"id": "txtNoiDungPT", "value": ""}, {"id": "cbbPhuongPhapPT", "value": "Phẫu thuật điều trị ngón tay cò súng (1 ngón)"}, {"id": "cbbChiDinhMoPT", "value": "(PT.2597)Phẫu thuật điều trị ngón tay cò súng (1 ngón)"}], "method_field": "cbbPhuongPhapPT", "patient_info": "", "root_found": true, "start_candidates": [{"id": "txtBatDauPT", "value": "14:00 10/08/2026"}], "start_time": "14:00 10/08/2026", "start_time_field": "txtBatDauPT"}
[2026-09-22 17:10:19.508] [BROWSER] [DETAIL] Nguồn bác sĩ: BS mổ chính; field=cbbBacSiPT; value=Trần Quang Sơn
[2026-09-22 17:10:19.509] [DETAIL_OK] D/s Phẫu thuật: đọc được hồ sơ chi tiết
{
  "doctor_from_emr": "Trần Quang Sơn",
  "mapped_alias": "SƠN",
  "mapped_name": "Trần Quang Sơn",
  "start_time": "14:00 10/08/2026",
  "start_time_field": "txtBatDauPT",
  "method": "Phẫu thuật điều trị ngón tay cò súng (1 ngón)",
  "method_field": "cbbPhuongPhapPT",
  "list_time_source": "Thời gian",
  "list_method_source": "Nội dung phẫu thuật",
  "current_url": "http://192.168.2.26:2026/home.aspx?scope=sys&lang=vi&wpid=phauthuatdraw&phauthuatid=5530e24b-d0bc-45b1-a59e-b4a200b5dd0b&keyword=nguy%E1%BB%85n%20th%E1%BB%8B%20kim%20nhung&tg=6&tungay=01/06/2026&denngay=23/09/2026&usid=172.31.255.1_oqn5yqe3ix0gr4lrbzs3p1ibd2c86039&st=171017",
  "total_score": 380.0,
  "method_score": 1.0
}
[2026-09-22 17:10:19.509] [EVALUATED] D/s Phẫu thuật: đánh giá 1 hồ sơ
{
  "items": [
    {
      "doctor": "Trần Quang Sơn",
      "alias": "SƠN",
      "detail_datetime": "2026-08-10 14:00:00",
      "method_score": 1.0,
      "total_score": 380.0,
      "confidence_ok": true
    }
  ]
}
[2026-09-22 17:10:19.509] [SOURCE_MATCH] D/s Phẫu thuật: đã chọn bác sĩ, không tìm nguồn còn lại
{
  "alias": "SƠN"
}
[2026-09-22 17:10:20.041] [AUTOSAVE_ROW] Dòng 18: đã điền SƠN và lưu ngay
{
  "patient": "NGUYỄN THỊ KIM NHUNG",
  "source": "D/s Phẫu thuật",
  "doctor_name": "Trần Quang Sơn",
  "emr_doctor": "Trần Quang Sơn",
  "matched_time": "14:00 10/08/2026",
  "matched_method": "Phẫu thuật điều trị ngón tay cò súng (1 ngón)",
  "progress": "10/38",
  "output": "E:\\Thong_ke\\node_outputs\\PM khoa CTCH T8_NHAP_LIEU.xlsx"
}
[2026-09-22 17:10:20.042] [ROW_END] Kết thúc dòng 18
{
  "status": "updated",
  "new_value": "SƠN",
  "reason": null
}
[2026-09-22 17:10:20.042] [ROW_BEGIN] [12/38] Bắt đầu dòng 19: THẠCH BÉ BA
{
  "raw_time": "2026/08/11 10:21",
  "parsed_time": "10:21 11/08/2026",
  "method": "Phẫu thuật điều trị hội chứng ống cổ tay",
  "old_value": ""
}
[2026-09-22 17:10:20.043] [SEARCH_BEGIN] dòng 19: tìm THẠCH BÉ BA tại D/s Phẫu thuật
{
  "patient": "THẠCH BÉ BA",
  "target_time": "2026-08-11 10:21:00",
  "target_method": "Phẫu thuật điều trị hội chứng ống cổ tay",
  "source": "surgery"
}
[2026-09-22 17:10:20.371] [BROWSER] [NAV] D/s Phẫu thuật: http://192.168.2.26:2026/home.aspx?scope=sys&lang=vi&wpid=danhsachphauthuatdraw&role=323&usid=172.31.255.1_oqn5yqe3ix0gr4lrbzs3p1ibd2c86039&st=171017
[2026-09-22 17:10:22.262] [BROWSER] [FILTER] 3 tháng
[2026-09-22 17:10:22.800] [BROWSER] [SEARCH] Nhập 'THẠCH BÉ BA' vào #txtTimKiem
[2026-09-22 17:10:22.926] [BROWSER] [SEARCH] Đã bấm Tìm kiếm bằng #btnTimKiem
[2026-09-22 17:10:22.951] [BROWSER] [RESULT] D/s Phẫu thuật: 1 dòng
[2026-09-22 17:10:22.958] [SEARCH_RESULT] D/s Phẫu thuật: nhận 1 dòng
{
  "current_url": "http://192.168.2.26:2026/home.aspx?scope=sys&lang=vi&wpid=danhsachphauthuatdraw&role=323&usid=172.31.255.1_oqn5yqe3ix0gr4lrbzs3p1ibd2c86039&st=171017",
  "search_input_id": "txtTimKiem",
  "search_trigger": "#btnTimKiem",
  "headers": [
    "STT",
    "Mã BN",
    "Họ tên",
    "Giới tính",
    "Tuổi",
    "Phòng mổ",
    "Nơi chuyển mổ",
    "Nội dung phẫu thuật",
    "Tình trạng",
    "Thời gian",
    "Trạng thái",
    "Đối tượng",
    "Đã tạm ứng"
  ],
  "rows": [
    {
      "access_id": "bac9ab06-e74f-42f9-b007-b4a300ab30f9",
      "known_fields": {
        "stt": "1",
        "ma_bn": "26075055",
        "ho_ten": "THẠCH BÉ BA (Phẫu thuật tại khoa)",
        "gioi_tinh": "Nam",
        "tuoi": "58 tuổi",
        "phong_mo": "PHÒNG PHẪU THUẬT",
        "noi_chuyen_mo": "Khoa Khám Bệnh",
        "noi_dung_phau_thuat": "Phẫu thuật điều trị hội chứng ống cổ tay",
        "tinh_trang": "Thường",
        "thoi_gian": "11/08/2026",
        "trang_thai": "Hoàn tất",
        "doi_tuong": "Bảo hiểm",
        "tam_ung": "0"
      },
      "raw_text": "1 26075055 THẠCH BÉ BA (Phẫu thuật tại khoa) Nam 58 tuổi PHÒNG PHẪU THUẬT Khoa Khám Bệnh Phẫu thuật điều trị hội chứng ống cổ tay Thường 11/08/2026 Hoàn tất Bảo hiểm 0",
      "links": [
        {
          "text": "1",
          "href": "http://192.168.2.26:2026/home.aspx?scope=sys&lang=vi&wpid=phauthuatdraw&phauthuatid=bac9ab06-e74f-42f9-b007-b4a300ab30f9&keyword=th%E1%BA%A1ch%20b%C3%A9%20ba&tg=6&tungay=01/06/2026&denngay=23/09/2026&usid=172.31.255.1_oqn5yqe3ix0gr4lrbzs3p1ibd2c86039&st=171021",
          "onclick": ""
        },
        {
          "text": "26075055",
          "href": "http://192.168.2.26:2026/home.aspx?scope=sys&lang=vi&wpid=phauthuatdraw&phauthuatid=bac9ab06-e74f-42f9-b007-b4a300ab30f9&keyword=th%E1%BA%A1ch%20b%C3%A9%20ba&tg=6&tungay=01/06/2026&denngay=23/09/2026&usid=172.31.255.1_oqn5yqe3ix0gr4lrbzs3p1ibd2c86039&st=171021",
          "onclick": ""
        },
        {
          "text": "THẠCH BÉ BA (Phẫu thuật tại khoa)",
          "href": "http://192.168.2.26:2026/home.aspx?scope=sys&lang=vi&wpid=phauthuatdraw&phauthuatid=bac9ab06-e74f-42f9-b007-b4a300ab30f9&keyword=th%E1%BA%A1ch%20b%C3%A9%20ba&tg=6&tungay=01/06/2026&denngay=23/09/2026&usid=172.31.255.1_oqn5yqe3ix0gr4lrbzs3p1ibd2c86039&st=171021",
          "onclick": ""
        },
        {
          "text": "Nam",
          "href": "http://192.168.2.26:2026/home.aspx?scope=sys&lang=vi&wpid=phauthuatdraw&phauthuatid=bac9ab06-e74f-42f9-b007-b4a300ab30f9&keyword=th%E1%BA%A1ch%20b%C3%A9%20ba&tg=6&tungay=01/06/2026&denngay=23/09/2026&usid=172.31.255.1_oqn5yqe3ix0gr4lrbzs3p1ibd2c86039&st=171021",
          "onclick": ""
        },
        {
          "text": "58 tuổi",
          "href": "http://192.168.2.26:2026/home.aspx?scope=sys&lang=vi&wpid=phauthuatdraw&phauthuatid=bac9ab06-e74f-42f9-b007-b4a300ab30f9&keyword=th%E1%BA%A1ch%20b%C3%A9%20ba&tg=6&tungay=01/06/2026&denngay=23/09/2026&usid=172.31.255.1_oqn5yqe3ix0gr4lrbzs3p1ibd2c86039&st=171021",
          "onclick": ""
        },
        {
          "text": "PHÒNG PHẪU THUẬT",
          "href": "http://192.168.2.26:2026/home.aspx?scope=sys&lang=vi&wpid=phauthuatdraw&phauthuatid=bac9ab06-e74f-42f9-b007-b4a300ab30f9&keyword=th%E1%BA%A1ch%20b%C3%A9%20ba&tg=6&tungay=01/06/2026&denngay=23/09/2026&usid=172.31.255.1_oqn5yqe3ix0gr4lrbzs3p1ibd2c86039&st=171021",
          "onclick": ""
        },
        {
          "text": "Khoa Khám Bệnh",
          "href": "http://192.168.2.26:2026/home.aspx?scope=sys&lang=vi&wpid=phauthuatdraw&phauthuatid=bac9ab06-e74f-42f9-b007-b4a300ab30f9&keyword=th%E1%BA%A1ch%20b%C3%A9%20ba&tg=6&tungay=01/06/2026&denngay=23/09/2026&usid=172.31.255.1_oqn5yqe3ix0gr4lrbzs3p1ibd2c86039&st=171021",
          "onclick": ""
        },
        {
          "text": "Phẫu thuật điều trị hội chứng ống cổ tay",
          "href": "http://192.168.2.26:2026/home.aspx?scope=sys&lang=vi&wpid=phauthuatdraw&phauthuatid=bac9ab06-e74f-42f9-b007-b4a300ab30f9&keyword=th%E1%BA%A1ch%20b%C3%A9%20ba&tg=6&tungay=01/06/2026&denngay=23/09/2026&usid=172.31.255.1_oqn5yqe3ix0gr4lrbzs3p1ibd2c86039&st=171021",
          "onclick": ""
        },
        {
          "text": "Thường",
          "href": "http://192.168.2.26:2026/home.aspx?scope=sys&lang=vi&wpid=phauthuatdraw&phauthuatid=bac9ab06-e74f-42f9-b007-b4a300ab30f9&keyword=th%E1%BA%A1ch%20b%C3%A9%20ba&tg=6&tungay=01/06/2026&denngay=23/09/2026&usid=172.31.255.1_oqn5yqe3ix0gr4lrbzs3p1ibd2c86039&st=171021",
          "onclick": ""
        },
        {
          "text": "11/08/2026",
          "href": "http://192.168.2.26:2026/home.aspx?scope=sys&lang=vi&wpid=phauthuatdraw&phauthuatid=bac9ab06-e74f-42f9-b007-b4a300ab30f9&keyword=th%E1%BA%A1ch%20b%C3%A9%20ba&tg=6&tungay=01/06/2026&denngay=23/09/2026&usid=172.31.255.1_oqn5yqe3ix0gr4lrbzs3p1ibd2c86039&st=171021",
          "onclick": ""
        }
      ]
    }
  ]
}
[2026-09-22 17:10:22.960] [CANDIDATES] D/s Phẫu thuật: có 1 ứng viên cùng người bệnh
{
  "candidates": [
    {
      "list_score": 125.0,
      "list_datetime": "2026-08-11 00:00:00",
      "list_time_source": "Thời gian",
      "list_method": "Phẫu thuật điều trị hội chứng ống cổ tay",
      "list_method_source": "Nội dung phẫu thuật",
      "method_score": 1.0,
      "detail_marker": "http://192.168.2.26:2026/home.aspx?scope=sys&lang=vi&wpid=phauthuatdraw&phauthuatid=bac9ab06-e74f-42f9-b007-b4a300ab30f9&keyword=th%E1%BA%A1ch%20b%C3%A9%20ba&tg=6&tungay=01/06/2026&denngay=23/09/2026&usid=172.31.255.1_oqn5yqe3ix0gr4lrbzs3p1ibd2c86039&st=171021",
      "row": {
        "access_id": "bac9ab06-e74f-42f9-b007-b4a300ab30f9",
        "known_fields": {
          "stt": "1",
          "ma_bn": "26075055",
          "ho_ten": "THẠCH BÉ BA (Phẫu thuật tại khoa)",
          "gioi_tinh": "Nam",
          "tuoi": "58 tuổi",
          "phong_mo": "PHÒNG PHẪU THUẬT",
          "noi_chuyen_mo": "Khoa Khám Bệnh",
          "noi_dung_phau_thuat": "Phẫu thuật điều trị hội chứng ống cổ tay",
          "tinh_trang": "Thường",
          "thoi_gian": "11/08/2026",
          "trang_thai": "Hoàn tất",
          "doi_tuong": "Bảo hiểm",
          "tam_ung": "0"
        },
        "raw_text": "1 26075055 THẠCH BÉ BA (Phẫu thuật tại khoa) Nam 58 tuổi PHÒNG PHẪU THUẬT Khoa Khám Bệnh Phẫu thuật điều trị hội chứng ống cổ tay Thường 11/08/2026 Hoàn tất Bảo hiểm 0",
        "links": [
          {
            "text": "1",
            "href": "http://192.168.2.26:2026/home.aspx?scope=sys&lang=vi&wpid=phauthuatdraw&phauthuatid=bac9ab06-e74f-42f9-b007-b4a300ab30f9&keyword=th%E1%BA%A1ch%20b%C3%A9%20ba&tg=6&tungay=01/06/2026&denngay=23/09/2026&usid=172.31.255.1_oqn5yqe3ix0gr4lrbzs3p1ibd2c86039&st=171021",
            "onclick": ""
          },
          {
            "text": "26075055",
            "href": "http://192.168.2.26:2026/home.aspx?scope=sys&lang=vi&wpid=phauthuatdraw&phauthuatid=bac9ab06-e74f-42f9-b007-b4a300ab30f9&keyword=th%E1%BA%A1ch%20b%C3%A9%20ba&tg=6&tungay=01/06/2026&denngay=23/09/2026&usid=172.31.255.1_oqn5yqe3ix0gr4lrbzs3p1ibd2c86039&st=171021",
            "onclick": ""
          },
          {
            "text": "THẠCH BÉ BA (Phẫu thuật tại khoa)",
            "href": "http://192.168.2.26:2026/home.aspx?scope=sys&lang=vi&wpid=phauthuatdraw&phauthuatid=bac9ab06-e74f-42f9-b007-b4a300ab30f9&keyword=th%E1%BA%A1ch%20b%C3%A9%20ba&tg=6&tungay=01/06/2026&denngay=23/09/2026&usid=172.31.255.1_oqn5yqe3ix0gr4lrbzs3p1ibd2c86039&st=171021",
            "onclick": ""
          },
          {
            "text": "Nam",
            "href": "http://192.168.2.26:2026/home.aspx?scope=sys&lang=vi&wpid=phauthuatdraw&phauthuatid=bac9ab06-e74f-42f9-b007-b4a300ab30f9&keyword=th%E1%BA%A1ch%20b%C3%A9%20ba&tg=6&tungay=01/06/2026&denngay=23/09/2026&usid=172.31.255.1_oqn5yqe3ix0gr4lrbzs3p1ibd2c86039&st=171021",
            "onclick": ""
          },
          {
            "text": "58 tuổi",
            "href": "http://192.168.2.26:2026/home.aspx?scope=sys&lang=vi&wpid=phauthuatdraw&phauthuatid=bac9ab06-e74f-42f9-b007-b4a300ab30f9&keyword=th%E1%BA%A1ch%20b%C3%A9%20ba&tg=6&tungay=01/06/2026&denngay=23/09/2026&usid=172.31.255.1_oqn5yqe3ix0gr4lrbzs3p1ibd2c86039&st=171021",
            "onclick": ""
          },
          {
            "text": "PHÒNG PHẪU THUẬT",
            "href": "http://192.168.2.26:2026/home.aspx?scope=sys&lang=vi&wpid=phauthuatdraw&phauthuatid=bac9ab06-e74f-42f9-b007-b4a300ab30f9&keyword=th%E1%BA%A1ch%20b%C3%A9%20ba&tg=6&tungay=01/06/2026&denngay=23/09/2026&usid=172.31.255.1_oqn5yqe3ix0gr4lrbzs3p1ibd2c86039&st=171021",
            "onclick": ""
          },
          {
            "text": "Khoa Khám Bệnh",
            "href": "http://192.168.2.26:2026/home.aspx?scope=sys&lang=vi&wpid=phauthuatdraw&phauthuatid=bac9ab06-e74f-42f9-b007-b4a300ab30f9&keyword=th%E1%BA%A1ch%20b%C3%A9%20ba&tg=6&tungay=01/06/2026&denngay=23/09/2026&usid=172.31.255.1_oqn5yqe3ix0gr4lrbzs3p1ibd2c86039&st=171021",
            "onclick": ""
          },
          {
            "text": "Phẫu thuật điều trị hội chứng ống cổ tay",
            "href": "http://192.168.2.26:2026/home.aspx?scope=sys&lang=vi&wpid=phauthuatdraw&phauthuatid=bac9ab06-e74f-42f9-b007-b4a300ab30f9&keyword=th%E1%BA%A1ch%20b%C3%A9%20ba&tg=6&tungay=01/06/2026&denngay=23/09/2026&usid=172.31.255.1_oqn5yqe3ix0gr4lrbzs3p1ibd2c86039&st=171021",
            "onclick": ""
          },
          {
            "text": "Thường",
            "href": "http://192.168.2.26:2026/home.aspx?scope=sys&lang=vi&wpid=phauthuatdraw&phauthuatid=bac9ab06-e74f-42f9-b007-b4a300ab30f9&keyword=th%E1%BA%A1ch%20b%C3%A9%20ba&tg=6&tungay=01/06/2026&denngay=23/09/2026&usid=172.31.255.1_oqn5yqe3ix0gr4lrbzs3p1ibd2c86039&st=171021",
            "onclick": ""
          },
          {
            "text": "11/08/2026",
            "href": "http://192.168.2.26:2026/home.aspx?scope=sys&lang=vi&wpid=phauthuatdraw&phauthuatid=bac9ab06-e74f-42f9-b007-b4a300ab30f9&keyword=th%E1%BA%A1ch%20b%C3%A9%20ba&tg=6&tungay=01/06/2026&denngay=23/09/2026&usid=172.31.255.1_oqn5yqe3ix0gr4lrbzs3p1ibd2c86039&st=171021",
            "onclick": ""
          }
        ]
      }
    }
  ]
}
[2026-09-22 17:10:22.960] [DETAIL_BEGIN] D/s Phẫu thuật: mở ứng viên 1
{
  "detail_marker": "http://192.168.2.26:2026/home.aspx?scope=sys&lang=vi&wpid=phauthuatdraw&phauthuatid=bac9ab06-e74f-42f9-b007-b4a300ab30f9&keyword=th%E1%BA%A1ch%20b%C3%A9%20ba&tg=6&tungay=01/06/2026&denngay=23/09/2026&usid=172.31.255.1_oqn5yqe3ix0gr4lrbzs3p1ibd2c86039&st=171021",
  "list_datetime": "2026-08-11 00:00:00",
  "list_method": "Phẫu thuật điều trị hội chứng ống cổ tay",
  "row": {
    "access_id": "bac9ab06-e74f-42f9-b007-b4a300ab30f9",
    "known_fields": {
      "stt": "1",
      "ma_bn": "26075055",
      "ho_ten": "THẠCH BÉ BA (Phẫu thuật tại khoa)",
      "gioi_tinh": "Nam",
      "tuoi": "58 tuổi",
      "phong_mo": "PHÒNG PHẪU THUẬT",
      "noi_chuyen_mo": "Khoa Khám Bệnh",
      "noi_dung_phau_thuat": "Phẫu thuật điều trị hội chứng ống cổ tay",
      "tinh_trang": "Thường",
      "thoi_gian": "11/08/2026",
      "trang_thai": "Hoàn tất",
      "doi_tuong": "Bảo hiểm",
      "tam_ung": "0"
    },
    "raw_text": "1 26075055 THẠCH BÉ BA (Phẫu thuật tại khoa) Nam 58 tuổi PHÒNG PHẪU THUẬT Khoa Khám Bệnh Phẫu thuật điều trị hội chứng ống cổ tay Thường 11/08/2026 Hoàn tất Bảo hiểm 0",
    "links": [
      {
        "text": "1",
        "href": "http://192.168.2.26:2026/home.aspx?scope=sys&lang=vi&wpid=phauthuatdraw&phauthuatid=bac9ab06-e74f-42f9-b007-b4a300ab30f9&keyword=th%E1%BA%A1ch%20b%C3%A9%20ba&tg=6&tungay=01/06/2026&denngay=23/09/2026&usid=172.31.255.1_oqn5yqe3ix0gr4lrbzs3p1ibd2c86039&st=171021",
        "onclick": ""
      },
      {
        "text": "26075055",
        "href": "http://192.168.2.26:2026/home.aspx?scope=sys&lang=vi&wpid=phauthuatdraw&phauthuatid=bac9ab06-e74f-42f9-b007-b4a300ab30f9&keyword=th%E1%BA%A1ch%20b%C3%A9%20ba&tg=6&tungay=01/06/2026&denngay=23/09/2026&usid=172.31.255.1_oqn5yqe3ix0gr4lrbzs3p1ibd2c86039&st=171021",
        "onclick": ""
      },
      {
        "text": "THẠCH BÉ BA (Phẫu thuật tại khoa)",
        "href": "http://192.168.2.26:2026/home.aspx?scope=sys&lang=vi&wpid=phauthuatdraw&phauthuatid=bac9ab06-e74f-42f9-b007-b4a300ab30f9&keyword=th%E1%BA%A1ch%20b%C3%A9%20ba&tg=6&tungay=01/06/2026&denngay=23/09/2026&usid=172.31.255.1_oqn5yqe3ix0gr4lrbzs3p1ibd2c86039&st=171021",
        "onclick": ""
      },
      {
        "text": "Nam",
        "href": "http://192.168.2.26:2026/home.aspx?scope=sys&lang=vi&wpid=phauthuatdraw&phauthuatid=bac9ab06-e74f-42f9-b007-b4a300ab30f9&keyword=th%E1%BA%A1ch%20b%C3%A9%20ba&tg=6&tungay=01/06/2026&denngay=23/09/2026&usid=172.31.255.1_oqn5yqe3ix0gr4lrbzs3p1ibd2c86039&st=171021",
        "onclick": ""
      },
      {
        "text": "58 tuổi",
        "href": "http://192.168.2.26:2026/home.aspx?scope=sys&lang=vi&wpid=phauthuatdraw&phauthuatid=bac9ab06-e74f-42f9-b007-b4a300ab30f9&keyword=th%E1%BA%A1ch%20b%C3%A9%20ba&tg=6&tungay=01/06/2026&denngay=23/09/2026&usid=172.31.255.1_oqn5yqe3ix0gr4lrbzs3p1ibd2c86039&st=171021",
        "onclick": ""
      },
      {
        "text": "PHÒNG PHẪU THUẬT",
        "href": "http://192.168.2.26:2026/home.aspx?scope=sys&lang=vi&wpid=phauthuatdraw&phauthuatid=bac9ab06-e74f-42f9-b007-b4a300ab30f9&keyword=th%E1%BA%A1ch%20b%C3%A9%20ba&tg=6&tungay=01/06/2026&denngay=23/09/2026&usid=172.31.255.1_oqn5yqe3ix0gr4lrbzs3p1ibd2c86039&st=171021",
        "onclick": ""
      },
      {
        "text": "Khoa Khám Bệnh",
        "href": "http://192.168.2.26:2026/home.aspx?scope=sys&lang=vi&wpid=phauthuatdraw&phauthuatid=bac9ab06-e74f-42f9-b007-b4a300ab30f9&keyword=th%E1%BA%A1ch%20b%C3%A9%20ba&tg=6&tungay=01/06/2026&denngay=23/09/2026&usid=172.31.255.1_oqn5yqe3ix0gr4lrbzs3p1ibd2c86039&st=171021",
        "onclick": ""
      },
      {
        "text": "Phẫu thuật điều trị hội chứng ống cổ tay",
        "href": "http://192.168.2.26:2026/home.aspx?scope=sys&lang=vi&wpid=phauthuatdraw&phauthuatid=bac9ab06-e74f-42f9-b007-b4a300ab30f9&keyword=th%E1%BA%A1ch%20b%C3%A9%20ba&tg=6&tungay=01/06/2026&denngay=23/09/2026&usid=172.31.255.1_oqn5yqe3ix0gr4lrbzs3p1ibd2c86039&st=171021",
        "onclick": ""
      },
      {
        "text": "Thường",
        "href": "http://192.168.2.26:2026/home.aspx?scope=sys&lang=vi&wpid=phauthuatdraw&phauthuatid=bac9ab06-e74f-42f9-b007-b4a300ab30f9&keyword=th%E1%BA%A1ch%20b%C3%A9%20ba&tg=6&tungay=01/06/2026&denngay=23/09/2026&usid=172.31.255.1_oqn5yqe3ix0gr4lrbzs3p1ibd2c86039&st=171021",
        "onclick": ""
      },
      {
        "text": "11/08/2026",
        "href": "http://192.168.2.26:2026/home.aspx?scope=sys&lang=vi&wpid=phauthuatdraw&phauthuatid=bac9ab06-e74f-42f9-b007-b4a300ab30f9&keyword=th%E1%BA%A1ch%20b%C3%A9%20ba&tg=6&tungay=01/06/2026&denngay=23/09/2026&usid=172.31.255.1_oqn5yqe3ix0gr4lrbzs3p1ibd2c86039&st=171021",
        "onclick": ""
      }
    ]
  }
}
[2026-09-22 17:10:22.967] [BROWSER] [DETAIL] kind=surgery; access_id=bac9ab06-e74f-42f9-b007-b4a300ab30f9; direct_url=yes; onclick=no
[2026-09-22 17:10:22.968] [BROWSER] [DETAIL] Mở liên kết trực tiếp: http://192.168.2.26:2026/home.aspx?scope=sys&lang=vi&wpid=phauthuatdraw&phauthuatid=bac9ab06-e74f-42f9-b007-b4a300ab30f9&keyword=th%E1%BA%A1ch%20b%C3%A9%20ba&tg=6&tungay=01/06/2026&denngay=23/09/2026&usid=172.31.255.1_oqn5yqe3ix0gr4lrbzs3p1ibd2c86039&st=171021
[2026-09-22 17:10:23.879] [BROWSER] [DETAIL] Dữ liệu đọc được: {"ajax_active": 0, "complete_info": "Người hoàn tất: Phan Văn Tuấn (pvtuan) | TG nhấn hoàn tất: 14:50 11/08/2026", "current_url": "http://192.168.2.26:2026/home.aspx?scope=sys&lang=vi&wpid=phauthuatdraw&phauthuatid=bac9ab06-e74f-42f9-b007-b4a300ab30f9&keyword=th%E1%BA%A1ch%20b%C3%A9%20ba&tg=6&tungay=01/06/2026&denngay=23/09/2026&usid=172.31.255.1_oqn5yqe3ix0gr4lrbzs3p1ibd2c86039&st=171021", "doctor": "Phan Văn Tuấn", "doctor_candidates": [{"id": "cbbBacSiPT", "value": "Phan Văn Tuấn"}], "doctor_field": "cbbBacSiPT", "doctor_found": true, "method": "Phẫu thuật điều trị hội chứng ống cổ tay", "method_candidates": [{"id": "txtNoiDungPT", "value": ""}, {"id": "cbbPhuongPhapPT", "value": "Phẫu thuật điều trị hội chứng ống cổ tay"}, {"id": "cbbChiDinhMoPT", "value": "(PT.1247)Phẫu thuật điều trị hội chứng ống cổ tay"}], "method_field": "cbbPhuongPhapPT", "patient_info": "", "root_found": true, "start_candidates": [{"id": "txtBatDauPT", "value": "10:21 11/08/2026"}], "start_time": "10:21 11/08/2026", "start_time_field": "txtBatDauPT"}
[2026-09-22 17:10:23.880] [BROWSER] [DETAIL] Nguồn bác sĩ: BS mổ chính; field=cbbBacSiPT; value=Phan Văn Tuấn
[2026-09-22 17:10:23.880] [DETAIL_OK] D/s Phẫu thuật: đọc được hồ sơ chi tiết
{
  "doctor_from_emr": "Phan Văn Tuấn",
  "mapped_alias": "TUẤN",
  "mapped_name": "Phan Văn Tuấn",
  "start_time": "10:21 11/08/2026",
  "start_time_field": "txtBatDauPT",
  "method": "Phẫu thuật điều trị hội chứng ống cổ tay",
  "method_field": "cbbPhuongPhapPT",
  "list_time_source": "Thời gian",
  "list_method_source": "Nội dung phẫu thuật",
  "current_url": "http://192.168.2.26:2026/home.aspx?scope=sys&lang=vi&wpid=phauthuatdraw&phauthuatid=bac9ab06-e74f-42f9-b007-b4a300ab30f9&keyword=th%E1%BA%A1ch%20b%C3%A9%20ba&tg=6&tungay=01/06/2026&denngay=23/09/2026&usid=172.31.255.1_oqn5yqe3ix0gr4lrbzs3p1ibd2c86039&st=171021",
  "total_score": 575.0,
  "method_score": 1.0
}
[2026-09-22 17:10:23.881] [EVALUATED] D/s Phẫu thuật: đánh giá 1 hồ sơ
{
  "items": [
    {
      "doctor": "Phan Văn Tuấn",
      "alias": "TUẤN",
      "detail_datetime": "2026-08-11 10:21:00",
      "method_score": 1.0,
      "total_score": 575.0,
      "confidence_ok": true
    }
  ]
}
[2026-09-22 17:10:23.881] [SOURCE_MATCH] D/s Phẫu thuật: đã chọn bác sĩ, không tìm nguồn còn lại
{
  "alias": "TUẤN"
}
[2026-09-22 17:10:24.381] [AUTOSAVE_ROW] Dòng 19: đã điền TUẤN và lưu ngay
{
  "patient": "THẠCH BÉ BA",
  "source": "D/s Phẫu thuật",
  "doctor_name": "Phan Văn Tuấn",
  "emr_doctor": "Phan Văn Tuấn",
  "matched_time": "10:21 11/08/2026",
  "matched_method": "Phẫu thuật điều trị hội chứng ống cổ tay",
  "progress": "11/38",
  "output": "E:\\Thong_ke\\node_outputs\\PM khoa CTCH T8_NHAP_LIEU.xlsx"
}
[2026-09-22 17:10:24.381] [ROW_END] Kết thúc dòng 19
{
  "status": "updated",
  "new_value": "TUẤN",
  "reason": null
}
[2026-09-22 17:10:24.382] [ROW_BEGIN] [13/38] Bắt đầu dòng 20: MAI DIỄM TRANG
{
  "raw_time": "2026/08/11 10:56",
  "parsed_time": "10:56 11/08/2026",
  "method": "Phẫu thuật điều trị ngón tay cò súng (1 ngón)",
  "old_value": ""
}
[2026-09-22 17:10:24.382] [SEARCH_BEGIN] dòng 20: tìm MAI DIỄM TRANG tại D/s Phẫu thuật
{
  "patient": "MAI DIỄM TRANG",
  "target_time": "2026-08-11 10:56:00",
  "target_method": "Phẫu thuật điều trị ngón tay cò súng (1 ngón)",
  "source": "surgery"
}
[2026-09-22 17:10:24.679] [BROWSER] [NAV] D/s Phẫu thuật: http://192.168.2.26:2026/home.aspx?scope=sys&lang=vi&wpid=danhsachphauthuatdraw&role=323&usid=172.31.255.1_oqn5yqe3ix0gr4lrbzs3p1ibd2c86039&st=171021
[2026-09-22 17:10:26.577] [BROWSER] [FILTER] 3 tháng
[2026-09-22 17:10:26.993] [BROWSER] [SEARCH] Nhập 'MAI DIỄM TRANG' vào #txtTimKiem
[2026-09-22 17:10:27.104] [BROWSER] [SEARCH] Đã bấm Tìm kiếm bằng #btnTimKiem
[2026-09-22 17:10:27.135] [BROWSER] [RESULT] D/s Phẫu thuật: 1 dòng
[2026-09-22 17:10:27.149] [SEARCH_RESULT] D/s Phẫu thuật: nhận 1 dòng
{
  "current_url": "http://192.168.2.26:2026/home.aspx?scope=sys&lang=vi&wpid=danhsachphauthuatdraw&role=323&usid=172.31.255.1_oqn5yqe3ix0gr4lrbzs3p1ibd2c86039&st=171021",
  "search_input_id": "txtTimKiem",
  "search_trigger": "#btnTimKiem",
  "headers": [
    "STT",
    "Mã BN",
    "Họ tên",
    "Giới tính",
    "Tuổi",
    "Phòng mổ",
    "Nơi chuyển mổ",
    "Nội dung phẫu thuật",
    "Tình trạng",
    "Thời gian",
    "Trạng thái",
    "Đối tượng",
    "Đã tạm ứng"
  ],
  "rows": [
    {
      "access_id": "c88eb2e7-2156-414e-9f81-b4a300b45ce6",
      "known_fields": {
        "stt": "1",
        "ma_bn": "26074133",
        "ho_ten": "MAI DIỄM TRANG (Phẫu thuật tại khoa)",
        "gioi_tinh": "Nữ",
        "tuoi": "51 tuổi",
        "phong_mo": "PHÒNG PHẪU THUẬT",
        "noi_chuyen_mo": "Khoa Khám Bệnh",
        "noi_dung_phau_thuat": "Phẫu thuật điều trị ngón tay cò súng (1 ngón)",
        "tinh_trang": "Thường",
        "thoi_gian": "11/08/2026",
        "trang_thai": "Hoàn tất",
        "doi_tuong": "Bảo hiểm",
        "tam_ung": "0"
      },
      "raw_text": "1 26074133 MAI DIỄM TRANG (Phẫu thuật tại khoa) Nữ 51 tuổi PHÒNG PHẪU THUẬT Khoa Khám Bệnh Phẫu thuật điều trị ngón tay cò súng (1 ngón) Thường 11/08/2026 Hoàn tất Bảo hiểm 0",
      "links": [
        {
          "text": "1",
          "href": "http://192.168.2.26:2026/home.aspx?scope=sys&lang=vi&wpid=phauthuatdraw&phauthuatid=c88eb2e7-2156-414e-9f81-b4a300b45ce6&keyword=mai%20di%E1%BB%85m%20trang&tg=6&tungay=01/06/2026&denngay=23/09/2026&usid=172.31.255.1_oqn5yqe3ix0gr4lrbzs3p1ibd2c86039&st=171025",
          "onclick": ""
        },
        {
          "text": "26074133",
          "href": "http://192.168.2.26:2026/home.aspx?scope=sys&lang=vi&wpid=phauthuatdraw&phauthuatid=c88eb2e7-2156-414e-9f81-b4a300b45ce6&keyword=mai%20di%E1%BB%85m%20trang&tg=6&tungay=01/06/2026&denngay=23/09/2026&usid=172.31.255.1_oqn5yqe3ix0gr4lrbzs3p1ibd2c86039&st=171025",
          "onclick": ""
        },
        {
          "text": "MAI DIỄM TRANG (Phẫu thuật tại khoa)",
          "href": "http://192.168.2.26:2026/home.aspx?scope=sys&lang=vi&wpid=phauthuatdraw&phauthuatid=c88eb2e7-2156-414e-9f81-b4a300b45ce6&keyword=mai%20di%E1%BB%85m%20trang&tg=6&tungay=01/06/2026&denngay=23/09/2026&usid=172.31.255.1_oqn5yqe3ix0gr4lrbzs3p1ibd2c86039&st=171025",
          "onclick": ""
        },
        {
          "text": "Nữ",
          "href": "http://192.168.2.26:2026/home.aspx?scope=sys&lang=vi&wpid=phauthuatdraw&phauthuatid=c88eb2e7-2156-414e-9f81-b4a300b45ce6&keyword=mai%20di%E1%BB%85m%20trang&tg=6&tungay=01/06/2026&denngay=23/09/2026&usid=172.31.255.1_oqn5yqe3ix0gr4lrbzs3p1ibd2c86039&st=171025",
          "onclick": ""
        },
        {
          "text": "51 tuổi",
          "href": "http://192.168.2.26:2026/home.aspx?scope=sys&lang=vi&wpid=phauthuatdraw&phauthuatid=c88eb2e7-2156-414e-9f81-b4a300b45ce6&keyword=mai%20di%E1%BB%85m%20trang&tg=6&tungay=01/06/2026&denngay=23/09/2026&usid=172.31.255.1_oqn5yqe3ix0gr4lrbzs3p1ibd2c86039&st=171025",
          "onclick": ""
        },
        {
          "text": "PHÒNG PHẪU THUẬT",
          "href": "http://192.168.2.26:2026/home.aspx?scope=sys&lang=vi&wpid=phauthuatdraw&phauthuatid=c88eb2e7-2156-414e-9f81-b4a300b45ce6&keyword=mai%20di%E1%BB%85m%20trang&tg=6&tungay=01/06/2026&denngay=23/09/2026&usid=172.31.255.1_oqn5yqe3ix0gr4lrbzs3p1ibd2c86039&st=171025",
          "onclick": ""
        },
        {
          "text": "Khoa Khám Bệnh",
          "href": "http://192.168.2.26:2026/home.aspx?scope=sys&lang=vi&wpid=phauthuatdraw&phauthuatid=c88eb2e7-2156-414e-9f81-b4a300b45ce6&keyword=mai%20di%E1%BB%85m%20trang&tg=6&tungay=01/06/2026&denngay=23/09/2026&usid=172.31.255.1_oqn5yqe3ix0gr4lrbzs3p1ibd2c86039&st=171025",
          "onclick": ""
        },
        {
          "text": "Phẫu thuật điều trị ngón tay cò súng (1 ngón)",
          "href": "http://192.168.2.26:2026/home.aspx?scope=sys&lang=vi&wpid=phauthuatdraw&phauthuatid=c88eb2e7-2156-414e-9f81-b4a300b45ce6&keyword=mai%20di%E1%BB%85m%20trang&tg=6&tungay=01/06/2026&denngay=23/09/2026&usid=172.31.255.1_oqn5yqe3ix0gr4lrbzs3p1ibd2c86039&st=171025",
          "onclick": ""
        },
        {
          "text": "Thường",
          "href": "http://192.168.2.26:2026/home.aspx?scope=sys&lang=vi&wpid=phauthuatdraw&phauthuatid=c88eb2e7-2156-414e-9f81-b4a300b45ce6&keyword=mai%20di%E1%BB%85m%20trang&tg=6&tungay=01/06/2026&denngay=23/09/2026&usid=172.31.255.1_oqn5yqe3ix0gr4lrbzs3p1ibd2c86039&st=171025",
          "onclick": ""
        },
        {
          "text": "11/08/2026",
          "href": "http://192.168.2.26:2026/home.aspx?scope=sys&lang=vi&wpid=phauthuatdraw&phauthuatid=c88eb2e7-2156-414e-9f81-b4a300b45ce6&keyword=mai%20di%E1%BB%85m%20trang&tg=6&tungay=01/06/2026&denngay=23/09/2026&usid=172.31.255.1_oqn5yqe3ix0gr4lrbzs3p1ibd2c86039&st=171025",
          "onclick": ""
        }
      ]
    }
  ]
}
[2026-09-22 17:10:27.151] [CANDIDATES] D/s Phẫu thuật: có 1 ứng viên cùng người bệnh
{
  "candidates": [
    {
      "list_score": 125.0,
      "list_datetime": "2026-08-11 00:00:00",
      "list_time_source": "Thời gian",
      "list_method": "Phẫu thuật điều trị ngón tay cò súng (1 ngón)",
      "list_method_source": "Nội dung phẫu thuật",
      "method_score": 1.0,
      "detail_marker": "http://192.168.2.26:2026/home.aspx?scope=sys&lang=vi&wpid=phauthuatdraw&phauthuatid=c88eb2e7-2156-414e-9f81-b4a300b45ce6&keyword=mai%20di%E1%BB%85m%20trang&tg=6&tungay=01/06/2026&denngay=23/09/2026&usid=172.31.255.1_oqn5yqe3ix0gr4lrbzs3p1ibd2c86039&st=171025",
      "row": {
        "access_id": "c88eb2e7-2156-414e-9f81-b4a300b45ce6",
        "known_fields": {
          "stt": "1",
          "ma_bn": "26074133",
          "ho_ten": "MAI DIỄM TRANG (Phẫu thuật tại khoa)",
          "gioi_tinh": "Nữ",
          "tuoi": "51 tuổi",
          "phong_mo": "PHÒNG PHẪU THUẬT",
          "noi_chuyen_mo": "Khoa Khám Bệnh",
          "noi_dung_phau_thuat": "Phẫu thuật điều trị ngón tay cò súng (1 ngón)",
          "tinh_trang": "Thường",
          "thoi_gian": "11/08/2026",
          "trang_thai": "Hoàn tất",
          "doi_tuong": "Bảo hiểm",
          "tam_ung": "0"
        },
        "raw_text": "1 26074133 MAI DIỄM TRANG (Phẫu thuật tại khoa) Nữ 51 tuổi PHÒNG PHẪU THUẬT Khoa Khám Bệnh Phẫu thuật điều trị ngón tay cò súng (1 ngón) Thường 11/08/2026 Hoàn tất Bảo hiểm 0",
        "links": [
          {
            "text": "1",
            "href": "http://192.168.2.26:2026/home.aspx?scope=sys&lang=vi&wpid=phauthuatdraw&phauthuatid=c88eb2e7-2156-414e-9f81-b4a300b45ce6&keyword=mai%20di%E1%BB%85m%20trang&tg=6&tungay=01/06/2026&denngay=23/09/2026&usid=172.31.255.1_oqn5yqe3ix0gr4lrbzs3p1ibd2c86039&st=171025",
            "onclick": ""
          },
          {
            "text": "26074133",
            "href": "http://192.168.2.26:2026/home.aspx?scope=sys&lang=vi&wpid=phauthuatdraw&phauthuatid=c88eb2e7-2156-414e-9f81-b4a300b45ce6&keyword=mai%20di%E1%BB%85m%20trang&tg=6&tungay=01/06/2026&denngay=23/09/2026&usid=172.31.255.1_oqn5yqe3ix0gr4lrbzs3p1ibd2c86039&st=171025",
            "onclick": ""
          },
          {
            "text": "MAI DIỄM TRANG (Phẫu thuật tại khoa)",
            "href": "http://192.168.2.26:2026/home.aspx?scope=sys&lang=vi&wpid=phauthuatdraw&phauthuatid=c88eb2e7-2156-414e-9f81-b4a300b45ce6&keyword=mai%20di%E1%BB%85m%20trang&tg=6&tungay=01/06/2026&denngay=23/09/2026&usid=172.31.255.1_oqn5yqe3ix0gr4lrbzs3p1ibd2c86039&st=171025",
            "onclick": ""
          },
          {
            "text": "Nữ",
            "href": "http://192.168.2.26:2026/home.aspx?scope=sys&lang=vi&wpid=phauthuatdraw&phauthuatid=c88eb2e7-2156-414e-9f81-b4a300b45ce6&keyword=mai%20di%E1%BB%85m%20trang&tg=6&tungay=01/06/2026&denngay=23/09/2026&usid=172.31.255.1_oqn5yqe3ix0gr4lrbzs3p1ibd2c86039&st=171025",
            "onclick": ""
          },
          {
            "text": "51 tuổi",
            "href": "http://192.168.2.26:2026/home.aspx?scope=sys&lang=vi&wpid=phauthuatdraw&phauthuatid=c88eb2e7-2156-414e-9f81-b4a300b45ce6&keyword=mai%20di%E1%BB%85m%20trang&tg=6&tungay=01/06/2026&denngay=23/09/2026&usid=172.31.255.1_oqn5yqe3ix0gr4lrbzs3p1ibd2c86039&st=171025",
            "onclick": ""
          },
          {
            "text": "PHÒNG PHẪU THUẬT",
            "href": "http://192.168.2.26:2026/home.aspx?scope=sys&lang=vi&wpid=phauthuatdraw&phauthuatid=c88eb2e7-2156-414e-9f81-b4a300b45ce6&keyword=mai%20di%E1%BB%85m%20trang&tg=6&tungay=01/06/2026&denngay=23/09/2026&usid=172.31.255.1_oqn5yqe3ix0gr4lrbzs3p1ibd2c86039&st=171025",
            "onclick": ""
          },
          {
            "text": "Khoa Khám Bệnh",
            "href": "http://192.168.2.26:2026/home.aspx?scope=sys&lang=vi&wpid=phauthuatdraw&phauthuatid=c88eb2e7-2156-414e-9f81-b4a300b45ce6&keyword=mai%20di%E1%BB%85m%20trang&tg=6&tungay=01/06/2026&denngay=23/09/2026&usid=172.31.255.1_oqn5yqe3ix0gr4lrbzs3p1ibd2c86039&st=171025",
            "onclick": ""
          },
          {
            "text": "Phẫu thuật điều trị ngón tay cò súng (1 ngón)",
            "href": "http://192.168.2.26:2026/home.aspx?scope=sys&lang=vi&wpid=phauthuatdraw&phauthuatid=c88eb2e7-2156-414e-9f81-b4a300b45ce6&keyword=mai%20di%E1%BB%85m%20trang&tg=6&tungay=01/06/2026&denngay=23/09/2026&usid=172.31.255.1_oqn5yqe3ix0gr4lrbzs3p1ibd2c86039&st=171025",
            "onclick": ""
          },
          {
            "text": "Thường",
            "href": "http://192.168.2.26:2026/home.aspx?scope=sys&lang=vi&wpid=phauthuatdraw&phauthuatid=c88eb2e7-2156-414e-9f81-b4a300b45ce6&keyword=mai%20di%E1%BB%85m%20trang&tg=6&tungay=01/06/2026&denngay=23/09/2026&usid=172.31.255.1_oqn5yqe3ix0gr4lrbzs3p1ibd2c86039&st=171025",
            "onclick": ""
          },
          {
            "text": "11/08/2026",
            "href": "http://192.168.2.26:2026/home.aspx?scope=sys&lang=vi&wpid=phauthuatdraw&phauthuatid=c88eb2e7-2156-414e-9f81-b4a300b45ce6&keyword=mai%20di%E1%BB%85m%20trang&tg=6&tungay=01/06/2026&denngay=23/09/2026&usid=172.31.255.1_oqn5yqe3ix0gr4lrbzs3p1ibd2c86039&st=171025",
            "onclick": ""
          }
        ]
      }
    }
  ]
}
[2026-09-22 17:10:27.152] [DETAIL_BEGIN] D/s Phẫu thuật: mở ứng viên 1
{
  "detail_marker": "http://192.168.2.26:2026/home.aspx?scope=sys&lang=vi&wpid=phauthuatdraw&phauthuatid=c88eb2e7-2156-414e-9f81-b4a300b45ce6&keyword=mai%20di%E1%BB%85m%20trang&tg=6&tungay=01/06/2026&denngay=23/09/2026&usid=172.31.255.1_oqn5yqe3ix0gr4lrbzs3p1ibd2c86039&st=171025",
  "list_datetime": "2026-08-11 00:00:00",
  "list_method": "Phẫu thuật điều trị ngón tay cò súng (1 ngón)",
  "row": {
    "access_id": "c88eb2e7-2156-414e-9f81-b4a300b45ce6",
    "known_fields": {
      "stt": "1",
      "ma_bn": "26074133",
      "ho_ten": "MAI DIỄM TRANG (Phẫu thuật tại khoa)",
      "gioi_tinh": "Nữ",
      "tuoi": "51 tuổi",
      "phong_mo": "PHÒNG PHẪU THUẬT",
      "noi_chuyen_mo": "Khoa Khám Bệnh",
      "noi_dung_phau_thuat": "Phẫu thuật điều trị ngón tay cò súng (1 ngón)",
      "tinh_trang": "Thường",
      "thoi_gian": "11/08/2026",
      "trang_thai": "Hoàn tất",
      "doi_tuong": "Bảo hiểm",
      "tam_ung": "0"
    },
    "raw_text": "1 26074133 MAI DIỄM TRANG (Phẫu thuật tại khoa) Nữ 51 tuổi PHÒNG PHẪU THUẬT Khoa Khám Bệnh Phẫu thuật điều trị ngón tay cò súng (1 ngón) Thường 11/08/2026 Hoàn tất Bảo hiểm 0",
    "links": [
      {
        "text": "1",
        "href": "http://192.168.2.26:2026/home.aspx?scope=sys&lang=vi&wpid=phauthuatdraw&phauthuatid=c88eb2e7-2156-414e-9f81-b4a300b45ce6&keyword=mai%20di%E1%BB%85m%20trang&tg=6&tungay=01/06/2026&denngay=23/09/2026&usid=172.31.255.1_oqn5yqe3ix0gr4lrbzs3p1ibd2c86039&st=171025",
        "onclick": ""
      },
      {
        "text": "26074133",
        "href": "http://192.168.2.26:2026/home.aspx?scope=sys&lang=vi&wpid=phauthuatdraw&phauthuatid=c88eb2e7-2156-414e-9f81-b4a300b45ce6&keyword=mai%20di%E1%BB%85m%20trang&tg=6&tungay=01/06/2026&denngay=23/09/2026&usid=172.31.255.1_oqn5yqe3ix0gr4lrbzs3p1ibd2c86039&st=171025",
        "onclick": ""
      },
      {
        "text": "MAI DIỄM TRANG (Phẫu thuật tại khoa)",
        "href": "http://192.168.2.26:2026/home.aspx?scope=sys&lang=vi&wpid=phauthuatdraw&phauthuatid=c88eb2e7-2156-414e-9f81-b4a300b45ce6&keyword=mai%20di%E1%BB%85m%20trang&tg=6&tungay=01/06/2026&denngay=23/09/2026&usid=172.31.255.1_oqn5yqe3ix0gr4lrbzs3p1ibd2c86039&st=171025",
        "onclick": ""
      },
      {
        "text": "Nữ",
        "href": "http://192.168.2.26:2026/home.aspx?scope=sys&lang=vi&wpid=phauthuatdraw&phauthuatid=c88eb2e7-2156-414e-9f81-b4a300b45ce6&keyword=mai%20di%E1%BB%85m%20trang&tg=6&tungay=01/06/2026&denngay=23/09/2026&usid=172.31.255.1_oqn5yqe3ix0gr4lrbzs3p1ibd2c86039&st=171025",
        "onclick": ""
      },
      {
        "text": "51 tuổi",
        "href": "http://192.168.2.26:2026/home.aspx?scope=sys&lang=vi&wpid=phauthuatdraw&phauthuatid=c88eb2e7-2156-414e-9f81-b4a300b45ce6&keyword=mai%20di%E1%BB%85m%20trang&tg=6&tungay=01/06/2026&denngay=23/09/2026&usid=172.31.255.1_oqn5yqe3ix0gr4lrbzs3p1ibd2c86039&st=171025",
        "onclick": ""
      },
      {
        "text": "PHÒNG PHẪU THUẬT",
        "href": "http://192.168.2.26:2026/home.aspx?scope=sys&lang=vi&wpid=phauthuatdraw&phauthuatid=c88eb2e7-2156-414e-9f81-b4a300b45ce6&keyword=mai%20di%E1%BB%85m%20trang&tg=6&tungay=01/06/2026&denngay=23/09/2026&usid=172.31.255.1_oqn5yqe3ix0gr4lrbzs3p1ibd2c86039&st=171025",
        "onclick": ""
      },
      {
        "text": "Khoa Khám Bệnh",
        "href": "http://192.168.2.26:2026/home.aspx?scope=sys&lang=vi&wpid=phauthuatdraw&phauthuatid=c88eb2e7-2156-414e-9f81-b4a300b45ce6&keyword=mai%20di%E1%BB%85m%20trang&tg=6&tungay=01/06/2026&denngay=23/09/2026&usid=172.31.255.1_oqn5yqe3ix0gr4lrbzs3p1ibd2c86039&st=171025",
        "onclick": ""
      },
      {
        "text": "Phẫu thuật điều trị ngón tay cò súng (1 ngón)",
        "href": "http://192.168.2.26:2026/home.aspx?scope=sys&lang=vi&wpid=phauthuatdraw&phauthuatid=c88eb2e7-2156-414e-9f81-b4a300b45ce6&keyword=mai%20di%E1%BB%85m%20trang&tg=6&tungay=01/06/2026&denngay=23/09/2026&usid=172.31.255.1_oqn5yqe3ix0gr4lrbzs3p1ibd2c86039&st=171025",
        "onclick": ""
      },
      {
        "text": "Thường",
        "href": "http://192.168.2.26:2026/home.aspx?scope=sys&lang=vi&wpid=phauthuatdraw&phauthuatid=c88eb2e7-2156-414e-9f81-b4a300b45ce6&keyword=mai%20di%E1%BB%85m%20trang&tg=6&tungay=01/06/2026&denngay=23/09/2026&usid=172.31.255.1_oqn5yqe3ix0gr4lrbzs3p1ibd2c86039&st=171025",
        "onclick": ""
      },
      {
        "text": "11/08/2026",
        "href": "http://192.168.2.26:2026/home.aspx?scope=sys&lang=vi&wpid=phauthuatdraw&phauthuatid=c88eb2e7-2156-414e-9f81-b4a300b45ce6&keyword=mai%20di%E1%BB%85m%20trang&tg=6&tungay=01/06/2026&denngay=23/09/2026&usid=172.31.255.1_oqn5yqe3ix0gr4lrbzs3p1ibd2c86039&st=171025",
        "onclick": ""
      }
    ]
  }
}
[2026-09-22 17:10:27.160] [BROWSER] [DETAIL] kind=surgery; access_id=c88eb2e7-2156-414e-9f81-b4a300b45ce6; direct_url=yes; onclick=no
[2026-09-22 17:10:27.161] [BROWSER] [DETAIL] Mở liên kết trực tiếp: http://192.168.2.26:2026/home.aspx?scope=sys&lang=vi&wpid=phauthuatdraw&phauthuatid=c88eb2e7-2156-414e-9f81-b4a300b45ce6&keyword=mai%20di%E1%BB%85m%20trang&tg=6&tungay=01/06/2026&denngay=23/09/2026&usid=172.31.255.1_oqn5yqe3ix0gr4lrbzs3p1ibd2c86039&st=171025
[2026-09-22 17:10:28.688] [BROWSER] [DETAIL] Dữ liệu đọc được: {"ajax_active": 0, "complete_info": "Người hoàn tất: Phan Văn Tuấn (pvtuan) | TG nhấn hoàn tất: 11:37 11/08/2026", "current_url": "http://192.168.2.26:2026/home.aspx?scope=sys&lang=vi&wpid=phauthuatdraw&phauthuatid=c88eb2e7-2156-414e-9f81-b4a300b45ce6&keyword=mai%20di%E1%BB%85m%20trang&tg=6&tungay=01/06/2026&denngay=23/09/2026&usid=172.31.255.1_oqn5yqe3ix0gr4lrbzs3p1ibd2c86039&st=171025", "doctor": "Phan Văn Tuấn", "doctor_candidates": [{"id": "cbbBacSiPT", "value": "Phan Văn Tuấn"}], "doctor_field": "cbbBacSiPT", "doctor_found": true, "method": "Phẫu thuật điều trị ngón tay cò súng (1 ngón)", "method_candidates": [{"id": "txtNoiDungPT", "value": ""}, {"id": "cbbPhuongPhapPT", "value": "Phẫu thuật điều trị ngón tay cò súng (1 ngón)"}, {"id": "cbbChiDinhMoPT", "value": "(PT.2597)Phẫu thuật điều trị ngón tay cò súng (1 ngón)"}], "method_field": "cbbPhuongPhapPT", "patient_info": "", "root_found": true, "start_candidates": [{"id": "txtBatDauPT", "value": "13:00 11/08/2026"}], "start_time": "13:00 11/08/2026", "start_time_field": "txtBatDauPT"}
[2026-09-22 17:10:28.688] [BROWSER] [DETAIL] Nguồn bác sĩ: BS mổ chính; field=cbbBacSiPT; value=Phan Văn Tuấn
[2026-09-22 17:10:28.689] [DETAIL_OK] D/s Phẫu thuật: đọc được hồ sơ chi tiết
{
  "doctor_from_emr": "Phan Văn Tuấn",
  "mapped_alias": "TUẤN",
  "mapped_name": "Phan Văn Tuấn",
  "start_time": "13:00 11/08/2026",
  "start_time_field": "txtBatDauPT",
  "method": "Phẫu thuật điều trị ngón tay cò súng (1 ngón)",
  "method_field": "cbbPhuongPhapPT",
  "list_time_source": "Thời gian",
  "list_method_source": "Nội dung phẫu thuật",
  "current_url": "http://192.168.2.26:2026/home.aspx?scope=sys&lang=vi&wpid=phauthuatdraw&phauthuatid=c88eb2e7-2156-414e-9f81-b4a300b45ce6&keyword=mai%20di%E1%BB%85m%20trang&tg=6&tungay=01/06/2026&denngay=23/09/2026&usid=172.31.255.1_oqn5yqe3ix0gr4lrbzs3p1ibd2c86039&st=171025",
  "total_score": 380.0,
  "method_score": 1.0
}
[2026-09-22 17:10:28.689] [EVALUATED] D/s Phẫu thuật: đánh giá 1 hồ sơ
{
  "items": [
    {
      "doctor": "Phan Văn Tuấn",
      "alias": "TUẤN",
      "detail_datetime": "2026-08-11 13:00:00",
      "method_score": 1.0,
      "total_score": 380.0,
      "confidence_ok": true
    }
  ]
}
[2026-09-22 17:10:28.690] [SOURCE_MATCH] D/s Phẫu thuật: đã chọn bác sĩ, không tìm nguồn còn lại
{
  "alias": "TUẤN"
}
[2026-09-22 17:10:29.287] [AUTOSAVE_ROW] Dòng 20: đã điền TUẤN và lưu ngay
{
  "patient": "MAI DIỄM TRANG",
  "source": "D/s Phẫu thuật",
  "doctor_name": "Phan Văn Tuấn",
  "emr_doctor": "Phan Văn Tuấn",
  "matched_time": "13:00 11/08/2026",
  "matched_method": "Phẫu thuật điều trị ngón tay cò súng (1 ngón)",
  "progress": "12/38",
  "output": "E:\\Thong_ke\\node_outputs\\PM khoa CTCH T8_NHAP_LIEU.xlsx"
}
[2026-09-22 17:10:29.288] [ROW_END] Kết thúc dòng 20
{
  "status": "updated",
  "new_value": "TUẤN",
  "reason": null
}
[2026-09-22 17:10:29.288] [ROW_BEGIN] [14/38] Bắt đầu dòng 21: LÊ HỒNG PHƯỢNG
{
  "raw_time": "2026/08/11 11:07",
  "parsed_time": "11:07 11/08/2026",
  "method": "Phẫu thuật điều trị ngón tay cò súng (1 ngón)",
  "old_value": ""
}
[2026-09-22 17:10:29.288] [SEARCH_BEGIN] dòng 21: tìm LÊ HỒNG PHƯỢNG tại D/s Phẫu thuật
{
  "patient": "LÊ HỒNG PHƯỢNG",
  "target_time": "2026-08-11 11:07:00",
  "target_method": "Phẫu thuật điều trị ngón tay cò súng (1 ngón)",
  "source": "surgery"
}
[2026-09-22 17:10:29.741] [BROWSER] [NAV] D/s Phẫu thuật: http://192.168.2.26:2026/home.aspx?scope=sys&lang=vi&wpid=danhsachphauthuatdraw&role=323&usid=172.31.255.1_oqn5yqe3ix0gr4lrbzs3p1ibd2c86039&st=171026
[2026-09-22 17:10:31.632] [BROWSER] [FILTER] 3 tháng
[2026-09-22 17:10:32.059] [BROWSER] [SEARCH] Nhập 'LÊ HỒNG PHƯỢNG' vào #txtTimKiem
[2026-09-22 17:10:32.151] [BROWSER] [SEARCH] Đã bấm Tìm kiếm bằng #btnTimKiem
[2026-09-22 17:10:32.167] [BROWSER] [RESULT] D/s Phẫu thuật: 1 dòng
[2026-09-22 17:10:32.172] [SEARCH_RESULT] D/s Phẫu thuật: nhận 1 dòng
{
  "current_url": "http://192.168.2.26:2026/home.aspx?scope=sys&lang=vi&wpid=danhsachphauthuatdraw&role=323&usid=172.31.255.1_oqn5yqe3ix0gr4lrbzs3p1ibd2c86039&st=171026",
  "search_input_id": "txtTimKiem",
  "search_trigger": "#btnTimKiem",
  "headers": [
    "STT",
    "Mã BN",
    "Họ tên",
    "Giới tính",
    "Tuổi",
    "Phòng mổ",
    "Nơi chuyển mổ",
    "Nội dung phẫu thuật",
    "Tình trạng",
    "Thời gian",
    "Trạng thái",
    "Đối tượng",
    "Đã tạm ứng"
  ],
  "rows": [
    {
      "access_id": "20f69600-39a1-436e-8fee-b4a300b79001",
      "known_fields": {
        "stt": "1",
        "ma_bn": "26082807",
        "ho_ten": "LÊ HỒNG PHƯỢNG (Phẫu thuật tại khoa)",
        "gioi_tinh": "Nữ",
        "tuoi": "51 tuổi",
        "phong_mo": "PHÒNG PHẪU THUẬT",
        "noi_chuyen_mo": "Khoa Khám Bệnh",
        "noi_dung_phau_thuat": "Phẫu thuật điều trị ngón tay cò súng (1 ngón)",
        "tinh_trang": "Thường",
        "thoi_gian": "11/08/2026",
        "trang_thai": "Hoàn tất",
        "doi_tuong": "Bảo hiểm",
        "tam_ung": "0"
      },
      "raw_text": "1 26082807 LÊ HỒNG PHƯỢNG (Phẫu thuật tại khoa) Nữ 51 tuổi PHÒNG PHẪU THUẬT Khoa Khám Bệnh Phẫu thuật điều trị ngón tay cò súng (1 ngón) Thường 11/08/2026 Hoàn tất Bảo hiểm 0",
      "links": [
        {
          "text": "1",
          "href": "http://192.168.2.26:2026/home.aspx?scope=sys&lang=vi&wpid=phauthuatdraw&phauthuatid=20f69600-39a1-436e-8fee-b4a300b79001&keyword=l%C3%AA%20h%E1%BB%93ng%20ph%C6%B0%E1%BB%A3ng&tg=6&tungay=01/06/2026&denngay=23/09/2026&usid=172.31.255.1_oqn5yqe3ix0gr4lrbzs3p1ibd2c86039&st=171030",
          "onclick": ""
        },
        {
          "text": "26082807",
          "href": "http://192.168.2.26:2026/home.aspx?scope=sys&lang=vi&wpid=phauthuatdraw&phauthuatid=20f69600-39a1-436e-8fee-b4a300b79001&keyword=l%C3%AA%20h%E1%BB%93ng%20ph%C6%B0%E1%BB%A3ng&tg=6&tungay=01/06/2026&denngay=23/09/2026&usid=172.31.255.1_oqn5yqe3ix0gr4lrbzs3p1ibd2c86039&st=171030",
          "onclick": ""
        },
        {
          "text": "LÊ HỒNG PHƯỢNG (Phẫu thuật tại khoa)",
          "href": "http://192.168.2.26:2026/home.aspx?scope=sys&lang=vi&wpid=phauthuatdraw&phauthuatid=20f69600-39a1-436e-8fee-b4a300b79001&keyword=l%C3%AA%20h%E1%BB%93ng%20ph%C6%B0%E1%BB%A3ng&tg=6&tungay=01/06/2026&denngay=23/09/2026&usid=172.31.255.1_oqn5yqe3ix0gr4lrbzs3p1ibd2c86039&st=171030",
          "onclick": ""
        },
        {
          "text": "Nữ",
          "href": "http://192.168.2.26:2026/home.aspx?scope=sys&lang=vi&wpid=phauthuatdraw&phauthuatid=20f69600-39a1-436e-8fee-b4a300b79001&keyword=l%C3%AA%20h%E1%BB%93ng%20ph%C6%B0%E1%BB%A3ng&tg=6&tungay=01/06/2026&denngay=23/09/2026&usid=172.31.255.1_oqn5yqe3ix0gr4lrbzs3p1ibd2c86039&st=171030",
          "onclick": ""
        },
        {
          "text": "51 tuổi",
          "href": "http://192.168.2.26:2026/home.aspx?scope=sys&lang=vi&wpid=phauthuatdraw&phauthuatid=20f69600-39a1-436e-8fee-b4a300b79001&keyword=l%C3%AA%20h%E1%BB%93ng%20ph%C6%B0%E1%BB%A3ng&tg=6&tungay=01/06/2026&denngay=23/09/2026&usid=172.31.255.1_oqn5yqe3ix0gr4lrbzs3p1ibd2c86039&st=171030",
          "onclick": ""
        },
        {
          "text": "PHÒNG PHẪU THUẬT",
          "href": "http://192.168.2.26:2026/home.aspx?scope=sys&lang=vi&wpid=phauthuatdraw&phauthuatid=20f69600-39a1-436e-8fee-b4a300b79001&keyword=l%C3%AA%20h%E1%BB%93ng%20ph%C6%B0%E1%BB%A3ng&tg=6&tungay=01/06/2026&denngay=23/09/2026&usid=172.31.255.1_oqn5yqe3ix0gr4lrbzs3p1ibd2c86039&st=171030",
          "onclick": ""
        },
        {
          "text": "Khoa Khám Bệnh",
          "href": "http://192.168.2.26:2026/home.aspx?scope=sys&lang=vi&wpid=phauthuatdraw&phauthuatid=20f69600-39a1-436e-8fee-b4a300b79001&keyword=l%C3%AA%20h%E1%BB%93ng%20ph%C6%B0%E1%BB%A3ng&tg=6&tungay=01/06/2026&denngay=23/09/2026&usid=172.31.255.1_oqn5yqe3ix0gr4lrbzs3p1ibd2c86039&st=171030",
          "onclick": ""
        },
        {
          "text": "Phẫu thuật điều trị ngón tay cò súng (1 ngón)",
          "href": "http://192.168.2.26:2026/home.aspx?scope=sys&lang=vi&wpid=phauthuatdraw&phauthuatid=20f69600-39a1-436e-8fee-b4a300b79001&keyword=l%C3%AA%20h%E1%BB%93ng%20ph%C6%B0%E1%BB%A3ng&tg=6&tungay=01/06/2026&denngay=23/09/2026&usid=172.31.255.1_oqn5yqe3ix0gr4lrbzs3p1ibd2c86039&st=171030",
          "onclick": ""
        },
        {
          "text": "Thường",
          "href": "http://192.168.2.26:2026/home.aspx?scope=sys&lang=vi&wpid=phauthuatdraw&phauthuatid=20f69600-39a1-436e-8fee-b4a300b79001&keyword=l%C3%AA%20h%E1%BB%93ng%20ph%C6%B0%E1%BB%A3ng&tg=6&tungay=01/06/2026&denngay=23/09/2026&usid=172.31.255.1_oqn5yqe3ix0gr4lrbzs3p1ibd2c86039&st=171030",
          "onclick": ""
        },
        {
          "text": "11/08/2026",
          "href": "http://192.168.2.26:2026/home.aspx?scope=sys&lang=vi&wpid=phauthuatdraw&phauthuatid=20f69600-39a1-436e-8fee-b4a300b79001&keyword=l%C3%AA%20h%E1%BB%93ng%20ph%C6%B0%E1%BB%A3ng&tg=6&tungay=01/06/2026&denngay=23/09/2026&usid=172.31.255.1_oqn5yqe3ix0gr4lrbzs3p1ibd2c86039&st=171030",
          "onclick": ""
        }
      ]
    }
  ]
}
[2026-09-22 17:10:32.173] [CANDIDATES] D/s Phẫu thuật: có 1 ứng viên cùng người bệnh
{
  "candidates": [
    {
      "list_score": 125.0,
      "list_datetime": "2026-08-11 00:00:00",
      "list_time_source": "Thời gian",
      "list_method": "Phẫu thuật điều trị ngón tay cò súng (1 ngón)",
      "list_method_source": "Nội dung phẫu thuật",
      "method_score": 1.0,
      "detail_marker": "http://192.168.2.26:2026/home.aspx?scope=sys&lang=vi&wpid=phauthuatdraw&phauthuatid=20f69600-39a1-436e-8fee-b4a300b79001&keyword=l%C3%AA%20h%E1%BB%93ng%20ph%C6%B0%E1%BB%A3ng&tg=6&tungay=01/06/2026&denngay=23/09/2026&usid=172.31.255.1_oqn5yqe3ix0gr4lrbzs3p1ibd2c86039&st=171030",
      "row": {
        "access_id": "20f69600-39a1-436e-8fee-b4a300b79001",
        "known_fields": {
          "stt": "1",
          "ma_bn": "26082807",
          "ho_ten": "LÊ HỒNG PHƯỢNG (Phẫu thuật tại khoa)",
          "gioi_tinh": "Nữ",
          "tuoi": "51 tuổi",
          "phong_mo": "PHÒNG PHẪU THUẬT",
          "noi_chuyen_mo": "Khoa Khám Bệnh",
          "noi_dung_phau_thuat": "Phẫu thuật điều trị ngón tay cò súng (1 ngón)",
          "tinh_trang": "Thường",
          "thoi_gian": "11/08/2026",
          "trang_thai": "Hoàn tất",
          "doi_tuong": "Bảo hiểm",
          "tam_ung": "0"
        },
        "raw_text": "1 26082807 LÊ HỒNG PHƯỢNG (Phẫu thuật tại khoa) Nữ 51 tuổi PHÒNG PHẪU THUẬT Khoa Khám Bệnh Phẫu thuật điều trị ngón tay cò súng (1 ngón) Thường 11/08/2026 Hoàn tất Bảo hiểm 0",
        "links": [
          {
            "text": "1",
            "href": "http://192.168.2.26:2026/home.aspx?scope=sys&lang=vi&wpid=phauthuatdraw&phauthuatid=20f69600-39a1-436e-8fee-b4a300b79001&keyword=l%C3%AA%20h%E1%BB%93ng%20ph%C6%B0%E1%BB%A3ng&tg=6&tungay=01/06/2026&denngay=23/09/2026&usid=172.31.255.1_oqn5yqe3ix0gr4lrbzs3p1ibd2c86039&st=171030",
            "onclick": ""
          },
          {
            "text": "26082807",
            "href": "http://192.168.2.26:2026/home.aspx?scope=sys&lang=vi&wpid=phauthuatdraw&phauthuatid=20f69600-39a1-436e-8fee-b4a300b79001&keyword=l%C3%AA%20h%E1%BB%93ng%20ph%C6%B0%E1%BB%A3ng&tg=6&tungay=01/06/2026&denngay=23/09/2026&usid=172.31.255.1_oqn5yqe3ix0gr4lrbzs3p1ibd2c86039&st=171030",
            "onclick": ""
          },
          {
            "text": "LÊ HỒNG PHƯỢNG (Phẫu thuật tại khoa)",
            "href": "http://192.168.2.26:2026/home.aspx?scope=sys&lang=vi&wpid=phauthuatdraw&phauthuatid=20f69600-39a1-436e-8fee-b4a300b79001&keyword=l%C3%AA%20h%E1%BB%93ng%20ph%C6%B0%E1%BB%A3ng&tg=6&tungay=01/06/2026&denngay=23/09/2026&usid=172.31.255.1_oqn5yqe3ix0gr4lrbzs3p1ibd2c86039&st=171030",
            "onclick": ""
          },
          {
            "text": "Nữ",
            "href": "http://192.168.2.26:2026/home.aspx?scope=sys&lang=vi&wpid=phauthuatdraw&phauthuatid=20f69600-39a1-436e-8fee-b4a300b79001&keyword=l%C3%AA%20h%E1%BB%93ng%20ph%C6%B0%E1%BB%A3ng&tg=6&tungay=01/06/2026&denngay=23/09/2026&usid=172.31.255.1_oqn5yqe3ix0gr4lrbzs3p1ibd2c86039&st=171030",
            "onclick": ""
          },
          {
            "text": "51 tuổi",
            "href": "http://192.168.2.26:2026/home.aspx?scope=sys&lang=vi&wpid=phauthuatdraw&phauthuatid=20f69600-39a1-436e-8fee-b4a300b79001&keyword=l%C3%AA%20h%E1%BB%93ng%20ph%C6%B0%E1%BB%A3ng&tg=6&tungay=01/06/2026&denngay=23/09/2026&usid=172.31.255.1_oqn5yqe3ix0gr4lrbzs3p1ibd2c86039&st=171030",
            "onclick": ""
          },
          {
            "text": "PHÒNG PHẪU THUẬT",
            "href": "http://192.168.2.26:2026/home.aspx?scope=sys&lang=vi&wpid=phauthuatdraw&phauthuatid=20f69600-39a1-436e-8fee-b4a300b79001&keyword=l%C3%AA%20h%E1%BB%93ng%20ph%C6%B0%E1%BB%A3ng&tg=6&tungay=01/06/2026&denngay=23/09/2026&usid=172.31.255.1_oqn5yqe3ix0gr4lrbzs3p1ibd2c86039&st=171030",
            "onclick": ""
          },
          {
            "text": "Khoa Khám Bệnh",
            "href": "http://192.168.2.26:2026/home.aspx?scope=sys&lang=vi&wpid=phauthuatdraw&phauthuatid=20f69600-39a1-436e-8fee-b4a300b79001&keyword=l%C3%AA%20h%E1%BB%93ng%20ph%C6%B0%E1%BB%A3ng&tg=6&tungay=01/06/2026&denngay=23/09/2026&usid=172.31.255.1_oqn5yqe3ix0gr4lrbzs3p1ibd2c86039&st=171030",
            "onclick": ""
          },
          {
            "text": "Phẫu thuật điều trị ngón tay cò súng (1 ngón)",
            "href": "http://192.168.2.26:2026/home.aspx?scope=sys&lang=vi&wpid=phauthuatdraw&phauthuatid=20f69600-39a1-436e-8fee-b4a300b79001&keyword=l%C3%AA%20h%E1%BB%93ng%20ph%C6%B0%E1%BB%A3ng&tg=6&tungay=01/06/2026&denngay=23/09/2026&usid=172.31.255.1_oqn5yqe3ix0gr4lrbzs3p1ibd2c86039&st=171030",
            "onclick": ""
          },
          {
            "text": "Thường",
            "href": "http://192.168.2.26:2026/home.aspx?scope=sys&lang=vi&wpid=phauthuatdraw&phauthuatid=20f69600-39a1-436e-8fee-b4a300b79001&keyword=l%C3%AA%20h%E1%BB%93ng%20ph%C6%B0%E1%BB%A3ng&tg=6&tungay=01/06/2026&denngay=23/09/2026&usid=172.31.255.1_oqn5yqe3ix0gr4lrbzs3p1ibd2c86039&st=171030",
            "onclick": ""
          },
          {
            "text": "11/08/2026",
            "href": "http://192.168.2.26:2026/home.aspx?scope=sys&lang=vi&wpid=phauthuatdraw&phauthuatid=20f69600-39a1-436e-8fee-b4a300b79001&keyword=l%C3%AA%20h%E1%BB%93ng%20ph%C6%B0%E1%BB%A3ng&tg=6&tungay=01/06/2026&denngay=23/09/2026&usid=172.31.255.1_oqn5yqe3ix0gr4lrbzs3p1ibd2c86039&st=171030",
            "onclick": ""
          }
        ]
      }
    }
  ]
}
[2026-09-22 17:10:32.174] [DETAIL_BEGIN] D/s Phẫu thuật: mở ứng viên 1
{
  "detail_marker": "http://192.168.2.26:2026/home.aspx?scope=sys&lang=vi&wpid=phauthuatdraw&phauthuatid=20f69600-39a1-436e-8fee-b4a300b79001&keyword=l%C3%AA%20h%E1%BB%93ng%20ph%C6%B0%E1%BB%A3ng&tg=6&tungay=01/06/2026&denngay=23/09/2026&usid=172.31.255.1_oqn5yqe3ix0gr4lrbzs3p1ibd2c86039&st=171030",
  "list_datetime": "2026-08-11 00:00:00",
  "list_method": "Phẫu thuật điều trị ngón tay cò súng (1 ngón)",
  "row": {
    "access_id": "20f69600-39a1-436e-8fee-b4a300b79001",
    "known_fields": {
      "stt": "1",
      "ma_bn": "26082807",
      "ho_ten": "LÊ HỒNG PHƯỢNG (Phẫu thuật tại khoa)",
      "gioi_tinh": "Nữ",
      "tuoi": "51 tuổi",
      "phong_mo": "PHÒNG PHẪU THUẬT",
      "noi_chuyen_mo": "Khoa Khám Bệnh",
      "noi_dung_phau_thuat": "Phẫu thuật điều trị ngón tay cò súng (1 ngón)",
      "tinh_trang": "Thường",
      "thoi_gian": "11/08/2026",
      "trang_thai": "Hoàn tất",
      "doi_tuong": "Bảo hiểm",
      "tam_ung": "0"
    },
    "raw_text": "1 26082807 LÊ HỒNG PHƯỢNG (Phẫu thuật tại khoa) Nữ 51 tuổi PHÒNG PHẪU THUẬT Khoa Khám Bệnh Phẫu thuật điều trị ngón tay cò súng (1 ngón) Thường 11/08/2026 Hoàn tất Bảo hiểm 0",
    "links": [
      {
        "text": "1",
        "href": "http://192.168.2.26:2026/home.aspx?scope=sys&lang=vi&wpid=phauthuatdraw&phauthuatid=20f69600-39a1-436e-8fee-b4a300b79001&keyword=l%C3%AA%20h%E1%BB%93ng%20ph%C6%B0%E1%BB%A3ng&tg=6&tungay=01/06/2026&denngay=23/09/2026&usid=172.31.255.1_oqn5yqe3ix0gr4lrbzs3p1ibd2c86039&st=171030",
        "onclick": ""
      },
      {
        "text": "26082807",
        "href": "http://192.168.2.26:2026/home.aspx?scope=sys&lang=vi&wpid=phauthuatdraw&phauthuatid=20f69600-39a1-436e-8fee-b4a300b79001&keyword=l%C3%AA%20h%E1%BB%93ng%20ph%C6%B0%E1%BB%A3ng&tg=6&tungay=01/06/2026&denngay=23/09/2026&usid=172.31.255.1_oqn5yqe3ix0gr4lrbzs3p1ibd2c86039&st=171030",
        "onclick": ""
      },
      {
        "text": "LÊ HỒNG PHƯỢNG (Phẫu thuật tại khoa)",
        "href": "http://192.168.2.26:2026/home.aspx?scope=sys&lang=vi&wpid=phauthuatdraw&phauthuatid=20f69600-39a1-436e-8fee-b4a300b79001&keyword=l%C3%AA%20h%E1%BB%93ng%20ph%C6%B0%E1%BB%A3ng&tg=6&tungay=01/06/2026&denngay=23/09/2026&usid=172.31.255.1_oqn5yqe3ix0gr4lrbzs3p1ibd2c86039&st=171030",
        "onclick": ""
      },
      {
        "text": "Nữ",
        "href": "http://192.168.2.26:2026/home.aspx?scope=sys&lang=vi&wpid=phauthuatdraw&phauthuatid=20f69600-39a1-436e-8fee-b4a300b79001&keyword=l%C3%AA%20h%E1%BB%93ng%20ph%C6%B0%E1%BB%A3ng&tg=6&tungay=01/06/2026&denngay=23/09/2026&usid=172.31.255.1_oqn5yqe3ix0gr4lrbzs3p1ibd2c86039&st=171030",
        "onclick": ""
      },
      {
        "text": "51 tuổi",
        "href": "http://192.168.2.26:2026/home.aspx?scope=sys&lang=vi&wpid=phauthuatdraw&phauthuatid=20f69600-39a1-436e-8fee-b4a300b79001&keyword=l%C3%AA%20h%E1%BB%93ng%20ph%C6%B0%E1%BB%A3ng&tg=6&tungay=01/06/2026&denngay=23/09/2026&usid=172.31.255.1_oqn5yqe3ix0gr4lrbzs3p1ibd2c86039&st=171030",
        "onclick": ""
      },
      {
        "text": "PHÒNG PHẪU THUẬT",
        "href": "http://192.168.2.26:2026/home.aspx?scope=sys&lang=vi&wpid=phauthuatdraw&phauthuatid=20f69600-39a1-436e-8fee-b4a300b79001&keyword=l%C3%AA%20h%E1%BB%93ng%20ph%C6%B0%E1%BB%A3ng&tg=6&tungay=01/06/2026&denngay=23/09/2026&usid=172.31.255.1_oqn5yqe3ix0gr4lrbzs3p1ibd2c86039&st=171030",
        "onclick": ""
      },
      {
        "text": "Khoa Khám Bệnh",
        "href": "http://192.168.2.26:2026/home.aspx?scope=sys&lang=vi&wpid=phauthuatdraw&phauthuatid=20f69600-39a1-436e-8fee-b4a300b79001&keyword=l%C3%AA%20h%E1%BB%93ng%20ph%C6%B0%E1%BB%A3ng&tg=6&tungay=01/06/2026&denngay=23/09/2026&usid=172.31.255.1_oqn5yqe3ix0gr4lrbzs3p1ibd2c86039&st=171030",
        "onclick": ""
      },
      {
        "text": "Phẫu thuật điều trị ngón tay cò súng (1 ngón)",
        "href": "http://192.168.2.26:2026/home.aspx?scope=sys&lang=vi&wpid=phauthuatdraw&phauthuatid=20f69600-39a1-436e-8fee-b4a300b79001&keyword=l%C3%AA%20h%E1%BB%93ng%20ph%C6%B0%E1%BB%A3ng&tg=6&tungay=01/06/2026&denngay=23/09/2026&usid=172.31.255.1_oqn5yqe3ix0gr4lrbzs3p1ibd2c86039&st=171030",
        "onclick": ""
      },
      {
        "text": "Thường",
        "href": "http://192.168.2.26:2026/home.aspx?scope=sys&lang=vi&wpid=phauthuatdraw&phauthuatid=20f69600-39a1-436e-8fee-b4a300b79001&keyword=l%C3%AA%20h%E1%BB%93ng%20ph%C6%B0%E1%BB%A3ng&tg=6&tungay=01/06/2026&denngay=23/09/2026&usid=172.31.255.1_oqn5yqe3ix0gr4lrbzs3p1ibd2c86039&st=171030",
        "onclick": ""
      },
      {
        "text": "11/08/2026",
        "href": "http://192.168.2.26:2026/home.aspx?scope=sys&lang=vi&wpid=phauthuatdraw&phauthuatid=20f69600-39a1-436e-8fee-b4a300b79001&keyword=l%C3%AA%20h%E1%BB%93ng%20ph%C6%B0%E1%BB%A3ng&tg=6&tungay=01/06/2026&denngay=23/09/2026&usid=172.31.255.1_oqn5yqe3ix0gr4lrbzs3p1ibd2c86039&st=171030",
        "onclick": ""
      }
    ]
  }
}
[2026-09-22 17:10:32.179] [BROWSER] [DETAIL] kind=surgery; access_id=20f69600-39a1-436e-8fee-b4a300b79001; direct_url=yes; onclick=no
[2026-09-22 17:10:32.180] [BROWSER] [DETAIL] Mở liên kết trực tiếp: http://192.168.2.26:2026/home.aspx?scope=sys&lang=vi&wpid=phauthuatdraw&phauthuatid=20f69600-39a1-436e-8fee-b4a300b79001&keyword=l%C3%AA%20h%E1%BB%93ng%20ph%C6%B0%E1%BB%A3ng&tg=6&tungay=01/06/2026&denngay=23/09/2026&usid=172.31.255.1_oqn5yqe3ix0gr4lrbzs3p1ibd2c86039&st=171030
[2026-09-22 17:10:34.663] [BROWSER] [DETAIL] Dữ liệu đọc được: {"ajax_active": 0, "complete_info": "Người hoàn tất: Phan Văn Tuấn (pvtuan) | TG nhấn hoàn tất: 11:32 11/08/2026", "current_url": "http://192.168.2.26:2026/home.aspx?scope=sys&lang=vi&wpid=phauthuatdraw&phauthuatid=20f69600-39a1-436e-8fee-b4a300b79001&keyword=l%C3%AA%20h%E1%BB%93ng%20ph%C6%B0%E1%BB%A3ng&tg=6&tungay=01/06/2026&denngay=23/09/2026&usid=172.31.255.1_oqn5yqe3ix0gr4lrbzs3p1ibd2c86039&st=171030", "doctor": "Phan Văn Tuấn", "doctor_candidates": [{"id": "cbbBacSiPT", "value": "Phan Văn Tuấn"}], "doctor_field": "cbbBacSiPT", "doctor_found": true, "method": "Phẫu thuật điều trị ngón tay cò súng (1 ngón)", "method_candidates": [{"id": "txtNoiDungPT", "value": ""}, {"id": "cbbPhuongPhapPT", "value": "Phẫu thuật điều trị ngón tay cò súng (1 ngón)"}, {"id": "cbbChiDinhMoPT", "value": "(PT.2597)Phẫu thuật điều trị ngón tay cò súng (1 ngón)"}], "method_field": "cbbPhuongPhapPT", "patient_info": "", "root_found": true, "start_candidates": [{"id": "txtBatDauPT", "value": "13:00 11/08/2026"}], "start_time": "13:00 11/08/2026", "start_time_field": "txtBatDauPT"}
[2026-09-22 17:10:34.665] [BROWSER] [DETAIL] Nguồn bác sĩ: BS mổ chính; field=cbbBacSiPT; value=Phan Văn Tuấn
[2026-09-22 17:10:34.668] [DETAIL_OK] D/s Phẫu thuật: đọc được hồ sơ chi tiết
{
  "doctor_from_emr": "Phan Văn Tuấn",
  "mapped_alias": "TUẤN",
  "mapped_name": "Phan Văn Tuấn",
  "start_time": "13:00 11/08/2026",
  "start_time_field": "txtBatDauPT",
  "method": "Phẫu thuật điều trị ngón tay cò súng (1 ngón)",
  "method_field": "cbbPhuongPhapPT",
  "list_time_source": "Thời gian",
  "list_method_source": "Nội dung phẫu thuật",
  "current_url": "http://192.168.2.26:2026/home.aspx?scope=sys&lang=vi&wpid=phauthuatdraw&phauthuatid=20f69600-39a1-436e-8fee-b4a300b79001&keyword=l%C3%AA%20h%E1%BB%93ng%20ph%C6%B0%E1%BB%A3ng&tg=6&tungay=01/06/2026&denngay=23/09/2026&usid=172.31.255.1_oqn5yqe3ix0gr4lrbzs3p1ibd2c86039&st=171030",
  "total_score": 380.0,
  "method_score": 1.0
}
[2026-09-22 17:10:34.670] [EVALUATED] D/s Phẫu thuật: đánh giá 1 hồ sơ
{
  "items": [
    {
      "doctor": "Phan Văn Tuấn",
      "alias": "TUẤN",
      "detail_datetime": "2026-08-11 13:00:00",
      "method_score": 1.0,
      "total_score": 380.0,
      "confidence_ok": true
    }
  ]
}
[2026-09-22 17:10:34.671] [SOURCE_MATCH] D/s Phẫu thuật: đã chọn bác sĩ, không tìm nguồn còn lại
{
  "alias": "TUẤN"
}
[2026-09-22 17:10:35.502] [AUTOSAVE_ROW] Dòng 21: đã điền TUẤN và lưu ngay
{
  "patient": "LÊ HỒNG PHƯỢNG",
  "source": "D/s Phẫu thuật",
  "doctor_name": "Phan Văn Tuấn",
  "emr_doctor": "Phan Văn Tuấn",
  "matched_time": "13:00 11/08/2026",
  "matched_method": "Phẫu thuật điều trị ngón tay cò súng (1 ngón)",
  "progress": "13/38",
  "output": "E:\\Thong_ke\\node_outputs\\PM khoa CTCH T8_NHAP_LIEU.xlsx"
}
[2026-09-22 17:10:35.503] [ROW_END] Kết thúc dòng 21
{
  "status": "updated",
  "new_value": "TUẤN",
  "reason": null
}
[2026-09-22 17:10:35.504] [ROW_BEGIN] [15/38] Bắt đầu dòng 22: NGUYỄN THỊ BÍCH TUYỀN
{
  "raw_time": "2026/08/11 14:24",
  "parsed_time": "14:24 11/08/2026",
  "method": "Phẫu thuật điều trị ngón tay cò súng (1 ngón)",
  "old_value": ""
}
[2026-09-22 17:10:35.504] [SEARCH_BEGIN] dòng 22: tìm NGUYỄN THỊ BÍCH TUYỀN tại D/s Phẫu thuật
{
  "patient": "NGUYỄN THỊ BÍCH TUYỀN",
  "target_time": "2026-08-11 14:24:00",
  "target_method": "Phẫu thuật điều trị ngón tay cò súng (1 ngón)",
  "source": "surgery"
}
[2026-09-22 17:10:36.039] [BROWSER] [NAV] D/s Phẫu thuật: http://192.168.2.26:2026/home.aspx?scope=sys&lang=vi&wpid=danhsachphauthuatdraw&role=323&usid=172.31.255.1_oqn5yqe3ix0gr4lrbzs3p1ibd2c86039&st=171031
[2026-09-22 17:10:38.094] [BROWSER] [FILTER] 3 tháng
[2026-09-22 17:10:38.625] [BROWSER] [SEARCH] Nhập 'NGUYỄN THỊ BÍCH TUYỀN' vào #txtTimKiem
[2026-09-22 17:10:38.786] [BROWSER] [SEARCH] Đã bấm Tìm kiếm bằng #btnTimKiem
[2026-09-22 17:10:38.833] [BROWSER] [RESULT] D/s Phẫu thuật: 1 dòng
[2026-09-22 17:10:38.844] [SEARCH_RESULT] D/s Phẫu thuật: nhận 1 dòng
{
  "current_url": "http://192.168.2.26:2026/home.aspx?scope=sys&lang=vi&wpid=danhsachphauthuatdraw&role=323&usid=172.31.255.1_oqn5yqe3ix0gr4lrbzs3p1ibd2c86039&st=171031",
  "search_input_id": "txtTimKiem",
  "search_trigger": "#btnTimKiem",
  "headers": [
    "STT",
    "Mã BN",
    "Họ tên",
    "Giới tính",
    "Tuổi",
    "Phòng mổ",
    "Nơi chuyển mổ",
    "Nội dung phẫu thuật",
    "Tình trạng",
    "Thời gian",
    "Trạng thái",
    "Đối tượng",
    "Đã tạm ứng"
  ],
  "rows": [
    {
      "access_id": "8f333339-0083-44d8-b14b-b4a300ede06e",
      "known_fields": {
        "stt": "1",
        "ma_bn": "26082847",
        "ho_ten": "NGUYỄN THỊ BÍCH TUYỀN (Phẫu thuật tại khoa)",
        "gioi_tinh": "Nữ",
        "tuoi": "50 tuổi",
        "phong_mo": "PHÒNG PHẪU THUẬT",
        "noi_chuyen_mo": "Khoa Khám Bệnh",
        "noi_dung_phau_thuat": "Phẫu thuật điều trị ngón tay cò súng (1 ngón)",
        "tinh_trang": "Thường",
        "thoi_gian": "11/08/2026",
        "trang_thai": "Hoàn tất",
        "doi_tuong": "Bảo hiểm",
        "tam_ung": "0"
      },
      "raw_text": "1 26082847 NGUYỄN THỊ BÍCH TUYỀN (Phẫu thuật tại khoa) Nữ 50 tuổi PHÒNG PHẪU THUẬT Khoa Khám Bệnh Phẫu thuật điều trị ngón tay cò súng (1 ngón) Thường 11/08/2026 Hoàn tất Bảo hiểm 0",
      "links": [
        {
          "text": "1",
          "href": "http://192.168.2.26:2026/home.aspx?scope=sys&lang=vi&wpid=phauthuatdraw&phauthuatid=8f333339-0083-44d8-b14b-b4a300ede06e&keyword=nguy%E1%BB%85n%20th%E1%BB%8B%20b%C3%ADch%20tuy%E1%BB%81n&tg=6&tungay=01/06/2026&denngay=23/09/2026&usid=172.31.255.1_oqn5yqe3ix0gr4lrbzs3p1ibd2c86039&st=171037",
          "onclick": ""
        },
        {
          "text": "26082847",
          "href": "http://192.168.2.26:2026/home.aspx?scope=sys&lang=vi&wpid=phauthuatdraw&phauthuatid=8f333339-0083-44d8-b14b-b4a300ede06e&keyword=nguy%E1%BB%85n%20th%E1%BB%8B%20b%C3%ADch%20tuy%E1%BB%81n&tg=6&tungay=01/06/2026&denngay=23/09/2026&usid=172.31.255.1_oqn5yqe3ix0gr4lrbzs3p1ibd2c86039&st=171037",
          "onclick": ""
        },
        {
          "text": "NGUYỄN THỊ BÍCH TUYỀN (Phẫu thuật tại khoa)",
          "href": "http://192.168.2.26:2026/home.aspx?scope=sys&lang=vi&wpid=phauthuatdraw&phauthuatid=8f333339-0083-44d8-b14b-b4a300ede06e&keyword=nguy%E1%BB%85n%20th%E1%BB%8B%20b%C3%ADch%20tuy%E1%BB%81n&tg=6&tungay=01/06/2026&denngay=23/09/2026&usid=172.31.255.1_oqn5yqe3ix0gr4lrbzs3p1ibd2c86039&st=171037",
          "onclick": ""
        },
        {
          "text": "Nữ",
          "href": "http://192.168.2.26:2026/home.aspx?scope=sys&lang=vi&wpid=phauthuatdraw&phauthuatid=8f333339-0083-44d8-b14b-b4a300ede06e&keyword=nguy%E1%BB%85n%20th%E1%BB%8B%20b%C3%ADch%20tuy%E1%BB%81n&tg=6&tungay=01/06/2026&denngay=23/09/2026&usid=172.31.255.1_oqn5yqe3ix0gr4lrbzs3p1ibd2c86039&st=171037",
          "onclick": ""
        },
        {
          "text": "50 tuổi",
          "href": "http://192.168.2.26:2026/home.aspx?scope=sys&lang=vi&wpid=phauthuatdraw&phauthuatid=8f333339-0083-44d8-b14b-b4a300ede06e&keyword=nguy%E1%BB%85n%20th%E1%BB%8B%20b%C3%ADch%20tuy%E1%BB%81n&tg=6&tungay=01/06/2026&denngay=23/09/2026&usid=172.31.255.1_oqn5yqe3ix0gr4lrbzs3p1ibd2c86039&st=171037",
          "onclick": ""
        },
        {
          "text": "PHÒNG PHẪU THUẬT",
          "href": "http://192.168.2.26:2026/home.aspx?scope=sys&lang=vi&wpid=phauthuatdraw&phauthuatid=8f333339-0083-44d8-b14b-b4a300ede06e&keyword=nguy%E1%BB%85n%20th%E1%BB%8B%20b%C3%ADch%20tuy%E1%BB%81n&tg=6&tungay=01/06/2026&denngay=23/09/2026&usid=172.31.255.1_oqn5yqe3ix0gr4lrbzs3p1ibd2c86039&st=171037",
          "onclick": ""
        },
        {
          "text": "Khoa Khám Bệnh",
          "href": "http://192.168.2.26:2026/home.aspx?scope=sys&lang=vi&wpid=phauthuatdraw&phauthuatid=8f333339-0083-44d8-b14b-b4a300ede06e&keyword=nguy%E1%BB%85n%20th%E1%BB%8B%20b%C3%ADch%20tuy%E1%BB%81n&tg=6&tungay=01/06/2026&denngay=23/09/2026&usid=172.31.255.1_oqn5yqe3ix0gr4lrbzs3p1ibd2c86039&st=171037",
          "onclick": ""
        },
        {
          "text": "Phẫu thuật điều trị ngón tay cò súng (1 ngón)",
          "href": "http://192.168.2.26:2026/home.aspx?scope=sys&lang=vi&wpid=phauthuatdraw&phauthuatid=8f333339-0083-44d8-b14b-b4a300ede06e&keyword=nguy%E1%BB%85n%20th%E1%BB%8B%20b%C3%ADch%20tuy%E1%BB%81n&tg=6&tungay=01/06/2026&denngay=23/09/2026&usid=172.31.255.1_oqn5yqe3ix0gr4lrbzs3p1ibd2c86039&st=171037",
          "onclick": ""
        },
        {
          "text": "Thường",
          "href": "http://192.168.2.26:2026/home.aspx?scope=sys&lang=vi&wpid=phauthuatdraw&phauthuatid=8f333339-0083-44d8-b14b-b4a300ede06e&keyword=nguy%E1%BB%85n%20th%E1%BB%8B%20b%C3%ADch%20tuy%E1%BB%81n&tg=6&tungay=01/06/2026&denngay=23/09/2026&usid=172.31.255.1_oqn5yqe3ix0gr4lrbzs3p1ibd2c86039&st=171037",
          "onclick": ""
        },
        {
          "text": "11/08/2026",
          "href": "http://192.168.2.26:2026/home.aspx?scope=sys&lang=vi&wpid=phauthuatdraw&phauthuatid=8f333339-0083-44d8-b14b-b4a300ede06e&keyword=nguy%E1%BB%85n%20th%E1%BB%8B%20b%C3%ADch%20tuy%E1%BB%81n&tg=6&tungay=01/06/2026&denngay=23/09/2026&usid=172.31.255.1_oqn5yqe3ix0gr4lrbzs3p1ibd2c86039&st=171037",
          "onclick": ""
        }
      ]
    }
  ]
}
[2026-09-22 17:10:38.845] [CANDIDATES] D/s Phẫu thuật: có 1 ứng viên cùng người bệnh
{
  "candidates": [
    {
      "list_score": 125.0,
      "list_datetime": "2026-08-11 00:00:00",
      "list_time_source": "Thời gian",
      "list_method": "Phẫu thuật điều trị ngón tay cò súng (1 ngón)",
      "list_method_source": "Nội dung phẫu thuật",
      "method_score": 1.0,
      "detail_marker": "http://192.168.2.26:2026/home.aspx?scope=sys&lang=vi&wpid=phauthuatdraw&phauthuatid=8f333339-0083-44d8-b14b-b4a300ede06e&keyword=nguy%E1%BB%85n%20th%E1%BB%8B%20b%C3%ADch%20tuy%E1%BB%81n&tg=6&tungay=01/06/2026&denngay=23/09/2026&usid=172.31.255.1_oqn5yqe3ix0gr4lrbzs3p1ibd2c86039&st=171037",
      "row": {
        "access_id": "8f333339-0083-44d8-b14b-b4a300ede06e",
        "known_fields": {
          "stt": "1",
          "ma_bn": "26082847",
          "ho_ten": "NGUYỄN THỊ BÍCH TUYỀN (Phẫu thuật tại khoa)",
          "gioi_tinh": "Nữ",
          "tuoi": "50 tuổi",
          "phong_mo": "PHÒNG PHẪU THUẬT",
          "noi_chuyen_mo": "Khoa Khám Bệnh",
          "noi_dung_phau_thuat": "Phẫu thuật điều trị ngón tay cò súng (1 ngón)",
          "tinh_trang": "Thường",
          "thoi_gian": "11/08/2026",
          "trang_thai": "Hoàn tất",
          "doi_tuong": "Bảo hiểm",
          "tam_ung": "0"
        },
        "raw_text": "1 26082847 NGUYỄN THỊ BÍCH TUYỀN (Phẫu thuật tại khoa) Nữ 50 tuổi PHÒNG PHẪU THUẬT Khoa Khám Bệnh Phẫu thuật điều trị ngón tay cò súng (1 ngón) Thường 11/08/2026 Hoàn tất Bảo hiểm 0",
        "links": [
          {
            "text": "1",
            "href": "http://192.168.2.26:2026/home.aspx?scope=sys&lang=vi&wpid=phauthuatdraw&phauthuatid=8f333339-0083-44d8-b14b-b4a300ede06e&keyword=nguy%E1%BB%85n%20th%E1%BB%8B%20b%C3%ADch%20tuy%E1%BB%81n&tg=6&tungay=01/06/2026&denngay=23/09/2026&usid=172.31.255.1_oqn5yqe3ix0gr4lrbzs3p1ibd2c86039&st=171037",
            "onclick": ""
          },
          {
            "text": "26082847",
            "href": "http://192.168.2.26:2026/home.aspx?scope=sys&lang=vi&wpid=phauthuatdraw&phauthuatid=8f333339-0083-44d8-b14b-b4a300ede06e&keyword=nguy%E1%BB%85n%20th%E1%BB%8B%20b%C3%ADch%20tuy%E1%BB%81n&tg=6&tungay=01/06/2026&denngay=23/09/2026&usid=172.31.255.1_oqn5yqe3ix0gr4lrbzs3p1ibd2c86039&st=171037",
            "onclick": ""
          },
          {
            "text": "NGUYỄN THỊ BÍCH TUYỀN (Phẫu thuật tại khoa)",
            "href": "http://192.168.2.26:2026/home.aspx?scope=sys&lang=vi&wpid=phauthuatdraw&phauthuatid=8f333339-0083-44d8-b14b-b4a300ede06e&keyword=nguy%E1%BB%85n%20th%E1%BB%8B%20b%C3%ADch%20tuy%E1%BB%81n&tg=6&tungay=01/06/2026&denngay=23/09/2026&usid=172.31.255.1_oqn5yqe3ix0gr4lrbzs3p1ibd2c86039&st=171037",
            "onclick": ""
          },
          {
            "text": "Nữ",
            "href": "http://192.168.2.26:2026/home.aspx?scope=sys&lang=vi&wpid=phauthuatdraw&phauthuatid=8f333339-0083-44d8-b14b-b4a300ede06e&keyword=nguy%E1%BB%85n%20th%E1%BB%8B%20b%C3%ADch%20tuy%E1%BB%81n&tg=6&tungay=01/06/2026&denngay=23/09/2026&usid=172.31.255.1_oqn5yqe3ix0gr4lrbzs3p1ibd2c86039&st=171037",
            "onclick": ""
          },
          {
            "text": "50 tuổi",
            "href": "http://192.168.2.26:2026/home.aspx?scope=sys&lang=vi&wpid=phauthuatdraw&phauthuatid=8f333339-0083-44d8-b14b-b4a300ede06e&keyword=nguy%E1%BB%85n%20th%E1%BB%8B%20b%C3%ADch%20tuy%E1%BB%81n&tg=6&tungay=01/06/2026&denngay=23/09/2026&usid=172.31.255.1_oqn5yqe3ix0gr4lrbzs3p1ibd2c86039&st=171037",
            "onclick": ""
          },
          {
            "text": "PHÒNG PHẪU THUẬT",
            "href": "http://192.168.2.26:2026/home.aspx?scope=sys&lang=vi&wpid=phauthuatdraw&phauthuatid=8f333339-0083-44d8-b14b-b4a300ede06e&keyword=nguy%E1%BB%85n%20th%E1%BB%8B%20b%C3%ADch%20tuy%E1%BB%81n&tg=6&tungay=01/06/2026&denngay=23/09/2026&usid=172.31.255.1_oqn5yqe3ix0gr4lrbzs3p1ibd2c86039&st=171037",
            "onclick": ""
          },
          {
            "text": "Khoa Khám Bệnh",
            "href": "http://192.168.2.26:2026/home.aspx?scope=sys&lang=vi&wpid=phauthuatdraw&phauthuatid=8f333339-0083-44d8-b14b-b4a300ede06e&keyword=nguy%E1%BB%85n%20th%E1%BB%8B%20b%C3%ADch%20tuy%E1%BB%81n&tg=6&tungay=01/06/2026&denngay=23/09/2026&usid=172.31.255.1_oqn5yqe3ix0gr4lrbzs3p1ibd2c86039&st=171037",
            "onclick": ""
          },
          {
            "text": "Phẫu thuật điều trị ngón tay cò súng (1 ngón)",
            "href": "http://192.168.2.26:2026/home.aspx?scope=sys&lang=vi&wpid=phauthuatdraw&phauthuatid=8f333339-0083-44d8-b14b-b4a300ede06e&keyword=nguy%E1%BB%85n%20th%E1%BB%8B%20b%C3%ADch%20tuy%E1%BB%81n&tg=6&tungay=01/06/2026&denngay=23/09/2026&usid=172.31.255.1_oqn5yqe3ix0gr4lrbzs3p1ibd2c86039&st=171037",
            "onclick": ""
          },
          {
            "text": "Thường",
            "href": "http://192.168.2.26:2026/home.aspx?scope=sys&lang=vi&wpid=phauthuatdraw&phauthuatid=8f333339-0083-44d8-b14b-b4a300ede06e&keyword=nguy%E1%BB%85n%20th%E1%BB%8B%20b%C3%ADch%20tuy%E1%BB%81n&tg=6&tungay=01/06/2026&denngay=23/09/2026&usid=172.31.255.1_oqn5yqe3ix0gr4lrbzs3p1ibd2c86039&st=171037",
            "onclick": ""
          },
          {
            "text": "11/08/2026",
            "href": "http://192.168.2.26:2026/home.aspx?scope=sys&lang=vi&wpid=phauthuatdraw&phauthuatid=8f333339-0083-44d8-b14b-b4a300ede06e&keyword=nguy%E1%BB%85n%20th%E1%BB%8B%20b%C3%ADch%20tuy%E1%BB%81n&tg=6&tungay=01/06/2026&denngay=23/09/2026&usid=172.31.255.1_oqn5yqe3ix0gr4lrbzs3p1ibd2c86039&st=171037",
            "onclick": ""
          }
        ]
      }
    }
  ]
}
[2026-09-22 17:10:38.846] [DETAIL_BEGIN] D/s Phẫu thuật: mở ứng viên 1
{
  "detail_marker": "http://192.168.2.26:2026/home.aspx?scope=sys&lang=vi&wpid=phauthuatdraw&phauthuatid=8f333339-0083-44d8-b14b-b4a300ede06e&keyword=nguy%E1%BB%85n%20th%E1%BB%8B%20b%C3%ADch%20tuy%E1%BB%81n&tg=6&tungay=01/06/2026&denngay=23/09/2026&usid=172.31.255.1_oqn5yqe3ix0gr4lrbzs3p1ibd2c86039&st=171037",
  "list_datetime": "2026-08-11 00:00:00",
  "list_method": "Phẫu thuật điều trị ngón tay cò súng (1 ngón)",
  "row": {
    "access_id": "8f333339-0083-44d8-b14b-b4a300ede06e",
    "known_fields": {
      "stt": "1",
      "ma_bn": "26082847",
      "ho_ten": "NGUYỄN THỊ BÍCH TUYỀN (Phẫu thuật tại khoa)",
      "gioi_tinh": "Nữ",
      "tuoi": "50 tuổi",
      "phong_mo": "PHÒNG PHẪU THUẬT",
      "noi_chuyen_mo": "Khoa Khám Bệnh",
      "noi_dung_phau_thuat": "Phẫu thuật điều trị ngón tay cò súng (1 ngón)",
      "tinh_trang": "Thường",
      "thoi_gian": "11/08/2026",
      "trang_thai": "Hoàn tất",
      "doi_tuong": "Bảo hiểm",
      "tam_ung": "0"
    },
    "raw_text": "1 26082847 NGUYỄN THỊ BÍCH TUYỀN (Phẫu thuật tại khoa) Nữ 50 tuổi PHÒNG PHẪU THUẬT Khoa Khám Bệnh Phẫu thuật điều trị ngón tay cò súng (1 ngón) Thường 11/08/2026 Hoàn tất Bảo hiểm 0",
    "links": [
      {
        "text": "1",
        "href": "http://192.168.2.26:2026/home.aspx?scope=sys&lang=vi&wpid=phauthuatdraw&phauthuatid=8f333339-0083-44d8-b14b-b4a300ede06e&keyword=nguy%E1%BB%85n%20th%E1%BB%8B%20b%C3%ADch%20tuy%E1%BB%81n&tg=6&tungay=01/06/2026&denngay=23/09/2026&usid=172.31.255.1_oqn5yqe3ix0gr4lrbzs3p1ibd2c86039&st=171037",
        "onclick": ""
      },
      {
        "text": "26082847",
        "href": "http://192.168.2.26:2026/home.aspx?scope=sys&lang=vi&wpid=phauthuatdraw&phauthuatid=8f333339-0083-44d8-b14b-b4a300ede06e&keyword=nguy%E1%BB%85n%20th%E1%BB%8B%20b%C3%ADch%20tuy%E1%BB%81n&tg=6&tungay=01/06/2026&denngay=23/09/2026&usid=172.31.255.1_oqn5yqe3ix0gr4lrbzs3p1ibd2c86039&st=171037",
        "onclick": ""
      },
      {
        "text": "NGUYỄN THỊ BÍCH TUYỀN (Phẫu thuật tại khoa)",
        "href": "http://192.168.2.26:2026/home.aspx?scope=sys&lang=vi&wpid=phauthuatdraw&phauthuatid=8f333339-0083-44d8-b14b-b4a300ede06e&keyword=nguy%E1%BB%85n%20th%E1%BB%8B%20b%C3%ADch%20tuy%E1%BB%81n&tg=6&tungay=01/06/2026&denngay=23/09/2026&usid=172.31.255.1_oqn5yqe3ix0gr4lrbzs3p1ibd2c86039&st=171037",
        "onclick": ""
      },
      {
        "text": "Nữ",
        "href": "http://192.168.2.26:2026/home.aspx?scope=sys&lang=vi&wpid=phauthuatdraw&phauthuatid=8f333339-0083-44d8-b14b-b4a300ede06e&keyword=nguy%E1%BB%85n%20th%E1%BB%8B%20b%C3%ADch%20tuy%E1%BB%81n&tg=6&tungay=01/06/2026&denngay=23/09/2026&usid=172.31.255.1_oqn5yqe3ix0gr4lrbzs3p1ibd2c86039&st=171037",
        "onclick": ""
      },
      {
        "text": "50 tuổi",
        "href": "http://192.168.2.26:2026/home.aspx?scope=sys&lang=vi&wpid=phauthuatdraw&phauthuatid=8f333339-0083-44d8-b14b-b4a300ede06e&keyword=nguy%E1%BB%85n%20th%E1%BB%8B%20b%C3%ADch%20tuy%E1%BB%81n&tg=6&tungay=01/06/2026&denngay=23/09/2026&usid=172.31.255.1_oqn5yqe3ix0gr4lrbzs3p1ibd2c86039&st=171037",
        "onclick": ""
      },
      {
        "text": "PHÒNG PHẪU THUẬT",
        "href": "http://192.168.2.26:2026/home.aspx?scope=sys&lang=vi&wpid=phauthuatdraw&phauthuatid=8f333339-0083-44d8-b14b-b4a300ede06e&keyword=nguy%E1%BB%85n%20th%E1%BB%8B%20b%C3%ADch%20tuy%E1%BB%81n&tg=6&tungay=01/06/2026&denngay=23/09/2026&usid=172.31.255.1_oqn5yqe3ix0gr4lrbzs3p1ibd2c86039&st=171037",
        "onclick": ""
      },
      {
        "text": "Khoa Khám Bệnh",
        "href": "http://192.168.2.26:2026/home.aspx?scope=sys&lang=vi&wpid=phauthuatdraw&phauthuatid=8f333339-0083-44d8-b14b-b4a300ede06e&keyword=nguy%E1%BB%85n%20th%E1%BB%8B%20b%C3%ADch%20tuy%E1%BB%81n&tg=6&tungay=01/06/2026&denngay=23/09/2026&usid=172.31.255.1_oqn5yqe3ix0gr4lrbzs3p1ibd2c86039&st=171037",
        "onclick": ""
      },
      {
        "text": "Phẫu thuật điều trị ngón tay cò súng (1 ngón)",
        "href": "http://192.168.2.26:2026/home.aspx?scope=sys&lang=vi&wpid=phauthuatdraw&phauthuatid=8f333339-0083-44d8-b14b-b4a300ede06e&keyword=nguy%E1%BB%85n%20th%E1%BB%8B%20b%C3%ADch%20tuy%E1%BB%81n&tg=6&tungay=01/06/2026&denngay=23/09/2026&usid=172.31.255.1_oqn5yqe3ix0gr4lrbzs3p1ibd2c86039&st=171037",
        "onclick": ""
      },
      {
        "text": "Thường",
        "href": "http://192.168.2.26:2026/home.aspx?scope=sys&lang=vi&wpid=phauthuatdraw&phauthuatid=8f333339-0083-44d8-b14b-b4a300ede06e&keyword=nguy%E1%BB%85n%20th%E1%BB%8B%20b%C3%ADch%20tuy%E1%BB%81n&tg=6&tungay=01/06/2026&denngay=23/09/2026&usid=172.31.255.1_oqn5yqe3ix0gr4lrbzs3p1ibd2c86039&st=171037",
        "onclick": ""
      },
      {
        "text": "11/08/2026",
        "href": "http://192.168.2.26:2026/home.aspx?scope=sys&lang=vi&wpid=phauthuatdraw&phauthuatid=8f333339-0083-44d8-b14b-b4a300ede06e&keyword=nguy%E1%BB%85n%20th%E1%BB%8B%20b%C3%ADch%20tuy%E1%BB%81n&tg=6&tungay=01/06/2026&denngay=23/09/2026&usid=172.31.255.1_oqn5yqe3ix0gr4lrbzs3p1ibd2c86039&st=171037",
        "onclick": ""
      }
    ]
  }
}
[2026-09-22 17:10:38.857] [BROWSER] [DETAIL] kind=surgery; access_id=8f333339-0083-44d8-b14b-b4a300ede06e; direct_url=yes; onclick=no
[2026-09-22 17:10:38.858] [BROWSER] [DETAIL] Mở liên kết trực tiếp: http://192.168.2.26:2026/home.aspx?scope=sys&lang=vi&wpid=phauthuatdraw&phauthuatid=8f333339-0083-44d8-b14b-b4a300ede06e&keyword=nguy%E1%BB%85n%20th%E1%BB%8B%20b%C3%ADch%20tuy%E1%BB%81n&tg=6&tungay=01/06/2026&denngay=23/09/2026&usid=172.31.255.1_oqn5yqe3ix0gr4lrbzs3p1ibd2c86039&st=171037
[2026-09-22 17:10:40.754] [BROWSER] [DETAIL] Dữ liệu đọc được: {"ajax_active": 0, "complete_info": "Người hoàn tất: Phan Văn Tuấn (pvtuan) | TG nhấn hoàn tất: 14:38 11/08/2026", "current_url": "http://192.168.2.26:2026/home.aspx?scope=sys&lang=vi&wpid=phauthuatdraw&phauthuatid=8f333339-0083-44d8-b14b-b4a300ede06e&keyword=nguy%E1%BB%85n%20th%E1%BB%8B%20b%C3%ADch%20tuy%E1%BB%81n&tg=6&tungay=01/06/2026&denngay=23/09/2026&usid=172.31.255.1_oqn5yqe3ix0gr4lrbzs3p1ibd2c86039&st=171037", "doctor": "Phan Văn Tuấn", "doctor_candidates": [{"id": "cbbBacSiPT", "value": "Phan Văn Tuấn"}], "doctor_field": "cbbBacSiPT", "doctor_found": true, "method": "Phẫu thuật điều trị ngón tay cò súng (1 ngón)", "method_candidates": [{"id": "txtNoiDungPT", "value": ""}, {"id": "cbbPhuongPhapPT", "value": "Phẫu thuật điều trị ngón tay cò súng (1 ngón)"}, {"id": "cbbChiDinhMoPT", "value": "(PT.2597)Phẫu thuật điều trị ngón tay cò súng (1 ngón)"}], "method_field": "cbbPhuongPhapPT", "patient_info": "", "root_found": true, "start_candidates": [{"id": "txtBatDauPT", "value": "14:37 11/08/2026"}], "start_time": "14:37 11/08/2026", "start_time_field": "txtBatDauPT"}
[2026-09-22 17:10:40.755] [BROWSER] [DETAIL] Nguồn bác sĩ: BS mổ chính; field=cbbBacSiPT; value=Phan Văn Tuấn
[2026-09-22 17:10:40.756] [DETAIL_OK] D/s Phẫu thuật: đọc được hồ sơ chi tiết
{
  "doctor_from_emr": "Phan Văn Tuấn",
  "mapped_alias": "TUẤN",
  "mapped_name": "Phan Văn Tuấn",
  "start_time": "14:37 11/08/2026",
  "start_time_field": "txtBatDauPT",
  "method": "Phẫu thuật điều trị ngón tay cò súng (1 ngón)",
  "method_field": "cbbPhuongPhapPT",
  "list_time_source": "Thời gian",
  "list_method_source": "Nội dung phẫu thuật",
  "current_url": "http://192.168.2.26:2026/home.aspx?scope=sys&lang=vi&wpid=phauthuatdraw&phauthuatid=8f333339-0083-44d8-b14b-b4a300ede06e&keyword=nguy%E1%BB%85n%20th%E1%BB%8B%20b%C3%ADch%20tuy%E1%BB%81n&tg=6&tungay=01/06/2026&denngay=23/09/2026&usid=172.31.255.1_oqn5yqe3ix0gr4lrbzs3p1ibd2c86039&st=171037",
  "total_score": 475.0,
  "method_score": 1.0
}
[2026-09-22 17:10:40.757] [EVALUATED] D/s Phẫu thuật: đánh giá 1 hồ sơ
{
  "items": [
    {
      "doctor": "Phan Văn Tuấn",
      "alias": "TUẤN",
      "detail_datetime": "2026-08-11 14:37:00",
      "method_score": 1.0,
      "total_score": 475.0,
      "confidence_ok": true
    }
  ]
}
[2026-09-22 17:10:40.758] [SOURCE_MATCH] D/s Phẫu thuật: đã chọn bác sĩ, không tìm nguồn còn lại
{
  "alias": "TUẤN"
}
[2026-09-22 17:10:41.336] [AUTOSAVE_ROW] Dòng 22: đã điền TUẤN và lưu ngay
{
  "patient": "NGUYỄN THỊ BÍCH TUYỀN",
  "source": "D/s Phẫu thuật",
  "doctor_name": "Phan Văn Tuấn",
  "emr_doctor": "Phan Văn Tuấn",
  "matched_time": "14:37 11/08/2026",
  "matched_method": "Phẫu thuật điều trị ngón tay cò súng (1 ngón)",
  "progress": "14/38",
  "output": "E:\\Thong_ke\\node_outputs\\PM khoa CTCH T8_NHAP_LIEU.xlsx"
}
[2026-09-22 17:10:41.336] [ROW_END] Kết thúc dòng 22
{
  "status": "updated",
  "new_value": "TUẤN",
  "reason": null
}
[2026-09-22 17:10:41.337] [ROW_BEGIN] [16/38] Bắt đầu dòng 23: TRẦN THỊ ĐÈO
{
  "raw_time": "2026/08/12 08:43",
  "parsed_time": "08:43 12/08/2026",
  "method": "Phẫu thuật điều trị hội chứng ống cổ tay",
  "old_value": ""
}
[2026-09-22 17:10:41.337] [SEARCH_BEGIN] dòng 23: tìm TRẦN THỊ ĐÈO tại D/s Phẫu thuật
{
  "patient": "TRẦN THỊ ĐÈO",
  "target_time": "2026-08-12 08:43:00",
  "target_method": "Phẫu thuật điều trị hội chứng ống cổ tay",
  "source": "surgery"
}
[2026-09-22 17:10:41.901] [BROWSER] [NAV] D/s Phẫu thuật: http://192.168.2.26:2026/home.aspx?scope=sys&lang=vi&wpid=danhsachphauthuatdraw&role=323&usid=172.31.255.1_oqn5yqe3ix0gr4lrbzs3p1ibd2c86039&st=171037
[2026-09-22 17:10:44.518] [BROWSER] [FILTER] 3 tháng
[2026-09-22 17:10:44.966] [BROWSER] [SEARCH] Nhập 'TRẦN THỊ ĐÈO' vào #txtTimKiem
[2026-09-22 17:10:45.066] [BROWSER] [SEARCH] Đã bấm Tìm kiếm bằng #btnTimKiem
[2026-09-22 17:10:45.086] [BROWSER] [RESULT] D/s Phẫu thuật: 1 dòng
[2026-09-22 17:10:45.092] [SEARCH_RESULT] D/s Phẫu thuật: nhận 1 dòng
{
  "current_url": "http://192.168.2.26:2026/home.aspx?scope=sys&lang=vi&wpid=danhsachphauthuatdraw&role=323&usid=172.31.255.1_oqn5yqe3ix0gr4lrbzs3p1ibd2c86039&st=171037",
  "search_input_id": "txtTimKiem",
  "search_trigger": "#btnTimKiem",
  "headers": [
    "STT",
    "Mã BN",
    "Họ tên",
    "Giới tính",
    "Tuổi",
    "Phòng mổ",
    "Nơi chuyển mổ",
    "Nội dung phẫu thuật",
    "Tình trạng",
    "Thời gian",
    "Trạng thái",
    "Đối tượng",
    "Đã tạm ứng"
  ],
  "rows": [
    {
      "access_id": "1d7ab2c6-cf46-4937-9978-b4a4008ff5f9",
      "known_fields": {
        "stt": "1",
        "ma_bn": "26082955",
        "ho_ten": "TRẦN THỊ ĐÈO (Phẫu thuật tại khoa)",
        "gioi_tinh": "Nữ",
        "tuoi": "55 tuổi",
        "phong_mo": "PHÒNG PHẪU THUẬT",
        "noi_chuyen_mo": "Khoa Khám Bệnh",
        "noi_dung_phau_thuat": "Phẫu thuật điều trị hội chứng ống cổ tay",
        "tinh_trang": "Thường",
        "thoi_gian": "12/08/2026",
        "trang_thai": "Hoàn tất",
        "doi_tuong": "Viện phí",
        "tam_ung": "0"
      },
      "raw_text": "1 26082955 TRẦN THỊ ĐÈO (Phẫu thuật tại khoa) Nữ 55 tuổi PHÒNG PHẪU THUẬT Khoa Khám Bệnh Phẫu thuật điều trị hội chứng ống cổ tay Thường 12/08/2026 Hoàn tất Viện phí 0",
      "links": [
        {
          "text": "1",
          "href": "http://192.168.2.26:2026/home.aspx?scope=sys&lang=vi&wpid=phauthuatdraw&phauthuatid=1d7ab2c6-cf46-4937-9978-b4a4008ff5f9&keyword=tr%E1%BA%A7n%20th%E1%BB%8B%20%C4%91%C3%A8o&tg=6&tungay=01/06/2026&denngay=23/09/2026&usid=172.31.255.1_oqn5yqe3ix0gr4lrbzs3p1ibd2c86039&st=171043",
          "onclick": ""
        },
        {
          "text": "26082955",
          "href": "http://192.168.2.26:2026/home.aspx?scope=sys&lang=vi&wpid=phauthuatdraw&phauthuatid=1d7ab2c6-cf46-4937-9978-b4a4008ff5f9&keyword=tr%E1%BA%A7n%20th%E1%BB%8B%20%C4%91%C3%A8o&tg=6&tungay=01/06/2026&denngay=23/09/2026&usid=172.31.255.1_oqn5yqe3ix0gr4lrbzs3p1ibd2c86039&st=171043",
          "onclick": ""
        },
        {
          "text": "TRẦN THỊ ĐÈO (Phẫu thuật tại khoa)",
          "href": "http://192.168.2.26:2026/home.aspx?scope=sys&lang=vi&wpid=phauthuatdraw&phauthuatid=1d7ab2c6-cf46-4937-9978-b4a4008ff5f9&keyword=tr%E1%BA%A7n%20th%E1%BB%8B%20%C4%91%C3%A8o&tg=6&tungay=01/06/2026&denngay=23/09/2026&usid=172.31.255.1_oqn5yqe3ix0gr4lrbzs3p1ibd2c86039&st=171043",
          "onclick": ""
        },
        {
          "text": "Nữ",
          "href": "http://192.168.2.26:2026/home.aspx?scope=sys&lang=vi&wpid=phauthuatdraw&phauthuatid=1d7ab2c6-cf46-4937-9978-b4a4008ff5f9&keyword=tr%E1%BA%A7n%20th%E1%BB%8B%20%C4%91%C3%A8o&tg=6&tungay=01/06/2026&denngay=23/09/2026&usid=172.31.255.1_oqn5yqe3ix0gr4lrbzs3p1ibd2c86039&st=171043",
          "onclick": ""
        },
        {
          "text": "55 tuổi",
          "href": "http://192.168.2.26:2026/home.aspx?scope=sys&lang=vi&wpid=phauthuatdraw&phauthuatid=1d7ab2c6-cf46-4937-9978-b4a4008ff5f9&keyword=tr%E1%BA%A7n%20th%E1%BB%8B%20%C4%91%C3%A8o&tg=6&tungay=01/06/2026&denngay=23/09/2026&usid=172.31.255.1_oqn5yqe3ix0gr4lrbzs3p1ibd2c86039&st=171043",
          "onclick": ""
        },
        {
          "text": "PHÒNG PHẪU THUẬT",
          "href": "http://192.168.2.26:2026/home.aspx?scope=sys&lang=vi&wpid=phauthuatdraw&phauthuatid=1d7ab2c6-cf46-4937-9978-b4a4008ff5f9&keyword=tr%E1%BA%A7n%20th%E1%BB%8B%20%C4%91%C3%A8o&tg=6&tungay=01/06/2026&denngay=23/09/2026&usid=172.31.255.1_oqn5yqe3ix0gr4lrbzs3p1ibd2c86039&st=171043",
          "onclick": ""
        },
        {
          "text": "Khoa Khám Bệnh",
          "href": "http://192.168.2.26:2026/home.aspx?scope=sys&lang=vi&wpid=phauthuatdraw&phauthuatid=1d7ab2c6-cf46-4937-9978-b4a4008ff5f9&keyword=tr%E1%BA%A7n%20th%E1%BB%8B%20%C4%91%C3%A8o&tg=6&tungay=01/06/2026&denngay=23/09/2026&usid=172.31.255.1_oqn5yqe3ix0gr4lrbzs3p1ibd2c86039&st=171043",
          "onclick": ""
        },
        {
          "text": "Phẫu thuật điều trị hội chứng ống cổ tay",
          "href": "http://192.168.2.26:2026/home.aspx?scope=sys&lang=vi&wpid=phauthuatdraw&phauthuatid=1d7ab2c6-cf46-4937-9978-b4a4008ff5f9&keyword=tr%E1%BA%A7n%20th%E1%BB%8B%20%C4%91%C3%A8o&tg=6&tungay=01/06/2026&denngay=23/09/2026&usid=172.31.255.1_oqn5yqe3ix0gr4lrbzs3p1ibd2c86039&st=171043",
          "onclick": ""
        },
        {
          "text": "Thường",
          "href": "http://192.168.2.26:2026/home.aspx?scope=sys&lang=vi&wpid=phauthuatdraw&phauthuatid=1d7ab2c6-cf46-4937-9978-b4a4008ff5f9&keyword=tr%E1%BA%A7n%20th%E1%BB%8B%20%C4%91%C3%A8o&tg=6&tungay=01/06/2026&denngay=23/09/2026&usid=172.31.255.1_oqn5yqe3ix0gr4lrbzs3p1ibd2c86039&st=171043",
          "onclick": ""
        },
        {
          "text": "12/08/2026",
          "href": "http://192.168.2.26:2026/home.aspx?scope=sys&lang=vi&wpid=phauthuatdraw&phauthuatid=1d7ab2c6-cf46-4937-9978-b4a4008ff5f9&keyword=tr%E1%BA%A7n%20th%E1%BB%8B%20%C4%91%C3%A8o&tg=6&tungay=01/06/2026&denngay=23/09/2026&usid=172.31.255.1_oqn5yqe3ix0gr4lrbzs3p1ibd2c86039&st=171043",
          "onclick": ""
        }
      ]
    }
  ]
}
[2026-09-22 17:10:45.093] [CANDIDATES] D/s Phẫu thuật: có 1 ứng viên cùng người bệnh
{
  "candidates": [
    {
      "list_score": 125.0,
      "list_datetime": "2026-08-12 00:00:00",
      "list_time_source": "Thời gian",
      "list_method": "Phẫu thuật điều trị hội chứng ống cổ tay",
      "list_method_source": "Nội dung phẫu thuật",
      "method_score": 1.0,
      "detail_marker": "http://192.168.2.26:2026/home.aspx?scope=sys&lang=vi&wpid=phauthuatdraw&phauthuatid=1d7ab2c6-cf46-4937-9978-b4a4008ff5f9&keyword=tr%E1%BA%A7n%20th%E1%BB%8B%20%C4%91%C3%A8o&tg=6&tungay=01/06/2026&denngay=23/09/2026&usid=172.31.255.1_oqn5yqe3ix0gr4lrbzs3p1ibd2c86039&st=171043",
      "row": {
        "access_id": "1d7ab2c6-cf46-4937-9978-b4a4008ff5f9",
        "known_fields": {
          "stt": "1",
          "ma_bn": "26082955",
          "ho_ten": "TRẦN THỊ ĐÈO (Phẫu thuật tại khoa)",
          "gioi_tinh": "Nữ",
          "tuoi": "55 tuổi",
          "phong_mo": "PHÒNG PHẪU THUẬT",
          "noi_chuyen_mo": "Khoa Khám Bệnh",
          "noi_dung_phau_thuat": "Phẫu thuật điều trị hội chứng ống cổ tay",
          "tinh_trang": "Thường",
          "thoi_gian": "12/08/2026",
          "trang_thai": "Hoàn tất",
          "doi_tuong": "Viện phí",
          "tam_ung": "0"
        },
        "raw_text": "1 26082955 TRẦN THỊ ĐÈO (Phẫu thuật tại khoa) Nữ 55 tuổi PHÒNG PHẪU THUẬT Khoa Khám Bệnh Phẫu thuật điều trị hội chứng ống cổ tay Thường 12/08/2026 Hoàn tất Viện phí 0",
        "links": [
          {
            "text": "1",
            "href": "http://192.168.2.26:2026/home.aspx?scope=sys&lang=vi&wpid=phauthuatdraw&phauthuatid=1d7ab2c6-cf46-4937-9978-b4a4008ff5f9&keyword=tr%E1%BA%A7n%20th%E1%BB%8B%20%C4%91%C3%A8o&tg=6&tungay=01/06/2026&denngay=23/09/2026&usid=172.31.255.1_oqn5yqe3ix0gr4lrbzs3p1ibd2c86039&st=171043",
            "onclick": ""
          },
          {
            "text": "26082955",
            "href": "http://192.168.2.26:2026/home.aspx?scope=sys&lang=vi&wpid=phauthuatdraw&phauthuatid=1d7ab2c6-cf46-4937-9978-b4a4008ff5f9&keyword=tr%E1%BA%A7n%20th%E1%BB%8B%20%C4%91%C3%A8o&tg=6&tungay=01/06/2026&denngay=23/09/2026&usid=172.31.255.1_oqn5yqe3ix0gr4lrbzs3p1ibd2c86039&st=171043",
            "onclick": ""
          },
          {
            "text": "TRẦN THỊ ĐÈO (Phẫu thuật tại khoa)",
            "href": "http://192.168.2.26:2026/home.aspx?scope=sys&lang=vi&wpid=phauthuatdraw&phauthuatid=1d7ab2c6-cf46-4937-9978-b4a4008ff5f9&keyword=tr%E1%BA%A7n%20th%E1%BB%8B%20%C4%91%C3%A8o&tg=6&tungay=01/06/2026&denngay=23/09/2026&usid=172.31.255.1_oqn5yqe3ix0gr4lrbzs3p1ibd2c86039&st=171043",
            "onclick": ""
          },
          {
            "text": "Nữ",
            "href": "http://192.168.2.26:2026/home.aspx?scope=sys&lang=vi&wpid=phauthuatdraw&phauthuatid=1d7ab2c6-cf46-4937-9978-b4a4008ff5f9&keyword=tr%E1%BA%A7n%20th%E1%BB%8B%20%C4%91%C3%A8o&tg=6&tungay=01/06/2026&denngay=23/09/2026&usid=172.31.255.1_oqn5yqe3ix0gr4lrbzs3p1ibd2c86039&st=171043",
            "onclick": ""
          },
          {
            "text": "55 tuổi",
            "href": "http://192.168.2.26:2026/home.aspx?scope=sys&lang=vi&wpid=phauthuatdraw&phauthuatid=1d7ab2c6-cf46-4937-9978-b4a4008ff5f9&keyword=tr%E1%BA%A7n%20th%E1%BB%8B%20%C4%91%C3%A8o&tg=6&tungay=01/06/2026&denngay=23/09/2026&usid=172.31.255.1_oqn5yqe3ix0gr4lrbzs3p1ibd2c86039&st=171043",
            "onclick": ""
          },
          {
            "text": "PHÒNG PHẪU THUẬT",
            "href": "http://192.168.2.26:2026/home.aspx?scope=sys&lang=vi&wpid=phauthuatdraw&phauthuatid=1d7ab2c6-cf46-4937-9978-b4a4008ff5f9&keyword=tr%E1%BA%A7n%20th%E1%BB%8B%20%C4%91%C3%A8o&tg=6&tungay=01/06/2026&denngay=23/09/2026&usid=172.31.255.1_oqn5yqe3ix0gr4lrbzs3p1ibd2c86039&st=171043",
            "onclick": ""
          },
          {
            "text": "Khoa Khám Bệnh",
            "href": "http://192.168.2.26:2026/home.aspx?scope=sys&lang=vi&wpid=phauthuatdraw&phauthuatid=1d7ab2c6-cf46-4937-9978-b4a4008ff5f9&keyword=tr%E1%BA%A7n%20th%E1%BB%8B%20%C4%91%C3%A8o&tg=6&tungay=01/06/2026&denngay=23/09/2026&usid=172.31.255.1_oqn5yqe3ix0gr4lrbzs3p1ibd2c86039&st=171043",
            "onclick": ""
          },
          {
            "text": "Phẫu thuật điều trị hội chứng ống cổ tay",
            "href": "http://192.168.2.26:2026/home.aspx?scope=sys&lang=vi&wpid=phauthuatdraw&phauthuatid=1d7ab2c6-cf46-4937-9978-b4a4008ff5f9&keyword=tr%E1%BA%A7n%20th%E1%BB%8B%20%C4%91%C3%A8o&tg=6&tungay=01/06/2026&denngay=23/09/2026&usid=172.31.255.1_oqn5yqe3ix0gr4lrbzs3p1ibd2c86039&st=171043",
            "onclick": ""
          },
          {
            "text": "Thường",
            "href": "http://192.168.2.26:2026/home.aspx?scope=sys&lang=vi&wpid=phauthuatdraw&phauthuatid=1d7ab2c6-cf46-4937-9978-b4a4008ff5f9&keyword=tr%E1%BA%A7n%20th%E1%BB%8B%20%C4%91%C3%A8o&tg=6&tungay=01/06/2026&denngay=23/09/2026&usid=172.31.255.1_oqn5yqe3ix0gr4lrbzs3p1ibd2c86039&st=171043",
            "onclick": ""
          },
          {
            "text": "12/08/2026",
            "href": "http://192.168.2.26:2026/home.aspx?scope=sys&lang=vi&wpid=phauthuatdraw&phauthuatid=1d7ab2c6-cf46-4937-9978-b4a4008ff5f9&keyword=tr%E1%BA%A7n%20th%E1%BB%8B%20%C4%91%C3%A8o&tg=6&tungay=01/06/2026&denngay=23/09/2026&usid=172.31.255.1_oqn5yqe3ix0gr4lrbzs3p1ibd2c86039&st=171043",
            "onclick": ""
          }
        ]
      }
    }
  ]
}
[2026-09-22 17:10:45.093] [DETAIL_BEGIN] D/s Phẫu thuật: mở ứng viên 1
{
  "detail_marker": "http://192.168.2.26:2026/home.aspx?scope=sys&lang=vi&wpid=phauthuatdraw&phauthuatid=1d7ab2c6-cf46-4937-9978-b4a4008ff5f9&keyword=tr%E1%BA%A7n%20th%E1%BB%8B%20%C4%91%C3%A8o&tg=6&tungay=01/06/2026&denngay=23/09/2026&usid=172.31.255.1_oqn5yqe3ix0gr4lrbzs3p1ibd2c86039&st=171043",
  "list_datetime": "2026-08-12 00:00:00",
  "list_method": "Phẫu thuật điều trị hội chứng ống cổ tay",
  "row": {
    "access_id": "1d7ab2c6-cf46-4937-9978-b4a4008ff5f9",
    "known_fields": {
      "stt": "1",
      "ma_bn": "26082955",
      "ho_ten": "TRẦN THỊ ĐÈO (Phẫu thuật tại khoa)",
      "gioi_tinh": "Nữ",
      "tuoi": "55 tuổi",
      "phong_mo": "PHÒNG PHẪU THUẬT",
      "noi_chuyen_mo": "Khoa Khám Bệnh",
      "noi_dung_phau_thuat": "Phẫu thuật điều trị hội chứng ống cổ tay",
      "tinh_trang": "Thường",
      "thoi_gian": "12/08/2026",
      "trang_thai": "Hoàn tất",
      "doi_tuong": "Viện phí",
      "tam_ung": "0"
    },
    "raw_text": "1 26082955 TRẦN THỊ ĐÈO (Phẫu thuật tại khoa) Nữ 55 tuổi PHÒNG PHẪU THUẬT Khoa Khám Bệnh Phẫu thuật điều trị hội chứng ống cổ tay Thường 12/08/2026 Hoàn tất Viện phí 0",
    "links": [
      {
        "text": "1",
        "href": "http://192.168.2.26:2026/home.aspx?scope=sys&lang=vi&wpid=phauthuatdraw&phauthuatid=1d7ab2c6-cf46-4937-9978-b4a4008ff5f9&keyword=tr%E1%BA%A7n%20th%E1%BB%8B%20%C4%91%C3%A8o&tg=6&tungay=01/06/2026&denngay=23/09/2026&usid=172.31.255.1_oqn5yqe3ix0gr4lrbzs3p1ibd2c86039&st=171043",
        "onclick": ""
      },
      {
        "text": "26082955",
        "href": "http://192.168.2.26:2026/home.aspx?scope=sys&lang=vi&wpid=phauthuatdraw&phauthuatid=1d7ab2c6-cf46-4937-9978-b4a4008ff5f9&keyword=tr%E1%BA%A7n%20th%E1%BB%8B%20%C4%91%C3%A8o&tg=6&tungay=01/06/2026&denngay=23/09/2026&usid=172.31.255.1_oqn5yqe3ix0gr4lrbzs3p1ibd2c86039&st=171043",
        "onclick": ""
      },
      {
        "text": "TRẦN THỊ ĐÈO (Phẫu thuật tại khoa)",
        "href": "http://192.168.2.26:2026/home.aspx?scope=sys&lang=vi&wpid=phauthuatdraw&phauthuatid=1d7ab2c6-cf46-4937-9978-b4a4008ff5f9&keyword=tr%E1%BA%A7n%20th%E1%BB%8B%20%C4%91%C3%A8o&tg=6&tungay=01/06/2026&denngay=23/09/2026&usid=172.31.255.1_oqn5yqe3ix0gr4lrbzs3p1ibd2c86039&st=171043",
        "onclick": ""
      },
      {
        "text": "Nữ",
        "href": "http://192.168.2.26:2026/home.aspx?scope=sys&lang=vi&wpid=phauthuatdraw&phauthuatid=1d7ab2c6-cf46-4937-9978-b4a4008ff5f9&keyword=tr%E1%BA%A7n%20th%E1%BB%8B%20%C4%91%C3%A8o&tg=6&tungay=01/06/2026&denngay=23/09/2026&usid=172.31.255.1_oqn5yqe3ix0gr4lrbzs3p1ibd2c86039&st=171043",
        "onclick": ""
      },
      {
        "text": "55 tuổi",
        "href": "http://192.168.2.26:2026/home.aspx?scope=sys&lang=vi&wpid=phauthuatdraw&phauthuatid=1d7ab2c6-cf46-4937-9978-b4a4008ff5f9&keyword=tr%E1%BA%A7n%20th%E1%BB%8B%20%C4%91%C3%A8o&tg=6&tungay=01/06/2026&denngay=23/09/2026&usid=172.31.255.1_oqn5yqe3ix0gr4lrbzs3p1ibd2c86039&st=171043",
        "onclick": ""
      },
      {
        "text": "PHÒNG PHẪU THUẬT",
        "href": "http://192.168.2.26:2026/home.aspx?scope=sys&lang=vi&wpid=phauthuatdraw&phauthuatid=1d7ab2c6-cf46-4937-9978-b4a4008ff5f9&keyword=tr%E1%BA%A7n%20th%E1%BB%8B%20%C4%91%C3%A8o&tg=6&tungay=01/06/2026&denngay=23/09/2026&usid=172.31.255.1_oqn5yqe3ix0gr4lrbzs3p1ibd2c86039&st=171043",
        "onclick": ""
      },
      {
        "text": "Khoa Khám Bệnh",
        "href": "http://192.168.2.26:2026/home.aspx?scope=sys&lang=vi&wpid=phauthuatdraw&phauthuatid=1d7ab2c6-cf46-4937-9978-b4a4008ff5f9&keyword=tr%E1%BA%A7n%20th%E1%BB%8B%20%C4%91%C3%A8o&tg=6&tungay=01/06/2026&denngay=23/09/2026&usid=172.31.255.1_oqn5yqe3ix0gr4lrbzs3p1ibd2c86039&st=171043",
        "onclick": ""
      },
      {
        "text": "Phẫu thuật điều trị hội chứng ống cổ tay",
        "href": "http://192.168.2.26:2026/home.aspx?scope=sys&lang=vi&wpid=phauthuatdraw&phauthuatid=1d7ab2c6-cf46-4937-9978-b4a4008ff5f9&keyword=tr%E1%BA%A7n%20th%E1%BB%8B%20%C4%91%C3%A8o&tg=6&tungay=01/06/2026&denngay=23/09/2026&usid=172.31.255.1_oqn5yqe3ix0gr4lrbzs3p1ibd2c86039&st=171043",
        "onclick": ""
      },
      {
        "text": "Thường",
        "href": "http://192.168.2.26:2026/home.aspx?scope=sys&lang=vi&wpid=phauthuatdraw&phauthuatid=1d7ab2c6-cf46-4937-9978-b4a4008ff5f9&keyword=tr%E1%BA%A7n%20th%E1%BB%8B%20%C4%91%C3%A8o&tg=6&tungay=01/06/2026&denngay=23/09/2026&usid=172.31.255.1_oqn5yqe3ix0gr4lrbzs3p1ibd2c86039&st=171043",
        "onclick": ""
      },
      {
        "text": "12/08/2026",
        "href": "http://192.168.2.26:2026/home.aspx?scope=sys&lang=vi&wpid=phauthuatdraw&phauthuatid=1d7ab2c6-cf46-4937-9978-b4a4008ff5f9&keyword=tr%E1%BA%A7n%20th%E1%BB%8B%20%C4%91%C3%A8o&tg=6&tungay=01/06/2026&denngay=23/09/2026&usid=172.31.255.1_oqn5yqe3ix0gr4lrbzs3p1ibd2c86039&st=171043",
        "onclick": ""
      }
    ]
  }
}
[2026-09-22 17:10:45.101] [BROWSER] [DETAIL] kind=surgery; access_id=1d7ab2c6-cf46-4937-9978-b4a4008ff5f9; direct_url=yes; onclick=no
[2026-09-22 17:10:45.102] [BROWSER] [DETAIL] Mở liên kết trực tiếp: http://192.168.2.26:2026/home.aspx?scope=sys&lang=vi&wpid=phauthuatdraw&phauthuatid=1d7ab2c6-cf46-4937-9978-b4a4008ff5f9&keyword=tr%E1%BA%A7n%20th%E1%BB%8B%20%C4%91%C3%A8o&tg=6&tungay=01/06/2026&denngay=23/09/2026&usid=172.31.255.1_oqn5yqe3ix0gr4lrbzs3p1ibd2c86039&st=171043
[2026-09-22 17:10:46.054] [BROWSER] [DETAIL] Dữ liệu đọc được: {"ajax_active": 0, "complete_info": "Người hoàn tất: Trần Nguyễn Anh Duy (tnaduy) | TG nhấn hoàn tất: 09:59 12/08/2026", "current_url": "http://192.168.2.26:2026/home.aspx?scope=sys&lang=vi&wpid=phauthuatdraw&phauthuatid=1d7ab2c6-cf46-4937-9978-b4a4008ff5f9&keyword=tr%E1%BA%A7n%20th%E1%BB%8B%20%C4%91%C3%A8o&tg=6&tungay=01/06/2026&denngay=23/09/2026&usid=172.31.255.1_oqn5yqe3ix0gr4lrbzs3p1ibd2c86039&st=171043", "doctor": "Trần Nguyễn Anh Duy", "doctor_candidates": [{"id": "cbbBacSiPT", "value": "Trần Nguyễn Anh Duy"}], "doctor_field": "cbbBacSiPT", "doctor_found": true, "method": "Phẫu thuật điều trị hội chứng ống cổ tay", "method_candidates": [{"id": "txtNoiDungPT", "value": ""}, {"id": "cbbPhuongPhapPT", "value": "Phẫu thuật điều trị hội chứng ống cổ tay"}, {"id": "cbbChiDinhMoPT", "value": "(PT.1247)Phẫu thuật điều trị hội chứng ống cổ tay"}], "method_field": "cbbPhuongPhapPT", "patient_info": "", "root_found": true, "start_candidates": [{"id": "txtBatDauPT", "value": "08:50 12/08/2026"}], "start_time": "08:50 12/08/2026", "start_time_field": "txtBatDauPT"}
[2026-09-22 17:10:46.056] [BROWSER] [DETAIL] Nguồn bác sĩ: BS mổ chính; field=cbbBacSiPT; value=Trần Nguyễn Anh Duy
[2026-09-22 17:10:46.057] [DETAIL_OK] D/s Phẫu thuật: đọc được hồ sơ chi tiết
{
  "doctor_from_emr": "Trần Nguyễn Anh Duy",
  "mapped_alias": "DUY",
  "mapped_name": "Trần Nguyễn Anh Duy",
  "start_time": "08:50 12/08/2026",
  "start_time_field": "txtBatDauPT",
  "method": "Phẫu thuật điều trị hội chứng ống cổ tay",
  "method_field": "cbbPhuongPhapPT",
  "list_time_source": "Thời gian",
  "list_method_source": "Nội dung phẫu thuật",
  "current_url": "http://192.168.2.26:2026/home.aspx?scope=sys&lang=vi&wpid=phauthuatdraw&phauthuatid=1d7ab2c6-cf46-4937-9978-b4a4008ff5f9&keyword=tr%E1%BA%A7n%20th%E1%BB%8B%20%C4%91%C3%A8o&tg=6&tungay=01/06/2026&denngay=23/09/2026&usid=172.31.255.1_oqn5yqe3ix0gr4lrbzs3p1ibd2c86039&st=171043",
  "total_score": 475.0,
  "method_score": 1.0
}
[2026-09-22 17:10:46.058] [EVALUATED] D/s Phẫu thuật: đánh giá 1 hồ sơ
{
  "items": [
    {
      "doctor": "Trần Nguyễn Anh Duy",
      "alias": "DUY",
      "detail_datetime": "2026-08-12 08:50:00",
      "method_score": 1.0,
      "total_score": 475.0,
      "confidence_ok": true
    }
  ]
}
[2026-09-22 17:10:46.059] [SOURCE_MATCH] D/s Phẫu thuật: đã chọn bác sĩ, không tìm nguồn còn lại
{
  "alias": "DUY"
}
[2026-09-22 17:10:46.927] [AUTOSAVE_ROW] Dòng 23: đã điền DUY và lưu ngay
{
  "patient": "TRẦN THỊ ĐÈO",
  "source": "D/s Phẫu thuật",
  "doctor_name": "Trần Nguyễn Anh Duy",
  "emr_doctor": "Trần Nguyễn Anh Duy",
  "matched_time": "08:50 12/08/2026",
  "matched_method": "Phẫu thuật điều trị hội chứng ống cổ tay",
  "progress": "15/38",
  "output": "E:\\Thong_ke\\node_outputs\\PM khoa CTCH T8_NHAP_LIEU.xlsx"
}
[2026-09-22 17:10:46.928] [ROW_END] Kết thúc dòng 23
{
  "status": "updated",
  "new_value": "DUY",
  "reason": null
}
[2026-09-22 17:10:46.928] [ROW_BEGIN] [17/38] Bắt đầu dòng 24: NGUYỄN THỊ KIM NGUYÊN
{
  "raw_time": "2026/08/12 09:28",
  "parsed_time": "09:28 12/08/2026",
  "method": "Phẫu thuật điều trị ngón tay cò súng (1 ngón)",
  "old_value": ""
}
[2026-09-22 17:10:46.929] [SEARCH_BEGIN] dòng 24: tìm NGUYỄN THỊ KIM NGUYÊN tại D/s Phẫu thuật
{
  "patient": "NGUYỄN THỊ KIM NGUYÊN",
  "target_time": "2026-08-12 09:28:00",
  "target_method": "Phẫu thuật điều trị ngón tay cò súng (1 ngón)",
  "source": "surgery"
}
[2026-09-22 17:10:47.317] [BROWSER] [NAV] D/s Phẫu thuật: http://192.168.2.26:2026/home.aspx?scope=sys&lang=vi&wpid=danhsachphauthuatdraw&role=323&usid=172.31.255.1_oqn5yqe3ix0gr4lrbzs3p1ibd2c86039&st=171043
[2026-09-22 17:10:49.215] [BROWSER] [FILTER] 3 tháng
[2026-09-22 17:10:49.645] [BROWSER] [SEARCH] Nhập 'NGUYỄN THỊ KIM NGUYÊN' vào #txtTimKiem
[2026-09-22 17:10:49.779] [BROWSER] [SEARCH] Đã bấm Tìm kiếm bằng #btnTimKiem
[2026-09-22 17:10:49.798] [BROWSER] [RESULT] D/s Phẫu thuật: 2 dòng
[2026-09-22 17:10:49.804] [SEARCH_RESULT] D/s Phẫu thuật: nhận 2 dòng
{
  "current_url": "http://192.168.2.26:2026/home.aspx?scope=sys&lang=vi&wpid=danhsachphauthuatdraw&role=323&usid=172.31.255.1_oqn5yqe3ix0gr4lrbzs3p1ibd2c86039&st=171043",
  "search_input_id": "txtTimKiem",
  "search_trigger": "#btnTimKiem",
  "headers": [
    "STT",
    "Mã BN",
    "Họ tên",
    "Giới tính",
    "Tuổi",
    "Phòng mổ",
    "Nơi chuyển mổ",
    "Nội dung phẫu thuật",
    "Tình trạng",
    "Thời gian",
    "Trạng thái",
    "Đối tượng",
    "Đã tạm ứng"
  ],
  "rows": [
    {
      "access_id": "3a5f7219-b506-425b-b686-b4a4009c5864",
      "known_fields": {
        "stt": "1",
        "ma_bn": "26082946",
        "ho_ten": "NGUYỄN THỊ KIM NGUYÊN (Phẫu thuật tại khoa)",
        "gioi_tinh": "Nữ",
        "tuoi": "46 tuổi",
        "phong_mo": "PHÒNG PHẪU THUẬT",
        "noi_chuyen_mo": "Khoa Khám Bệnh",
        "noi_dung_phau_thuat": "",
        "tinh_trang": "Thường",
        "thoi_gian": "12/08/2026",
        "trang_thai": "Chờ thực hiện",
        "doi_tuong": "Viện phí",
        "tam_ung": "0"
      },
      "raw_text": "1 26082946 NGUYỄN THỊ KIM NGUYÊN (Phẫu thuật tại khoa) Nữ 46 tuổi PHÒNG PHẪU THUẬT Khoa Khám Bệnh Thường 12/08/2026 Chờ thực hiện Viện phí 0",
      "links": [
        {
          "text": "1",
          "href": "javascript:void(0);",
          "onclick": "checkBanGiaoPT('3a5f7219-b506-425b-b686-b4a4009c5864'); return false;"
        },
        {
          "text": "26082946",
          "href": "javascript:void(0);",
          "onclick": "checkBanGiaoPT('3a5f7219-b506-425b-b686-b4a4009c5864'); return false;"
        },
        {
          "text": "NGUYỄN THỊ KIM NGUYÊN (Phẫu thuật tại khoa)",
          "href": "javascript:void(0);",
          "onclick": "checkBanGiaoPT('3a5f7219-b506-425b-b686-b4a4009c5864'); return false;"
        },
        {
          "text": "Nữ",
          "href": "javascript:void(0);",
          "onclick": "checkBanGiaoPT('3a5f7219-b506-425b-b686-b4a4009c5864'); return false;"
        },
        {
          "text": "46 tuổi",
          "href": "javascript:void(0);",
          "onclick": "checkBanGiaoPT('3a5f7219-b506-425b-b686-b4a4009c5864'); return false;"
        },
        {
          "text": "PHÒNG PHẪU THUẬT",
          "href": "javascript:void(0);",
          "onclick": "checkBanGiaoPT('3a5f7219-b506-425b-b686-b4a4009c5864'); return false;"
        },
        {
          "text": "Khoa Khám Bệnh",
          "href": "javascript:void(0);",
          "onclick": "checkBanGiaoPT('3a5f7219-b506-425b-b686-b4a4009c5864'); return false;"
        },
        {
          "text": "",
          "href": "javascript:void(0);",
          "onclick": "checkBanGiaoPT('3a5f7219-b506-425b-b686-b4a4009c5864'); return false;"
        },
        {
          "text": "Thường",
          "href": "javascript:void(0);",
          "onclick": "checkBanGiaoPT('3a5f7219-b506-425b-b686-b4a4009c5864'); return false;"
        },
        {
          "text": "12/08/2026",
          "href": "javascript:void(0);",
          "onclick": "checkBanGiaoPT('3a5f7219-b506-425b-b686-b4a4009c5864'); return false;"
        }
      ]
    },
    {
      "access_id": "36843558-eab0-4c96-b57d-b46600e31a6c",
      "known_fields": {
        "stt": "2",
        "ma_bn": "26063704",
        "ho_ten": "NGUYỄN THỊ KIM NGUYÊN (Phẫu thuật tại khoa)",
        "gioi_tinh": "Nữ",
        "tuoi": "20 tuổi",
        "phong_mo": "PHÒNG PHẪU THUẬT",
        "noi_chuyen_mo": "Khoa Răng Hàm Mặt",
        "noi_dung_phau_thuat": "Phẫu thuật nhổ răng khó",
        "tinh_trang": "Thường",
        "thoi_gian": "11/06/2026",
        "trang_thai": "Hoàn tất",
        "doi_tuong": "Viện phí",
        "tam_ung": "0"
      },
      "raw_text": "2 26063704 NGUYỄN THỊ KIM NGUYÊN (Phẫu thuật tại khoa) Nữ 20 tuổi PHÒNG PHẪU THUẬT Khoa Răng Hàm Mặt Phẫu thuật nhổ răng khó Thường 11/06/2026 Hoàn tất Viện phí 0",
      "links": [
        {
          "text": "2",
          "href": "http://192.168.2.26:2026/home.aspx?scope=sys&lang=vi&wpid=phauthuatdraw&phauthuatid=36843558-eab0-4c96-b57d-b46600e31a6c&keyword=nguy%E1%BB%85n%20th%E1%BB%8B%20kim%20nguy%C3%AAn&tg=6&tungay=01/06/2026&denngay=23/09/2026&usid=172.31.255.1_oqn5yqe3ix0gr4lrbzs3p1ibd2c86039&st=171048",
          "onclick": ""
        },
        {
          "text": "26063704",
          "href": "http://192.168.2.26:2026/home.aspx?scope=sys&lang=vi&wpid=phauthuatdraw&phauthuatid=36843558-eab0-4c96-b57d-b46600e31a6c&keyword=nguy%E1%BB%85n%20th%E1%BB%8B%20kim%20nguy%C3%AAn&tg=6&tungay=01/06/2026&denngay=23/09/2026&usid=172.31.255.1_oqn5yqe3ix0gr4lrbzs3p1ibd2c86039&st=171048",
          "onclick": ""
        },
        {
          "text": "NGUYỄN THỊ KIM NGUYÊN (Phẫu thuật tại khoa)",
          "href": "http://192.168.2.26:2026/home.aspx?scope=sys&lang=vi&wpid=phauthuatdraw&phauthuatid=36843558-eab0-4c96-b57d-b46600e31a6c&keyword=nguy%E1%BB%85n%20th%E1%BB%8B%20kim%20nguy%C3%AAn&tg=6&tungay=01/06/2026&denngay=23/09/2026&usid=172.31.255.1_oqn5yqe3ix0gr4lrbzs3p1ibd2c86039&st=171048",
          "onclick": ""
        },
        {
          "text": "Nữ",
          "href": "http://192.168.2.26:2026/home.aspx?scope=sys&lang=vi&wpid=phauthuatdraw&phauthuatid=36843558-eab0-4c96-b57d-b46600e31a6c&keyword=nguy%E1%BB%85n%20th%E1%BB%8B%20kim%20nguy%C3%AAn&tg=6&tungay=01/06/2026&denngay=23/09/2026&usid=172.31.255.1_oqn5yqe3ix0gr4lrbzs3p1ibd2c86039&st=171048",
          "onclick": ""
        },
        {
          "text": "20 tuổi",
          "href": "http://192.168.2.26:2026/home.aspx?scope=sys&lang=vi&wpid=phauthuatdraw&phauthuatid=36843558-eab0-4c96-b57d-b46600e31a6c&keyword=nguy%E1%BB%85n%20th%E1%BB%8B%20kim%20nguy%C3%AAn&tg=6&tungay=01/06/2026&denngay=23/09/2026&usid=172.31.255.1_oqn5yqe3ix0gr4lrbzs3p1ibd2c86039&st=171048",
          "onclick": ""
        },
        {
          "text": "PHÒNG PHẪU THUẬT",
          "href": "http://192.168.2.26:2026/home.aspx?scope=sys&lang=vi&wpid=phauthuatdraw&phauthuatid=36843558-eab0-4c96-b57d-b46600e31a6c&keyword=nguy%E1%BB%85n%20th%E1%BB%8B%20kim%20nguy%C3%AAn&tg=6&tungay=01/06/2026&denngay=23/09/2026&usid=172.31.255.1_oqn5yqe3ix0gr4lrbzs3p1ibd2c86039&st=171048",
          "onclick": ""
        },
        {
          "text": "Khoa Răng Hàm Mặt",
          "href": "http://192.168.2.26:2026/home.aspx?scope=sys&lang=vi&wpid=phauthuatdraw&phauthuatid=36843558-eab0-4c96-b57d-b46600e31a6c&keyword=nguy%E1%BB%85n%20th%E1%BB%8B%20kim%20nguy%C3%AAn&tg=6&tungay=01/06/2026&denngay=23/09/2026&usid=172.31.255.1_oqn5yqe3ix0gr4lrbzs3p1ibd2c86039&st=171048",
          "onclick": ""
        },
        {
          "text": "Phẫu thuật nhổ răng khó",
          "href": "http://192.168.2.26:2026/home.aspx?scope=sys&lang=vi&wpid=phauthuatdraw&phauthuatid=36843558-eab0-4c96-b57d-b46600e31a6c&keyword=nguy%E1%BB%85n%20th%E1%BB%8B%20kim%20nguy%C3%AAn&tg=6&tungay=01/06/2026&denngay=23/09/2026&usid=172.31.255.1_oqn5yqe3ix0gr4lrbzs3p1ibd2c86039&st=171048",
          "onclick": ""
        },
        {
          "text": "Thường",
          "href": "http://192.168.2.26:2026/home.aspx?scope=sys&lang=vi&wpid=phauthuatdraw&phauthuatid=36843558-eab0-4c96-b57d-b46600e31a6c&keyword=nguy%E1%BB%85n%20th%E1%BB%8B%20kim%20nguy%C3%AAn&tg=6&tungay=01/06/2026&denngay=23/09/2026&usid=172.31.255.1_oqn5yqe3ix0gr4lrbzs3p1ibd2c86039&st=171048",
          "onclick": ""
        },
        {
          "text": "11/06/2026",
          "href": "http://192.168.2.26:2026/home.aspx?scope=sys&lang=vi&wpid=phauthuatdraw&phauthuatid=36843558-eab0-4c96-b57d-b46600e31a6c&keyword=nguy%E1%BB%85n%20th%E1%BB%8B%20kim%20nguy%C3%AAn&tg=6&tungay=01/06/2026&denngay=23/09/2026&usid=172.31.255.1_oqn5yqe3ix0gr4lrbzs3p1ibd2c86039&st=171048",
          "onclick": ""
        }
      ]
    }
  ]
}
[2026-09-22 17:10:49.806] [CANDIDATES] D/s Phẫu thuật: có 2 ứng viên cùng người bệnh
{
  "candidates": [
    {
      "list_score": 65.0,
      "list_datetime": "2026-08-12 00:00:00",
      "list_time_source": "Thời gian",
      "list_method": "",
      "list_method_source": "Nội dung phẫu thuật",
      "method_score": 0.0,
      "detail_marker": "javascript:checkBanGiaoPT('3a5f7219-b506-425b-b686-b4a4009c5864'); return false;",
      "row": {
        "access_id": "3a5f7219-b506-425b-b686-b4a4009c5864",
        "known_fields": {
          "stt": "1",
          "ma_bn": "26082946",
          "ho_ten": "NGUYỄN THỊ KIM NGUYÊN (Phẫu thuật tại khoa)",
          "gioi_tinh": "Nữ",
          "tuoi": "46 tuổi",
          "phong_mo": "PHÒNG PHẪU THUẬT",
          "noi_chuyen_mo": "Khoa Khám Bệnh",
          "noi_dung_phau_thuat": "",
          "tinh_trang": "Thường",
          "thoi_gian": "12/08/2026",
          "trang_thai": "Chờ thực hiện",
          "doi_tuong": "Viện phí",
          "tam_ung": "0"
        },
        "raw_text": "1 26082946 NGUYỄN THỊ KIM NGUYÊN (Phẫu thuật tại khoa) Nữ 46 tuổi PHÒNG PHẪU THUẬT Khoa Khám Bệnh Thường 12/08/2026 Chờ thực hiện Viện phí 0",
        "links": [
          {
            "text": "1",
            "href": "javascript:void(0);",
            "onclick": "checkBanGiaoPT('3a5f7219-b506-425b-b686-b4a4009c5864'); return false;"
          },
          {
            "text": "26082946",
            "href": "javascript:void(0);",
            "onclick": "checkBanGiaoPT('3a5f7219-b506-425b-b686-b4a4009c5864'); return false;"
          },
          {
            "text": "NGUYỄN THỊ KIM NGUYÊN (Phẫu thuật tại khoa)",
            "href": "javascript:void(0);",
            "onclick": "checkBanGiaoPT('3a5f7219-b506-425b-b686-b4a4009c5864'); return false;"
          },
          {
            "text": "Nữ",
            "href": "javascript:void(0);",
            "onclick": "checkBanGiaoPT('3a5f7219-b506-425b-b686-b4a4009c5864'); return false;"
          },
          {
            "text": "46 tuổi",
            "href": "javascript:void(0);",
            "onclick": "checkBanGiaoPT('3a5f7219-b506-425b-b686-b4a4009c5864'); return false;"
          },
          {
            "text": "PHÒNG PHẪU THUẬT",
            "href": "javascript:void(0);",
            "onclick": "checkBanGiaoPT('3a5f7219-b506-425b-b686-b4a4009c5864'); return false;"
          },
          {
            "text": "Khoa Khám Bệnh",
            "href": "javascript:void(0);",
            "onclick": "checkBanGiaoPT('3a5f7219-b506-425b-b686-b4a4009c5864'); return false;"
          },
          {
            "text": "",
            "href": "javascript:void(0);",
            "onclick": "checkBanGiaoPT('3a5f7219-b506-425b-b686-b4a4009c5864'); return false;"
          },
          {
            "text": "Thường",
            "href": "javascript:void(0);",
            "onclick": "checkBanGiaoPT('3a5f7219-b506-425b-b686-b4a4009c5864'); return false;"
          },
          {
            "text": "12/08/2026",
            "href": "javascript:void(0);",
            "onclick": "checkBanGiaoPT('3a5f7219-b506-425b-b686-b4a4009c5864'); return false;"
          }
        ]
      }
    },
    {
      "list_score": 55.0,
      "list_datetime": "2026-06-11 00:00:00",
      "list_time_source": "Thời gian",
      "list_method": "Phẫu thuật nhổ răng khó",
      "list_method_source": "Nội dung phẫu thuật",
      "method_score": 0.5454545454545454,
      "detail_marker": "http://192.168.2.26:2026/home.aspx?scope=sys&lang=vi&wpid=phauthuatdraw&phauthuatid=36843558-eab0-4c96-b57d-b46600e31a6c&keyword=nguy%E1%BB%85n%20th%E1%BB%8B%20kim%20nguy%C3%AAn&tg=6&tungay=01/06/2026&denngay=23/09/2026&usid=172.31.255.1_oqn5yqe3ix0gr4lrbzs3p1ibd2c86039&st=171048",
      "row": {
        "access_id": "36843558-eab0-4c96-b57d-b46600e31a6c",
        "known_fields": {
          "stt": "2",
          "ma_bn": "26063704",
          "ho_ten": "NGUYỄN THỊ KIM NGUYÊN (Phẫu thuật tại khoa)",
          "gioi_tinh": "Nữ",
          "tuoi": "20 tuổi",
          "phong_mo": "PHÒNG PHẪU THUẬT",
          "noi_chuyen_mo": "Khoa Răng Hàm Mặt",
          "noi_dung_phau_thuat": "Phẫu thuật nhổ răng khó",
          "tinh_trang": "Thường",
          "thoi_gian": "11/06/2026",
          "trang_thai": "Hoàn tất",
          "doi_tuong": "Viện phí",
          "tam_ung": "0"
        },
        "raw_text": "2 26063704 NGUYỄN THỊ KIM NGUYÊN (Phẫu thuật tại khoa) Nữ 20 tuổi PHÒNG PHẪU THUẬT Khoa Răng Hàm Mặt Phẫu thuật nhổ răng khó Thường 11/06/2026 Hoàn tất Viện phí 0",
        "links": [
          {
            "text": "2",
            "href": "http://192.168.2.26:2026/home.aspx?scope=sys&lang=vi&wpid=phauthuatdraw&phauthuatid=36843558-eab0-4c96-b57d-b46600e31a6c&keyword=nguy%E1%BB%85n%20th%E1%BB%8B%20kim%20nguy%C3%AAn&tg=6&tungay=01/06/2026&denngay=23/09/2026&usid=172.31.255.1_oqn5yqe3ix0gr4lrbzs3p1ibd2c86039&st=171048",
            "onclick": ""
          },
          {
            "text": "26063704",
            "href": "http://192.168.2.26:2026/home.aspx?scope=sys&lang=vi&wpid=phauthuatdraw&phauthuatid=36843558-eab0-4c96-b57d-b46600e31a6c&keyword=nguy%E1%BB%85n%20th%E1%BB%8B%20kim%20nguy%C3%AAn&tg=6&tungay=01/06/2026&denngay=23/09/2026&usid=172.31.255.1_oqn5yqe3ix0gr4lrbzs3p1ibd2c86039&st=171048",
            "onclick": ""
          },
          {
            "text": "NGUYỄN THỊ KIM NGUYÊN (Phẫu thuật tại khoa)",
            "href": "http://192.168.2.26:2026/home.aspx?scope=sys&lang=vi&wpid=phauthuatdraw&phauthuatid=36843558-eab0-4c96-b57d-b46600e31a6c&keyword=nguy%E1%BB%85n%20th%E1%BB%8B%20kim%20nguy%C3%AAn&tg=6&tungay=01/06/2026&denngay=23/09/2026&usid=172.31.255.1_oqn5yqe3ix0gr4lrbzs3p1ibd2c86039&st=171048",
            "onclick": ""
          },
          {
            "text": "Nữ",
            "href": "http://192.168.2.26:2026/home.aspx?scope=sys&lang=vi&wpid=phauthuatdraw&phauthuatid=36843558-eab0-4c96-b57d-b46600e31a6c&keyword=nguy%E1%BB%85n%20th%E1%BB%8B%20kim%20nguy%C3%AAn&tg=6&tungay=01/06/2026&denngay=23/09/2026&usid=172.31.255.1_oqn5yqe3ix0gr4lrbzs3p1ibd2c86039&st=171048",
            "onclick": ""
          },
          {
            "text": "20 tuổi",
            "href": "http://192.168.2.26:2026/home.aspx?scope=sys&lang=vi&wpid=phauthuatdraw&phauthuatid=36843558-eab0-4c96-b57d-b46600e31a6c&keyword=nguy%E1%BB%85n%20th%E1%BB%8B%20kim%20nguy%C3%AAn&tg=6&tungay=01/06/2026&denngay=23/09/2026&usid=172.31.255.1_oqn5yqe3ix0gr4lrbzs3p1ibd2c86039&st=171048",
            "onclick": ""
          },
          {
            "text": "PHÒNG PHẪU THUẬT",
            "href": "http://192.168.2.26:2026/home.aspx?scope=sys&lang=vi&wpid=phauthuatdraw&phauthuatid=36843558-eab0-4c96-b57d-b46600e31a6c&keyword=nguy%E1%BB%85n%20th%E1%BB%8B%20kim%20nguy%C3%AAn&tg=6&tungay=01/06/2026&denngay=23/09/2026&usid=172.31.255.1_oqn5yqe3ix0gr4lrbzs3p1ibd2c86039&st=171048",
            "onclick": ""
          },
          {
            "text": "Khoa Răng Hàm Mặt",
            "href": "http://192.168.2.26:2026/home.aspx?scope=sys&lang=vi&wpid=phauthuatdraw&phauthuatid=36843558-eab0-4c96-b57d-b46600e31a6c&keyword=nguy%E1%BB%85n%20th%E1%BB%8B%20kim%20nguy%C3%AAn&tg=6&tungay=01/06/2026&denngay=23/09/2026&usid=172.31.255.1_oqn5yqe3ix0gr4lrbzs3p1ibd2c86039&st=171048",
            "onclick": ""
          },
          {
            "text": "Phẫu thuật nhổ răng khó",
            "href": "http://192.168.2.26:2026/home.aspx?scope=sys&lang=vi&wpid=phauthuatdraw&phauthuatid=36843558-eab0-4c96-b57d-b46600e31a6c&keyword=nguy%E1%BB%85n%20th%E1%BB%8B%20kim%20nguy%C3%AAn&tg=6&tungay=01/06/2026&denngay=23/09/2026&usid=172.31.255.1_oqn5yqe3ix0gr4lrbzs3p1ibd2c86039&st=171048",
            "onclick": ""
          },
          {
            "text": "Thường",
            "href": "http://192.168.2.26:2026/home.aspx?scope=sys&lang=vi&wpid=phauthuatdraw&phauthuatid=36843558-eab0-4c96-b57d-b46600e31a6c&keyword=nguy%E1%BB%85n%20th%E1%BB%8B%20kim%20nguy%C3%AAn&tg=6&tungay=01/06/2026&denngay=23/09/2026&usid=172.31.255.1_oqn5yqe3ix0gr4lrbzs3p1ibd2c86039&st=171048",
            "onclick": ""
          },
          {
            "text": "11/06/2026",
            "href": "http://192.168.2.26:2026/home.aspx?scope=sys&lang=vi&wpid=phauthuatdraw&phauthuatid=36843558-eab0-4c96-b57d-b46600e31a6c&keyword=nguy%E1%BB%85n%20th%E1%BB%8B%20kim%20nguy%C3%AAn&tg=6&tungay=01/06/2026&denngay=23/09/2026&usid=172.31.255.1_oqn5yqe3ix0gr4lrbzs3p1ibd2c86039&st=171048",
            "onclick": ""
          }
        ]
      }
    }
  ]
}
[2026-09-22 17:10:49.806] [DETAIL_BEGIN] D/s Phẫu thuật: mở ứng viên 1
{
  "detail_marker": "javascript:checkBanGiaoPT('3a5f7219-b506-425b-b686-b4a4009c5864'); return false;",
  "list_datetime": "2026-08-12 00:00:00",
  "list_method": "",
  "row": {
    "access_id": "3a5f7219-b506-425b-b686-b4a4009c5864",
    "known_fields": {
      "stt": "1",
      "ma_bn": "26082946",
      "ho_ten": "NGUYỄN THỊ KIM NGUYÊN (Phẫu thuật tại khoa)",
      "gioi_tinh": "Nữ",
      "tuoi": "46 tuổi",
      "phong_mo": "PHÒNG PHẪU THUẬT",
      "noi_chuyen_mo": "Khoa Khám Bệnh",
      "noi_dung_phau_thuat": "",
      "tinh_trang": "Thường",
      "thoi_gian": "12/08/2026",
      "trang_thai": "Chờ thực hiện",
      "doi_tuong": "Viện phí",
      "tam_ung": "0"
    },
    "raw_text": "1 26082946 NGUYỄN THỊ KIM NGUYÊN (Phẫu thuật tại khoa) Nữ 46 tuổi PHÒNG PHẪU THUẬT Khoa Khám Bệnh Thường 12/08/2026 Chờ thực hiện Viện phí 0",
    "links": [
      {
        "text": "1",
        "href": "javascript:void(0);",
        "onclick": "checkBanGiaoPT('3a5f7219-b506-425b-b686-b4a4009c5864'); return false;"
      },
      {
        "text": "26082946",
        "href": "javascript:void(0);",
        "onclick": "checkBanGiaoPT('3a5f7219-b506-425b-b686-b4a4009c5864'); return false;"
      },
      {
        "text": "NGUYỄN THỊ KIM NGUYÊN (Phẫu thuật tại khoa)",
        "href": "javascript:void(0);",
        "onclick": "checkBanGiaoPT('3a5f7219-b506-425b-b686-b4a4009c5864'); return false;"
      },
      {
        "text": "Nữ",
        "href": "javascript:void(0);",
        "onclick": "checkBanGiaoPT('3a5f7219-b506-425b-b686-b4a4009c5864'); return false;"
      },
      {
        "text": "46 tuổi",
        "href": "javascript:void(0);",
        "onclick": "checkBanGiaoPT('3a5f7219-b506-425b-b686-b4a4009c5864'); return false;"
      },
      {
        "text": "PHÒNG PHẪU THUẬT",
        "href": "javascript:void(0);",
        "onclick": "checkBanGiaoPT('3a5f7219-b506-425b-b686-b4a4009c5864'); return false;"
      },
      {
        "text": "Khoa Khám Bệnh",
        "href": "javascript:void(0);",
        "onclick": "checkBanGiaoPT('3a5f7219-b506-425b-b686-b4a4009c5864'); return false;"
      },
      {
        "text": "",
        "href": "javascript:void(0);",
        "onclick": "checkBanGiaoPT('3a5f7219-b506-425b-b686-b4a4009c5864'); return false;"
      },
      {
        "text": "Thường",
        "href": "javascript:void(0);",
        "onclick": "checkBanGiaoPT('3a5f7219-b506-425b-b686-b4a4009c5864'); return false;"
      },
      {
        "text": "12/08/2026",
        "href": "javascript:void(0);",
        "onclick": "checkBanGiaoPT('3a5f7219-b506-425b-b686-b4a4009c5864'); return false;"
      }
    ]
  }
}
[2026-09-22 17:10:49.813] [BROWSER] [DETAIL] kind=surgery; access_id=3a5f7219-b506-425b-b686-b4a4009c5864; direct_url=no; onclick=yes
[2026-09-22 17:10:49.857] [BROWSER] [DETAIL] Kết quả gọi checkBanGiaoPT: {"access_id": "3a5f7219-b506-425b-b686-b4a4009c5864", "anchor_found": true, "captured_url": "home.aspx?scope=sys&lang=vi&wpid=phauthuatdraw&phauthuatid=3a5f7219-b506-425b-b686-b4a4009c5864&usid=172.31.255.1_oqn5yqe3ix0gr4lrbzs3p1ibd2c86039&st=171048", "error": "", "function_found": true, "onclick": "checkBanGiaoPT('3a5f7219-b506-425b-b686-b4a4009c5864'); return false;", "row_found": true}
[2026-09-22 17:10:49.857] [BROWSER] [DETAIL] URL chi tiết bắt được: http://192.168.2.26:2026/home.aspx?scope=sys&lang=vi&wpid=phauthuatdraw&phauthuatid=3a5f7219-b506-425b-b686-b4a4009c5864&usid=172.31.255.1_oqn5yqe3ix0gr4lrbzs3p1ibd2c86039&st=171048
[2026-09-22 17:10:50.868] [BROWSER] [DETAIL] Dữ liệu đọc được: {"ajax_active": 0, "complete_info": "", "current_url": "http://192.168.2.26:2026/home.aspx?scope=sys&lang=vi&wpid=phauthuatdraw&phauthuatid=3a5f7219-b506-425b-b686-b4a4009c5864&usid=172.31.255.1_oqn5yqe3ix0gr4lrbzs3p1ibd2c86039&st=171048", "doctor": "Trần Nguyễn Anh Duy", "doctor_candidates": [{"id": "cbbBacSiPT", "value": "Trần Nguyễn Anh Duy"}], "doctor_field": "cbbBacSiPT", "doctor_found": true, "method": "Phẫu thuật điều trị ngón tay cò súng (1 ngón)", "method_candidates": [{"id": "txtNoiDungPT", "value": ""}, {"id": "cbbPhuongPhapPT", "value": "Phẫu thuật điều trị ngón tay cò súng (1 ngón)"}, {"id": "cbbChiDinhMoPT", "value": "(PT.2597)Phẫu thuật điều trị ngón tay cò súng (1 ngón)"}], "method_field": "cbbPhuongPhapPT", "patient_info": "", "root_found": true, "start_candidates": [{"id": "txtBatDauPT", "value": "17:09 22/09/2026"}], "start_time": "17:09 22/09/2026", "start_time_field": "txtBatDauPT"}
[2026-09-22 17:10:50.869] [BROWSER] [DETAIL] Nguồn bác sĩ: BS mổ chính; field=cbbBacSiPT; value=Trần Nguyễn Anh Duy
[2026-09-22 17:10:50.869] [DETAIL_OK] D/s Phẫu thuật: đọc được hồ sơ chi tiết
{
  "doctor_from_emr": "Trần Nguyễn Anh Duy",
  "mapped_alias": "DUY",
  "mapped_name": "Trần Nguyễn Anh Duy",
  "start_time": "17:09 22/09/2026",
  "start_time_field": "txtBatDauPT",
  "method": "Phẫu thuật điều trị ngón tay cò súng (1 ngón)",
  "method_field": "cbbPhuongPhapPT",
  "list_time_source": "Thời gian",
  "list_method_source": "Nội dung phẫu thuật",
  "current_url": "http://192.168.2.26:2026/home.aspx?scope=sys&lang=vi&wpid=phauthuatdraw&phauthuatid=3a5f7219-b506-425b-b686-b4a4009c5864&usid=172.31.255.1_oqn5yqe3ix0gr4lrbzs3p1ibd2c86039&st=171048",
  "total_score": 135.0,
  "method_score": 1.0
}
[2026-09-22 17:10:50.870] [EVALUATED] D/s Phẫu thuật: đánh giá 1 hồ sơ
{
  "items": [
    {
      "doctor": "Trần Nguyễn Anh Duy",
      "alias": "DUY",
      "detail_datetime": "2026-09-22 17:09:00",
      "method_score": 1.0,
      "total_score": 135.0,
      "confidence_ok": false
    }
  ]
}
[2026-09-22 17:10:50.870] [SOURCE_MATCH_DATE] D/s Phẫu thuật: chọn hồ sơ cùng ngày và dừng
{
  "alias": "DUY"
}
[2026-09-22 17:10:51.394] [AUTOSAVE_ROW] Dòng 24: đã điền DUY và lưu ngay
{
  "patient": "NGUYỄN THỊ KIM NGUYÊN",
  "source": "D/s Phẫu thuật",
  "doctor_name": "Trần Nguyễn Anh Duy",
  "emr_doctor": "Trần Nguyễn Anh Duy",
  "matched_time": "17:09 22/09/2026",
  "matched_method": "Phẫu thuật điều trị ngón tay cò súng (1 ngón)",
  "progress": "16/38",
  "output": "E:\\Thong_ke\\node_outputs\\PM khoa CTCH T8_NHAP_LIEU.xlsx"
}
[2026-09-22 17:10:51.394] [ROW_END] Kết thúc dòng 24
{
  "status": "updated",
  "new_value": "DUY",
  "reason": null
}
[2026-09-22 17:10:51.395] [ROW_BEGIN] [18/38] Bắt đầu dòng 25: CHƯƠNG THỊ THẮM
{
  "raw_time": "2026/08/13 07:46",
  "parsed_time": "07:46 13/08/2026",
  "method": "Phẫu thuật điều trị bệnh DE QUER VAIN và ngón tay cò súng [gây tê]",
  "old_value": ""
}
[2026-09-22 17:10:51.395] [SEARCH_BEGIN] dòng 25: tìm CHƯƠNG THỊ THẮM tại D/s Phẫu thuật
{
  "patient": "CHƯƠNG THỊ THẮM",
  "target_time": "2026-08-13 07:46:00",
  "target_method": "Phẫu thuật điều trị bệnh DE QUER VAIN và ngón tay cò súng [gây tê]",
  "source": "surgery"
}
[2026-09-22 17:10:51.943] [BROWSER] [NAV] D/s Phẫu thuật: http://192.168.2.26:2026/home.aspx?scope=sys&lang=vi&wpid=danhsachphauthuatdraw&role=323&usid=172.31.255.1_oqn5yqe3ix0gr4lrbzs3p1ibd2c86039&st=171048
[2026-09-22 17:10:54.059] [BROWSER] [FILTER] 3 tháng
[2026-09-22 17:10:54.484] [BROWSER] [SEARCH] Nhập 'CHƯƠNG THỊ THẮM' vào #txtTimKiem
[2026-09-22 17:10:54.602] [BROWSER] [SEARCH] Đã bấm Tìm kiếm bằng #btnTimKiem
[2026-09-22 17:10:54.620] [BROWSER] [RESULT] D/s Phẫu thuật: 2 dòng
[2026-09-22 17:10:54.628] [SEARCH_RESULT] D/s Phẫu thuật: nhận 2 dòng
{
  "current_url": "http://192.168.2.26:2026/home.aspx?scope=sys&lang=vi&wpid=danhsachphauthuatdraw&role=323&usid=172.31.255.1_oqn5yqe3ix0gr4lrbzs3p1ibd2c86039&st=171048",
  "search_input_id": "txtTimKiem",
  "search_trigger": "#btnTimKiem",
  "headers": [
    "STT",
    "Mã BN",
    "Họ tên",
    "Giới tính",
    "Tuổi",
    "Phòng mổ",
    "Nơi chuyển mổ",
    "Nội dung phẫu thuật",
    "Tình trạng",
    "Thời gian",
    "Trạng thái",
    "Đối tượng",
    "Đã tạm ứng"
  ],
  "rows": [
    {
      "access_id": "b7e43b73-eb20-4b52-9c9c-b4a50082c632",
      "known_fields": {
        "stt": "1",
        "ma_bn": "26037473",
        "ho_ten": "CHƯƠNG THỊ THẮM (Phẫu thuật tại khoa)",
        "gioi_tinh": "Nữ",
        "tuoi": "51 tuổi",
        "phong_mo": "PHÒNG PHẪU THUẬT",
        "noi_chuyen_mo": "Khoa Khám Bệnh",
        "noi_dung_phau_thuat": "Phẫu thuật điều trị bệnh DE QUER VAIN và ngón tay cò súng [gây tê]",
        "tinh_trang": "Thường",
        "thoi_gian": "13/08/2026",
        "trang_thai": "Hoàn tất",
        "doi_tuong": "Bảo hiểm",
        "tam_ung": "0"
      },
      "raw_text": "1 26037473 CHƯƠNG THỊ THẮM (Phẫu thuật tại khoa) Nữ 51 tuổi PHÒNG PHẪU THUẬT Khoa Khám Bệnh Phẫu thuật điều trị bệnh DE QUER VAIN và ngón tay cò súng [gây tê] Thường 13/08/2026 Hoàn tất Bảo hiểm 0",
      "links": [
        {
          "text": "1",
          "href": "http://192.168.2.26:2026/home.aspx?scope=sys&lang=vi&wpid=phauthuatdraw&phauthuatid=b7e43b73-eb20-4b52-9c9c-b4a50082c632&keyword=ch%C6%B0%C6%A1ng%20th%E1%BB%8B%20th%E1%BA%AFm&tg=6&tungay=01/06/2026&denngay=23/09/2026&usid=172.31.255.1_oqn5yqe3ix0gr4lrbzs3p1ibd2c86039&st=171053",
          "onclick": ""
        },
        {
          "text": "26037473",
          "href": "http://192.168.2.26:2026/home.aspx?scope=sys&lang=vi&wpid=phauthuatdraw&phauthuatid=b7e43b73-eb20-4b52-9c9c-b4a50082c632&keyword=ch%C6%B0%C6%A1ng%20th%E1%BB%8B%20th%E1%BA%AFm&tg=6&tungay=01/06/2026&denngay=23/09/2026&usid=172.31.255.1_oqn5yqe3ix0gr4lrbzs3p1ibd2c86039&st=171053",
          "onclick": ""
        },
        {
          "text": "CHƯƠNG THỊ THẮM (Phẫu thuật tại khoa)",
          "href": "http://192.168.2.26:2026/home.aspx?scope=sys&lang=vi&wpid=phauthuatdraw&phauthuatid=b7e43b73-eb20-4b52-9c9c-b4a50082c632&keyword=ch%C6%B0%C6%A1ng%20th%E1%BB%8B%20th%E1%BA%AFm&tg=6&tungay=01/06/2026&denngay=23/09/2026&usid=172.31.255.1_oqn5yqe3ix0gr4lrbzs3p1ibd2c86039&st=171053",
          "onclick": ""
        },
        {
          "text": "Nữ",
          "href": "http://192.168.2.26:2026/home.aspx?scope=sys&lang=vi&wpid=phauthuatdraw&phauthuatid=b7e43b73-eb20-4b52-9c9c-b4a50082c632&keyword=ch%C6%B0%C6%A1ng%20th%E1%BB%8B%20th%E1%BA%AFm&tg=6&tungay=01/06/2026&denngay=23/09/2026&usid=172.31.255.1_oqn5yqe3ix0gr4lrbzs3p1ibd2c86039&st=171053",
          "onclick": ""
        },
        {
          "text": "51 tuổi",
          "href": "http://192.168.2.26:2026/home.aspx?scope=sys&lang=vi&wpid=phauthuatdraw&phauthuatid=b7e43b73-eb20-4b52-9c9c-b4a50082c632&keyword=ch%C6%B0%C6%A1ng%20th%E1%BB%8B%20th%E1%BA%AFm&tg=6&tungay=01/06/2026&denngay=23/09/2026&usid=172.31.255.1_oqn5yqe3ix0gr4lrbzs3p1ibd2c86039&st=171053",
          "onclick": ""
        },
        {
          "text": "PHÒNG PHẪU THUẬT",
          "href": "http://192.168.2.26:2026/home.aspx?scope=sys&lang=vi&wpid=phauthuatdraw&phauthuatid=b7e43b73-eb20-4b52-9c9c-b4a50082c632&keyword=ch%C6%B0%C6%A1ng%20th%E1%BB%8B%20th%E1%BA%AFm&tg=6&tungay=01/06/2026&denngay=23/09/2026&usid=172.31.255.1_oqn5yqe3ix0gr4lrbzs3p1ibd2c86039&st=171053",
          "onclick": ""
        },
        {
          "text": "Khoa Khám Bệnh",
          "href": "http://192.168.2.26:2026/home.aspx?scope=sys&lang=vi&wpid=phauthuatdraw&phauthuatid=b7e43b73-eb20-4b52-9c9c-b4a50082c632&keyword=ch%C6%B0%C6%A1ng%20th%E1%BB%8B%20th%E1%BA%AFm&tg=6&tungay=01/06/2026&denngay=23/09/2026&usid=172.31.255.1_oqn5yqe3ix0gr4lrbzs3p1ibd2c86039&st=171053",
          "onclick": ""
        },
        {
          "text": "Phẫu thuật điều trị bệnh DE QUER VAIN và ngón tay cò súng [gây tê]",
          "href": "http://192.168.2.26:2026/home.aspx?scope=sys&lang=vi&wpid=phauthuatdraw&phauthuatid=b7e43b73-eb20-4b52-9c9c-b4a50082c632&keyword=ch%C6%B0%C6%A1ng%20th%E1%BB%8B%20th%E1%BA%AFm&tg=6&tungay=01/06/2026&denngay=23/09/2026&usid=172.31.255.1_oqn5yqe3ix0gr4lrbzs3p1ibd2c86039&st=171053",
          "onclick": ""
        },
        {
          "text": "Thường",
          "href": "http://192.168.2.26:2026/home.aspx?scope=sys&lang=vi&wpid=phauthuatdraw&phauthuatid=b7e43b73-eb20-4b52-9c9c-b4a50082c632&keyword=ch%C6%B0%C6%A1ng%20th%E1%BB%8B%20th%E1%BA%AFm&tg=6&tungay=01/06/2026&denngay=23/09/2026&usid=172.31.255.1_oqn5yqe3ix0gr4lrbzs3p1ibd2c86039&st=171053",
          "onclick": ""
        },
        {
          "text": "13/08/2026",
          "href": "http://192.168.2.26:2026/home.aspx?scope=sys&lang=vi&wpid=phauthuatdraw&phauthuatid=b7e43b73-eb20-4b52-9c9c-b4a50082c632&keyword=ch%C6%B0%C6%A1ng%20th%E1%BB%8B%20th%E1%BA%AFm&tg=6&tungay=01/06/2026&denngay=23/09/2026&usid=172.31.255.1_oqn5yqe3ix0gr4lrbzs3p1ibd2c86039&st=171053",
          "onclick": ""
        }
      ]
    },
    {
      "access_id": "821053fb-4851-4f73-8612-b4a500805b56",
      "known_fields": {
        "stt": "2",
        "ma_bn": "26037473",
        "ho_ten": "CHƯƠNG THỊ THẮM (Phẫu thuật tại khoa)",
        "gioi_tinh": "Nữ",
        "tuoi": "51 tuổi",
        "phong_mo": "PHÒNG PHẪU THUẬT",
        "noi_chuyen_mo": "Khoa Khám Bệnh",
        "noi_dung_phau_thuat": "",
        "tinh_trang": "Thường",
        "thoi_gian": "13/08/2026",
        "trang_thai": "Không mổ",
        "doi_tuong": "Bảo hiểm",
        "tam_ung": "0"
      },
      "raw_text": "2 26037473 CHƯƠNG THỊ THẮM (Phẫu thuật tại khoa) Nữ 51 tuổi PHÒNG PHẪU THUẬT Khoa Khám Bệnh Thường 13/08/2026 Không mổ Bảo hiểm 0",
      "links": [
        {
          "text": "2",
          "href": "http://192.168.2.26:2026/home.aspx?scope=sys&lang=vi&wpid=phauthuatdraw&phauthuatid=821053fb-4851-4f73-8612-b4a500805b56&keyword=ch%C6%B0%C6%A1ng%20th%E1%BB%8B%20th%E1%BA%AFm&tg=6&tungay=01/06/2026&denngay=23/09/2026&usid=172.31.255.1_oqn5yqe3ix0gr4lrbzs3p1ibd2c86039&st=171053",
          "onclick": ""
        },
        {
          "text": "26037473",
          "href": "http://192.168.2.26:2026/home.aspx?scope=sys&lang=vi&wpid=phauthuatdraw&phauthuatid=821053fb-4851-4f73-8612-b4a500805b56&keyword=ch%C6%B0%C6%A1ng%20th%E1%BB%8B%20th%E1%BA%AFm&tg=6&tungay=01/06/2026&denngay=23/09/2026&usid=172.31.255.1_oqn5yqe3ix0gr4lrbzs3p1ibd2c86039&st=171053",
          "onclick": ""
        },
        {
          "text": "CHƯƠNG THỊ THẮM (Phẫu thuật tại khoa)",
          "href": "http://192.168.2.26:2026/home.aspx?scope=sys&lang=vi&wpid=phauthuatdraw&phauthuatid=821053fb-4851-4f73-8612-b4a500805b56&keyword=ch%C6%B0%C6%A1ng%20th%E1%BB%8B%20th%E1%BA%AFm&tg=6&tungay=01/06/2026&denngay=23/09/2026&usid=172.31.255.1_oqn5yqe3ix0gr4lrbzs3p1ibd2c86039&st=171053",
          "onclick": ""
        },
        {
          "text": "Nữ",
          "href": "http://192.168.2.26:2026/home.aspx?scope=sys&lang=vi&wpid=phauthuatdraw&phauthuatid=821053fb-4851-4f73-8612-b4a500805b56&keyword=ch%C6%B0%C6%A1ng%20th%E1%BB%8B%20th%E1%BA%AFm&tg=6&tungay=01/06/2026&denngay=23/09/2026&usid=172.31.255.1_oqn5yqe3ix0gr4lrbzs3p1ibd2c86039&st=171053",
          "onclick": ""
        },
        {
          "text": "51 tuổi",
          "href": "http://192.168.2.26:2026/home.aspx?scope=sys&lang=vi&wpid=phauthuatdraw&phauthuatid=821053fb-4851-4f73-8612-b4a500805b56&keyword=ch%C6%B0%C6%A1ng%20th%E1%BB%8B%20th%E1%BA%AFm&tg=6&tungay=01/06/2026&denngay=23/09/2026&usid=172.31.255.1_oqn5yqe3ix0gr4lrbzs3p1ibd2c86039&st=171053",
          "onclick": ""
        },
        {
          "text": "PHÒNG PHẪU THUẬT",
          "href": "http://192.168.2.26:2026/home.aspx?scope=sys&lang=vi&wpid=phauthuatdraw&phauthuatid=821053fb-4851-4f73-8612-b4a500805b56&keyword=ch%C6%B0%C6%A1ng%20th%E1%BB%8B%20th%E1%BA%AFm&tg=6&tungay=01/06/2026&denngay=23/09/2026&usid=172.31.255.1_oqn5yqe3ix0gr4lrbzs3p1ibd2c86039&st=171053",
          "onclick": ""
        },
        {
          "text": "Khoa Khám Bệnh",
          "href": "http://192.168.2.26:2026/home.aspx?scope=sys&lang=vi&wpid=phauthuatdraw&phauthuatid=821053fb-4851-4f73-8612-b4a500805b56&keyword=ch%C6%B0%C6%A1ng%20th%E1%BB%8B%20th%E1%BA%AFm&tg=6&tungay=01/06/2026&denngay=23/09/2026&usid=172.31.255.1_oqn5yqe3ix0gr4lrbzs3p1ibd2c86039&st=171053",
          "onclick": ""
        },
        {
          "text": "",
          "href": "http://192.168.2.26:2026/home.aspx?scope=sys&lang=vi&wpid=phauthuatdraw&phauthuatid=821053fb-4851-4f73-8612-b4a500805b56&keyword=ch%C6%B0%C6%A1ng%20th%E1%BB%8B%20th%E1%BA%AFm&tg=6&tungay=01/06/2026&denngay=23/09/2026&usid=172.31.255.1_oqn5yqe3ix0gr4lrbzs3p1ibd2c86039&st=171053",
          "onclick": ""
        },
        {
          "text": "Thường",
          "href": "http://192.168.2.26:2026/home.aspx?scope=sys&lang=vi&wpid=phauthuatdraw&phauthuatid=821053fb-4851-4f73-8612-b4a500805b56&keyword=ch%C6%B0%C6%A1ng%20th%E1%BB%8B%20th%E1%BA%AFm&tg=6&tungay=01/06/2026&denngay=23/09/2026&usid=172.31.255.1_oqn5yqe3ix0gr4lrbzs3p1ibd2c86039&st=171053",
          "onclick": ""
        },
        {
          "text": "13/08/2026",
          "href": "http://192.168.2.26:2026/home.aspx?scope=sys&lang=vi&wpid=phauthuatdraw&phauthuatid=821053fb-4851-4f73-8612-b4a500805b56&keyword=ch%C6%B0%C6%A1ng%20th%E1%BB%8B%20th%E1%BA%AFm&tg=6&tungay=01/06/2026&denngay=23/09/2026&usid=172.31.255.1_oqn5yqe3ix0gr4lrbzs3p1ibd2c86039&st=171053",
          "onclick": ""
        }
      ]
    }
  ]
}
[2026-09-22 17:10:54.629] [CANDIDATES] D/s Phẫu thuật: có 2 ứng viên cùng người bệnh
{
  "candidates": [
    {
      "list_score": 125.0,
      "list_datetime": "2026-08-13 00:00:00",
      "list_time_source": "Thời gian",
      "list_method": "Phẫu thuật điều trị bệnh DE QUER VAIN và ngón tay cò súng [gây tê]",
      "list_method_source": "Nội dung phẫu thuật",
      "method_score": 1.0,
      "detail_marker": "http://192.168.2.26:2026/home.aspx?scope=sys&lang=vi&wpid=phauthuatdraw&phauthuatid=b7e43b73-eb20-4b52-9c9c-b4a50082c632&keyword=ch%C6%B0%C6%A1ng%20th%E1%BB%8B%20th%E1%BA%AFm&tg=6&tungay=01/06/2026&denngay=23/09/2026&usid=172.31.255.1_oqn5yqe3ix0gr4lrbzs3p1ibd2c86039&st=171053",
      "row": {
        "access_id": "b7e43b73-eb20-4b52-9c9c-b4a50082c632",
        "known_fields": {
          "stt": "1",
          "ma_bn": "26037473",
          "ho_ten": "CHƯƠNG THỊ THẮM (Phẫu thuật tại khoa)",
          "gioi_tinh": "Nữ",
          "tuoi": "51 tuổi",
          "phong_mo": "PHÒNG PHẪU THUẬT",
          "noi_chuyen_mo": "Khoa Khám Bệnh",
          "noi_dung_phau_thuat": "Phẫu thuật điều trị bệnh DE QUER VAIN và ngón tay cò súng [gây tê]",
          "tinh_trang": "Thường",
          "thoi_gian": "13/08/2026",
          "trang_thai": "Hoàn tất",
          "doi_tuong": "Bảo hiểm",
          "tam_ung": "0"
        },
        "raw_text": "1 26037473 CHƯƠNG THỊ THẮM (Phẫu thuật tại khoa) Nữ 51 tuổi PHÒNG PHẪU THUẬT Khoa Khám Bệnh Phẫu thuật điều trị bệnh DE QUER VAIN và ngón tay cò súng [gây tê] Thường 13/08/2026 Hoàn tất Bảo hiểm 0",
        "links": [
          {
            "text": "1",
            "href": "http://192.168.2.26:2026/home.aspx?scope=sys&lang=vi&wpid=phauthuatdraw&phauthuatid=b7e43b73-eb20-4b52-9c9c-b4a50082c632&keyword=ch%C6%B0%C6%A1ng%20th%E1%BB%8B%20th%E1%BA%AFm&tg=6&tungay=01/06/2026&denngay=23/09/2026&usid=172.31.255.1_oqn5yqe3ix0gr4lrbzs3p1ibd2c86039&st=171053",
            "onclick": ""
          },
          {
            "text": "26037473",
            "href": "http://192.168.2.26:2026/home.aspx?scope=sys&lang=vi&wpid=phauthuatdraw&phauthuatid=b7e43b73-eb20-4b52-9c9c-b4a50082c632&keyword=ch%C6%B0%C6%A1ng%20th%E1%BB%8B%20th%E1%BA%AFm&tg=6&tungay=01/06/2026&denngay=23/09/2026&usid=172.31.255.1_oqn5yqe3ix0gr4lrbzs3p1ibd2c86039&st=171053",
            "onclick": ""
          },
          {
            "text": "CHƯƠNG THỊ THẮM (Phẫu thuật tại khoa)",
            "href": "http://192.168.2.26:2026/home.aspx?scope=sys&lang=vi&wpid=phauthuatdraw&phauthuatid=b7e43b73-eb20-4b52-9c9c-b4a50082c632&keyword=ch%C6%B0%C6%A1ng%20th%E1%BB%8B%20th%E1%BA%AFm&tg=6&tungay=01/06/2026&denngay=23/09/2026&usid=172.31.255.1_oqn5yqe3ix0gr4lrbzs3p1ibd2c86039&st=171053",
            "onclick": ""
          },
          {
            "text": "Nữ",
            "href": "http://192.168.2.26:2026/home.aspx?scope=sys&lang=vi&wpid=phauthuatdraw&phauthuatid=b7e43b73-eb20-4b52-9c9c-b4a50082c632&keyword=ch%C6%B0%C6%A1ng%20th%E1%BB%8B%20th%E1%BA%AFm&tg=6&tungay=01/06/2026&denngay=23/09/2026&usid=172.31.255.1_oqn5yqe3ix0gr4lrbzs3p1ibd2c86039&st=171053",
            "onclick": ""
          },
          {
            "text": "51 tuổi",
            "href": "http://192.168.2.26:2026/home.aspx?scope=sys&lang=vi&wpid=phauthuatdraw&phauthuatid=b7e43b73-eb20-4b52-9c9c-b4a50082c632&keyword=ch%C6%B0%C6%A1ng%20th%E1%BB%8B%20th%E1%BA%AFm&tg=6&tungay=01/06/2026&denngay=23/09/2026&usid=172.31.255.1_oqn5yqe3ix0gr4lrbzs3p1ibd2c86039&st=171053",
            "onclick": ""
          },
          {
            "text": "PHÒNG PHẪU THUẬT",
            "href": "http://192.168.2.26:2026/home.aspx?scope=sys&lang=vi&wpid=phauthuatdraw&phauthuatid=b7e43b73-eb20-4b52-9c9c-b4a50082c632&keyword=ch%C6%B0%C6%A1ng%20th%E1%BB%8B%20th%E1%BA%AFm&tg=6&tungay=01/06/2026&denngay=23/09/2026&usid=172.31.255.1_oqn5yqe3ix0gr4lrbzs3p1ibd2c86039&st=171053",
            "onclick": ""
          },
          {
            "text": "Khoa Khám Bệnh",
            "href": "http://192.168.2.26:2026/home.aspx?scope=sys&lang=vi&wpid=phauthuatdraw&phauthuatid=b7e43b73-eb20-4b52-9c9c-b4a50082c632&keyword=ch%C6%B0%C6%A1ng%20th%E1%BB%8B%20th%E1%BA%AFm&tg=6&tungay=01/06/2026&denngay=23/09/2026&usid=172.31.255.1_oqn5yqe3ix0gr4lrbzs3p1ibd2c86039&st=171053",
            "onclick": ""
          },
          {
            "text": "Phẫu thuật điều trị bệnh DE QUER VAIN và ngón tay cò súng [gây tê]",
            "href": "http://192.168.2.26:2026/home.aspx?scope=sys&lang=vi&wpid=phauthuatdraw&phauthuatid=b7e43b73-eb20-4b52-9c9c-b4a50082c632&keyword=ch%C6%B0%C6%A1ng%20th%E1%BB%8B%20th%E1%BA%AFm&tg=6&tungay=01/06/2026&denngay=23/09/2026&usid=172.31.255.1_oqn5yqe3ix0gr4lrbzs3p1ibd2c86039&st=171053",
            "onclick": ""
          },
          {
            "text": "Thường",
            "href": "http://192.168.2.26:2026/home.aspx?scope=sys&lang=vi&wpid=phauthuatdraw&phauthuatid=b7e43b73-eb20-4b52-9c9c-b4a50082c632&keyword=ch%C6%B0%C6%A1ng%20th%E1%BB%8B%20th%E1%BA%AFm&tg=6&tungay=01/06/2026&denngay=23/09/2026&usid=172.31.255.1_oqn5yqe3ix0gr4lrbzs3p1ibd2c86039&st=171053",
            "onclick": ""
          },
          {
            "text": "13/08/2026",
            "href": "http://192.168.2.26:2026/home.aspx?scope=sys&lang=vi&wpid=phauthuatdraw&phauthuatid=b7e43b73-eb20-4b52-9c9c-b4a50082c632&keyword=ch%C6%B0%C6%A1ng%20th%E1%BB%8B%20th%E1%BA%AFm&tg=6&tungay=01/06/2026&denngay=23/09/2026&usid=172.31.255.1_oqn5yqe3ix0gr4lrbzs3p1ibd2c86039&st=171053",
            "onclick": ""
          }
        ]
      }
    },
    {
      "list_score": 65.0,
      "list_datetime": "2026-08-13 00:00:00",
      "list_time_source": "Thời gian",
      "list_method": "",
      "list_method_source": "Nội dung phẫu thuật",
      "method_score": 0.0,
      "detail_marker": "http://192.168.2.26:2026/home.aspx?scope=sys&lang=vi&wpid=phauthuatdraw&phauthuatid=821053fb-4851-4f73-8612-b4a500805b56&keyword=ch%C6%B0%C6%A1ng%20th%E1%BB%8B%20th%E1%BA%AFm&tg=6&tungay=01/06/2026&denngay=23/09/2026&usid=172.31.255.1_oqn5yqe3ix0gr4lrbzs3p1ibd2c86039&st=171053",
      "row": {
        "access_id": "821053fb-4851-4f73-8612-b4a500805b56",
        "known_fields": {
          "stt": "2",
          "ma_bn": "26037473",
          "ho_ten": "CHƯƠNG THỊ THẮM (Phẫu thuật tại khoa)",
          "gioi_tinh": "Nữ",
          "tuoi": "51 tuổi",
          "phong_mo": "PHÒNG PHẪU THUẬT",
          "noi_chuyen_mo": "Khoa Khám Bệnh",
          "noi_dung_phau_thuat": "",
          "tinh_trang": "Thường",
          "thoi_gian": "13/08/2026",
          "trang_thai": "Không mổ",
          "doi_tuong": "Bảo hiểm",
          "tam_ung": "0"
        },
        "raw_text": "2 26037473 CHƯƠNG THỊ THẮM (Phẫu thuật tại khoa) Nữ 51 tuổi PHÒNG PHẪU THUẬT Khoa Khám Bệnh Thường 13/08/2026 Không mổ Bảo hiểm 0",
        "links": [
          {
            "text": "2",
            "href": "http://192.168.2.26:2026/home.aspx?scope=sys&lang=vi&wpid=phauthuatdraw&phauthuatid=821053fb-4851-4f73-8612-b4a500805b56&keyword=ch%C6%B0%C6%A1ng%20th%E1%BB%8B%20th%E1%BA%AFm&tg=6&tungay=01/06/2026&denngay=23/09/2026&usid=172.31.255.1_oqn5yqe3ix0gr4lrbzs3p1ibd2c86039&st=171053",
            "onclick": ""
          },
          {
            "text": "26037473",
            "href": "http://192.168.2.26:2026/home.aspx?scope=sys&lang=vi&wpid=phauthuatdraw&phauthuatid=821053fb-4851-4f73-8612-b4a500805b56&keyword=ch%C6%B0%C6%A1ng%20th%E1%BB%8B%20th%E1%BA%AFm&tg=6&tungay=01/06/2026&denngay=23/09/2026&usid=172.31.255.1_oqn5yqe3ix0gr4lrbzs3p1ibd2c86039&st=171053",
            "onclick": ""
          },
          {
            "text": "CHƯƠNG THỊ THẮM (Phẫu thuật tại khoa)",
            "href": "http://192.168.2.26:2026/home.aspx?scope=sys&lang=vi&wpid=phauthuatdraw&phauthuatid=821053fb-4851-4f73-8612-b4a500805b56&keyword=ch%C6%B0%C6%A1ng%20th%E1%BB%8B%20th%E1%BA%AFm&tg=6&tungay=01/06/2026&denngay=23/09/2026&usid=172.31.255.1_oqn5yqe3ix0gr4lrbzs3p1ibd2c86039&st=171053",
            "onclick": ""
          },
          {
            "text": "Nữ",
            "href": "http://192.168.2.26:2026/home.aspx?scope=sys&lang=vi&wpid=phauthuatdraw&phauthuatid=821053fb-4851-4f73-8612-b4a500805b56&keyword=ch%C6%B0%C6%A1ng%20th%E1%BB%8B%20th%E1%BA%AFm&tg=6&tungay=01/06/2026&denngay=23/09/2026&usid=172.31.255.1_oqn5yqe3ix0gr4lrbzs3p1ibd2c86039&st=171053",
            "onclick": ""
          },
          {
            "text": "51 tuổi",
            "href": "http://192.168.2.26:2026/home.aspx?scope=sys&lang=vi&wpid=phauthuatdraw&phauthuatid=821053fb-4851-4f73-8612-b4a500805b56&keyword=ch%C6%B0%C6%A1ng%20th%E1%BB%8B%20th%E1%BA%AFm&tg=6&tungay=01/06/2026&denngay=23/09/2026&usid=172.31.255.1_oqn5yqe3ix0gr4lrbzs3p1ibd2c86039&st=171053",
            "onclick": ""
          },
          {
            "text": "PHÒNG PHẪU THUẬT",
            "href": "http://192.168.2.26:2026/home.aspx?scope=sys&lang=vi&wpid=phauthuatdraw&phauthuatid=821053fb-4851-4f73-8612-b4a500805b56&keyword=ch%C6%B0%C6%A1ng%20th%E1%BB%8B%20th%E1%BA%AFm&tg=6&tungay=01/06/2026&denngay=23/09/2026&usid=172.31.255.1_oqn5yqe3ix0gr4lrbzs3p1ibd2c86039&st=171053",
            "onclick": ""
          },
          {
            "text": "Khoa Khám Bệnh",
            "href": "http://192.168.2.26:2026/home.aspx?scope=sys&lang=vi&wpid=phauthuatdraw&phauthuatid=821053fb-4851-4f73-8612-b4a500805b56&keyword=ch%C6%B0%C6%A1ng%20th%E1%BB%8B%20th%E1%BA%AFm&tg=6&tungay=01/06/2026&denngay=23/09/2026&usid=172.31.255.1_oqn5yqe3ix0gr4lrbzs3p1ibd2c86039&st=171053",
            "onclick": ""
          },
          {
            "text": "",
            "href": "http://192.168.2.26:2026/home.aspx?scope=sys&lang=vi&wpid=phauthuatdraw&phauthuatid=821053fb-4851-4f73-8612-b4a500805b56&keyword=ch%C6%B0%C6%A1ng%20th%E1%BB%8B%20th%E1%BA%AFm&tg=6&tungay=01/06/2026&denngay=23/09/2026&usid=172.31.255.1_oqn5yqe3ix0gr4lrbzs3p1ibd2c86039&st=171053",
            "onclick": ""
          },
          {
            "text": "Thường",
            "href": "http://192.168.2.26:2026/home.aspx?scope=sys&lang=vi&wpid=phauthuatdraw&phauthuatid=821053fb-4851-4f73-8612-b4a500805b56&keyword=ch%C6%B0%C6%A1ng%20th%E1%BB%8B%20th%E1%BA%AFm&tg=6&tungay=01/06/2026&denngay=23/09/2026&usid=172.31.255.1_oqn5yqe3ix0gr4lrbzs3p1ibd2c86039&st=171053",
            "onclick": ""
          },
          {
            "text": "13/08/2026",
            "href": "http://192.168.2.26:2026/home.aspx?scope=sys&lang=vi&wpid=phauthuatdraw&phauthuatid=821053fb-4851-4f73-8612-b4a500805b56&keyword=ch%C6%B0%C6%A1ng%20th%E1%BB%8B%20th%E1%BA%AFm&tg=6&tungay=01/06/2026&denngay=23/09/2026&usid=172.31.255.1_oqn5yqe3ix0gr4lrbzs3p1ibd2c86039&st=171053",
            "onclick": ""
          }
        ]
      }
    }
  ]
}
[2026-09-22 17:10:54.630] [DETAIL_BEGIN] D/s Phẫu thuật: mở ứng viên 1
{
  "detail_marker": "http://192.168.2.26:2026/home.aspx?scope=sys&lang=vi&wpid=phauthuatdraw&phauthuatid=b7e43b73-eb20-4b52-9c9c-b4a50082c632&keyword=ch%C6%B0%C6%A1ng%20th%E1%BB%8B%20th%E1%BA%AFm&tg=6&tungay=01/06/2026&denngay=23/09/2026&usid=172.31.255.1_oqn5yqe3ix0gr4lrbzs3p1ibd2c86039&st=171053",
  "list_datetime": "2026-08-13 00:00:00",
  "list_method": "Phẫu thuật điều trị bệnh DE QUER VAIN và ngón tay cò súng [gây tê]",
  "row": {
    "access_id": "b7e43b73-eb20-4b52-9c9c-b4a50082c632",
    "known_fields": {
      "stt": "1",
      "ma_bn": "26037473",
      "ho_ten": "CHƯƠNG THỊ THẮM (Phẫu thuật tại khoa)",
      "gioi_tinh": "Nữ",
      "tuoi": "51 tuổi",
      "phong_mo": "PHÒNG PHẪU THUẬT",
      "noi_chuyen_mo": "Khoa Khám Bệnh",
      "noi_dung_phau_thuat": "Phẫu thuật điều trị bệnh DE QUER VAIN và ngón tay cò súng [gây tê]",
      "tinh_trang": "Thường",
      "thoi_gian": "13/08/2026",
      "trang_thai": "Hoàn tất",
      "doi_tuong": "Bảo hiểm",
      "tam_ung": "0"
    },
    "raw_text": "1 26037473 CHƯƠNG THỊ THẮM (Phẫu thuật tại khoa) Nữ 51 tuổi PHÒNG PHẪU THUẬT Khoa Khám Bệnh Phẫu thuật điều trị bệnh DE QUER VAIN và ngón tay cò súng [gây tê] Thường 13/08/2026 Hoàn tất Bảo hiểm 0",
    "links": [
      {
        "text": "1",
        "href": "http://192.168.2.26:2026/home.aspx?scope=sys&lang=vi&wpid=phauthuatdraw&phauthuatid=b7e43b73-eb20-4b52-9c9c-b4a50082c632&keyword=ch%C6%B0%C6%A1ng%20th%E1%BB%8B%20th%E1%BA%AFm&tg=6&tungay=01/06/2026&denngay=23/09/2026&usid=172.31.255.1_oqn5yqe3ix0gr4lrbzs3p1ibd2c86039&st=171053",
        "onclick": ""
      },
      {
        "text": "26037473",
        "href": "http://192.168.2.26:2026/home.aspx?scope=sys&lang=vi&wpid=phauthuatdraw&phauthuatid=b7e43b73-eb20-4b52-9c9c-b4a50082c632&keyword=ch%C6%B0%C6%A1ng%20th%E1%BB%8B%20th%E1%BA%AFm&tg=6&tungay=01/06/2026&denngay=23/09/2026&usid=172.31.255.1_oqn5yqe3ix0gr4lrbzs3p1ibd2c86039&st=171053",
        "onclick": ""
      },
      {
        "text": "CHƯƠNG THỊ THẮM (Phẫu thuật tại khoa)",
        "href": "http://192.168.2.26:2026/home.aspx?scope=sys&lang=vi&wpid=phauthuatdraw&phauthuatid=b7e43b73-eb20-4b52-9c9c-b4a50082c632&keyword=ch%C6%B0%C6%A1ng%20th%E1%BB%8B%20th%E1%BA%AFm&tg=6&tungay=01/06/2026&denngay=23/09/2026&usid=172.31.255.1_oqn5yqe3ix0gr4lrbzs3p1ibd2c86039&st=171053",
        "onclick": ""
      },
      {
        "text": "Nữ",
        "href": "http://192.168.2.26:2026/home.aspx?scope=sys&lang=vi&wpid=phauthuatdraw&phauthuatid=b7e43b73-eb20-4b52-9c9c-b4a50082c632&keyword=ch%C6%B0%C6%A1ng%20th%E1%BB%8B%20th%E1%BA%AFm&tg=6&tungay=01/06/2026&denngay=23/09/2026&usid=172.31.255.1_oqn5yqe3ix0gr4lrbzs3p1ibd2c86039&st=171053",
        "onclick": ""
      },
      {
        "text": "51 tuổi",
        "href": "http://192.168.2.26:2026/home.aspx?scope=sys&lang=vi&wpid=phauthuatdraw&phauthuatid=b7e43b73-eb20-4b52-9c9c-b4a50082c632&keyword=ch%C6%B0%C6%A1ng%20th%E1%BB%8B%20th%E1%BA%AFm&tg=6&tungay=01/06/2026&denngay=23/09/2026&usid=172.31.255.1_oqn5yqe3ix0gr4lrbzs3p1ibd2c86039&st=171053",
        "onclick": ""
      },
      {
        "text": "PHÒNG PHẪU THUẬT",
        "href": "http://192.168.2.26:2026/home.aspx?scope=sys&lang=vi&wpid=phauthuatdraw&phauthuatid=b7e43b73-eb20-4b52-9c9c-b4a50082c632&keyword=ch%C6%B0%C6%A1ng%20th%E1%BB%8B%20th%E1%BA%AFm&tg=6&tungay=01/06/2026&denngay=23/09/2026&usid=172.31.255.1_oqn5yqe3ix0gr4lrbzs3p1ibd2c86039&st=171053",
        "onclick": ""
      },
      {
        "text": "Khoa Khám Bệnh",
        "href": "http://192.168.2.26:2026/home.aspx?scope=sys&lang=vi&wpid=phauthuatdraw&phauthuatid=b7e43b73-eb20-4b52-9c9c-b4a50082c632&keyword=ch%C6%B0%C6%A1ng%20th%E1%BB%8B%20th%E1%BA%AFm&tg=6&tungay=01/06/2026&denngay=23/09/2026&usid=172.31.255.1_oqn5yqe3ix0gr4lrbzs3p1ibd2c86039&st=171053",
        "onclick": ""
      },
      {
        "text": "Phẫu thuật điều trị bệnh DE QUER VAIN và ngón tay cò súng [gây tê]",
        "href": "http://192.168.2.26:2026/home.aspx?scope=sys&lang=vi&wpid=phauthuatdraw&phauthuatid=b7e43b73-eb20-4b52-9c9c-b4a50082c632&keyword=ch%C6%B0%C6%A1ng%20th%E1%BB%8B%20th%E1%BA%AFm&tg=6&tungay=01/06/2026&denngay=23/09/2026&usid=172.31.255.1_oqn5yqe3ix0gr4lrbzs3p1ibd2c86039&st=171053",
        "onclick": ""
      },
      {
        "text": "Thường",
        "href": "http://192.168.2.26:2026/home.aspx?scope=sys&lang=vi&wpid=phauthuatdraw&phauthuatid=b7e43b73-eb20-4b52-9c9c-b4a50082c632&keyword=ch%C6%B0%C6%A1ng%20th%E1%BB%8B%20th%E1%BA%AFm&tg=6&tungay=01/06/2026&denngay=23/09/2026&usid=172.31.255.1_oqn5yqe3ix0gr4lrbzs3p1ibd2c86039&st=171053",
        "onclick": ""
      },
      {
        "text": "13/08/2026",
        "href": "http://192.168.2.26:2026/home.aspx?scope=sys&lang=vi&wpid=phauthuatdraw&phauthuatid=b7e43b73-eb20-4b52-9c9c-b4a50082c632&keyword=ch%C6%B0%C6%A1ng%20th%E1%BB%8B%20th%E1%BA%AFm&tg=6&tungay=01/06/2026&denngay=23/09/2026&usid=172.31.255.1_oqn5yqe3ix0gr4lrbzs3p1ibd2c86039&st=171053",
        "onclick": ""
      }
    ]
  }
}
[2026-09-22 17:10:54.636] [BROWSER] [DETAIL] kind=surgery; access_id=b7e43b73-eb20-4b52-9c9c-b4a50082c632; direct_url=yes; onclick=no
[2026-09-22 17:10:54.637] [BROWSER] [DETAIL] Mở liên kết trực tiếp: http://192.168.2.26:2026/home.aspx?scope=sys&lang=vi&wpid=phauthuatdraw&phauthuatid=b7e43b73-eb20-4b52-9c9c-b4a50082c632&keyword=ch%C6%B0%C6%A1ng%20th%E1%BB%8B%20th%E1%BA%AFm&tg=6&tungay=01/06/2026&denngay=23/09/2026&usid=172.31.255.1_oqn5yqe3ix0gr4lrbzs3p1ibd2c86039&st=171053
[2026-09-22 17:10:55.666] [BROWSER] [DETAIL] Dữ liệu đọc được: {"ajax_active": 0, "complete_info": "Người hoàn tất: Hồ Điền (hdien) | TG nhấn hoàn tất: 08:29 13/08/2026", "current_url": "http://192.168.2.26:2026/home.aspx?scope=sys&lang=vi&wpid=phauthuatdraw&phauthuatid=b7e43b73-eb20-4b52-9c9c-b4a50082c632&keyword=ch%C6%B0%C6%A1ng%20th%E1%BB%8B%20th%E1%BA%AFm&tg=6&tungay=01/06/2026&denngay=23/09/2026&usid=172.31.255.1_oqn5yqe3ix0gr4lrbzs3p1ibd2c86039&st=171053", "doctor": "Nguyễn Lê Hoan", "doctor_candidates": [{"id": "cbbBacSiPT", "value": "Nguyễn Lê Hoan"}], "doctor_field": "cbbBacSiPT", "doctor_found": true, "method": "Chưa bao gồm đinh, nẹp, vít, gân nhân tạo, gân sinh học, khung cố định ngoài, xương nhân tạo hoặc sản phẩm sinh học thay thế xương.", "method_candidates": [{"id": "txtNoiDungPT", "value": "Chưa bao gồm đinh, nẹp, vít, gân nhân tạo, gân sinh học, khung cố định ngoài, xương nhân tạo hoặc sản phẩm sinh học thay thế xương."}, {"id": "cbbPhuongPhapPT", "value": "Phẫu thuật điều trị bệnh DE QUER VAIN và ngón tay cò súng [gây tê]"}, {"id": "cbbChiDinhMoPT", "value": "(PT.1732)Phẫu thuật điều trị bệnh DE QUER VAIN và ngón tay cò súng [gây tê]"}], "method_field": "txtNoiDungPT", "patient_info": "", "root_found": true, "start_candidates": [{"id": "txtBatDauPT", "value": "07:55 13/08/2026"}], "start_time": "07:55 13/08/2026", "start_time_field": "txtBatDauPT"}
[2026-09-22 17:10:55.667] [BROWSER] [DETAIL] Nguồn bác sĩ: BS mổ chính; field=cbbBacSiPT; value=Nguyễn Lê Hoan
[2026-09-22 17:10:55.668] [DETAIL_OK] D/s Phẫu thuật: đọc được hồ sơ chi tiết
{
  "doctor_from_emr": "Nguyễn Lê Hoan",
  "mapped_alias": "HOAN",
  "mapped_name": "Nguyễn Lê Hoan",
  "start_time": "07:55 13/08/2026",
  "start_time_field": "txtBatDauPT",
  "method": "Chưa bao gồm đinh, nẹp, vít, gân nhân tạo, gân sinh học, khung cố định ngoài, xương nhân tạo hoặc sản phẩm sinh học thay thế xương.",
  "method_field": "txtNoiDungPT",
  "list_time_source": "Thời gian",
  "list_method_source": "Nội dung phẫu thuật",
  "current_url": "http://192.168.2.26:2026/home.aspx?scope=sys&lang=vi&wpid=phauthuatdraw&phauthuatid=b7e43b73-eb20-4b52-9c9c-b4a50082c632&keyword=ch%C6%B0%C6%A1ng%20th%E1%BB%8B%20th%E1%BA%AFm&tg=6&tungay=01/06/2026&denngay=23/09/2026&usid=172.31.255.1_oqn5yqe3ix0gr4lrbzs3p1ibd2c86039&st=171053",
  "total_score": 404.7872340425532,
  "method_score": 0.3617021276595745
}
[2026-09-22 17:10:55.668] [DETAIL_BEGIN] D/s Phẫu thuật: mở ứng viên 2
{
  "detail_marker": "http://192.168.2.26:2026/home.aspx?scope=sys&lang=vi&wpid=phauthuatdraw&phauthuatid=821053fb-4851-4f73-8612-b4a500805b56&keyword=ch%C6%B0%C6%A1ng%20th%E1%BB%8B%20th%E1%BA%AFm&tg=6&tungay=01/06/2026&denngay=23/09/2026&usid=172.31.255.1_oqn5yqe3ix0gr4lrbzs3p1ibd2c86039&st=171053",
  "list_datetime": "2026-08-13 00:00:00",
  "list_method": "",
  "row": {
    "access_id": "821053fb-4851-4f73-8612-b4a500805b56",
    "known_fields": {
      "stt": "2",
      "ma_bn": "26037473",
      "ho_ten": "CHƯƠNG THỊ THẮM (Phẫu thuật tại khoa)",
      "gioi_tinh": "Nữ",
      "tuoi": "51 tuổi",
      "phong_mo": "PHÒNG PHẪU THUẬT",
      "noi_chuyen_mo": "Khoa Khám Bệnh",
      "noi_dung_phau_thuat": "",
      "tinh_trang": "Thường",
      "thoi_gian": "13/08/2026",
      "trang_thai": "Không mổ",
      "doi_tuong": "Bảo hiểm",
      "tam_ung": "0"
    },
    "raw_text": "2 26037473 CHƯƠNG THỊ THẮM (Phẫu thuật tại khoa) Nữ 51 tuổi PHÒNG PHẪU THUẬT Khoa Khám Bệnh Thường 13/08/2026 Không mổ Bảo hiểm 0",
    "links": [
      {
        "text": "2",
        "href": "http://192.168.2.26:2026/home.aspx?scope=sys&lang=vi&wpid=phauthuatdraw&phauthuatid=821053fb-4851-4f73-8612-b4a500805b56&keyword=ch%C6%B0%C6%A1ng%20th%E1%BB%8B%20th%E1%BA%AFm&tg=6&tungay=01/06/2026&denngay=23/09/2026&usid=172.31.255.1_oqn5yqe3ix0gr4lrbzs3p1ibd2c86039&st=171053",
        "onclick": ""
      },
      {
        "text": "26037473",
        "href": "http://192.168.2.26:2026/home.aspx?scope=sys&lang=vi&wpid=phauthuatdraw&phauthuatid=821053fb-4851-4f73-8612-b4a500805b56&keyword=ch%C6%B0%C6%A1ng%20th%E1%BB%8B%20th%E1%BA%AFm&tg=6&tungay=01/06/2026&denngay=23/09/2026&usid=172.31.255.1_oqn5yqe3ix0gr4lrbzs3p1ibd2c86039&st=171053",
        "onclick": ""
      },
      {
        "text": "CHƯƠNG THỊ THẮM (Phẫu thuật tại khoa)",
        "href": "http://192.168.2.26:2026/home.aspx?scope=sys&lang=vi&wpid=phauthuatdraw&phauthuatid=821053fb-4851-4f73-8612-b4a500805b56&keyword=ch%C6%B0%C6%A1ng%20th%E1%BB%8B%20th%E1%BA%AFm&tg=6&tungay=01/06/2026&denngay=23/09/2026&usid=172.31.255.1_oqn5yqe3ix0gr4lrbzs3p1ibd2c86039&st=171053",
        "onclick": ""
      },
      {
        "text": "Nữ",
        "href": "http://192.168.2.26:2026/home.aspx?scope=sys&lang=vi&wpid=phauthuatdraw&phauthuatid=821053fb-4851-4f73-8612-b4a500805b56&keyword=ch%C6%B0%C6%A1ng%20th%E1%BB%8B%20th%E1%BA%AFm&tg=6&tungay=01/06/2026&denngay=23/09/2026&usid=172.31.255.1_oqn5yqe3ix0gr4lrbzs3p1ibd2c86039&st=171053",
        "onclick": ""
      },
      {
        "text": "51 tuổi",
        "href": "http://192.168.2.26:2026/home.aspx?scope=sys&lang=vi&wpid=phauthuatdraw&phauthuatid=821053fb-4851-4f73-8612-b4a500805b56&keyword=ch%C6%B0%C6%A1ng%20th%E1%BB%8B%20th%E1%BA%AFm&tg=6&tungay=01/06/2026&denngay=23/09/2026&usid=172.31.255.1_oqn5yqe3ix0gr4lrbzs3p1ibd2c86039&st=171053",
        "onclick": ""
      },
      {
        "text": "PHÒNG PHẪU THUẬT",
        "href": "http://192.168.2.26:2026/home.aspx?scope=sys&lang=vi&wpid=phauthuatdraw&phauthuatid=821053fb-4851-4f73-8612-b4a500805b56&keyword=ch%C6%B0%C6%A1ng%20th%E1%BB%8B%20th%E1%BA%AFm&tg=6&tungay=01/06/2026&denngay=23/09/2026&usid=172.31.255.1_oqn5yqe3ix0gr4lrbzs3p1ibd2c86039&st=171053",
        "onclick": ""
      },
      {
        "text": "Khoa Khám Bệnh",
        "href": "http://192.168.2.26:2026/home.aspx?scope=sys&lang=vi&wpid=phauthuatdraw&phauthuatid=821053fb-4851-4f73-8612-b4a500805b56&keyword=ch%C6%B0%C6%A1ng%20th%E1%BB%8B%20th%E1%BA%AFm&tg=6&tungay=01/06/2026&denngay=23/09/2026&usid=172.31.255.1_oqn5yqe3ix0gr4lrbzs3p1ibd2c86039&st=171053",
        "onclick": ""
      },
      {
        "text": "",
        "href": "http://192.168.2.26:2026/home.aspx?scope=sys&lang=vi&wpid=phauthuatdraw&phauthuatid=821053fb-4851-4f73-8612-b4a500805b56&keyword=ch%C6%B0%C6%A1ng%20th%E1%BB%8B%20th%E1%BA%AFm&tg=6&tungay=01/06/2026&denngay=23/09/2026&usid=172.31.255.1_oqn5yqe3ix0gr4lrbzs3p1ibd2c86039&st=171053",
        "onclick": ""
      },
      {
        "text": "Thường",
        "href": "http://192.168.2.26:2026/home.aspx?scope=sys&lang=vi&wpid=phauthuatdraw&phauthuatid=821053fb-4851-4f73-8612-b4a500805b56&keyword=ch%C6%B0%C6%A1ng%20th%E1%BB%8B%20th%E1%BA%AFm&tg=6&tungay=01/06/2026&denngay=23/09/2026&usid=172.31.255.1_oqn5yqe3ix0gr4lrbzs3p1ibd2c86039&st=171053",
        "onclick": ""
      },
      {
        "text": "13/08/2026",
        "href": "http://192.168.2.26:2026/home.aspx?scope=sys&lang=vi&wpid=phauthuatdraw&phauthuatid=821053fb-4851-4f73-8612-b4a500805b56&keyword=ch%C6%B0%C6%A1ng%20th%E1%BB%8B%20th%E1%BA%AFm&tg=6&tungay=01/06/2026&denngay=23/09/2026&usid=172.31.255.1_oqn5yqe3ix0gr4lrbzs3p1ibd2c86039&st=171053",
        "onclick": ""
      }
    ]
  }
}
[2026-09-22 17:10:55.674] [BROWSER] [DETAIL] kind=surgery; access_id=821053fb-4851-4f73-8612-b4a500805b56; direct_url=yes; onclick=no
[2026-09-22 17:10:55.674] [BROWSER] [DETAIL] Mở liên kết trực tiếp: http://192.168.2.26:2026/home.aspx?scope=sys&lang=vi&wpid=phauthuatdraw&phauthuatid=821053fb-4851-4f73-8612-b4a500805b56&keyword=ch%C6%B0%C6%A1ng%20th%E1%BB%8B%20th%E1%BA%AFm&tg=6&tungay=01/06/2026&denngay=23/09/2026&usid=172.31.255.1_oqn5yqe3ix0gr4lrbzs3p1ibd2c86039&st=171053
