[2026-07-23 13:50:35.271] [START] Bắt đầu phiên đối chiếu EMR
{
  "folder": "E:\\Thong_ke\\emr_debug\\20260723_135035_270"
}
[2026-07-23 13:50:35.271] [CONFIG] Thông tin phiên chạy
{
  "input_file": "E:\\Thong_ke\\node_outputs\\PM khoa CTCH T6_NHAP_LIEU.xlsx",
  "output_file": "E:\\Thong_ke\\node_outputs\\PM khoa CTCH T6_NHAP_LIEU.xlsx",
  "config_file": "E:\\Thong_ke\\emr_config.json",
  "only_row": null,
  "headless_arg": false
}
[2026-07-23 13:50:35.683] [WORKBOOK] Đã đọc sheet tieuphau
{
  "sheet": "tieuphau",
  "header_row": 6,
  "total_row": 115,
  "columns": {
    "stt": 1,
    "ngay": 2,
    "hovaten": 3,
    "tuoi": 4,
    "tencls": 5,
    "soluong": 6,
    "thanhtien": 7,
    "bacsi": 8,
    "sotien": 9,
    "dieuduong": 10,
    "thuclanh": 12
  },
  "headers": {
    "1": "STT",
    "2": "Ngày",
    "3": "Họ và tên",
    "4": "Tuổi",
    "5": "Tên CLS",
    "6": "Số Lượng",
    "7": "Thành tiền",
    "8": "Bác Sĩ",
    "9": "Số Tiền",
    "10": "Điều Dưỡng",
    "11": "Số Tiền",
    "12": "Thực Lãnh"
  },
  "doctor_count": 29
}
[2026-07-23 13:50:35.687] [SKIP_VALID] Dòng 7: đã là bác sĩ hợp lệ
{
  "value": "HOAN"
}
[2026-07-23 13:50:35.687] [SKIP_VALID] Dòng 8: đã là bác sĩ hợp lệ
{
  "value": "BẢO"
}
[2026-07-23 13:50:35.688] [SKIP_VALID] Dòng 9: đã là bác sĩ hợp lệ
{
  "value": "V.TÂN"
}
[2026-07-23 13:50:35.688] [SKIP_VALID] Dòng 10: đã là bác sĩ hợp lệ
{
  "value": "TOẢN"
}
[2026-07-23 13:50:35.688] [SKIP_VALID] Dòng 11: đã là bác sĩ hợp lệ
{
  "value": "TÚ"
}
[2026-07-23 13:50:35.689] [SKIP_VALID] Dòng 12: đã là bác sĩ hợp lệ
{
  "value": "TÚ"
}
[2026-07-23 13:50:35.689] [SKIP_VALID] Dòng 13: đã là bác sĩ hợp lệ
{
  "value": "G.TỬ"
}
[2026-07-23 13:50:35.689] [SKIP_VALID] Dòng 14: đã là bác sĩ hợp lệ
{
  "value": "HOAN"
}
[2026-07-23 13:50:35.690] [SKIP_VALID] Dòng 15: đã là bác sĩ hợp lệ
{
  "value": "SƠN"
}
[2026-07-23 13:50:35.690] [SKIP_VALID] Dòng 16: đã là bác sĩ hợp lệ
{
  "value": "V.TÂN"
}
[2026-07-23 13:50:35.690] [SKIP_VALID] Dòng 17: đã là bác sĩ hợp lệ
{
  "value": "TÚ"
}
[2026-07-23 13:50:35.691] [SKIP_VALID] Dòng 18: đã là bác sĩ hợp lệ
{
  "value": "TÚ"
}
[2026-07-23 13:50:35.691] [SKIP_VALID] Dòng 19: đã là bác sĩ hợp lệ
{
  "value": "DUY"
}
[2026-07-23 13:50:35.691] [SKIP_VALID] Dòng 20: đã là bác sĩ hợp lệ
{
  "value": "HOAN"
}
[2026-07-23 13:50:35.692] [SKIP_VALID] Dòng 21: đã là bác sĩ hợp lệ
{
  "value": "HOAN"
}
[2026-07-23 13:50:35.692] [SKIP_VALID] Dòng 22: đã là bác sĩ hợp lệ
{
  "value": "SƠN"
}
[2026-07-23 13:50:35.692] [SKIP_VALID] Dòng 23: đã là bác sĩ hợp lệ
{
  "value": "V.TÂN"
}
[2026-07-23 13:50:35.693] [SKIP_VALID] Dòng 24: đã là bác sĩ hợp lệ
{
  "value": "V.TÂN"
}
[2026-07-23 13:50:35.693] [SKIP_VALID] Dòng 25: đã là bác sĩ hợp lệ
{
  "value": "TOẢN"
}
[2026-07-23 13:50:35.693] [SKIP_VALID] Dòng 26: đã là bác sĩ hợp lệ
{
  "value": "TOẢN"
}
[2026-07-23 13:50:35.694] [SKIP_VALID] Dòng 27: đã là bác sĩ hợp lệ
{
  "value": "BẢO"
}
[2026-07-23 13:50:35.694] [SKIP_VALID] Dòng 28: đã là bác sĩ hợp lệ
{
  "value": "HOAN"
}
[2026-07-23 13:50:35.694] [SKIP_VALID] Dòng 29: đã là bác sĩ hợp lệ
{
  "value": "SƠN"
}
[2026-07-23 13:50:35.695] [SKIP_VALID] Dòng 30: đã là bác sĩ hợp lệ
{
  "value": "SƠN"
}
[2026-07-23 13:50:35.695] [SKIP_VALID] Dòng 31: đã là bác sĩ hợp lệ
{
  "value": "SƠN"
}
[2026-07-23 13:50:35.695] [SKIP_VALID] Dòng 32: đã là bác sĩ hợp lệ
{
  "value": "SƠN"
}
[2026-07-23 13:50:35.696] [SKIP_VALID] Dòng 33: đã là bác sĩ hợp lệ
{
  "value": "BẢO"
}
[2026-07-23 13:50:35.696] [SKIP_VALID] Dòng 34: đã là bác sĩ hợp lệ
{
  "value": "V.TÂN"
}
[2026-07-23 13:50:35.696] [SKIP_VALID] Dòng 35: đã là bác sĩ hợp lệ
{
  "value": "V.TÂN"
}
[2026-07-23 13:50:35.697] [SKIP_VALID] Dòng 36: đã là bác sĩ hợp lệ
{
  "value": "TÚ"
}
[2026-07-23 13:50:35.697] [SKIP_VALID] Dòng 37: đã là bác sĩ hợp lệ
{
  "value": "TÚ"
}
[2026-07-23 13:50:35.698] [SKIP_VALID] Dòng 38: đã là bác sĩ hợp lệ
{
  "value": "TÚ"
}
[2026-07-23 13:50:35.698] [SKIP_VALID] Dòng 39: đã là bác sĩ hợp lệ
{
  "value": "G.TỬ"
}
[2026-07-23 13:50:35.698] [SKIP_VALID] Dòng 40: đã là bác sĩ hợp lệ
{
  "value": "ĐIỀN"
}
[2026-07-23 13:50:35.699] [SKIP_VALID] Dòng 41: đã là bác sĩ hợp lệ
{
  "value": "G.TỬ"
}
[2026-07-23 13:50:35.699] [SKIP_VALID] Dòng 42: đã là bác sĩ hợp lệ
{
  "value": "HOAN"
}
[2026-07-23 13:50:35.700] [SKIP_VALID] Dòng 43: đã là bác sĩ hợp lệ
{
  "value": "V.TÂN"
}
[2026-07-23 13:50:35.700] [SKIP_VALID] Dòng 44: đã là bác sĩ hợp lệ
{
  "value": "SƠN"
}
[2026-07-23 13:50:35.700] [SKIP_VALID] Dòng 45: đã là bác sĩ hợp lệ
{
  "value": "V.TÂN"
}
[2026-07-23 13:50:35.700] [SKIP_VALID] Dòng 46: đã là bác sĩ hợp lệ
{
  "value": "HOAN"
}
[2026-07-23 13:50:35.701] [SKIP_VALID] Dòng 47: đã là bác sĩ hợp lệ
{
  "value": "SƠN"
}
[2026-07-23 13:50:35.701] [SKIP_VALID] Dòng 48: đã là bác sĩ hợp lệ
{
  "value": "V.TÂN"
}
[2026-07-23 13:50:35.702] [SKIP_VALID] Dòng 50: đã là bác sĩ hợp lệ
{
  "value": "TOẢN"
}
[2026-07-23 13:50:35.702] [SKIP_VALID] Dòng 51: đã là bác sĩ hợp lệ
{
  "value": "TOẢN"
}
[2026-07-23 13:50:35.702] [SKIP_VALID] Dòng 54: đã là bác sĩ hợp lệ
{
  "value": "DUY"
}
[2026-07-23 13:50:35.703] [SKIP_VALID] Dòng 56: đã là bác sĩ hợp lệ
{
  "value": "HOAN"
}
[2026-07-23 13:50:35.703] [SKIP_VALID] Dòng 57: đã là bác sĩ hợp lệ
{
  "value": "V.TÂN"
}
[2026-07-23 13:50:35.703] [SKIP_VALID] Dòng 58: đã là bác sĩ hợp lệ
{
  "value": "V.TÂN"
}
[2026-07-23 13:50:35.704] [SKIP_VALID] Dòng 59: đã là bác sĩ hợp lệ
{
  "value": "V.TÂN"
}
[2026-07-23 13:50:35.705] [SKIP_VALID] Dòng 60: đã là bác sĩ hợp lệ
{
  "value": "SƠN"
}
[2026-07-23 13:50:35.705] [SKIP_VALID] Dòng 61: đã là bác sĩ hợp lệ
{
  "value": "SƠN"
}
[2026-07-23 13:50:35.706] [SKIP_VALID] Dòng 62: đã là bác sĩ hợp lệ
{
  "value": "BẢO"
}
[2026-07-23 13:50:35.706] [SKIP_VALID] Dòng 63: đã là bác sĩ hợp lệ
{
  "value": "BẢO"
}
[2026-07-23 13:50:35.706] [SKIP_VALID] Dòng 64: đã là bác sĩ hợp lệ
{
  "value": "V.TÂN"
}
[2026-07-23 13:50:35.707] [SKIP_VALID] Dòng 65: đã là bác sĩ hợp lệ
{
  "value": "V.TÂN"
}
[2026-07-23 13:50:35.707] [SKIP_VALID] Dòng 66: đã là bác sĩ hợp lệ
{
  "value": "V.TÂN"
}
[2026-07-23 13:50:35.707] [SKIP_VALID] Dòng 67: đã là bác sĩ hợp lệ
{
  "value": "TOẢN"
}
[2026-07-23 13:50:35.707] [SKIP_VALID] Dòng 68: đã là bác sĩ hợp lệ
{
  "value": "ĐIỀN"
}
[2026-07-23 13:50:35.708] [SKIP_VALID] Dòng 69: đã là bác sĩ hợp lệ
{
  "value": "V.TÂN"
}
[2026-07-23 13:50:35.708] [SKIP_VALID] Dòng 70: đã là bác sĩ hợp lệ
{
  "value": "V.TÂN"
}
[2026-07-23 13:50:35.709] [SKIP_VALID] Dòng 71: đã là bác sĩ hợp lệ
{
  "value": "SƠN"
}
[2026-07-23 13:50:35.709] [SKIP_VALID] Dòng 72: đã là bác sĩ hợp lệ
{
  "value": "V.TÂN"
}
[2026-07-23 13:50:35.710] [SKIP_VALID] Dòng 73: đã là bác sĩ hợp lệ
{
  "value": "V.TÂN"
}
[2026-07-23 13:50:35.710] [SKIP_VALID] Dòng 74: đã là bác sĩ hợp lệ
{
  "value": "V.TÂN"
}
[2026-07-23 13:50:35.710] [SKIP_VALID] Dòng 75: đã là bác sĩ hợp lệ
{
  "value": "HOAN"
}
[2026-07-23 13:50:35.711] [SKIP_VALID] Dòng 76: đã là bác sĩ hợp lệ
{
  "value": "HOAN"
}
[2026-07-23 13:50:35.711] [SKIP_VALID] Dòng 77: đã là bác sĩ hợp lệ
{
  "value": "HOAN"
}
[2026-07-23 13:50:35.711] [SKIP_VALID] Dòng 78: đã là bác sĩ hợp lệ
{
  "value": "TÚ"
}
[2026-07-23 13:50:35.712] [SKIP_VALID] Dòng 79: đã là bác sĩ hợp lệ
{
  "value": "DUY"
}
[2026-07-23 13:50:35.712] [SKIP_VALID] Dòng 80: đã là bác sĩ hợp lệ
{
  "value": "DUY"
}
[2026-07-23 13:50:35.713] [SKIP_VALID] Dòng 81: đã là bác sĩ hợp lệ
{
  "value": "HOAN"
}
[2026-07-23 13:50:35.713] [SKIP_VALID] Dòng 82: đã là bác sĩ hợp lệ
{
  "value": "V.TÂN"
}
[2026-07-23 13:50:35.713] [SKIP_VALID] Dòng 83: đã là bác sĩ hợp lệ
{
  "value": "BẢO"
}
[2026-07-23 13:50:35.714] [SKIP_VALID] Dòng 84: đã là bác sĩ hợp lệ
{
  "value": "BẢO"
}
[2026-07-23 13:50:35.714] [SKIP_VALID] Dòng 85: đã là bác sĩ hợp lệ
{
  "value": "BẢO"
}
[2026-07-23 13:50:35.715] [SKIP_VALID] Dòng 86: đã là bác sĩ hợp lệ
{
  "value": "BẢO"
}
[2026-07-23 13:50:35.715] [SKIP_VALID] Dòng 92: đã là bác sĩ hợp lệ
{
  "value": "TOẢN"
}
[2026-07-23 13:50:35.716] [SKIP_VALID] Dòng 94: đã là bác sĩ hợp lệ
{
  "value": "HOAN"
}
[2026-07-23 13:50:35.716] [SKIP_VALID] Dòng 95: đã là bác sĩ hợp lệ
{
  "value": "G.TỬ"
}
[2026-07-23 13:50:35.716] [SKIP_VALID] Dòng 96: đã là bác sĩ hợp lệ
{
  "value": "DUY"
}
[2026-07-23 13:50:35.717] [SKIP_VALID] Dòng 97: đã là bác sĩ hợp lệ
{
  "value": "V.TÂN"
}
[2026-07-23 13:50:35.717] [SKIP_VALID] Dòng 98: đã là bác sĩ hợp lệ
{
  "value": "V.TÂN"
}
[2026-07-23 13:50:35.717] [SKIP_VALID] Dòng 99: đã là bác sĩ hợp lệ
{
  "value": "V.TÂN"
}
[2026-07-23 13:50:35.718] [SKIP_VALID] Dòng 100: đã là bác sĩ hợp lệ
{
  "value": "V.TÂN"
}
[2026-07-23 13:50:35.719] [SKIP_VALID] Dòng 101: đã là bác sĩ hợp lệ
{
  "value": "BẢO"
}
[2026-07-23 13:50:35.719] [SKIP_VALID] Dòng 102: đã là bác sĩ hợp lệ
{
  "value": "SƠN"
}
[2026-07-23 13:50:35.720] [SKIP_VALID] Dòng 103: đã là bác sĩ hợp lệ
{
  "value": "V.TÂN"
}
[2026-07-23 13:50:35.720] [SKIP_VALID] Dòng 104: đã là bác sĩ hợp lệ
{
  "value": "V.TÂN"
}
[2026-07-23 13:50:35.721] [SKIP_VALID] Dòng 105: đã là bác sĩ hợp lệ
{
  "value": "V.TÂN"
}
[2026-07-23 13:50:35.721] [SKIP_VALID] Dòng 106: đã là bác sĩ hợp lệ
{
  "value": "TOẢN"
}
[2026-07-23 13:50:35.721] [TARGET_ROWS] Có 10 dòng cần kiểm tra EMR
{
  "rows": [
    49,
    52,
    53,
    55,
    87,
    88,
    89,
    90,
    91,
    93
  ],
  "skipped_valid": 90
}
[2026-07-23 13:50:36.254] [AUTOSAVE_INIT] Đã tạo/cập nhật file làm việc trước khi tìm EMR
{
  "output": "E:\\Thong_ke\\node_outputs\\PM khoa CTCH T6_NHAP_LIEU.xlsx"
}
[2026-07-23 13:50:36.255] [BROWSER_START] Khởi động trình duyệt EMR
{
  "headless": false
}
[2026-07-23 13:50:37.229] [BROWSER_READY] Trình duyệt EMR đã sẵn sàng
[2026-07-23 13:50:37.234] [ROW_BEGIN] [1/10] Bắt đầu dòng 49: LƯƠNG TẤN VINH
{
  "raw_time": "2026/06/01 16:23",
  "parsed_time": "16:23 01/06/2026",
  "method": "Khâu vết thương phần mềm dài dưới 10 cm [tổn thương nông]",
  "old_value": ""
}
[2026-07-23 13:50:37.235] [SEARCH_BEGIN] dòng 49: tìm LƯƠNG TẤN VINH tại D/s Thủ thuật
{
  "patient": "LƯƠNG TẤN VINH",
  "target_time": "2026-06-01 16:23:00",
  "target_method": "Khâu vết thương phần mềm dài dưới 10 cm [tổn thương nông]",
  "source": "procedure"
}
[2026-07-23 13:50:37.252] [BROWSER] [LOGIN] http://192.168.2.26:2026/login.aspx
[2026-07-23 13:50:38.657] [BROWSER] [LOGIN] Thành công: http://192.168.2.26:2026/home.aspx?scope=sys&lang=vi&role=323&usid=172.31.255.1_rsenway4ypykm2begi123ahbfbbe4130&st=135035
[2026-07-23 13:50:38.895] [BROWSER] [NAV] D/s Thủ thuật: http://192.168.2.26:2026/home.aspx?scope=sys&lang=vi&wpid=danhsachthuthuatdraw&role=323&usid=172.31.255.1_rsenway4ypykm2begi123ahbfbbe4130&st=135035
[2026-07-23 13:50:40.928] [BROWSER] [FILTER] 3 tháng
[2026-07-23 13:50:41.489] [BROWSER] [SEARCH] Nhập 'LƯƠNG TẤN VINH' vào #txtTimKiem
[2026-07-23 13:50:41.757] [BROWSER] [SEARCH] Đã bấm Tìm kiếm bằng #btnTimKiem
[2026-07-23 13:50:41.787] [BROWSER] [RESULT] D/s Thủ thuật: 1 dòng
[2026-07-23 13:50:41.795] [SEARCH_RESULT] D/s Thủ thuật: nhận 1 dòng
{
  "current_url": "http://192.168.2.26:2026/home.aspx?scope=sys&lang=vi&wpid=danhsachthuthuatdraw&role=323&usid=172.31.255.1_rsenway4ypykm2begi123ahbfbbe4130&st=135035",
  "search_input_id": "txtTimKiem",
  "search_trigger": "#btnTimKiem",
  "headers": [
    "STT",
    "Ngày thủ thuật",
    "Mã BN",
    "Họ tên",
    "Giới tính",
    "Tuổi",
    "Đối tượng",
    "Nơi chỉ định",
    "Chỉ định thủ thuật",
    "Tạm ứng",
    "Phải thanh toán",
    "Tình trạng",
    "Thời gian chỉ định",
    "Trạng thái"
  ],
  "rows": [
    {
      "access_id": "b4eb1056-6e36-4c2b-85ba-b45c010f8d51",
      "known_fields": {
        "stt": "1",
        "ngay_thu_thuat": "13:49 23/07/2026",
        "ma_bn": "26060665",
        "ho_ten": "LƯƠNG TẤN VINH",
        "gioi_tinh": "Nữ",
        "tuoi": "12 tuổi",
        "doi_tuong": "Viện phí",
        "noi_chi_dinh": "PHÒNG KHÁM CHẤN THƯƠNG CHỈNH HÌNH - 20B",
        "chi_dinh_thu_thuat": "Khâu vết thương phần mềm dài dưới 10 cm [tổn thương nông]",
        "tam_ung": "0",
        "phai_thanh_toan": "600,000",
        "tinh_trang": "Thường",
        "thoi_gian_chi_dinh": "16:23 01/06/2026",
        "trang_thai": "Chờ thực hiện"
      },
      "raw_text": "1 13:49 23/07/2026 26060665 LƯƠNG TẤN VINH Nữ 12 tuổi Viện phí PHÒNG KHÁM CHẤN THƯƠNG CHỈNH HÌNH - 20B Khâu vết thương phần mềm dài dưới 10 cm [tổn thương nông] 0 600,000 Thường 16:23 01/06/2026 Chờ thực hiện",
      "links": [
        {
          "text": "1",
          "href": "http://192.168.2.26:2026/home.aspx?scope=sys&lang=vi&wpid=thuthuatnewdraw&thuthuatid=b4eb1056-6e36-4c2b-85ba-b45c010f8d51&usid=172.31.255.1_rsenway4ypykm2begi123ahbfbbe4130&st=135039",
          "onclick": ""
        },
        {
          "text": "13:49 23/07/2026",
          "href": "http://192.168.2.26:2026/home.aspx?scope=sys&lang=vi&wpid=thuthuatnewdraw&thuthuatid=b4eb1056-6e36-4c2b-85ba-b45c010f8d51&usid=172.31.255.1_rsenway4ypykm2begi123ahbfbbe4130&st=135039",
          "onclick": ""
        },
        {
          "text": "26060665",
          "href": "http://192.168.2.26:2026/home.aspx?scope=sys&lang=vi&wpid=thuthuatnewdraw&thuthuatid=b4eb1056-6e36-4c2b-85ba-b45c010f8d51&usid=172.31.255.1_rsenway4ypykm2begi123ahbfbbe4130&st=135039",
          "onclick": ""
        },
        {
          "text": "LƯƠNG TẤN VINH",
          "href": "http://192.168.2.26:2026/home.aspx?scope=sys&lang=vi&wpid=thuthuatnewdraw&thuthuatid=b4eb1056-6e36-4c2b-85ba-b45c010f8d51&usid=172.31.255.1_rsenway4ypykm2begi123ahbfbbe4130&st=135039",
          "onclick": ""
        },
        {
          "text": "Nữ",
          "href": "http://192.168.2.26:2026/home.aspx?scope=sys&lang=vi&wpid=thuthuatnewdraw&thuthuatid=b4eb1056-6e36-4c2b-85ba-b45c010f8d51&usid=172.31.255.1_rsenway4ypykm2begi123ahbfbbe4130&st=135039",
          "onclick": ""
        },
        {
          "text": "12 tuổi",
          "href": "http://192.168.2.26:2026/home.aspx?scope=sys&lang=vi&wpid=thuthuatnewdraw&thuthuatid=b4eb1056-6e36-4c2b-85ba-b45c010f8d51&usid=172.31.255.1_rsenway4ypykm2begi123ahbfbbe4130&st=135039",
          "onclick": ""
        },
        {
          "text": "Viện phí",
          "href": "http://192.168.2.26:2026/home.aspx?scope=sys&lang=vi&wpid=thuthuatnewdraw&thuthuatid=b4eb1056-6e36-4c2b-85ba-b45c010f8d51&usid=172.31.255.1_rsenway4ypykm2begi123ahbfbbe4130&st=135039",
          "onclick": ""
        },
        {
          "text": "PHÒNG KHÁM CHẤN THƯƠNG CHỈNH HÌNH - 20B",
          "href": "http://192.168.2.26:2026/home.aspx?scope=sys&lang=vi&wpid=thuthuatnewdraw&thuthuatid=b4eb1056-6e36-4c2b-85ba-b45c010f8d51&usid=172.31.255.1_rsenway4ypykm2begi123ahbfbbe4130&st=135039",
          "onclick": ""
        },
        {
          "text": "Khâu vết thương phần mềm dài dưới 10 cm [tổn thương nông]",
          "href": "http://192.168.2.26:2026/home.aspx?scope=sys&lang=vi&wpid=thuthuatnewdraw&thuthuatid=b4eb1056-6e36-4c2b-85ba-b45c010f8d51&usid=172.31.255.1_rsenway4ypykm2begi123ahbfbbe4130&st=135039",
          "onclick": ""
        },
        {
          "text": "0",
          "href": "http://192.168.2.26:2026/home.aspx?scope=sys&lang=vi&wpid=thuthuatnewdraw&thuthuatid=b4eb1056-6e36-4c2b-85ba-b45c010f8d51&usid=172.31.255.1_rsenway4ypykm2begi123ahbfbbe4130&st=135039",
          "onclick": ""
        },
        {
          "text": "600,000",
          "href": "http://192.168.2.26:2026/home.aspx?scope=sys&lang=vi&wpid=thuthuatnewdraw&thuthuatid=b4eb1056-6e36-4c2b-85ba-b45c010f8d51&usid=172.31.255.1_rsenway4ypykm2begi123ahbfbbe4130&st=135039",
          "onclick": ""
        },
        {
          "text": "Thường",
          "href": "http://192.168.2.26:2026/home.aspx?scope=sys&lang=vi&wpid=thuthuatnewdraw&thuthuatid=b4eb1056-6e36-4c2b-85ba-b45c010f8d51&usid=172.31.255.1_rsenway4ypykm2begi123ahbfbbe4130&st=135039",
          "onclick": ""
        },
        {
          "text": "16:23 01/06/2026",
          "href": "http://192.168.2.26:2026/home.aspx?scope=sys&lang=vi&wpid=thuthuatnewdraw&thuthuatid=b4eb1056-6e36-4c2b-85ba-b45c010f8d51&usid=172.31.255.1_rsenway4ypykm2begi123ahbfbbe4130&st=135039",
          "onclick": ""
        },
        {
          "text": "Chờ thực hiện",
          "href": "http://192.168.2.26:2026/home.aspx?scope=sys&lang=vi&wpid=thuthuatnewdraw&thuthuatid=b4eb1056-6e36-4c2b-85ba-b45c010f8d51&usid=172.31.255.1_rsenway4ypykm2begi123ahbfbbe4130&st=135039",
          "onclick": ""
        }
      ]
    }
  ]
}
[2026-07-23 13:50:41.799] [CANDIDATES] D/s Thủ thuật: có 1 ứng viên cùng người bệnh
{
  "candidates": [
    {
      "list_score": 75.0,
      "list_datetime": "2026-07-23 13:49:00",
      "list_method": "Khâu vết thương phần mềm dài dưới 10 cm [tổn thương nông]",
      "detail_marker": "http://192.168.2.26:2026/home.aspx?scope=sys&lang=vi&wpid=thuthuatnewdraw&thuthuatid=b4eb1056-6e36-4c2b-85ba-b45c010f8d51&usid=172.31.255.1_rsenway4ypykm2begi123ahbfbbe4130&st=135039",
      "row": {
        "access_id": "b4eb1056-6e36-4c2b-85ba-b45c010f8d51",
        "known_fields": {
          "stt": "1",
          "ngay_thu_thuat": "13:49 23/07/2026",
          "ma_bn": "26060665",
          "ho_ten": "LƯƠNG TẤN VINH",
          "gioi_tinh": "Nữ",
          "tuoi": "12 tuổi",
          "doi_tuong": "Viện phí",
          "noi_chi_dinh": "PHÒNG KHÁM CHẤN THƯƠNG CHỈNH HÌNH - 20B",
          "chi_dinh_thu_thuat": "Khâu vết thương phần mềm dài dưới 10 cm [tổn thương nông]",
          "tam_ung": "0",
          "phai_thanh_toan": "600,000",
          "tinh_trang": "Thường",
          "thoi_gian_chi_dinh": "16:23 01/06/2026",
          "trang_thai": "Chờ thực hiện"
        },
        "raw_text": "1 13:49 23/07/2026 26060665 LƯƠNG TẤN VINH Nữ 12 tuổi Viện phí PHÒNG KHÁM CHẤN THƯƠNG CHỈNH HÌNH - 20B Khâu vết thương phần mềm dài dưới 10 cm [tổn thương nông] 0 600,000 Thường 16:23 01/06/2026 Chờ thực hiện",
        "links": [
          {
            "text": "1",
            "href": "http://192.168.2.26:2026/home.aspx?scope=sys&lang=vi&wpid=thuthuatnewdraw&thuthuatid=b4eb1056-6e36-4c2b-85ba-b45c010f8d51&usid=172.31.255.1_rsenway4ypykm2begi123ahbfbbe4130&st=135039",
            "onclick": ""
          },
          {
            "text": "13:49 23/07/2026",
            "href": "http://192.168.2.26:2026/home.aspx?scope=sys&lang=vi&wpid=thuthuatnewdraw&thuthuatid=b4eb1056-6e36-4c2b-85ba-b45c010f8d51&usid=172.31.255.1_rsenway4ypykm2begi123ahbfbbe4130&st=135039",
            "onclick": ""
          },
          {
            "text": "26060665",
            "href": "http://192.168.2.26:2026/home.aspx?scope=sys&lang=vi&wpid=thuthuatnewdraw&thuthuatid=b4eb1056-6e36-4c2b-85ba-b45c010f8d51&usid=172.31.255.1_rsenway4ypykm2begi123ahbfbbe4130&st=135039",
            "onclick": ""
          },
          {
            "text": "LƯƠNG TẤN VINH",
            "href": "http://192.168.2.26:2026/home.aspx?scope=sys&lang=vi&wpid=thuthuatnewdraw&thuthuatid=b4eb1056-6e36-4c2b-85ba-b45c010f8d51&usid=172.31.255.1_rsenway4ypykm2begi123ahbfbbe4130&st=135039",
            "onclick": ""
          },
          {
            "text": "Nữ",
            "href": "http://192.168.2.26:2026/home.aspx?scope=sys&lang=vi&wpid=thuthuatnewdraw&thuthuatid=b4eb1056-6e36-4c2b-85ba-b45c010f8d51&usid=172.31.255.1_rsenway4ypykm2begi123ahbfbbe4130&st=135039",
            "onclick": ""
          },
          {
            "text": "12 tuổi",
            "href": "http://192.168.2.26:2026/home.aspx?scope=sys&lang=vi&wpid=thuthuatnewdraw&thuthuatid=b4eb1056-6e36-4c2b-85ba-b45c010f8d51&usid=172.31.255.1_rsenway4ypykm2begi123ahbfbbe4130&st=135039",
            "onclick": ""
          },
          {
            "text": "Viện phí",
            "href": "http://192.168.2.26:2026/home.aspx?scope=sys&lang=vi&wpid=thuthuatnewdraw&thuthuatid=b4eb1056-6e36-4c2b-85ba-b45c010f8d51&usid=172.31.255.1_rsenway4ypykm2begi123ahbfbbe4130&st=135039",
            "onclick": ""
          },
          {
            "text": "PHÒNG KHÁM CHẤN THƯƠNG CHỈNH HÌNH - 20B",
            "href": "http://192.168.2.26:2026/home.aspx?scope=sys&lang=vi&wpid=thuthuatnewdraw&thuthuatid=b4eb1056-6e36-4c2b-85ba-b45c010f8d51&usid=172.31.255.1_rsenway4ypykm2begi123ahbfbbe4130&st=135039",
            "onclick": ""
          },
          {
            "text": "Khâu vết thương phần mềm dài dưới 10 cm [tổn thương nông]",
            "href": "http://192.168.2.26:2026/home.aspx?scope=sys&lang=vi&wpid=thuthuatnewdraw&thuthuatid=b4eb1056-6e36-4c2b-85ba-b45c010f8d51&usid=172.31.255.1_rsenway4ypykm2begi123ahbfbbe4130&st=135039",
            "onclick": ""
          },
          {
            "text": "0",
            "href": "http://192.168.2.26:2026/home.aspx?scope=sys&lang=vi&wpid=thuthuatnewdraw&thuthuatid=b4eb1056-6e36-4c2b-85ba-b45c010f8d51&usid=172.31.255.1_rsenway4ypykm2begi123ahbfbbe4130&st=135039",
            "onclick": ""
          },
          {
            "text": "600,000",
            "href": "http://192.168.2.26:2026/home.aspx?scope=sys&lang=vi&wpid=thuthuatnewdraw&thuthuatid=b4eb1056-6e36-4c2b-85ba-b45c010f8d51&usid=172.31.255.1_rsenway4ypykm2begi123ahbfbbe4130&st=135039",
            "onclick": ""
          },
          {
            "text": "Thường",
            "href": "http://192.168.2.26:2026/home.aspx?scope=sys&lang=vi&wpid=thuthuatnewdraw&thuthuatid=b4eb1056-6e36-4c2b-85ba-b45c010f8d51&usid=172.31.255.1_rsenway4ypykm2begi123ahbfbbe4130&st=135039",
            "onclick": ""
          },
          {
            "text": "16:23 01/06/2026",
            "href": "http://192.168.2.26:2026/home.aspx?scope=sys&lang=vi&wpid=thuthuatnewdraw&thuthuatid=b4eb1056-6e36-4c2b-85ba-b45c010f8d51&usid=172.31.255.1_rsenway4ypykm2begi123ahbfbbe4130&st=135039",
            "onclick": ""
          },
          {
            "text": "Chờ thực hiện",
            "href": "http://192.168.2.26:2026/home.aspx?scope=sys&lang=vi&wpid=thuthuatnewdraw&thuthuatid=b4eb1056-6e36-4c2b-85ba-b45c010f8d51&usid=172.31.255.1_rsenway4ypykm2begi123ahbfbbe4130&st=135039",
            "onclick": ""
          }
        ]
      }
    }
  ]
}
[2026-07-23 13:50:41.801] [DETAIL_BEGIN] D/s Thủ thuật: mở ứng viên 1
{
  "detail_marker": "http://192.168.2.26:2026/home.aspx?scope=sys&lang=vi&wpid=thuthuatnewdraw&thuthuatid=b4eb1056-6e36-4c2b-85ba-b45c010f8d51&usid=172.31.255.1_rsenway4ypykm2begi123ahbfbbe4130&st=135039",
  "list_datetime": "2026-07-23 13:49:00",
  "list_method": "Khâu vết thương phần mềm dài dưới 10 cm [tổn thương nông]",
  "row": {
    "access_id": "b4eb1056-6e36-4c2b-85ba-b45c010f8d51",
    "known_fields": {
      "stt": "1",
      "ngay_thu_thuat": "13:49 23/07/2026",
      "ma_bn": "26060665",
      "ho_ten": "LƯƠNG TẤN VINH",
      "gioi_tinh": "Nữ",
      "tuoi": "12 tuổi",
      "doi_tuong": "Viện phí",
      "noi_chi_dinh": "PHÒNG KHÁM CHẤN THƯƠNG CHỈNH HÌNH - 20B",
      "chi_dinh_thu_thuat": "Khâu vết thương phần mềm dài dưới 10 cm [tổn thương nông]",
      "tam_ung": "0",
      "phai_thanh_toan": "600,000",
      "tinh_trang": "Thường",
      "thoi_gian_chi_dinh": "16:23 01/06/2026",
      "trang_thai": "Chờ thực hiện"
    },
    "raw_text": "1 13:49 23/07/2026 26060665 LƯƠNG TẤN VINH Nữ 12 tuổi Viện phí PHÒNG KHÁM CHẤN THƯƠNG CHỈNH HÌNH - 20B Khâu vết thương phần mềm dài dưới 10 cm [tổn thương nông] 0 600,000 Thường 16:23 01/06/2026 Chờ thực hiện",
    "links": [
      {
        "text": "1",
        "href": "http://192.168.2.26:2026/home.aspx?scope=sys&lang=vi&wpid=thuthuatnewdraw&thuthuatid=b4eb1056-6e36-4c2b-85ba-b45c010f8d51&usid=172.31.255.1_rsenway4ypykm2begi123ahbfbbe4130&st=135039",
        "onclick": ""
      },
      {
        "text": "13:49 23/07/2026",
        "href": "http://192.168.2.26:2026/home.aspx?scope=sys&lang=vi&wpid=thuthuatnewdraw&thuthuatid=b4eb1056-6e36-4c2b-85ba-b45c010f8d51&usid=172.31.255.1_rsenway4ypykm2begi123ahbfbbe4130&st=135039",
        "onclick": ""
      },
      {
        "text": "26060665",
        "href": "http://192.168.2.26:2026/home.aspx?scope=sys&lang=vi&wpid=thuthuatnewdraw&thuthuatid=b4eb1056-6e36-4c2b-85ba-b45c010f8d51&usid=172.31.255.1_rsenway4ypykm2begi123ahbfbbe4130&st=135039",
        "onclick": ""
      },
      {
        "text": "LƯƠNG TẤN VINH",
        "href": "http://192.168.2.26:2026/home.aspx?scope=sys&lang=vi&wpid=thuthuatnewdraw&thuthuatid=b4eb1056-6e36-4c2b-85ba-b45c010f8d51&usid=172.31.255.1_rsenway4ypykm2begi123ahbfbbe4130&st=135039",
        "onclick": ""
      },
      {
        "text": "Nữ",
        "href": "http://192.168.2.26:2026/home.aspx?scope=sys&lang=vi&wpid=thuthuatnewdraw&thuthuatid=b4eb1056-6e36-4c2b-85ba-b45c010f8d51&usid=172.31.255.1_rsenway4ypykm2begi123ahbfbbe4130&st=135039",
        "onclick": ""
      },
      {
        "text": "12 tuổi",
        "href": "http://192.168.2.26:2026/home.aspx?scope=sys&lang=vi&wpid=thuthuatnewdraw&thuthuatid=b4eb1056-6e36-4c2b-85ba-b45c010f8d51&usid=172.31.255.1_rsenway4ypykm2begi123ahbfbbe4130&st=135039",
        "onclick": ""
      },
      {
        "text": "Viện phí",
        "href": "http://192.168.2.26:2026/home.aspx?scope=sys&lang=vi&wpid=thuthuatnewdraw&thuthuatid=b4eb1056-6e36-4c2b-85ba-b45c010f8d51&usid=172.31.255.1_rsenway4ypykm2begi123ahbfbbe4130&st=135039",
        "onclick": ""
      },
      {
        "text": "PHÒNG KHÁM CHẤN THƯƠNG CHỈNH HÌNH - 20B",
        "href": "http://192.168.2.26:2026/home.aspx?scope=sys&lang=vi&wpid=thuthuatnewdraw&thuthuatid=b4eb1056-6e36-4c2b-85ba-b45c010f8d51&usid=172.31.255.1_rsenway4ypykm2begi123ahbfbbe4130&st=135039",
        "onclick": ""
      },
      {
        "text": "Khâu vết thương phần mềm dài dưới 10 cm [tổn thương nông]",
        "href": "http://192.168.2.26:2026/home.aspx?scope=sys&lang=vi&wpid=thuthuatnewdraw&thuthuatid=b4eb1056-6e36-4c2b-85ba-b45c010f8d51&usid=172.31.255.1_rsenway4ypykm2begi123ahbfbbe4130&st=135039",
        "onclick": ""
      },
      {
        "text": "0",
        "href": "http://192.168.2.26:2026/home.aspx?scope=sys&lang=vi&wpid=thuthuatnewdraw&thuthuatid=b4eb1056-6e36-4c2b-85ba-b45c010f8d51&usid=172.31.255.1_rsenway4ypykm2begi123ahbfbbe4130&st=135039",
        "onclick": ""
      },
      {
        "text": "600,000",
        "href": "http://192.168.2.26:2026/home.aspx?scope=sys&lang=vi&wpid=thuthuatnewdraw&thuthuatid=b4eb1056-6e36-4c2b-85ba-b45c010f8d51&usid=172.31.255.1_rsenway4ypykm2begi123ahbfbbe4130&st=135039",
        "onclick": ""
      },
      {
        "text": "Thường",
        "href": "http://192.168.2.26:2026/home.aspx?scope=sys&lang=vi&wpid=thuthuatnewdraw&thuthuatid=b4eb1056-6e36-4c2b-85ba-b45c010f8d51&usid=172.31.255.1_rsenway4ypykm2begi123ahbfbbe4130&st=135039",
        "onclick": ""
      },
      {
        "text": "16:23 01/06/2026",
        "href": "http://192.168.2.26:2026/home.aspx?scope=sys&lang=vi&wpid=thuthuatnewdraw&thuthuatid=b4eb1056-6e36-4c2b-85ba-b45c010f8d51&usid=172.31.255.1_rsenway4ypykm2begi123ahbfbbe4130&st=135039",
        "onclick": ""
      },
      {
        "text": "Chờ thực hiện",
        "href": "http://192.168.2.26:2026/home.aspx?scope=sys&lang=vi&wpid=thuthuatnewdraw&thuthuatid=b4eb1056-6e36-4c2b-85ba-b45c010f8d51&usid=172.31.255.1_rsenway4ypykm2begi123ahbfbbe4130&st=135039",
        "onclick": ""
      }
    ]
  }
}
[2026-07-23 13:50:41.811] [BROWSER] [DETAIL] kind=procedure; access_id=b4eb1056-6e36-4c2b-85ba-b45c010f8d51; direct_url=yes; onclick=no
[2026-07-23 13:50:41.811] [BROWSER] [DETAIL] Mở liên kết trực tiếp: http://192.168.2.26:2026/home.aspx?scope=sys&lang=vi&wpid=thuthuatnewdraw&thuthuatid=b4eb1056-6e36-4c2b-85ba-b45c010f8d51&usid=172.31.255.1_rsenway4ypykm2begi123ahbfbbe4130&st=135039
[2026-07-23 13:50:42.717] [BROWSER] [DETAIL] Dữ liệu đọc được: {"complete_info": "", "current_url": "http://192.168.2.26:2026/home.aspx?scope=sys&lang=vi&wpid=thuthuatnewdraw&thuthuatid=b4eb1056-6e36-4c2b-85ba-b45c010f8d51&usid=172.31.255.1_rsenway4ypykm2begi123ahbfbbe4130&st=135039", "doctor": "Phạm Việt Tân", "doctor_field": "txtBacSyChiDinh", "doctor_found": true, "method": "Khâu vết thương phần mềm dài dưới 10 cm [tổn thương nông]", "patient_info": "(26060665 | LƯƠNG TẤN VINH, 01/01/2014, Nữ, 12 tuổi | Viện phí)", "root_found": true, "start_time": "13:50 23/07/2026"}
[2026-07-23 13:50:42.718] [BROWSER] [DETAIL] Nguồn bác sĩ: Bác sĩ chỉ định; field=txtBacSyChiDinh; value=Phạm Việt Tân
[2026-07-23 13:50:42.719] [DETAIL_OK] D/s Thủ thuật: đọc được hồ sơ chi tiết
{
  "doctor_from_emr": "Phạm Việt Tân",
  "mapped_alias": "V.TÂN",
  "mapped_name": "Phạm Việt Tân",
  "start_time": "13:50 23/07/2026",
  "method": "Khâu vết thương phần mềm dài dưới 10 cm [tổn thương nông]",
  "current_url": "http://192.168.2.26:2026/home.aspx?scope=sys&lang=vi&wpid=thuthuatnewdraw&thuthuatid=b4eb1056-6e36-4c2b-85ba-b45c010f8d51&usid=172.31.255.1_rsenway4ypykm2begi123ahbfbbe4130&st=135039",
  "total_score": 145.0,
  "method_score": 1.0
}
[2026-07-23 13:50:42.720] [EVALUATED] D/s Thủ thuật: đánh giá 1 hồ sơ
{
  "items": [
    {
      "doctor": "Phạm Việt Tân",
      "alias": "V.TÂN",
      "detail_datetime": "2026-07-23 13:50:00",
      "method_score": 1.0,
      "total_score": 145.0,
      "confidence_ok": false
    }
  ]
}
[2026-07-23 13:50:42.721] [SEARCH_BEGIN] dòng 49: tìm LƯƠNG TẤN VINH tại D/s Phẫu thuật
{
  "patient": "LƯƠNG TẤN VINH",
  "target_time": "2026-06-01 16:23:00",
  "target_method": "Khâu vết thương phần mềm dài dưới 10 cm [tổn thương nông]",
  "source": "surgery"
}
[2026-07-23 13:50:43.171] [BROWSER] [NAV] D/s Phẫu thuật: http://192.168.2.26:2026/home.aspx?scope=sys&lang=vi&wpid=danhsachphauthuatdraw&role=323&usid=172.31.255.1_rsenway4ypykm2begi123ahbfbbe4130&st=135039
[2026-07-23 13:50:45.182] [BROWSER] [FILTER] 3 tháng
[2026-07-23 13:50:45.719] [BROWSER] [SEARCH] Nhập 'LƯƠNG TẤN VINH' vào #txtTimKiem
[2026-07-23 13:50:45.834] [BROWSER] [SEARCH] Đã bấm Tìm kiếm bằng #btnTimKiem
[2026-07-23 13:51:05.106] [BROWSER] [RESULT] D/s Phẫu thuật: 0 dòng
[2026-07-23 13:51:05.117] [SEARCH_RESULT] D/s Phẫu thuật: nhận 0 dòng
{
  "current_url": "http://192.168.2.26:2026/home.aspx?scope=sys&lang=vi&wpid=danhsachphauthuatdraw&role=323&usid=172.31.255.1_rsenway4ypykm2begi123ahbfbbe4130&st=135039",
  "search_input_id": "txtTimKiem",
  "search_trigger": "#btnTimKiem",
  "headers": [],
  "rows": []
}
[2026-07-23 13:51:05.118] [CANDIDATES] D/s Phẫu thuật: có 0 ứng viên cùng người bệnh
{
  "candidates": []
}
[2026-07-23 13:51:05.118] [ROW_UNMATCHED] Dòng 49: procedure: có kết quả nhưng không khớp ngày; surgery: không có dòng cùng người bệnh
{
  "rowNumber": 49,
  "patient": "LƯƠNG TẤN VINH",
  "time": "16:23 01/06/2026",
  "method": "Khâu vết thương phần mềm dài dưới 10 cm [tổn thương nông]",
  "oldValue": "",
  "status": "unmatched",
  "reason": "procedure: có kết quả nhưng không khớp ngày; surgery: không có dòng cùng người bệnh"
}
[2026-07-23 13:51:05.119] [ROW_END] Kết thúc dòng 49
{
  "status": "unmatched",
  "new_value": null,
  "reason": "procedure: có kết quả nhưng không khớp ngày; surgery: không có dòng cùng người bệnh"
}
[2026-07-23 13:51:05.119] [ROW_BEGIN] [2/10] Bắt đầu dòng 52: NGUYỄN THỊ DIỆU
{
  "raw_time": "2026/06/03 09:29",
  "parsed_time": "09:29 03/06/2026",
  "method": "Tiêm khớp gối",
  "old_value": ""
}
[2026-07-23 13:51:05.120] [SEARCH_BEGIN] dòng 52: tìm NGUYỄN THỊ DIỆU tại D/s Thủ thuật
{
  "patient": "NGUYỄN THỊ DIỆU",
  "target_time": "2026-06-03 09:29:00",
  "target_method": "Tiêm khớp gối",
  "source": "procedure"
}
[2026-07-23 13:51:05.402] [BROWSER] [NAV] D/s Thủ thuật: http://192.168.2.26:2026/home.aspx?scope=sys&lang=vi&wpid=danhsachthuthuatdraw&role=323&usid=172.31.255.1_rsenway4ypykm2begi123ahbfbbe4130&st=135040
[2026-07-23 13:51:07.365] [BROWSER] [FILTER] 3 tháng
[2026-07-23 13:51:07.856] [BROWSER] [SEARCH] Nhập 'NGUYỄN THỊ DIỆU' vào #txtTimKiem
[2026-07-23 13:51:08.099] [BROWSER] [SEARCH] Đã bấm Tìm kiếm bằng #btnTimKiem
[2026-07-23 13:51:08.126] [BROWSER] [RESULT] D/s Thủ thuật: 10 dòng
[2026-07-23 13:51:08.133] [SEARCH_RESULT] D/s Thủ thuật: nhận 10 dòng
{
  "current_url": "http://192.168.2.26:2026/home.aspx?scope=sys&lang=vi&wpid=danhsachthuthuatdraw&role=323&usid=172.31.255.1_rsenway4ypykm2begi123ahbfbbe4130&st=135040",
  "search_input_id": "txtTimKiem",
  "search_trigger": "#btnTimKiem",
  "headers": [
    "STT",
    "Ngày thủ thuật",
    "Mã BN",
    "Họ tên",
    "Giới tính",
    "Tuổi",
    "Đối tượng",
    "Nơi chỉ định",
    "Chỉ định thủ thuật",
    "Tạm ứng",
    "Phải thanh toán",
    "Tình trạng",
    "Thời gian chỉ định",
    "Trạng thái"
  ],
  "rows": [
    {
      "access_id": "1c21bb8f-20ec-4db7-b47e-b4700083c7ff",
      "known_fields": {
        "stt": "1",
        "ngay_thu_thuat": "08:00 21/06/2026",
        "ma_bn": "26066471",
        "ho_ten": "NGUYỄN THỊ DIỆU",
        "gioi_tinh": "Nữ",
        "tuoi": "63 tuổi",
        "doi_tuong": "Viện phí",
        "noi_chi_dinh": "Khoa Ngoại Tổng Hợp",
        "chi_dinh_thu_thuat": "Thay băng, cắt chỉ vết mổ [chiều dài ≤ 15cm]",
        "tam_ung": "0",
        "phai_thanh_toan": "0",
        "tinh_trang": "Thường",
        "thoi_gian_chi_dinh": "07:59 21/06/2026",
        "trang_thai": "Hoàn tất"
      },
      "raw_text": "1 08:00 21/06/2026 26066471 NGUYỄN THỊ DIỆU Nữ 63 tuổi Viện phí Khoa Ngoại Tổng Hợp Thay băng, cắt chỉ vết mổ [chiều dài ≤ 15cm] 0 0 Thường 07:59 21/06/2026 Hoàn tất",
      "links": [
        {
          "text": "1",
          "href": "http://192.168.2.26:2026/home.aspx?scope=sys&lang=vi&wpid=thuthuatnewdraw&thuthuatid=1c21bb8f-20ec-4db7-b47e-b4700083c7ff&usid=172.31.255.1_rsenway4ypykm2begi123ahbfbbe4130&st=135105",
          "onclick": ""
        },
        {
          "text": "08:00 21/06/2026",
          "href": "http://192.168.2.26:2026/home.aspx?scope=sys&lang=vi&wpid=thuthuatnewdraw&thuthuatid=1c21bb8f-20ec-4db7-b47e-b4700083c7ff&usid=172.31.255.1_rsenway4ypykm2begi123ahbfbbe4130&st=135105",
          "onclick": ""
        },
        {
          "text": "26066471",
          "href": "http://192.168.2.26:2026/home.aspx?scope=sys&lang=vi&wpid=thuthuatnewdraw&thuthuatid=1c21bb8f-20ec-4db7-b47e-b4700083c7ff&usid=172.31.255.1_rsenway4ypykm2begi123ahbfbbe4130&st=135105",
          "onclick": ""
        },
        {
          "text": "NGUYỄN THỊ DIỆU",
          "href": "http://192.168.2.26:2026/home.aspx?scope=sys&lang=vi&wpid=thuthuatnewdraw&thuthuatid=1c21bb8f-20ec-4db7-b47e-b4700083c7ff&usid=172.31.255.1_rsenway4ypykm2begi123ahbfbbe4130&st=135105",
          "onclick": ""
        },
        {
          "text": "Nữ",
          "href": "http://192.168.2.26:2026/home.aspx?scope=sys&lang=vi&wpid=thuthuatnewdraw&thuthuatid=1c21bb8f-20ec-4db7-b47e-b4700083c7ff&usid=172.31.255.1_rsenway4ypykm2begi123ahbfbbe4130&st=135105",
          "onclick": ""
        },
        {
          "text": "63 tuổi",
          "href": "http://192.168.2.26:2026/home.aspx?scope=sys&lang=vi&wpid=thuthuatnewdraw&thuthuatid=1c21bb8f-20ec-4db7-b47e-b4700083c7ff&usid=172.31.255.1_rsenway4ypykm2begi123ahbfbbe4130&st=135105",
          "onclick": ""
        },
        {
          "text": "Viện phí",
          "href": "http://192.168.2.26:2026/home.aspx?scope=sys&lang=vi&wpid=thuthuatnewdraw&thuthuatid=1c21bb8f-20ec-4db7-b47e-b4700083c7ff&usid=172.31.255.1_rsenway4ypykm2begi123ahbfbbe4130&st=135105",
          "onclick": ""
        },
        {
          "text": "Khoa Ngoại Tổng Hợp",
          "href": "http://192.168.2.26:2026/home.aspx?scope=sys&lang=vi&wpid=thuthuatnewdraw&thuthuatid=1c21bb8f-20ec-4db7-b47e-b4700083c7ff&usid=172.31.255.1_rsenway4ypykm2begi123ahbfbbe4130&st=135105",
          "onclick": ""
        },
        {
          "text": "Thay băng, cắt chỉ vết mổ [chiều dài ≤ 15cm]",
          "href": "http://192.168.2.26:2026/home.aspx?scope=sys&lang=vi&wpid=thuthuatnewdraw&thuthuatid=1c21bb8f-20ec-4db7-b47e-b4700083c7ff&usid=172.31.255.1_rsenway4ypykm2begi123ahbfbbe4130&st=135105",
          "onclick": ""
        },
        {
          "text": "0",
          "href": "http://192.168.2.26:2026/home.aspx?scope=sys&lang=vi&wpid=thuthuatnewdraw&thuthuatid=1c21bb8f-20ec-4db7-b47e-b4700083c7ff&usid=172.31.255.1_rsenway4ypykm2begi123ahbfbbe4130&st=135105",
          "onclick": ""
        },
        {
          "text": "0",
          "href": "http://192.168.2.26:2026/home.aspx?scope=sys&lang=vi&wpid=thuthuatnewdraw&thuthuatid=1c21bb8f-20ec-4db7-b47e-b4700083c7ff&usid=172.31.255.1_rsenway4ypykm2begi123ahbfbbe4130&st=135105",
          "onclick": ""
        },
        {
          "text": "Thường",
          "href": "http://192.168.2.26:2026/home.aspx?scope=sys&lang=vi&wpid=thuthuatnewdraw&thuthuatid=1c21bb8f-20ec-4db7-b47e-b4700083c7ff&usid=172.31.255.1_rsenway4ypykm2begi123ahbfbbe4130&st=135105",
          "onclick": ""
        },
        {
          "text": "07:59 21/06/2026",
          "href": "http://192.168.2.26:2026/home.aspx?scope=sys&lang=vi&wpid=thuthuatnewdraw&thuthuatid=1c21bb8f-20ec-4db7-b47e-b4700083c7ff&usid=172.31.255.1_rsenway4ypykm2begi123ahbfbbe4130&st=135105",
          "onclick": ""
        },
        {
          "text": "Hoàn tất",
          "href": "http://192.168.2.26:2026/home.aspx?scope=sys&lang=vi&wpid=thuthuatnewdraw&thuthuatid=1c21bb8f-20ec-4db7-b47e-b4700083c7ff&usid=172.31.255.1_rsenway4ypykm2begi123ahbfbbe4130&st=135105",
          "onclick": ""
        }
      ]
    },
    {
      "access_id": "2e193aba-6b65-486e-b832-b471008ab95a",
      "known_fields": {
        "stt": "2",
        "ngay_thu_thuat": "08:40 22/06/2026",
        "ma_bn": "26066471",
        "ho_ten": "NGUYỄN THỊ DIỆU",
        "gioi_tinh": "Nữ",
        "tuoi": "63 tuổi",
        "doi_tuong": "Viện phí",
        "noi_chi_dinh": "Khoa Ngoại Tổng Hợp",
        "chi_dinh_thu_thuat": "Thay băng, cắt chỉ vết mổ [chiều dài ≤ 15cm]",
        "tam_ung": "0",
        "phai_thanh_toan": "0",
        "tinh_trang": "Thường",
        "thoi_gian_chi_dinh": "08:00 22/06/2026",
        "trang_thai": "Hoàn tất"
      },
      "raw_text": "2 08:40 22/06/2026 26066471 NGUYỄN THỊ DIỆU Nữ 63 tuổi Viện phí Khoa Ngoại Tổng Hợp Thay băng, cắt chỉ vết mổ [chiều dài ≤ 15cm] 0 0 Thường 08:00 22/06/2026 Hoàn tất",
      "links": [
        {
          "text": "2",
          "href": "http://192.168.2.26:2026/home.aspx?scope=sys&lang=vi&wpid=thuthuatnewdraw&thuthuatid=2e193aba-6b65-486e-b832-b471008ab95a&usid=172.31.255.1_rsenway4ypykm2begi123ahbfbbe4130&st=135105",
          "onclick": ""
        },
        {
          "text": "08:40 22/06/2026",
          "href": "http://192.168.2.26:2026/home.aspx?scope=sys&lang=vi&wpid=thuthuatnewdraw&thuthuatid=2e193aba-6b65-486e-b832-b471008ab95a&usid=172.31.255.1_rsenway4ypykm2begi123ahbfbbe4130&st=135105",
          "onclick": ""
        },
        {
          "text": "26066471",
          "href": "http://192.168.2.26:2026/home.aspx?scope=sys&lang=vi&wpid=thuthuatnewdraw&thuthuatid=2e193aba-6b65-486e-b832-b471008ab95a&usid=172.31.255.1_rsenway4ypykm2begi123ahbfbbe4130&st=135105",
          "onclick": ""
        },
        {
          "text": "NGUYỄN THỊ DIỆU",
          "href": "http://192.168.2.26:2026/home.aspx?scope=sys&lang=vi&wpid=thuthuatnewdraw&thuthuatid=2e193aba-6b65-486e-b832-b471008ab95a&usid=172.31.255.1_rsenway4ypykm2begi123ahbfbbe4130&st=135105",
          "onclick": ""
        },
        {
          "text": "Nữ",
          "href": "http://192.168.2.26:2026/home.aspx?scope=sys&lang=vi&wpid=thuthuatnewdraw&thuthuatid=2e193aba-6b65-486e-b832-b471008ab95a&usid=172.31.255.1_rsenway4ypykm2begi123ahbfbbe4130&st=135105",
          "onclick": ""
        },
        {
          "text": "63 tuổi",
          "href": "http://192.168.2.26:2026/home.aspx?scope=sys&lang=vi&wpid=thuthuatnewdraw&thuthuatid=2e193aba-6b65-486e-b832-b471008ab95a&usid=172.31.255.1_rsenway4ypykm2begi123ahbfbbe4130&st=135105",
          "onclick": ""
        },
        {
          "text": "Viện phí",
          "href": "http://192.168.2.26:2026/home.aspx?scope=sys&lang=vi&wpid=thuthuatnewdraw&thuthuatid=2e193aba-6b65-486e-b832-b471008ab95a&usid=172.31.255.1_rsenway4ypykm2begi123ahbfbbe4130&st=135105",
          "onclick": ""
        },
        {
          "text": "Khoa Ngoại Tổng Hợp",
          "href": "http://192.168.2.26:2026/home.aspx?scope=sys&lang=vi&wpid=thuthuatnewdraw&thuthuatid=2e193aba-6b65-486e-b832-b471008ab95a&usid=172.31.255.1_rsenway4ypykm2begi123ahbfbbe4130&st=135105",
          "onclick": ""
        },
        {
          "text": "Thay băng, cắt chỉ vết mổ [chiều dài ≤ 15cm]",
          "href": "http://192.168.2.26:2026/home.aspx?scope=sys&lang=vi&wpid=thuthuatnewdraw&thuthuatid=2e193aba-6b65-486e-b832-b471008ab95a&usid=172.31.255.1_rsenway4ypykm2begi123ahbfbbe4130&st=135105",
          "onclick": ""
        },
        {
          "text": "0",
          "href": "http://192.168.2.26:2026/home.aspx?scope=sys&lang=vi&wpid=thuthuatnewdraw&thuthuatid=2e193aba-6b65-486e-b832-b471008ab95a&usid=172.31.255.1_rsenway4ypykm2begi123ahbfbbe4130&st=135105",
          "onclick": ""
        },
        {
          "text": "0",
          "href": "http://192.168.2.26:2026/home.aspx?scope=sys&lang=vi&wpid=thuthuatnewdraw&thuthuatid=2e193aba-6b65-486e-b832-b471008ab95a&usid=172.31.255.1_rsenway4ypykm2begi123ahbfbbe4130&st=135105",
          "onclick": ""
        },
        {
          "text": "Thường",
          "href": "http://192.168.2.26:2026/home.aspx?scope=sys&lang=vi&wpid=thuthuatnewdraw&thuthuatid=2e193aba-6b65-486e-b832-b471008ab95a&usid=172.31.255.1_rsenway4ypykm2begi123ahbfbbe4130&st=135105",
          "onclick": ""
        },
        {
          "text": "08:00 22/06/2026",
          "href": "http://192.168.2.26:2026/home.aspx?scope=sys&lang=vi&wpid=thuthuatnewdraw&thuthuatid=2e193aba-6b65-486e-b832-b471008ab95a&usid=172.31.255.1_rsenway4ypykm2begi123ahbfbbe4130&st=135105",
          "onclick": ""
        },
        {
          "text": "Hoàn tất",
          "href": "http://192.168.2.26:2026/home.aspx?scope=sys&lang=vi&wpid=thuthuatnewdraw&thuthuatid=2e193aba-6b65-486e-b832-b471008ab95a&usid=172.31.255.1_rsenway4ypykm2begi123ahbfbbe4130&st=135105",
          "onclick": ""
        }
      ]
    },
    {
      "access_id": "29887063-c789-40a1-9550-b472000f2c4b",
      "known_fields": {
        "stt": "3",
        "ngay_thu_thuat": "08:00 23/06/2026",
        "ma_bn": "26066471",
        "ho_ten": "NGUYỄN THỊ DIỆU",
        "gioi_tinh": "Nữ",
        "tuoi": "63 tuổi",
        "doi_tuong": "Viện phí",
        "noi_chi_dinh": "Khoa Ngoại Tổng Hợp",
        "chi_dinh_thu_thuat": "Thay băng, cắt chỉ vết mổ [chiều dài ≤ 15cm]",
        "tam_ung": "0",
        "phai_thanh_toan": "0",
        "tinh_trang": "Thường",
        "thoi_gian_chi_dinh": "08:00 23/06/2026",
        "trang_thai": "Hoàn tất"
      },
      "raw_text": "3 08:00 23/06/2026 26066471 NGUYỄN THỊ DIỆU Nữ 63 tuổi Viện phí Khoa Ngoại Tổng Hợp Thay băng, cắt chỉ vết mổ [chiều dài ≤ 15cm] 0 0 Thường 08:00 23/06/2026 Hoàn tất",
      "links": [
        {
          "text": "3",
          "href": "http://192.168.2.26:2026/home.aspx?scope=sys&lang=vi&wpid=thuthuatnewdraw&thuthuatid=29887063-c789-40a1-9550-b472000f2c4b&usid=172.31.255.1_rsenway4ypykm2begi123ahbfbbe4130&st=135105",
          "onclick": ""
        },
        {
          "text": "08:00 23/06/2026",
          "href": "http://192.168.2.26:2026/home.aspx?scope=sys&lang=vi&wpid=thuthuatnewdraw&thuthuatid=29887063-c789-40a1-9550-b472000f2c4b&usid=172.31.255.1_rsenway4ypykm2begi123ahbfbbe4130&st=135105",
          "onclick": ""
        },
        {
          "text": "26066471",
          "href": "http://192.168.2.26:2026/home.aspx?scope=sys&lang=vi&wpid=thuthuatnewdraw&thuthuatid=29887063-c789-40a1-9550-b472000f2c4b&usid=172.31.255.1_rsenway4ypykm2begi123ahbfbbe4130&st=135105",
          "onclick": ""
        },
        {
          "text": "NGUYỄN THỊ DIỆU",
          "href": "http://192.168.2.26:2026/home.aspx?scope=sys&lang=vi&wpid=thuthuatnewdraw&thuthuatid=29887063-c789-40a1-9550-b472000f2c4b&usid=172.31.255.1_rsenway4ypykm2begi123ahbfbbe4130&st=135105",
          "onclick": ""
        },
        {
          "text": "Nữ",
          "href": "http://192.168.2.26:2026/home.aspx?scope=sys&lang=vi&wpid=thuthuatnewdraw&thuthuatid=29887063-c789-40a1-9550-b472000f2c4b&usid=172.31.255.1_rsenway4ypykm2begi123ahbfbbe4130&st=135105",
          "onclick": ""
        },
        {
          "text": "63 tuổi",
          "href": "http://192.168.2.26:2026/home.aspx?scope=sys&lang=vi&wpid=thuthuatnewdraw&thuthuatid=29887063-c789-40a1-9550-b472000f2c4b&usid=172.31.255.1_rsenway4ypykm2begi123ahbfbbe4130&st=135105",
          "onclick": ""
        },
        {
          "text": "Viện phí",
          "href": "http://192.168.2.26:2026/home.aspx?scope=sys&lang=vi&wpid=thuthuatnewdraw&thuthuatid=29887063-c789-40a1-9550-b472000f2c4b&usid=172.31.255.1_rsenway4ypykm2begi123ahbfbbe4130&st=135105",
          "onclick": ""
        },
        {
          "text": "Khoa Ngoại Tổng Hợp",
          "href": "http://192.168.2.26:2026/home.aspx?scope=sys&lang=vi&wpid=thuthuatnewdraw&thuthuatid=29887063-c789-40a1-9550-b472000f2c4b&usid=172.31.255.1_rsenway4ypykm2begi123ahbfbbe4130&st=135105",
          "onclick": ""
        },
        {
          "text": "Thay băng, cắt chỉ vết mổ [chiều dài ≤ 15cm]",
          "href": "http://192.168.2.26:2026/home.aspx?scope=sys&lang=vi&wpid=thuthuatnewdraw&thuthuatid=29887063-c789-40a1-9550-b472000f2c4b&usid=172.31.255.1_rsenway4ypykm2begi123ahbfbbe4130&st=135105",
          "onclick": ""
        },
        {
          "text": "0",
          "href": "http://192.168.2.26:2026/home.aspx?scope=sys&lang=vi&wpid=thuthuatnewdraw&thuthuatid=29887063-c789-40a1-9550-b472000f2c4b&usid=172.31.255.1_rsenway4ypykm2begi123ahbfbbe4130&st=135105",
          "onclick": ""
        },
        {
          "text": "0",
          "href": "http://192.168.2.26:2026/home.aspx?scope=sys&lang=vi&wpid=thuthuatnewdraw&thuthuatid=29887063-c789-40a1-9550-b472000f2c4b&usid=172.31.255.1_rsenway4ypykm2begi123ahbfbbe4130&st=135105",
          "onclick": ""
        },
        {
          "text": "Thường",
          "href": "http://192.168.2.26:2026/home.aspx?scope=sys&lang=vi&wpid=thuthuatnewdraw&thuthuatid=29887063-c789-40a1-9550-b472000f2c4b&usid=172.31.255.1_rsenway4ypykm2begi123ahbfbbe4130&st=135105",
          "onclick": ""
        },
        {
          "text": "08:00 23/06/2026",
          "href": "http://192.168.2.26:2026/home.aspx?scope=sys&lang=vi&wpid=thuthuatnewdraw&thuthuatid=29887063-c789-40a1-9550-b472000f2c4b&usid=172.31.255.1_rsenway4ypykm2begi123ahbfbbe4130&st=135105",
          "onclick": ""
        },
        {
          "text": "Hoàn tất",
          "href": "http://192.168.2.26:2026/home.aspx?scope=sys&lang=vi&wpid=thuthuatnewdraw&thuthuatid=29887063-c789-40a1-9550-b472000f2c4b&usid=172.31.255.1_rsenway4ypykm2begi123ahbfbbe4130&st=135105",
          "onclick": ""
        }
      ]
    },
    {
      "access_id": "efc39f15-3a69-4826-b6d5-b479009a4538",
      "known_fields": {
        "stt": "4",
        "ngay_thu_thuat": "09:22 30/06/2026",
        "ma_bn": "26066471",
        "ho_ten": "NGUYỄN THỊ DIỆU",
        "gioi_tinh": "Nữ",
        "tuoi": "63 tuổi",
        "doi_tuong": "Bảo hiểm",
        "noi_chi_dinh": "PHÒNG KHÁM NGOẠI TỔNG HỢP - 09",
        "chi_dinh_thu_thuat": "Thay băng, cắt chỉ vết mổ",
        "tam_ung": "0",
        "phai_thanh_toan": "0",
        "tinh_trang": "Thường",
        "thoi_gian_chi_dinh": "09:21 30/06/2026",
        "trang_thai": "Hoàn tất"
      },
      "raw_text": "4 09:22 30/06/2026 26066471 NGUYỄN THỊ DIỆU Nữ 63 tuổi Bảo hiểm PHÒNG KHÁM NGOẠI TỔNG HỢP - 09 Thay băng, cắt chỉ vết mổ 0 0 Thường 09:21 30/06/2026 Hoàn tất",
      "links": [
        {
          "text": "4",
          "href": "http://192.168.2.26:2026/home.aspx?scope=sys&lang=vi&wpid=thuthuatnewdraw&thuthuatid=efc39f15-3a69-4826-b6d5-b479009a4538&usid=172.31.255.1_rsenway4ypykm2begi123ahbfbbe4130&st=135105",
          "onclick": ""
        },
        {
          "text": "09:22 30/06/2026",
          "href": "http://192.168.2.26:2026/home.aspx?scope=sys&lang=vi&wpid=thuthuatnewdraw&thuthuatid=efc39f15-3a69-4826-b6d5-b479009a4538&usid=172.31.255.1_rsenway4ypykm2begi123ahbfbbe4130&st=135105",
          "onclick": ""
        },
        {
          "text": "26066471",
          "href": "http://192.168.2.26:2026/home.aspx?scope=sys&lang=vi&wpid=thuthuatnewdraw&thuthuatid=efc39f15-3a69-4826-b6d5-b479009a4538&usid=172.31.255.1_rsenway4ypykm2begi123ahbfbbe4130&st=135105",
          "onclick": ""
        },
        {
          "text": "NGUYỄN THỊ DIỆU",
          "href": "http://192.168.2.26:2026/home.aspx?scope=sys&lang=vi&wpid=thuthuatnewdraw&thuthuatid=efc39f15-3a69-4826-b6d5-b479009a4538&usid=172.31.255.1_rsenway4ypykm2begi123ahbfbbe4130&st=135105",
          "onclick": ""
        },
        {
          "text": "Nữ",
          "href": "http://192.168.2.26:2026/home.aspx?scope=sys&lang=vi&wpid=thuthuatnewdraw&thuthuatid=efc39f15-3a69-4826-b6d5-b479009a4538&usid=172.31.255.1_rsenway4ypykm2begi123ahbfbbe4130&st=135105",
          "onclick": ""
        },
        {
          "text": "63 tuổi",
          "href": "http://192.168.2.26:2026/home.aspx?scope=sys&lang=vi&wpid=thuthuatnewdraw&thuthuatid=efc39f15-3a69-4826-b6d5-b479009a4538&usid=172.31.255.1_rsenway4ypykm2begi123ahbfbbe4130&st=135105",
          "onclick": ""
        },
        {
          "text": "Bảo hiểm",
          "href": "http://192.168.2.26:2026/home.aspx?scope=sys&lang=vi&wpid=thuthuatnewdraw&thuthuatid=efc39f15-3a69-4826-b6d5-b479009a4538&usid=172.31.255.1_rsenway4ypykm2begi123ahbfbbe4130&st=135105",
          "onclick": ""
        },
        {
          "text": "PHÒNG KHÁM NGOẠI TỔNG HỢP - 09",
          "href": "http://192.168.2.26:2026/home.aspx?scope=sys&lang=vi&wpid=thuthuatnewdraw&thuthuatid=efc39f15-3a69-4826-b6d5-b479009a4538&usid=172.31.255.1_rsenway4ypykm2begi123ahbfbbe4130&st=135105",
          "onclick": ""
        },
        {
          "text": "Thay băng, cắt chỉ vết mổ",
          "href": "http://192.168.2.26:2026/home.aspx?scope=sys&lang=vi&wpid=thuthuatnewdraw&thuthuatid=efc39f15-3a69-4826-b6d5-b479009a4538&usid=172.31.255.1_rsenway4ypykm2begi123ahbfbbe4130&st=135105",
          "onclick": ""
        },
        {
          "text": "0",
          "href": "http://192.168.2.26:2026/home.aspx?scope=sys&lang=vi&wpid=thuthuatnewdraw&thuthuatid=efc39f15-3a69-4826-b6d5-b479009a4538&usid=172.31.255.1_rsenway4ypykm2begi123ahbfbbe4130&st=135105",
          "onclick": ""
        },
        {
          "text": "0",
          "href": "http://192.168.2.26:2026/home.aspx?scope=sys&lang=vi&wpid=thuthuatnewdraw&thuthuatid=efc39f15-3a69-4826-b6d5-b479009a4538&usid=172.31.255.1_rsenway4ypykm2begi123ahbfbbe4130&st=135105",
          "onclick": ""
        },
        {
          "text": "Thường",
          "href": "http://192.168.2.26:2026/home.aspx?scope=sys&lang=vi&wpid=thuthuatnewdraw&thuthuatid=efc39f15-3a69-4826-b6d5-b479009a4538&usid=172.31.255.1_rsenway4ypykm2begi123ahbfbbe4130&st=135105",
          "onclick": ""
        },
        {
          "text": "09:21 30/06/2026",
          "href": "http://192.168.2.26:2026/home.aspx?scope=sys&lang=vi&wpid=thuthuatnewdraw&thuthuatid=efc39f15-3a69-4826-b6d5-b479009a4538&usid=172.31.255.1_rsenway4ypykm2begi123ahbfbbe4130&st=135105",
          "onclick": ""
        },
        {
          "text": "Hoàn tất",
          "href": "http://192.168.2.26:2026/home.aspx?scope=sys&lang=vi&wpid=thuthuatnewdraw&thuthuatid=efc39f15-3a69-4826-b6d5-b479009a4538&usid=172.31.255.1_rsenway4ypykm2begi123ahbfbbe4130&st=135105",
          "onclick": ""
        }
      ]
    },
    {
      "access_id": "4bb1ea26-24f8-413e-aad0-b48200b49fa7",
      "known_fields": {
        "stt": "5",
        "ngay_thu_thuat": "11:02 09/07/2026",
        "ma_bn": "26072567",
        "ho_ten": "NGUYỄN THỊ DIỆU",
        "gioi_tinh": "Nữ",
        "tuoi": "42 tuổi",
        "doi_tuong": "Bảo hiểm",
        "noi_chi_dinh": "Khoa Phụ Sản",
        "chi_dinh_thu_thuat": "Sinh thiết buồng tử cung",
        "tam_ung": "0",
        "phai_thanh_toan": "0",
        "tinh_trang": "Thường",
        "thoi_gian_chi_dinh": "10:01 09/07/2026",
        "trang_thai": "Hoàn tất"
      },
      "raw_text": "5 11:02 09/07/2026 26072567 NGUYỄN THỊ DIỆU Nữ 42 tuổi Bảo hiểm Khoa Phụ Sản Sinh thiết buồng tử cung 0 0 Thường 10:01 09/07/2026 Hoàn tất",
      "links": [
        {
          "text": "5",
          "href": "http://192.168.2.26:2026/home.aspx?scope=sys&lang=vi&wpid=thuthuatnewdraw&thuthuatid=4bb1ea26-24f8-413e-aad0-b48200b49fa7&usid=172.31.255.1_rsenway4ypykm2begi123ahbfbbe4130&st=135105",
          "onclick": ""
        },
        {
          "text": "11:02 09/07/2026",
          "href": "http://192.168.2.26:2026/home.aspx?scope=sys&lang=vi&wpid=thuthuatnewdraw&thuthuatid=4bb1ea26-24f8-413e-aad0-b48200b49fa7&usid=172.31.255.1_rsenway4ypykm2begi123ahbfbbe4130&st=135105",
          "onclick": ""
        },
        {
          "text": "26072567",
          "href": "http://192.168.2.26:2026/home.aspx?scope=sys&lang=vi&wpid=thuthuatnewdraw&thuthuatid=4bb1ea26-24f8-413e-aad0-b48200b49fa7&usid=172.31.255.1_rsenway4ypykm2begi123ahbfbbe4130&st=135105",
          "onclick": ""
        },
        {
          "text": "NGUYỄN THỊ DIỆU",
          "href": "http://192.168.2.26:2026/home.aspx?scope=sys&lang=vi&wpid=thuthuatnewdraw&thuthuatid=4bb1ea26-24f8-413e-aad0-b48200b49fa7&usid=172.31.255.1_rsenway4ypykm2begi123ahbfbbe4130&st=135105",
          "onclick": ""
        },
        {
          "text": "Nữ",
          "href": "http://192.168.2.26:2026/home.aspx?scope=sys&lang=vi&wpid=thuthuatnewdraw&thuthuatid=4bb1ea26-24f8-413e-aad0-b48200b49fa7&usid=172.31.255.1_rsenway4ypykm2begi123ahbfbbe4130&st=135105",
          "onclick": ""
        },
        {
          "text": "42 tuổi",
          "href": "http://192.168.2.26:2026/home.aspx?scope=sys&lang=vi&wpid=thuthuatnewdraw&thuthuatid=4bb1ea26-24f8-413e-aad0-b48200b49fa7&usid=172.31.255.1_rsenway4ypykm2begi123ahbfbbe4130&st=135105",
          "onclick": ""
        },
        {
          "text": "Bảo hiểm",
          "href": "http://192.168.2.26:2026/home.aspx?scope=sys&lang=vi&wpid=thuthuatnewdraw&thuthuatid=4bb1ea26-24f8-413e-aad0-b48200b49fa7&usid=172.31.255.1_rsenway4ypykm2begi123ahbfbbe4130&st=135105",
          "onclick": ""
        },
        {
          "text": "Khoa Phụ Sản",
          "href": "http://192.168.2.26:2026/home.aspx?scope=sys&lang=vi&wpid=thuthuatnewdraw&thuthuatid=4bb1ea26-24f8-413e-aad0-b48200b49fa7&usid=172.31.255.1_rsenway4ypykm2begi123ahbfbbe4130&st=135105",
          "onclick": ""
        },
        {
          "text": "Sinh thiết buồng tử cung",
          "href": "http://192.168.2.26:2026/home.aspx?scope=sys&lang=vi&wpid=thuthuatnewdraw&thuthuatid=4bb1ea26-24f8-413e-aad0-b48200b49fa7&usid=172.31.255.1_rsenway4ypykm2begi123ahbfbbe4130&st=135105",
          "onclick": ""
        },
        {
          "text": "0",
          "href": "http://192.168.2.26:2026/home.aspx?scope=sys&lang=vi&wpid=thuthuatnewdraw&thuthuatid=4bb1ea26-24f8-413e-aad0-b48200b49fa7&usid=172.31.255.1_rsenway4ypykm2begi123ahbfbbe4130&st=135105",
          "onclick": ""
        },
        {
          "text": "0",
          "href": "http://192.168.2.26:2026/home.aspx?scope=sys&lang=vi&wpid=thuthuatnewdraw&thuthuatid=4bb1ea26-24f8-413e-aad0-b48200b49fa7&usid=172.31.255.1_rsenway4ypykm2begi123ahbfbbe4130&st=135105",
          "onclick": ""
        },
        {
          "text": "Thường",
          "href": "http://192.168.2.26:2026/home.aspx?scope=sys&lang=vi&wpid=thuthuatnewdraw&thuthuatid=4bb1ea26-24f8-413e-aad0-b48200b49fa7&usid=172.31.255.1_rsenway4ypykm2begi123ahbfbbe4130&st=135105",
          "onclick": ""
        },
        {
          "text": "10:01 09/07/2026",
          "href": "http://192.168.2.26:2026/home.aspx?scope=sys&lang=vi&wpid=thuthuatnewdraw&thuthuatid=4bb1ea26-24f8-413e-aad0-b48200b49fa7&usid=172.31.255.1_rsenway4ypykm2begi123ahbfbbe4130&st=135105",
          "onclick": ""
        },
        {
          "text": "Hoàn tất",
          "href": "http://192.168.2.26:2026/home.aspx?scope=sys&lang=vi&wpid=thuthuatnewdraw&thuthuatid=4bb1ea26-24f8-413e-aad0-b48200b49fa7&usid=172.31.255.1_rsenway4ypykm2begi123ahbfbbe4130&st=135105",
          "onclick": ""
        }
      ]
    },
    {
      "access_id": "7130e431-e448-4c2f-99b2-b48800a76d8a",
      "known_fields": {
        "stt": "6",
        "ngay_thu_thuat": "08:00 15/07/2026",
        "ma_bn": "26071308",
        "ho_ten": "NGUYỄN THỊ DIỆU ĐẠT",
        "gioi_tinh": "Nữ",
        "tuoi": "46 tuổi",
        "doi_tuong": "Viện phí",
        "noi_chi_dinh": "Trung Tâm Tiết Niệu",
        "chi_dinh_thu_thuat": "Chăm sóc ống thông bàng quang",
        "tam_ung": "0",
        "phai_thanh_toan": "0",
        "tinh_trang": "Thường",
        "thoi_gian_chi_dinh": "07:30 15/07/2026",
        "trang_thai": "Hoàn tất"
      },
      "raw_text": "6 08:00 15/07/2026 26071308 NGUYỄN THỊ DIỆU ĐẠT Nữ 46 tuổi Viện phí Trung Tâm Tiết Niệu Chăm sóc ống thông bàng quang 0 0 Thường 07:30 15/07/2026 Hoàn tất",
      "links": [
        {
          "text": "6",
          "href": "http://192.168.2.26:2026/home.aspx?scope=sys&lang=vi&wpid=thuthuatnewdraw&thuthuatid=7130e431-e448-4c2f-99b2-b48800a76d8a&usid=172.31.255.1_rsenway4ypykm2begi123ahbfbbe4130&st=135105",
          "onclick": ""
        },
        {
          "text": "08:00 15/07/2026",
          "href": "http://192.168.2.26:2026/home.aspx?scope=sys&lang=vi&wpid=thuthuatnewdraw&thuthuatid=7130e431-e448-4c2f-99b2-b48800a76d8a&usid=172.31.255.1_rsenway4ypykm2begi123ahbfbbe4130&st=135105",
          "onclick": ""
        },
        {
          "text": "26071308",
          "href": "http://192.168.2.26:2026/home.aspx?scope=sys&lang=vi&wpid=thuthuatnewdraw&thuthuatid=7130e431-e448-4c2f-99b2-b48800a76d8a&usid=172.31.255.1_rsenway4ypykm2begi123ahbfbbe4130&st=135105",
          "onclick": ""
        },
        {
          "text": "NGUYỄN THỊ DIỆU ĐẠT",
          "href": "http://192.168.2.26:2026/home.aspx?scope=sys&lang=vi&wpid=thuthuatnewdraw&thuthuatid=7130e431-e448-4c2f-99b2-b48800a76d8a&usid=172.31.255.1_rsenway4ypykm2begi123ahbfbbe4130&st=135105",
          "onclick": ""
        },
        {
          "text": "Nữ",
          "href": "http://192.168.2.26:2026/home.aspx?scope=sys&lang=vi&wpid=thuthuatnewdraw&thuthuatid=7130e431-e448-4c2f-99b2-b48800a76d8a&usid=172.31.255.1_rsenway4ypykm2begi123ahbfbbe4130&st=135105",
          "onclick": ""
        },
        {
          "text": "46 tuổi",
          "href": "http://192.168.2.26:2026/home.aspx?scope=sys&lang=vi&wpid=thuthuatnewdraw&thuthuatid=7130e431-e448-4c2f-99b2-b48800a76d8a&usid=172.31.255.1_rsenway4ypykm2begi123ahbfbbe4130&st=135105",
          "onclick": ""
        },
        {
          "text": "Viện phí",
          "href": "http://192.168.2.26:2026/home.aspx?scope=sys&lang=vi&wpid=thuthuatnewdraw&thuthuatid=7130e431-e448-4c2f-99b2-b48800a76d8a&usid=172.31.255.1_rsenway4ypykm2begi123ahbfbbe4130&st=135105",
          "onclick": ""
        },
        {
          "text": "Trung Tâm Tiết Niệu",
          "href": "http://192.168.2.26:2026/home.aspx?scope=sys&lang=vi&wpid=thuthuatnewdraw&thuthuatid=7130e431-e448-4c2f-99b2-b48800a76d8a&usid=172.31.255.1_rsenway4ypykm2begi123ahbfbbe4130&st=135105",
          "onclick": ""
        },
        {
          "text": "Chăm sóc ống thông bàng quang",
          "href": "http://192.168.2.26:2026/home.aspx?scope=sys&lang=vi&wpid=thuthuatnewdraw&thuthuatid=7130e431-e448-4c2f-99b2-b48800a76d8a&usid=172.31.255.1_rsenway4ypykm2begi123ahbfbbe4130&st=135105",
          "onclick": ""
        },
        {
          "text": "0",
          "href": "http://192.168.2.26:2026/home.aspx?scope=sys&lang=vi&wpid=thuthuatnewdraw&thuthuatid=7130e431-e448-4c2f-99b2-b48800a76d8a&usid=172.31.255.1_rsenway4ypykm2begi123ahbfbbe4130&st=135105",
          "onclick": ""
        },
        {
          "text": "0",
          "href": "http://192.168.2.26:2026/home.aspx?scope=sys&lang=vi&wpid=thuthuatnewdraw&thuthuatid=7130e431-e448-4c2f-99b2-b48800a76d8a&usid=172.31.255.1_rsenway4ypykm2begi123ahbfbbe4130&st=135105",
          "onclick": ""
        },
        {
          "text": "Thường",
          "href": "http://192.168.2.26:2026/home.aspx?scope=sys&lang=vi&wpid=thuthuatnewdraw&thuthuatid=7130e431-e448-4c2f-99b2-b48800a76d8a&usid=172.31.255.1_rsenway4ypykm2begi123ahbfbbe4130&st=135105",
          "onclick": ""
        },
        {
          "text": "07:30 15/07/2026",
          "href": "http://192.168.2.26:2026/home.aspx?scope=sys&lang=vi&wpid=thuthuatnewdraw&thuthuatid=7130e431-e448-4c2f-99b2-b48800a76d8a&usid=172.31.255.1_rsenway4ypykm2begi123ahbfbbe4130&st=135105",
          "onclick": ""
        },
        {
          "text": "Hoàn tất",
          "href": "http://192.168.2.26:2026/home.aspx?scope=sys&lang=vi&wpid=thuthuatnewdraw&thuthuatid=7130e431-e448-4c2f-99b2-b48800a76d8a&usid=172.31.255.1_rsenway4ypykm2begi123ahbfbbe4130&st=135105",
          "onclick": ""
        }
      ]
    },
    {
      "access_id": "4bbbd2f7-435a-427c-b5dd-b48e00c2ff32",
      "known_fields": {
        "stt": "7",
        "ngay_thu_thuat": "10:55 21/07/2026",
        "ma_bn": "26072567",
        "ho_ten": "NGUYỄN THỊ DIỆU",
        "gioi_tinh": "Nữ",
        "tuoi": "42 tuổi",
        "doi_tuong": "Viện phí",
        "noi_chi_dinh": "PHÒNG PHẪU THUẬT",
        "chi_dinh_thu_thuat": "Kỹ thuật giảm đau qua các lớp cân bụng (TAP)",
        "tam_ung": "6,000,000",
        "phai_thanh_toan": "5,463,976",
        "tinh_trang": "Thường",
        "thoi_gian_chi_dinh": "10:55 21/07/2026",
        "trang_thai": "Hoàn tất"
      },
      "raw_text": "7 10:55 21/07/2026 26072567 NGUYỄN THỊ DIỆU Nữ 42 tuổi Viện phí PHÒNG PHẪU THUẬT Kỹ thuật giảm đau qua các lớp cân bụng (TAP) 6,000,000 5,463,976 Thường 10:55 21/07/2026 Hoàn tất",
      "links": [
        {
          "text": "7",
          "href": "http://192.168.2.26:2026/home.aspx?scope=sys&lang=vi&wpid=thuthuatnewdraw&thuthuatid=4bbbd2f7-435a-427c-b5dd-b48e00c2ff32&usid=172.31.255.1_rsenway4ypykm2begi123ahbfbbe4130&st=135105",
          "onclick": ""
        },
        {
          "text": "10:55 21/07/2026",
          "href": "http://192.168.2.26:2026/home.aspx?scope=sys&lang=vi&wpid=thuthuatnewdraw&thuthuatid=4bbbd2f7-435a-427c-b5dd-b48e00c2ff32&usid=172.31.255.1_rsenway4ypykm2begi123ahbfbbe4130&st=135105",
          "onclick": ""
        },
        {
          "text": "26072567",
          "href": "http://192.168.2.26:2026/home.aspx?scope=sys&lang=vi&wpid=thuthuatnewdraw&thuthuatid=4bbbd2f7-435a-427c-b5dd-b48e00c2ff32&usid=172.31.255.1_rsenway4ypykm2begi123ahbfbbe4130&st=135105",
          "onclick": ""
        },
        {
          "text": "NGUYỄN THỊ DIỆU",
          "href": "http://192.168.2.26:2026/home.aspx?scope=sys&lang=vi&wpid=thuthuatnewdraw&thuthuatid=4bbbd2f7-435a-427c-b5dd-b48e00c2ff32&usid=172.31.255.1_rsenway4ypykm2begi123ahbfbbe4130&st=135105",
          "onclick": ""
        },
        {
          "text": "Nữ",
          "href": "http://192.168.2.26:2026/home.aspx?scope=sys&lang=vi&wpid=thuthuatnewdraw&thuthuatid=4bbbd2f7-435a-427c-b5dd-b48e00c2ff32&usid=172.31.255.1_rsenway4ypykm2begi123ahbfbbe4130&st=135105",
          "onclick": ""
        },
        {
          "text": "42 tuổi",
          "href": "http://192.168.2.26:2026/home.aspx?scope=sys&lang=vi&wpid=thuthuatnewdraw&thuthuatid=4bbbd2f7-435a-427c-b5dd-b48e00c2ff32&usid=172.31.255.1_rsenway4ypykm2begi123ahbfbbe4130&st=135105",
          "onclick": ""
        },
        {
          "text": "Viện phí",
          "href": "http://192.168.2.26:2026/home.aspx?scope=sys&lang=vi&wpid=thuthuatnewdraw&thuthuatid=4bbbd2f7-435a-427c-b5dd-b48e00c2ff32&usid=172.31.255.1_rsenway4ypykm2begi123ahbfbbe4130&st=135105",
          "onclick": ""
        },
        {
          "text": "PHÒNG PHẪU THUẬT",
          "href": "http://192.168.2.26:2026/home.aspx?scope=sys&lang=vi&wpid=thuthuatnewdraw&thuthuatid=4bbbd2f7-435a-427c-b5dd-b48e00c2ff32&usid=172.31.255.1_rsenway4ypykm2begi123ahbfbbe4130&st=135105",
          "onclick": ""
        },
        {
          "text": "Kỹ thuật giảm đau qua các lớp cân bụng (TAP)",
          "href": "http://192.168.2.26:2026/home.aspx?scope=sys&lang=vi&wpid=thuthuatnewdraw&thuthuatid=4bbbd2f7-435a-427c-b5dd-b48e00c2ff32&usid=172.31.255.1_rsenway4ypykm2begi123ahbfbbe4130&st=135105",
          "onclick": ""
        },
        {
          "text": "6,000,000",
          "href": "http://192.168.2.26:2026/home.aspx?scope=sys&lang=vi&wpid=thuthuatnewdraw&thuthuatid=4bbbd2f7-435a-427c-b5dd-b48e00c2ff32&usid=172.31.255.1_rsenway4ypykm2begi123ahbfbbe4130&st=135105",
          "onclick": ""
        },
        {
          "text": "5,463,976",
          "href": "http://192.168.2.26:2026/home.aspx?scope=sys&lang=vi&wpid=thuthuatnewdraw&thuthuatid=4bbbd2f7-435a-427c-b5dd-b48e00c2ff32&usid=172.31.255.1_rsenway4ypykm2begi123ahbfbbe4130&st=135105",
          "onclick": ""
        },
        {
          "text": "Thường",
          "href": "http://192.168.2.26:2026/home.aspx?scope=sys&lang=vi&wpid=thuthuatnewdraw&thuthuatid=4bbbd2f7-435a-427c-b5dd-b48e00c2ff32&usid=172.31.255.1_rsenway4ypykm2begi123ahbfbbe4130&st=135105",
          "onclick": ""
        },
        {
          "text": "10:55 21/07/2026",
          "href": "http://192.168.2.26:2026/home.aspx?scope=sys&lang=vi&wpid=thuthuatnewdraw&thuthuatid=4bbbd2f7-435a-427c-b5dd-b48e00c2ff32&usid=172.31.255.1_rsenway4ypykm2begi123ahbfbbe4130&st=135105",
          "onclick": ""
        },
        {
          "text": "Hoàn tất",
          "href": "http://192.168.2.26:2026/home.aspx?scope=sys&lang=vi&wpid=thuthuatnewdraw&thuthuatid=4bbbd2f7-435a-427c-b5dd-b48e00c2ff32&usid=172.31.255.1_rsenway4ypykm2begi123ahbfbbe4130&st=135105",
          "onclick": ""
        }
      ]
    },
    {
      "access_id": "73a32c14-92b7-458b-9ec9-b49000515343",
      "known_fields": {
        "stt": "8",
        "ngay_thu_thuat": "07:00 23/07/2026",
        "ma_bn": "26072567",
        "ho_ten": "NGUYỄN THỊ DIỆU",
        "gioi_tinh": "Nữ",
        "tuoi": "42 tuổi",
        "doi_tuong": "Viện phí",
        "noi_chi_dinh": "Khoa Phụ Sản",
        "chi_dinh_thu_thuat": "Chiếu tia Plasma lạnh điều trị vết thương hoặc vết mổ chiều dài trên 15cm đến 30cm",
        "tam_ung": "6,000,000",
        "phai_thanh_toan": "5,463,976",
        "tinh_trang": "Thường",
        "thoi_gian_chi_dinh": "07:00 23/07/2026",
        "trang_thai": "Chờ thực hiện"
      },
      "raw_text": "8 07:00 23/07/2026 26072567 NGUYỄN THỊ DIỆU Nữ 42 tuổi Viện phí Khoa Phụ Sản Chiếu tia Plasma lạnh điều trị vết thương hoặc vết mổ chiều dài trên 15cm đến 30cm 6,000,000 5,463,976 Thường 07:00 23/07/2026 Chờ thực hiện",
      "links": [
        {
          "text": "8",
          "href": "http://192.168.2.26:2026/home.aspx?scope=sys&lang=vi&wpid=thuthuatnewdraw&thuthuatid=73a32c14-92b7-458b-9ec9-b49000515343&usid=172.31.255.1_rsenway4ypykm2begi123ahbfbbe4130&st=135105",
          "onclick": ""
        },
        {
          "text": "07:00 23/07/2026",
          "href": "http://192.168.2.26:2026/home.aspx?scope=sys&lang=vi&wpid=thuthuatnewdraw&thuthuatid=73a32c14-92b7-458b-9ec9-b49000515343&usid=172.31.255.1_rsenway4ypykm2begi123ahbfbbe4130&st=135105",
          "onclick": ""
        },
        {
          "text": "26072567",
          "href": "http://192.168.2.26:2026/home.aspx?scope=sys&lang=vi&wpid=thuthuatnewdraw&thuthuatid=73a32c14-92b7-458b-9ec9-b49000515343&usid=172.31.255.1_rsenway4ypykm2begi123ahbfbbe4130&st=135105",
          "onclick": ""
        },
        {
          "text": "NGUYỄN THỊ DIỆU",
          "href": "http://192.168.2.26:2026/home.aspx?scope=sys&lang=vi&wpid=thuthuatnewdraw&thuthuatid=73a32c14-92b7-458b-9ec9-b49000515343&usid=172.31.255.1_rsenway4ypykm2begi123ahbfbbe4130&st=135105",
          "onclick": ""
        },
        {
          "text": "Nữ",
          "href": "http://192.168.2.26:2026/home.aspx?scope=sys&lang=vi&wpid=thuthuatnewdraw&thuthuatid=73a32c14-92b7-458b-9ec9-b49000515343&usid=172.31.255.1_rsenway4ypykm2begi123ahbfbbe4130&st=135105",
          "onclick": ""
        },
        {
          "text": "42 tuổi",
          "href": "http://192.168.2.26:2026/home.aspx?scope=sys&lang=vi&wpid=thuthuatnewdraw&thuthuatid=73a32c14-92b7-458b-9ec9-b49000515343&usid=172.31.255.1_rsenway4ypykm2begi123ahbfbbe4130&st=135105",
          "onclick": ""
        },
        {
          "text": "Viện phí",
          "href": "http://192.168.2.26:2026/home.aspx?scope=sys&lang=vi&wpid=thuthuatnewdraw&thuthuatid=73a32c14-92b7-458b-9ec9-b49000515343&usid=172.31.255.1_rsenway4ypykm2begi123ahbfbbe4130&st=135105",
          "onclick": ""
        },
        {
          "text": "Khoa Phụ Sản",
          "href": "http://192.168.2.26:2026/home.aspx?scope=sys&lang=vi&wpid=thuthuatnewdraw&thuthuatid=73a32c14-92b7-458b-9ec9-b49000515343&usid=172.31.255.1_rsenway4ypykm2begi123ahbfbbe4130&st=135105",
          "onclick": ""
        },
        {
          "text": "Chiếu tia Plasma lạnh điều trị vết thương hoặc vết mổ chiều dài trên 15cm đến 30cm",
          "href": "http://192.168.2.26:2026/home.aspx?scope=sys&lang=vi&wpid=thuthuatnewdraw&thuthuatid=73a32c14-92b7-458b-9ec9-b49000515343&usid=172.31.255.1_rsenway4ypykm2begi123ahbfbbe4130&st=135105",
          "onclick": ""
        },
        {
          "text": "6,000,000",
          "href": "http://192.168.2.26:2026/home.aspx?scope=sys&lang=vi&wpid=thuthuatnewdraw&thuthuatid=73a32c14-92b7-458b-9ec9-b49000515343&usid=172.31.255.1_rsenway4ypykm2begi123ahbfbbe4130&st=135105",
          "onclick": ""
        },
        {
          "text": "5,463,976",
          "href": "http://192.168.2.26:2026/home.aspx?scope=sys&lang=vi&wpid=thuthuatnewdraw&thuthuatid=73a32c14-92b7-458b-9ec9-b49000515343&usid=172.31.255.1_rsenway4ypykm2begi123ahbfbbe4130&st=135105",
          "onclick": ""
        },
        {
          "text": "Thường",
          "href": "http://192.168.2.26:2026/home.aspx?scope=sys&lang=vi&wpid=thuthuatnewdraw&thuthuatid=73a32c14-92b7-458b-9ec9-b49000515343&usid=172.31.255.1_rsenway4ypykm2begi123ahbfbbe4130&st=135105",
          "onclick": ""
        },
        {
          "text": "07:00 23/07/2026",
          "href": "http://192.168.2.26:2026/home.aspx?scope=sys&lang=vi&wpid=thuthuatnewdraw&thuthuatid=73a32c14-92b7-458b-9ec9-b49000515343&usid=172.31.255.1_rsenway4ypykm2begi123ahbfbbe4130&st=135105",
          "onclick": ""
        },
        {
          "text": "Chờ thực hiện",
          "href": "http://192.168.2.26:2026/home.aspx?scope=sys&lang=vi&wpid=thuthuatnewdraw&thuthuatid=73a32c14-92b7-458b-9ec9-b49000515343&usid=172.31.255.1_rsenway4ypykm2begi123ahbfbbe4130&st=135105",
          "onclick": ""
        }
      ]
    },
    {
      "access_id": "1d530b9c-507b-47e7-b383-b49000515343",
      "known_fields": {
        "stt": "9",
        "ngay_thu_thuat": "13:49 23/07/2026",
        "ma_bn": "26072567",
        "ho_ten": "NGUYỄN THỊ DIỆU",
        "gioi_tinh": "Nữ",
        "tuoi": "42 tuổi",
        "doi_tuong": "Viện phí",
        "noi_chi_dinh": "Khoa Phụ Sản",
        "chi_dinh_thu_thuat": "Thay băng, cắt chỉ vết mổ [chiều dài ≤ 15cm]",
        "tam_ung": "6,000,000",
        "phai_thanh_toan": "5,463,976",
        "tinh_trang": "Thường",
        "thoi_gian_chi_dinh": "07:00 23/07/2026",
        "trang_thai": "Hoàn tất"
      },
      "raw_text": "9 13:49 23/07/2026 26072567 NGUYỄN THỊ DIỆU Nữ 42 tuổi Viện phí Khoa Phụ Sản Thay băng, cắt chỉ vết mổ [chiều dài ≤ 15cm] 6,000,000 5,463,976 Thường 07:00 23/07/2026 Hoàn tất",
      "links": [
        {
          "text": "9",
          "href": "http://192.168.2.26:2026/home.aspx?scope=sys&lang=vi&wpid=thuthuatnewdraw&thuthuatid=1d530b9c-507b-47e7-b383-b49000515343&usid=172.31.255.1_rsenway4ypykm2begi123ahbfbbe4130&st=135105",
          "onclick": ""
        },
        {
          "text": "13:49 23/07/2026",
          "href": "http://192.168.2.26:2026/home.aspx?scope=sys&lang=vi&wpid=thuthuatnewdraw&thuthuatid=1d530b9c-507b-47e7-b383-b49000515343&usid=172.31.255.1_rsenway4ypykm2begi123ahbfbbe4130&st=135105",
          "onclick": ""
        },
        {
          "text": "26072567",
          "href": "http://192.168.2.26:2026/home.aspx?scope=sys&lang=vi&wpid=thuthuatnewdraw&thuthuatid=1d530b9c-507b-47e7-b383-b49000515343&usid=172.31.255.1_rsenway4ypykm2begi123ahbfbbe4130&st=135105",
          "onclick": ""
        },
        {
          "text": "NGUYỄN THỊ DIỆU",
          "href": "http://192.168.2.26:2026/home.aspx?scope=sys&lang=vi&wpid=thuthuatnewdraw&thuthuatid=1d530b9c-507b-47e7-b383-b49000515343&usid=172.31.255.1_rsenway4ypykm2begi123ahbfbbe4130&st=135105",
          "onclick": ""
        },
        {
          "text": "Nữ",
          "href": "http://192.168.2.26:2026/home.aspx?scope=sys&lang=vi&wpid=thuthuatnewdraw&thuthuatid=1d530b9c-507b-47e7-b383-b49000515343&usid=172.31.255.1_rsenway4ypykm2begi123ahbfbbe4130&st=135105",
          "onclick": ""
        },
        {
          "text": "42 tuổi",
          "href": "http://192.168.2.26:2026/home.aspx?scope=sys&lang=vi&wpid=thuthuatnewdraw&thuthuatid=1d530b9c-507b-47e7-b383-b49000515343&usid=172.31.255.1_rsenway4ypykm2begi123ahbfbbe4130&st=135105",
          "onclick": ""
        },
        {
          "text": "Viện phí",
          "href": "http://192.168.2.26:2026/home.aspx?scope=sys&lang=vi&wpid=thuthuatnewdraw&thuthuatid=1d530b9c-507b-47e7-b383-b49000515343&usid=172.31.255.1_rsenway4ypykm2begi123ahbfbbe4130&st=135105",
          "onclick": ""
        },
        {
          "text": "Khoa Phụ Sản",
          "href": "http://192.168.2.26:2026/home.aspx?scope=sys&lang=vi&wpid=thuthuatnewdraw&thuthuatid=1d530b9c-507b-47e7-b383-b49000515343&usid=172.31.255.1_rsenway4ypykm2begi123ahbfbbe4130&st=135105",
          "onclick": ""
        },
        {
          "text": "Thay băng, cắt chỉ vết mổ [chiều dài ≤ 15cm]",
          "href": "http://192.168.2.26:2026/home.aspx?scope=sys&lang=vi&wpid=thuthuatnewdraw&thuthuatid=1d530b9c-507b-47e7-b383-b49000515343&usid=172.31.255.1_rsenway4ypykm2begi123ahbfbbe4130&st=135105",
          "onclick": ""
        },
        {
          "text": "6,000,000",
          "href": "http://192.168.2.26:2026/home.aspx?scope=sys&lang=vi&wpid=thuthuatnewdraw&thuthuatid=1d530b9c-507b-47e7-b383-b49000515343&usid=172.31.255.1_rsenway4ypykm2begi123ahbfbbe4130&st=135105",
          "onclick": ""
        },
        {
          "text": "5,463,976",
          "href": "http://192.168.2.26:2026/home.aspx?scope=sys&lang=vi&wpid=thuthuatnewdraw&thuthuatid=1d530b9c-507b-47e7-b383-b49000515343&usid=172.31.255.1_rsenway4ypykm2begi123ahbfbbe4130&st=135105",
          "onclick": ""
        },
        {
          "text": "Thường",
          "href": "http://192.168.2.26:2026/home.aspx?scope=sys&lang=vi&wpid=thuthuatnewdraw&thuthuatid=1d530b9c-507b-47e7-b383-b49000515343&usid=172.31.255.1_rsenway4ypykm2begi123ahbfbbe4130&st=135105",
          "onclick": ""
        },
        {
          "text": "07:00 23/07/2026",
          "href": "http://192.168.2.26:2026/home.aspx?scope=sys&lang=vi&wpid=thuthuatnewdraw&thuthuatid=1d530b9c-507b-47e7-b383-b49000515343&usid=172.31.255.1_rsenway4ypykm2begi123ahbfbbe4130&st=135105",
          "onclick": ""
        },
        {
          "text": "Hoàn tất",
          "href": "http://192.168.2.26:2026/home.aspx?scope=sys&lang=vi&wpid=thuthuatnewdraw&thuthuatid=1d530b9c-507b-47e7-b383-b49000515343&usid=172.31.255.1_rsenway4ypykm2begi123ahbfbbe4130&st=135105",
          "onclick": ""
        }
      ]
    },
    {
      "access_id": "0aec41a8-849e-4c49-9830-b45e00a12ea6",
      "known_fields": {
        "stt": "10",
        "ngay_thu_thuat": "13:50 23/07/2026",
        "ma_bn": "26052294",
        "ho_ten": "NGUYỄN THỊ DIỆU",
        "gioi_tinh": "Nữ",
        "tuoi": "77 tuổi",
        "doi_tuong": "Viện phí",
        "noi_chi_dinh": "PHÒNG KHÁM CHẤN THƯƠNG CHỈNH HÌNH - 20",
        "chi_dinh_thu_thuat": "Tiêm khớp gối",
        "tam_ung": "0",
        "phai_thanh_toan": "614,000",
        "tinh_trang": "Thường",
        "thoi_gian_chi_dinh": "09:29 03/06/2026",
        "trang_thai": "Chờ thực hiện"
      },
      "raw_text": "10 13:50 23/07/2026 26052294 NGUYỄN THỊ DIỆU Nữ 77 tuổi Viện phí PHÒNG KHÁM CHẤN THƯƠNG CHỈNH HÌNH - 20 Tiêm khớp gối 0 614,000 Thường 09:29 03/06/2026 Chờ thực hiện",
      "links": [
        {
          "text": "10",
          "href": "http://192.168.2.26:2026/home.aspx?scope=sys&lang=vi&wpid=thuthuatnewdraw&thuthuatid=0aec41a8-849e-4c49-9830-b45e00a12ea6&usid=172.31.255.1_rsenway4ypykm2begi123ahbfbbe4130&st=135105",
          "onclick": ""
        },
        {
          "text": "13:50 23/07/2026",
          "href": "http://192.168.2.26:2026/home.aspx?scope=sys&lang=vi&wpid=thuthuatnewdraw&thuthuatid=0aec41a8-849e-4c49-9830-b45e00a12ea6&usid=172.31.255.1_rsenway4ypykm2begi123ahbfbbe4130&st=135105",
          "onclick": ""
        },
        {
          "text": "26052294",
          "href": "http://192.168.2.26:2026/home.aspx?scope=sys&lang=vi&wpid=thuthuatnewdraw&thuthuatid=0aec41a8-849e-4c49-9830-b45e00a12ea6&usid=172.31.255.1_rsenway4ypykm2begi123ahbfbbe4130&st=135105",
          "onclick": ""
        },
        {
          "text": "NGUYỄN THỊ DIỆU",
          "href": "http://192.168.2.26:2026/home.aspx?scope=sys&lang=vi&wpid=thuthuatnewdraw&thuthuatid=0aec41a8-849e-4c49-9830-b45e00a12ea6&usid=172.31.255.1_rsenway4ypykm2begi123ahbfbbe4130&st=135105",
          "onclick": ""
        },
        {
          "text": "Nữ",
          "href": "http://192.168.2.26:2026/home.aspx?scope=sys&lang=vi&wpid=thuthuatnewdraw&thuthuatid=0aec41a8-849e-4c49-9830-b45e00a12ea6&usid=172.31.255.1_rsenway4ypykm2begi123ahbfbbe4130&st=135105",
          "onclick": ""
        },
        {
          "text": "77 tuổi",
          "href": "http://192.168.2.26:2026/home.aspx?scope=sys&lang=vi&wpid=thuthuatnewdraw&thuthuatid=0aec41a8-849e-4c49-9830-b45e00a12ea6&usid=172.31.255.1_rsenway4ypykm2begi123ahbfbbe4130&st=135105",
          "onclick": ""
        },
        {
          "text": "Viện phí",
          "href": "http://192.168.2.26:2026/home.aspx?scope=sys&lang=vi&wpid=thuthuatnewdraw&thuthuatid=0aec41a8-849e-4c49-9830-b45e00a12ea6&usid=172.31.255.1_rsenway4ypykm2begi123ahbfbbe4130&st=135105",
          "onclick": ""
        },
        {
          "text": "PHÒNG KHÁM CHẤN THƯƠNG CHỈNH HÌNH - 20",
          "href": "http://192.168.2.26:2026/home.aspx?scope=sys&lang=vi&wpid=thuthuatnewdraw&thuthuatid=0aec41a8-849e-4c49-9830-b45e00a12ea6&usid=172.31.255.1_rsenway4ypykm2begi123ahbfbbe4130&st=135105",
          "onclick": ""
        },
        {
          "text": "Tiêm khớp gối",
          "href": "http://192.168.2.26:2026/home.aspx?scope=sys&lang=vi&wpid=thuthuatnewdraw&thuthuatid=0aec41a8-849e-4c49-9830-b45e00a12ea6&usid=172.31.255.1_rsenway4ypykm2begi123ahbfbbe4130&st=135105",
          "onclick": ""
        },
        {
          "text": "0",
          "href": "http://192.168.2.26:2026/home.aspx?scope=sys&lang=vi&wpid=thuthuatnewdraw&thuthuatid=0aec41a8-849e-4c49-9830-b45e00a12ea6&usid=172.31.255.1_rsenway4ypykm2begi123ahbfbbe4130&st=135105",
          "onclick": ""
        },
        {
          "text": "614,000",
          "href": "http://192.168.2.26:2026/home.aspx?scope=sys&lang=vi&wpid=thuthuatnewdraw&thuthuatid=0aec41a8-849e-4c49-9830-b45e00a12ea6&usid=172.31.255.1_rsenway4ypykm2begi123ahbfbbe4130&st=135105",
          "onclick": ""
        },
        {
          "text": "Thường",
          "href": "http://192.168.2.26:2026/home.aspx?scope=sys&lang=vi&wpid=thuthuatnewdraw&thuthuatid=0aec41a8-849e-4c49-9830-b45e00a12ea6&usid=172.31.255.1_rsenway4ypykm2begi123ahbfbbe4130&st=135105",
          "onclick": ""
        },
        {
          "text": "09:29 03/06/2026",
          "href": "http://192.168.2.26:2026/home.aspx?scope=sys&lang=vi&wpid=thuthuatnewdraw&thuthuatid=0aec41a8-849e-4c49-9830-b45e00a12ea6&usid=172.31.255.1_rsenway4ypykm2begi123ahbfbbe4130&st=135105",
          "onclick": ""
        },
        {
          "text": "Chờ thực hiện",
          "href": "http://192.168.2.26:2026/home.aspx?scope=sys&lang=vi&wpid=thuthuatnewdraw&thuthuatid=0aec41a8-849e-4c49-9830-b45e00a12ea6&usid=172.31.255.1_rsenway4ypykm2begi123ahbfbbe4130&st=135105",
          "onclick": ""
        }
      ]
    }
  ]
}
[2026-07-23 13:51:08.137] [CANDIDATES] D/s Thủ thuật: có 10 ứng viên cùng người bệnh
{
  "candidates": [
    {
      "list_score": 75.0,
      "list_datetime": "2026-07-23 13:50:00",
      "list_method": "Tiêm khớp gối",
      "detail_marker": "http://192.168.2.26:2026/home.aspx?scope=sys&lang=vi&wpid=thuthuatnewdraw&thuthuatid=0aec41a8-849e-4c49-9830-b45e00a12ea6&usid=172.31.255.1_rsenway4ypykm2begi123ahbfbbe4130&st=135105",
      "row": {
        "access_id": "0aec41a8-849e-4c49-9830-b45e00a12ea6",
        "known_fields": {
          "stt": "10",
          "ngay_thu_thuat": "13:50 23/07/2026",
          "ma_bn": "26052294",
          "ho_ten": "NGUYỄN THỊ DIỆU",
          "gioi_tinh": "Nữ",
          "tuoi": "77 tuổi",
          "doi_tuong": "Viện phí",
          "noi_chi_dinh": "PHÒNG KHÁM CHẤN THƯƠNG CHỈNH HÌNH - 20",
          "chi_dinh_thu_thuat": "Tiêm khớp gối",
          "tam_ung": "0",
          "phai_thanh_toan": "614,000",
          "tinh_trang": "Thường",
          "thoi_gian_chi_dinh": "09:29 03/06/2026",
          "trang_thai": "Chờ thực hiện"
        },
        "raw_text": "10 13:50 23/07/2026 26052294 NGUYỄN THỊ DIỆU Nữ 77 tuổi Viện phí PHÒNG KHÁM CHẤN THƯƠNG CHỈNH HÌNH - 20 Tiêm khớp gối 0 614,000 Thường 09:29 03/06/2026 Chờ thực hiện",
        "links": [
          {
            "text": "10",
            "href": "http://192.168.2.26:2026/home.aspx?scope=sys&lang=vi&wpid=thuthuatnewdraw&thuthuatid=0aec41a8-849e-4c49-9830-b45e00a12ea6&usid=172.31.255.1_rsenway4ypykm2begi123ahbfbbe4130&st=135105",
            "onclick": ""
          },
          {
            "text": "13:50 23/07/2026",
            "href": "http://192.168.2.26:2026/home.aspx?scope=sys&lang=vi&wpid=thuthuatnewdraw&thuthuatid=0aec41a8-849e-4c49-9830-b45e00a12ea6&usid=172.31.255.1_rsenway4ypykm2begi123ahbfbbe4130&st=135105",
            "onclick": ""
          },
          {
            "text": "26052294",
            "href": "http://192.168.2.26:2026/home.aspx?scope=sys&lang=vi&wpid=thuthuatnewdraw&thuthuatid=0aec41a8-849e-4c49-9830-b45e00a12ea6&usid=172.31.255.1_rsenway4ypykm2begi123ahbfbbe4130&st=135105",
            "onclick": ""
          },
          {
            "text": "NGUYỄN THỊ DIỆU",
            "href": "http://192.168.2.26:2026/home.aspx?scope=sys&lang=vi&wpid=thuthuatnewdraw&thuthuatid=0aec41a8-849e-4c49-9830-b45e00a12ea6&usid=172.31.255.1_rsenway4ypykm2begi123ahbfbbe4130&st=135105",
            "onclick": ""
          },
          {
            "text": "Nữ",
            "href": "http://192.168.2.26:2026/home.aspx?scope=sys&lang=vi&wpid=thuthuatnewdraw&thuthuatid=0aec41a8-849e-4c49-9830-b45e00a12ea6&usid=172.31.255.1_rsenway4ypykm2begi123ahbfbbe4130&st=135105",
            "onclick": ""
          },
          {
            "text": "77 tuổi",
            "href": "http://192.168.2.26:2026/home.aspx?scope=sys&lang=vi&wpid=thuthuatnewdraw&thuthuatid=0aec41a8-849e-4c49-9830-b45e00a12ea6&usid=172.31.255.1_rsenway4ypykm2begi123ahbfbbe4130&st=135105",
            "onclick": ""
          },
          {
            "text": "Viện phí",
            "href": "http://192.168.2.26:2026/home.aspx?scope=sys&lang=vi&wpid=thuthuatnewdraw&thuthuatid=0aec41a8-849e-4c49-9830-b45e00a12ea6&usid=172.31.255.1_rsenway4ypykm2begi123ahbfbbe4130&st=135105",
            "onclick": ""
          },
          {
            "text": "PHÒNG KHÁM CHẤN THƯƠNG CHỈNH HÌNH - 20",
            "href": "http://192.168.2.26:2026/home.aspx?scope=sys&lang=vi&wpid=thuthuatnewdraw&thuthuatid=0aec41a8-849e-4c49-9830-b45e00a12ea6&usid=172.31.255.1_rsenway4ypykm2begi123ahbfbbe4130&st=135105",
            "onclick": ""
          },
          {
            "text": "Tiêm khớp gối",
            "href": "http://192.168.2.26:2026/home.aspx?scope=sys&lang=vi&wpid=thuthuatnewdraw&thuthuatid=0aec41a8-849e-4c49-9830-b45e00a12ea6&usid=172.31.255.1_rsenway4ypykm2begi123ahbfbbe4130&st=135105",
            "onclick": ""
          },
          {
            "text": "0",
            "href": "http://192.168.2.26:2026/home.aspx?scope=sys&lang=vi&wpid=thuthuatnewdraw&thuthuatid=0aec41a8-849e-4c49-9830-b45e00a12ea6&usid=172.31.255.1_rsenway4ypykm2begi123ahbfbbe4130&st=135105",
            "onclick": ""
          },
          {
            "text": "614,000",
            "href": "http://192.168.2.26:2026/home.aspx?scope=sys&lang=vi&wpid=thuthuatnewdraw&thuthuatid=0aec41a8-849e-4c49-9830-b45e00a12ea6&usid=172.31.255.1_rsenway4ypykm2begi123ahbfbbe4130&st=135105",
            "onclick": ""
          },
          {
            "text": "Thường",
            "href": "http://192.168.2.26:2026/home.aspx?scope=sys&lang=vi&wpid=thuthuatnewdraw&thuthuatid=0aec41a8-849e-4c49-9830-b45e00a12ea6&usid=172.31.255.1_rsenway4ypykm2begi123ahbfbbe4130&st=135105",
            "onclick": ""
          },
          {
            "text": "09:29 03/06/2026",
            "href": "http://192.168.2.26:2026/home.aspx?scope=sys&lang=vi&wpid=thuthuatnewdraw&thuthuatid=0aec41a8-849e-4c49-9830-b45e00a12ea6&usid=172.31.255.1_rsenway4ypykm2begi123ahbfbbe4130&st=135105",
            "onclick": ""
          },
          {
            "text": "Chờ thực hiện",
            "href": "http://192.168.2.26:2026/home.aspx?scope=sys&lang=vi&wpid=thuthuatnewdraw&thuthuatid=0aec41a8-849e-4c49-9830-b45e00a12ea6&usid=172.31.255.1_rsenway4ypykm2begi123ahbfbbe4130&st=135105",
            "onclick": ""
          }
        ]
      }
    },
    {
      "list_score": 45.81081081081081,
      "list_datetime": "2026-07-09 11:02:00",
      "list_method": "Sinh thiết buồng tử cung",
      "detail_marker": "http://192.168.2.26:2026/home.aspx?scope=sys&lang=vi&wpid=thuthuatnewdraw&thuthuatid=4bb1ea26-24f8-413e-aad0-b48200b49fa7&usid=172.31.255.1_rsenway4ypykm2begi123ahbfbbe4130&st=135105",
      "row": {
        "access_id": "4bb1ea26-24f8-413e-aad0-b48200b49fa7",
        "known_fields": {
          "stt": "5",
          "ngay_thu_thuat": "11:02 09/07/2026",
          "ma_bn": "26072567",
          "ho_ten": "NGUYỄN THỊ DIỆU",
          "gioi_tinh": "Nữ",
          "tuoi": "42 tuổi",
          "doi_tuong": "Bảo hiểm",
          "noi_chi_dinh": "Khoa Phụ Sản",
          "chi_dinh_thu_thuat": "Sinh thiết buồng tử cung",
          "tam_ung": "0",
          "phai_thanh_toan": "0",
          "tinh_trang": "Thường",
          "thoi_gian_chi_dinh": "10:01 09/07/2026",
          "trang_thai": "Hoàn tất"
        },
        "raw_text": "5 11:02 09/07/2026 26072567 NGUYỄN THỊ DIỆU Nữ 42 tuổi Bảo hiểm Khoa Phụ Sản Sinh thiết buồng tử cung 0 0 Thường 10:01 09/07/2026 Hoàn tất",
        "links": [
          {
            "text": "5",
            "href": "http://192.168.2.26:2026/home.aspx?scope=sys&lang=vi&wpid=thuthuatnewdraw&thuthuatid=4bb1ea26-24f8-413e-aad0-b48200b49fa7&usid=172.31.255.1_rsenway4ypykm2begi123ahbfbbe4130&st=135105",
            "onclick": ""
          },
          {
            "text": "11:02 09/07/2026",
            "href": "http://192.168.2.26:2026/home.aspx?scope=sys&lang=vi&wpid=thuthuatnewdraw&thuthuatid=4bb1ea26-24f8-413e-aad0-b48200b49fa7&usid=172.31.255.1_rsenway4ypykm2begi123ahbfbbe4130&st=135105",
            "onclick": ""
          },
          {
            "text": "26072567",
            "href": "http://192.168.2.26:2026/home.aspx?scope=sys&lang=vi&wpid=thuthuatnewdraw&thuthuatid=4bb1ea26-24f8-413e-aad0-b48200b49fa7&usid=172.31.255.1_rsenway4ypykm2begi123ahbfbbe4130&st=135105",
            "onclick": ""
          },
          {
            "text": "NGUYỄN THỊ DIỆU",
            "href": "http://192.168.2.26:2026/home.aspx?scope=sys&lang=vi&wpid=thuthuatnewdraw&thuthuatid=4bb1ea26-24f8-413e-aad0-b48200b49fa7&usid=172.31.255.1_rsenway4ypykm2begi123ahbfbbe4130&st=135105",
            "onclick": ""
          },
          {
            "text": "Nữ",
            "href": "http://192.168.2.26:2026/home.aspx?scope=sys&lang=vi&wpid=thuthuatnewdraw&thuthuatid=4bb1ea26-24f8-413e-aad0-b48200b49fa7&usid=172.31.255.1_rsenway4ypykm2begi123ahbfbbe4130&st=135105",
            "onclick": ""
          },
          {
            "text": "42 tuổi",
            "href": "http://192.168.2.26:2026/home.aspx?scope=sys&lang=vi&wpid=thuthuatnewdraw&thuthuatid=4bb1ea26-24f8-413e-aad0-b48200b49fa7&usid=172.31.255.1_rsenway4ypykm2begi123ahbfbbe4130&st=135105",
            "onclick": ""
          },
          {
            "text": "Bảo hiểm",
            "href": "http://192.168.2.26:2026/home.aspx?scope=sys&lang=vi&wpid=thuthuatnewdraw&thuthuatid=4bb1ea26-24f8-413e-aad0-b48200b49fa7&usid=172.31.255.1_rsenway4ypykm2begi123ahbfbbe4130&st=135105",
            "onclick": ""
          },
          {
            "text": "Khoa Phụ Sản",
            "href": "http://192.168.2.26:2026/home.aspx?scope=sys&lang=vi&wpid=thuthuatnewdraw&thuthuatid=4bb1ea26-24f8-413e-aad0-b48200b49fa7&usid=172.31.255.1_rsenway4ypykm2begi123ahbfbbe4130&st=135105",
            "onclick": ""
          },
          {
            "text": "Sinh thiết buồng tử cung",
            "href": "http://192.168.2.26:2026/home.aspx?scope=sys&lang=vi&wpid=thuthuatnewdraw&thuthuatid=4bb1ea26-24f8-413e-aad0-b48200b49fa7&usid=172.31.255.1_rsenway4ypykm2begi123ahbfbbe4130&st=135105",
            "onclick": ""
          },
          {
            "text": "0",
            "href": "http://192.168.2.26:2026/home.aspx?scope=sys&lang=vi&wpid=thuthuatnewdraw&thuthuatid=4bb1ea26-24f8-413e-aad0-b48200b49fa7&usid=172.31.255.1_rsenway4ypykm2begi123ahbfbbe4130&st=135105",
            "onclick": ""
          },
          {
            "text": "0",
            "href": "http://192.168.2.26:2026/home.aspx?scope=sys&lang=vi&wpid=thuthuatnewdraw&thuthuatid=4bb1ea26-24f8-413e-aad0-b48200b49fa7&usid=172.31.255.1_rsenway4ypykm2begi123ahbfbbe4130&st=135105",
            "onclick": ""
          },
          {
            "text": "Thường",
            "href": "http://192.168.2.26:2026/home.aspx?scope=sys&lang=vi&wpid=thuthuatnewdraw&thuthuatid=4bb1ea26-24f8-413e-aad0-b48200b49fa7&usid=172.31.255.1_rsenway4ypykm2begi123ahbfbbe4130&st=135105",
            "onclick": ""
          },
          {
            "text": "10:01 09/07/2026",
            "href": "http://192.168.2.26:2026/home.aspx?scope=sys&lang=vi&wpid=thuthuatnewdraw&thuthuatid=4bb1ea26-24f8-413e-aad0-b48200b49fa7&usid=172.31.255.1_rsenway4ypykm2begi123ahbfbbe4130&st=135105",
            "onclick": ""
          },
          {
            "text": "Hoàn tất",
            "href": "http://192.168.2.26:2026/home.aspx?scope=sys&lang=vi&wpid=thuthuatnewdraw&thuthuatid=4bb1ea26-24f8-413e-aad0-b48200b49fa7&usid=172.31.255.1_rsenway4ypykm2begi123ahbfbbe4130&st=135105",
            "onclick": ""
          }
        ]
      }
    },
    {
      "list_score": 41.0,
      "list_datetime": "2026-07-21 10:55:00",
      "list_method": "Kỹ thuật giảm đau qua các lớp cân bụng (TAP)",
      "detail_marker": "http://192.168.2.26:2026/home.aspx?scope=sys&lang=vi&wpid=thuthuatnewdraw&thuthuatid=4bbbd2f7-435a-427c-b5dd-b48e00c2ff32&usid=172.31.255.1_rsenway4ypykm2begi123ahbfbbe4130&st=135105",
      "row": {
        "access_id": "4bbbd2f7-435a-427c-b5dd-b48e00c2ff32",
        "known_fields": {
          "stt": "7",
          "ngay_thu_thuat": "10:55 21/07/2026",
          "ma_bn": "26072567",
          "ho_ten": "NGUYỄN THỊ DIỆU",
          "gioi_tinh": "Nữ",
          "tuoi": "42 tuổi",
          "doi_tuong": "Viện phí",
          "noi_chi_dinh": "PHÒNG PHẪU THUẬT",
          "chi_dinh_thu_thuat": "Kỹ thuật giảm đau qua các lớp cân bụng (TAP)",
          "tam_ung": "6,000,000",
          "phai_thanh_toan": "5,463,976",
          "tinh_trang": "Thường",
          "thoi_gian_chi_dinh": "10:55 21/07/2026",
          "trang_thai": "Hoàn tất"
        },
        "raw_text": "7 10:55 21/07/2026 26072567 NGUYỄN THỊ DIỆU Nữ 42 tuổi Viện phí PHÒNG PHẪU THUẬT Kỹ thuật giảm đau qua các lớp cân bụng (TAP) 6,000,000 5,463,976 Thường 10:55 21/07/2026 Hoàn tất",
        "links": [
          {
            "text": "7",
            "href": "http://192.168.2.26:2026/home.aspx?scope=sys&lang=vi&wpid=thuthuatnewdraw&thuthuatid=4bbbd2f7-435a-427c-b5dd-b48e00c2ff32&usid=172.31.255.1_rsenway4ypykm2begi123ahbfbbe4130&st=135105",
            "onclick": ""
          },
          {
            "text": "10:55 21/07/2026",
            "href": "http://192.168.2.26:2026/home.aspx?scope=sys&lang=vi&wpid=thuthuatnewdraw&thuthuatid=4bbbd2f7-435a-427c-b5dd-b48e00c2ff32&usid=172.31.255.1_rsenway4ypykm2begi123ahbfbbe4130&st=135105",
            "onclick": ""
          },
          {
            "text": "26072567",
            "href": "http://192.168.2.26:2026/home.aspx?scope=sys&lang=vi&wpid=thuthuatnewdraw&thuthuatid=4bbbd2f7-435a-427c-b5dd-b48e00c2ff32&usid=172.31.255.1_rsenway4ypykm2begi123ahbfbbe4130&st=135105",
            "onclick": ""
          },
          {
            "text": "NGUYỄN THỊ DIỆU",
            "href": "http://192.168.2.26:2026/home.aspx?scope=sys&lang=vi&wpid=thuthuatnewdraw&thuthuatid=4bbbd2f7-435a-427c-b5dd-b48e00c2ff32&usid=172.31.255.1_rsenway4ypykm2begi123ahbfbbe4130&st=135105",
            "onclick": ""
          },
          {
            "text": "Nữ",
            "href": "http://192.168.2.26:2026/home.aspx?scope=sys&lang=vi&wpid=thuthuatnewdraw&thuthuatid=4bbbd2f7-435a-427c-b5dd-b48e00c2ff32&usid=172.31.255.1_rsenway4ypykm2begi123ahbfbbe4130&st=135105",
            "onclick": ""
          },
          {
            "text": "42 tuổi",
            "href": "http://192.168.2.26:2026/home.aspx?scope=sys&lang=vi&wpid=thuthuatnewdraw&thuthuatid=4bbbd2f7-435a-427c-b5dd-b48e00c2ff32&usid=172.31.255.1_rsenway4ypykm2begi123ahbfbbe4130&st=135105",
            "onclick": ""
          },
          {
            "text": "Viện phí",
            "href": "http://192.168.2.26:2026/home.aspx?scope=sys&lang=vi&wpid=thuthuatnewdraw&thuthuatid=4bbbd2f7-435a-427c-b5dd-b48e00c2ff32&usid=172.31.255.1_rsenway4ypykm2begi123ahbfbbe4130&st=135105",
            "onclick": ""
          },
          {
            "text": "PHÒNG PHẪU THUẬT",
            "href": "http://192.168.2.26:2026/home.aspx?scope=sys&lang=vi&wpid=thuthuatnewdraw&thuthuatid=4bbbd2f7-435a-427c-b5dd-b48e00c2ff32&usid=172.31.255.1_rsenway4ypykm2begi123ahbfbbe4130&st=135105",
            "onclick": ""
          },
          {
            "text": "Kỹ thuật giảm đau qua các lớp cân bụng (TAP)",
            "href": "http://192.168.2.26:2026/home.aspx?scope=sys&lang=vi&wpid=thuthuatnewdraw&thuthuatid=4bbbd2f7-435a-427c-b5dd-b48e00c2ff32&usid=172.31.255.1_rsenway4ypykm2begi123ahbfbbe4130&st=135105",
            "onclick": ""
          },
          {
            "text": "6,000,000",
            "href": "http://192.168.2.26:2026/home.aspx?scope=sys&lang=vi&wpid=thuthuatnewdraw&thuthuatid=4bbbd2f7-435a-427c-b5dd-b48e00c2ff32&usid=172.31.255.1_rsenway4ypykm2begi123ahbfbbe4130&st=135105",
            "onclick": ""
          },
          {
            "text": "5,463,976",
            "href": "http://192.168.2.26:2026/home.aspx?scope=sys&lang=vi&wpid=thuthuatnewdraw&thuthuatid=4bbbd2f7-435a-427c-b5dd-b48e00c2ff32&usid=172.31.255.1_rsenway4ypykm2begi123ahbfbbe4130&st=135105",
            "onclick": ""
          },
          {
            "text": "Thường",
            "href": "http://192.168.2.26:2026/home.aspx?scope=sys&lang=vi&wpid=thuthuatnewdraw&thuthuatid=4bbbd2f7-435a-427c-b5dd-b48e00c2ff32&usid=172.31.255.1_rsenway4ypykm2begi123ahbfbbe4130&st=135105",
            "onclick": ""
          },
          {
            "text": "10:55 21/07/2026",
            "href": "http://192.168.2.26:2026/home.aspx?scope=sys&lang=vi&wpid=thuthuatnewdraw&thuthuatid=4bbbd2f7-435a-427c-b5dd-b48e00c2ff32&usid=172.31.255.1_rsenway4ypykm2begi123ahbfbbe4130&st=135105",
            "onclick": ""
          },
          {
            "text": "Hoàn tất",
            "href": "http://192.168.2.26:2026/home.aspx?scope=sys&lang=vi&wpid=thuthuatnewdraw&thuthuatid=4bbbd2f7-435a-427c-b5dd-b48e00c2ff32&usid=172.31.255.1_rsenway4ypykm2begi123ahbfbbe4130&st=135105",
            "onclick": ""
          }
        ]
      }
    },
    {
      "list_score": 40.714285714285715,
      "list_datetime": "2026-07-15 08:00:00",
      "list_method": "Chăm sóc ống thông bàng quang",
      "detail_marker": "http://192.168.2.26:2026/home.aspx?scope=sys&lang=vi&wpid=thuthuatnewdraw&thuthuatid=7130e431-e448-4c2f-99b2-b48800a76d8a&usid=172.31.255.1_rsenway4ypykm2begi123ahbfbbe4130&st=135105",
      "row": {
        "access_id": "7130e431-e448-4c2f-99b2-b48800a76d8a",
        "known_fields": {
          "stt": "6",
          "ngay_thu_thuat": "08:00 15/07/2026",
          "ma_bn": "26071308",
          "ho_ten": "NGUYỄN THỊ DIỆU ĐẠT",
          "gioi_tinh": "Nữ",
          "tuoi": "46 tuổi",
          "doi_tuong": "Viện phí",
          "noi_chi_dinh": "Trung Tâm Tiết Niệu",
          "chi_dinh_thu_thuat": "Chăm sóc ống thông bàng quang",
          "tam_ung": "0",
          "phai_thanh_toan": "0",
          "tinh_trang": "Thường",
          "thoi_gian_chi_dinh": "07:30 15/07/2026",
          "trang_thai": "Hoàn tất"
        },
        "raw_text": "6 08:00 15/07/2026 26071308 NGUYỄN THỊ DIỆU ĐẠT Nữ 46 tuổi Viện phí Trung Tâm Tiết Niệu Chăm sóc ống thông bàng quang 0 0 Thường 07:30 15/07/2026 Hoàn tất",
        "links": [
          {
            "text": "6",
            "href": "http://192.168.2.26:2026/home.aspx?scope=sys&lang=vi&wpid=thuthuatnewdraw&thuthuatid=7130e431-e448-4c2f-99b2-b48800a76d8a&usid=172.31.255.1_rsenway4ypykm2begi123ahbfbbe4130&st=135105",
            "onclick": ""
          },
          {
            "text": "08:00 15/07/2026",
            "href": "http://192.168.2.26:2026/home.aspx?scope=sys&lang=vi&wpid=thuthuatnewdraw&thuthuatid=7130e431-e448-4c2f-99b2-b48800a76d8a&usid=172.31.255.1_rsenway4ypykm2begi123ahbfbbe4130&st=135105",
            "onclick": ""
          },
          {
            "text": "26071308",
            "href": "http://192.168.2.26:2026/home.aspx?scope=sys&lang=vi&wpid=thuthuatnewdraw&thuthuatid=7130e431-e448-4c2f-99b2-b48800a76d8a&usid=172.31.255.1_rsenway4ypykm2begi123ahbfbbe4130&st=135105",
            "onclick": ""
          },
          {
            "text": "NGUYỄN THỊ DIỆU ĐẠT",
            "href": "http://192.168.2.26:2026/home.aspx?scope=sys&lang=vi&wpid=thuthuatnewdraw&thuthuatid=7130e431-e448-4c2f-99b2-b48800a76d8a&usid=172.31.255.1_rsenway4ypykm2begi123ahbfbbe4130&st=135105",
            "onclick": ""
          },
          {
            "text": "Nữ",
            "href": "http://192.168.2.26:2026/home.aspx?scope=sys&lang=vi&wpid=thuthuatnewdraw&thuthuatid=7130e431-e448-4c2f-99b2-b48800a76d8a&usid=172.31.255.1_rsenway4ypykm2begi123ahbfbbe4130&st=135105",
            "onclick": ""
          },
          {
            "text": "46 tuổi",
            "href": "http://192.168.2.26:2026/home.aspx?scope=sys&lang=vi&wpid=thuthuatnewdraw&thuthuatid=7130e431-e448-4c2f-99b2-b48800a76d8a&usid=172.31.255.1_rsenway4ypykm2begi123ahbfbbe4130&st=135105",
            "onclick": ""
          },
          {
            "text": "Viện phí",
            "href": "http://192.168.2.26:2026/home.aspx?scope=sys&lang=vi&wpid=thuthuatnewdraw&thuthuatid=7130e431-e448-4c2f-99b2-b48800a76d8a&usid=172.31.255.1_rsenway4ypykm2begi123ahbfbbe4130&st=135105",
            "onclick": ""
          },
          {
            "text": "Trung Tâm Tiết Niệu",
            "href": "http://192.168.2.26:2026/home.aspx?scope=sys&lang=vi&wpid=thuthuatnewdraw&thuthuatid=7130e431-e448-4c2f-99b2-b48800a76d8a&usid=172.31.255.1_rsenway4ypykm2begi123ahbfbbe4130&st=135105",
            "onclick": ""
          },
          {
            "text": "Chăm sóc ống thông bàng quang",
            "href": "http://192.168.2.26:2026/home.aspx?scope=sys&lang=vi&wpid=thuthuatnewdraw&thuthuatid=7130e431-e448-4c2f-99b2-b48800a76d8a&usid=172.31.255.1_rsenway4ypykm2begi123ahbfbbe4130&st=135105",
            "onclick": ""
          },
          {
            "text": "0",
            "href": "http://192.168.2.26:2026/home.aspx?scope=sys&lang=vi&wpid=thuthuatnewdraw&thuthuatid=7130e431-e448-4c2f-99b2-b48800a76d8a&usid=172.31.255.1_rsenway4ypykm2begi123ahbfbbe4130&st=135105",
            "onclick": ""
          },
          {
            "text": "0",
            "href": "http://192.168.2.26:2026/home.aspx?scope=sys&lang=vi&wpid=thuthuatnewdraw&thuthuatid=7130e431-e448-4c2f-99b2-b48800a76d8a&usid=172.31.255.1_rsenway4ypykm2begi123ahbfbbe4130&st=135105",
            "onclick": ""
          },
          {
            "text": "Thường",
            "href": "http://192.168.2.26:2026/home.aspx?scope=sys&lang=vi&wpid=thuthuatnewdraw&thuthuatid=7130e431-e448-4c2f-99b2-b48800a76d8a&usid=172.31.255.1_rsenway4ypykm2begi123ahbfbbe4130&st=135105",
            "onclick": ""
          },
          {
            "text": "07:30 15/07/2026",
            "href": "http://192.168.2.26:2026/home.aspx?scope=sys&lang=vi&wpid=thuthuatnewdraw&thuthuatid=7130e431-e448-4c2f-99b2-b48800a76d8a&usid=172.31.255.1_rsenway4ypykm2begi123ahbfbbe4130&st=135105",
            "onclick": ""
          },
          {
            "text": "Hoàn tất",
            "href": "http://192.168.2.26:2026/home.aspx?scope=sys&lang=vi&wpid=thuthuatnewdraw&thuthuatid=7130e431-e448-4c2f-99b2-b48800a76d8a&usid=172.31.255.1_rsenway4ypykm2begi123ahbfbbe4130&st=135105",
            "onclick": ""
          }
        ]
      }
    },
    {
      "list_score": 39.86486486486486,
      "list_datetime": "2026-06-30 09:22:00",
      "list_method": "Thay băng, cắt chỉ vết mổ",
      "detail_marker": "http://192.168.2.26:2026/home.aspx?scope=sys&lang=vi&wpid=thuthuatnewdraw&thuthuatid=efc39f15-3a69-4826-b6d5-b479009a4538&usid=172.31.255.1_rsenway4ypykm2begi123ahbfbbe4130&st=135105",
      "row": {
        "access_id": "efc39f15-3a69-4826-b6d5-b479009a4538",
        "known_fields": {
          "stt": "4",
          "ngay_thu_thuat": "09:22 30/06/2026",
          "ma_bn": "26066471",
          "ho_ten": "NGUYỄN THỊ DIỆU",
          "gioi_tinh": "Nữ",
          "tuoi": "63 tuổi",
          "doi_tuong": "Bảo hiểm",
          "noi_chi_dinh": "PHÒNG KHÁM NGOẠI TỔNG HỢP - 09",
          "chi_dinh_thu_thuat": "Thay băng, cắt chỉ vết mổ",
          "tam_ung": "0",
          "phai_thanh_toan": "0",
          "tinh_trang": "Thường",
          "thoi_gian_chi_dinh": "09:21 30/06/2026",
          "trang_thai": "Hoàn tất"
        },
        "raw_text": "4 09:22 30/06/2026 26066471 NGUYỄN THỊ DIỆU Nữ 63 tuổi Bảo hiểm PHÒNG KHÁM NGOẠI TỔNG HỢP - 09 Thay băng, cắt chỉ vết mổ 0 0 Thường 09:21 30/06/2026 Hoàn tất",
        "links": [
          {
            "text": "4",
            "href": "http://192.168.2.26:2026/home.aspx?scope=sys&lang=vi&wpid=thuthuatnewdraw&thuthuatid=efc39f15-3a69-4826-b6d5-b479009a4538&usid=172.31.255.1_rsenway4ypykm2begi123ahbfbbe4130&st=135105",
            "onclick": ""
          },
          {
            "text": "09:22 30/06/2026",
            "href": "http://192.168.2.26:2026/home.aspx?scope=sys&lang=vi&wpid=thuthuatnewdraw&thuthuatid=efc39f15-3a69-4826-b6d5-b479009a4538&usid=172.31.255.1_rsenway4ypykm2begi123ahbfbbe4130&st=135105",
            "onclick": ""
          },
          {
            "text": "26066471",
            "href": "http://192.168.2.26:2026/home.aspx?scope=sys&lang=vi&wpid=thuthuatnewdraw&thuthuatid=efc39f15-3a69-4826-b6d5-b479009a4538&usid=172.31.255.1_rsenway4ypykm2begi123ahbfbbe4130&st=135105",
            "onclick": ""
          },
          {
            "text": "NGUYỄN THỊ DIỆU",
            "href": "http://192.168.2.26:2026/home.aspx?scope=sys&lang=vi&wpid=thuthuatnewdraw&thuthuatid=efc39f15-3a69-4826-b6d5-b479009a4538&usid=172.31.255.1_rsenway4ypykm2begi123ahbfbbe4130&st=135105",
            "onclick": ""
          },
          {
            "text": "Nữ",
            "href": "http://192.168.2.26:2026/home.aspx?scope=sys&lang=vi&wpid=thuthuatnewdraw&thuthuatid=efc39f15-3a69-4826-b6d5-b479009a4538&usid=172.31.255.1_rsenway4ypykm2begi123ahbfbbe4130&st=135105",
            "onclick": ""
          },
          {
            "text": "63 tuổi",
            "href": "http://192.168.2.26:2026/home.aspx?scope=sys&lang=vi&wpid=thuthuatnewdraw&thuthuatid=efc39f15-3a69-4826-b6d5-b479009a4538&usid=172.31.255.1_rsenway4ypykm2begi123ahbfbbe4130&st=135105",
            "onclick": ""
          },
          {
            "text": "Bảo hiểm",
            "href": "http://192.168.2.26:2026/home.aspx?scope=sys&lang=vi&wpid=thuthuatnewdraw&thuthuatid=efc39f15-3a69-4826-b6d5-b479009a4538&usid=172.31.255.1_rsenway4ypykm2begi123ahbfbbe4130&st=135105",
            "onclick": ""
          },
          {
            "text": "PHÒNG KHÁM NGOẠI TỔNG HỢP - 09",
            "href": "http://192.168.2.26:2026/home.aspx?scope=sys&lang=vi&wpid=thuthuatnewdraw&thuthuatid=efc39f15-3a69-4826-b6d5-b479009a4538&usid=172.31.255.1_rsenway4ypykm2begi123ahbfbbe4130&st=135105",
            "onclick": ""
          },
          {
            "text": "Thay băng, cắt chỉ vết mổ",
            "href": "http://192.168.2.26:2026/home.aspx?scope=sys&lang=vi&wpid=thuthuatnewdraw&thuthuatid=efc39f15-3a69-4826-b6d5-b479009a4538&usid=172.31.255.1_rsenway4ypykm2begi123ahbfbbe4130&st=135105",
            "onclick": ""
          },
          {
            "text": "0",
            "href": "http://192.168.2.26:2026/home.aspx?scope=sys&lang=vi&wpid=thuthuatnewdraw&thuthuatid=efc39f15-3a69-4826-b6d5-b479009a4538&usid=172.31.255.1_rsenway4ypykm2begi123ahbfbbe4130&st=135105",
            "onclick": ""
          },
          {
            "text": "0",
            "href": "http://192.168.2.26:2026/home.aspx?scope=sys&lang=vi&wpid=thuthuatnewdraw&thuthuatid=efc39f15-3a69-4826-b6d5-b479009a4538&usid=172.31.255.1_rsenway4ypykm2begi123ahbfbbe4130&st=135105",
            "onclick": ""
          },
          {
            "text": "Thường",
            "href": "http://192.168.2.26:2026/home.aspx?scope=sys&lang=vi&wpid=thuthuatnewdraw&thuthuatid=efc39f15-3a69-4826-b6d5-b479009a4538&usid=172.31.255.1_rsenway4ypykm2begi123ahbfbbe4130&st=135105",
            "onclick": ""
          },
          {
            "text": "09:21 30/06/2026",
            "href": "http://192.168.2.26:2026/home.aspx?scope=sys&lang=vi&wpid=thuthuatnewdraw&thuthuatid=efc39f15-3a69-4826-b6d5-b479009a4538&usid=172.31.255.1_rsenway4ypykm2begi123ahbfbbe4130&st=135105",
            "onclick": ""
          },
          {
            "text": "Hoàn tất",
            "href": "http://192.168.2.26:2026/home.aspx?scope=sys&lang=vi&wpid=thuthuatnewdraw&thuthuatid=efc39f15-3a69-4826-b6d5-b479009a4538&usid=172.31.255.1_rsenway4ypykm2begi123ahbfbbe4130&st=135105",
            "onclick": ""
          }
        ]
      }
    },
    {
      "list_score": 33.46153846153846,
      "list_datetime": "2026-06-21 08:00:00",
      "list_method": "Thay băng, cắt chỉ vết mổ [chiều dài ≤ 15cm]",
      "detail_marker": "http://192.168.2.26:2026/home.aspx?scope=sys&lang=vi&wpid=thuthuatnewdraw&thuthuatid=1c21bb8f-20ec-4db7-b47e-b4700083c7ff&usid=172.31.255.1_rsenway4ypykm2begi123ahbfbbe4130&st=135105",
      "row": {
        "access_id": "1c21bb8f-20ec-4db7-b47e-b4700083c7ff",
        "known_fields": {
          "stt": "1",
          "ngay_thu_thuat": "08:00 21/06/2026",
          "ma_bn": "26066471",
          "ho_ten": "NGUYỄN THỊ DIỆU",
          "gioi_tinh": "Nữ",
          "tuoi": "63 tuổi",
          "doi_tuong": "Viện phí",
          "noi_chi_dinh": "Khoa Ngoại Tổng Hợp",
          "chi_dinh_thu_thuat": "Thay băng, cắt chỉ vết mổ [chiều dài ≤ 15cm]",
          "tam_ung": "0",
          "phai_thanh_toan": "0",
          "tinh_trang": "Thường",
          "thoi_gian_chi_dinh": "07:59 21/06/2026",
          "trang_thai": "Hoàn tất"
        },
        "raw_text": "1 08:00 21/06/2026 26066471 NGUYỄN THỊ DIỆU Nữ 63 tuổi Viện phí Khoa Ngoại Tổng Hợp Thay băng, cắt chỉ vết mổ [chiều dài ≤ 15cm] 0 0 Thường 07:59 21/06/2026 Hoàn tất",
        "links": [
          {
            "text": "1",
            "href": "http://192.168.2.26:2026/home.aspx?scope=sys&lang=vi&wpid=thuthuatnewdraw&thuthuatid=1c21bb8f-20ec-4db7-b47e-b4700083c7ff&usid=172.31.255.1_rsenway4ypykm2begi123ahbfbbe4130&st=135105",
            "onclick": ""
          },
          {
            "text": "08:00 21/06/2026",
            "href": "http://192.168.2.26:2026/home.aspx?scope=sys&lang=vi&wpid=thuthuatnewdraw&thuthuatid=1c21bb8f-20ec-4db7-b47e-b4700083c7ff&usid=172.31.255.1_rsenway4ypykm2begi123ahbfbbe4130&st=135105",
            "onclick": ""
          },
          {
            "text": "26066471",
            "href": "http://192.168.2.26:2026/home.aspx?scope=sys&lang=vi&wpid=thuthuatnewdraw&thuthuatid=1c21bb8f-20ec-4db7-b47e-b4700083c7ff&usid=172.31.255.1_rsenway4ypykm2begi123ahbfbbe4130&st=135105",
            "onclick": ""
          },
          {
            "text": "NGUYỄN THỊ DIỆU",
            "href": "http://192.168.2.26:2026/home.aspx?scope=sys&lang=vi&wpid=thuthuatnewdraw&thuthuatid=1c21bb8f-20ec-4db7-b47e-b4700083c7ff&usid=172.31.255.1_rsenway4ypykm2begi123ahbfbbe4130&st=135105",
            "onclick": ""
          },
          {
            "text": "Nữ",
            "href": "http://192.168.2.26:2026/home.aspx?scope=sys&lang=vi&wpid=thuthuatnewdraw&thuthuatid=1c21bb8f-20ec-4db7-b47e-b4700083c7ff&usid=172.31.255.1_rsenway4ypykm2begi123ahbfbbe4130&st=135105",
            "onclick": ""
          },
          {
            "text": "63 tuổi",
            "href": "http://192.168.2.26:2026/home.aspx?scope=sys&lang=vi&wpid=thuthuatnewdraw&thuthuatid=1c21bb8f-20ec-4db7-b47e-b4700083c7ff&usid=172.31.255.1_rsenway4ypykm2begi123ahbfbbe4130&st=135105",
            "onclick": ""
          },
          {
            "text": "Viện phí",
            "href": "http://192.168.2.26:2026/home.aspx?scope=sys&lang=vi&wpid=thuthuatnewdraw&thuthuatid=1c21bb8f-20ec-4db7-b47e-b4700083c7ff&usid=172.31.255.1_rsenway4ypykm2begi123ahbfbbe4130&st=135105",
            "onclick": ""
          },
          {
            "text": "Khoa Ngoại Tổng Hợp",
            "href": "http://192.168.2.26:2026/home.aspx?scope=sys&lang=vi&wpid=thuthuatnewdraw&thuthuatid=1c21bb8f-20ec-4db7-b47e-b4700083c7ff&usid=172.31.255.1_rsenway4ypykm2begi123ahbfbbe4130&st=135105",
            "onclick": ""
          },
          {
            "text": "Thay băng, cắt chỉ vết mổ [chiều dài ≤ 15cm]",
            "href": "http://192.168.2.26:2026/home.aspx?scope=sys&lang=vi&wpid=thuthuatnewdraw&thuthuatid=1c21bb8f-20ec-4db7-b47e-b4700083c7ff&usid=172.31.255.1_rsenway4ypykm2begi123ahbfbbe4130&st=135105",
            "onclick": ""
          },
          {
            "text": "0",
            "href": "http://192.168.2.26:2026/home.aspx?scope=sys&lang=vi&wpid=thuthuatnewdraw&thuthuatid=1c21bb8f-20ec-4db7-b47e-b4700083c7ff&usid=172.31.255.1_rsenway4ypykm2begi123ahbfbbe4130&st=135105",
            "onclick": ""
          },
          {
            "text": "0",
            "href": "http://192.168.2.26:2026/home.aspx?scope=sys&lang=vi&wpid=thuthuatnewdraw&thuthuatid=1c21bb8f-20ec-4db7-b47e-b4700083c7ff&usid=172.31.255.1_rsenway4ypykm2begi123ahbfbbe4130&st=135105",
            "onclick": ""
          },
          {
            "text": "Thường",
            "href": "http://192.168.2.26:2026/home.aspx?scope=sys&lang=vi&wpid=thuthuatnewdraw&thuthuatid=1c21bb8f-20ec-4db7-b47e-b4700083c7ff&usid=172.31.255.1_rsenway4ypykm2begi123ahbfbbe4130&st=135105",
            "onclick": ""
          },
          {
            "text": "07:59 21/06/2026",
            "href": "http://192.168.2.26:2026/home.aspx?scope=sys&lang=vi&wpid=thuthuatnewdraw&thuthuatid=1c21bb8f-20ec-4db7-b47e-b4700083c7ff&usid=172.31.255.1_rsenway4ypykm2begi123ahbfbbe4130&st=135105",
            "onclick": ""
          },
          {
            "text": "Hoàn tất",
            "href": "http://192.168.2.26:2026/home.aspx?scope=sys&lang=vi&wpid=thuthuatnewdraw&thuthuatid=1c21bb8f-20ec-4db7-b47e-b4700083c7ff&usid=172.31.255.1_rsenway4ypykm2begi123ahbfbbe4130&st=135105",
            "onclick": ""
          }
        ]
      }
    },
    {
      "list_score": 33.46153846153846,
      "list_datetime": "2026-06-22 08:40:00",
      "list_method": "Thay băng, cắt chỉ vết mổ [chiều dài ≤ 15cm]",
      "detail_marker": "http://192.168.2.26:2026/home.aspx?scope=sys&lang=vi&wpid=thuthuatnewdraw&thuthuatid=2e193aba-6b65-486e-b832-b471008ab95a&usid=172.31.255.1_rsenway4ypykm2begi123ahbfbbe4130&st=135105",
      "row": {
        "access_id": "2e193aba-6b65-486e-b832-b471008ab95a",
        "known_fields": {
          "stt": "2",
          "ngay_thu_thuat": "08:40 22/06/2026",
          "ma_bn": "26066471",
          "ho_ten": "NGUYỄN THỊ DIỆU",
          "gioi_tinh": "Nữ",
          "tuoi": "63 tuổi",
          "doi_tuong": "Viện phí",
          "noi_chi_dinh": "Khoa Ngoại Tổng Hợp",
          "chi_dinh_thu_thuat": "Thay băng, cắt chỉ vết mổ [chiều dài ≤ 15cm]",
          "tam_ung": "0",
          "phai_thanh_toan": "0",
          "tinh_trang": "Thường",
          "thoi_gian_chi_dinh": "08:00 22/06/2026",
          "trang_thai": "Hoàn tất"
        },
        "raw_text": "2 08:40 22/06/2026 26066471 NGUYỄN THỊ DIỆU Nữ 63 tuổi Viện phí Khoa Ngoại Tổng Hợp Thay băng, cắt chỉ vết mổ [chiều dài ≤ 15cm] 0 0 Thường 08:00 22/06/2026 Hoàn tất",
        "links": [
          {
            "text": "2",
            "href": "http://192.168.2.26:2026/home.aspx?scope=sys&lang=vi&wpid=thuthuatnewdraw&thuthuatid=2e193aba-6b65-486e-b832-b471008ab95a&usid=172.31.255.1_rsenway4ypykm2begi123ahbfbbe4130&st=135105",
            "onclick": ""
          },
          {
            "text": "08:40 22/06/2026",
            "href": "http://192.168.2.26:2026/home.aspx?scope=sys&lang=vi&wpid=thuthuatnewdraw&thuthuatid=2e193aba-6b65-486e-b832-b471008ab95a&usid=172.31.255.1_rsenway4ypykm2begi123ahbfbbe4130&st=135105",
            "onclick": ""
          },
          {
            "text": "26066471",
            "href": "http://192.168.2.26:2026/home.aspx?scope=sys&lang=vi&wpid=thuthuatnewdraw&thuthuatid=2e193aba-6b65-486e-b832-b471008ab95a&usid=172.31.255.1_rsenway4ypykm2begi123ahbfbbe4130&st=135105",
            "onclick": ""
          },
          {
            "text": "NGUYỄN THỊ DIỆU",
            "href": "http://192.168.2.26:2026/home.aspx?scope=sys&lang=vi&wpid=thuthuatnewdraw&thuthuatid=2e193aba-6b65-486e-b832-b471008ab95a&usid=172.31.255.1_rsenway4ypykm2begi123ahbfbbe4130&st=135105",
            "onclick": ""
          },
          {
            "text": "Nữ",
            "href": "http://192.168.2.26:2026/home.aspx?scope=sys&lang=vi&wpid=thuthuatnewdraw&thuthuatid=2e193aba-6b65-486e-b832-b471008ab95a&usid=172.31.255.1_rsenway4ypykm2begi123ahbfbbe4130&st=135105",
            "onclick": ""
          },
          {
            "text": "63 tuổi",
            "href": "http://192.168.2.26:2026/home.aspx?scope=sys&lang=vi&wpid=thuthuatnewdraw&thuthuatid=2e193aba-6b65-486e-b832-b471008ab95a&usid=172.31.255.1_rsenway4ypykm2begi123ahbfbbe4130&st=135105",
            "onclick": ""
          },
          {
            "text": "Viện phí",
            "href": "http://192.168.2.26:2026/home.aspx?scope=sys&lang=vi&wpid=thuthuatnewdraw&thuthuatid=2e193aba-6b65-486e-b832-b471008ab95a&usid=172.31.255.1_rsenway4ypykm2begi123ahbfbbe4130&st=135105",
            "onclick": ""
          },
          {
            "text": "Khoa Ngoại Tổng Hợp",
            "href": "http://192.168.2.26:2026/home.aspx?scope=sys&lang=vi&wpid=thuthuatnewdraw&thuthuatid=2e193aba-6b65-486e-b832-b471008ab95a&usid=172.31.255.1_rsenway4ypykm2begi123ahbfbbe4130&st=135105",
            "onclick": ""
          },
          {
            "text": "Thay băng, cắt chỉ vết mổ [chiều dài ≤ 15cm]",
            "href": "http://192.168.2.26:2026/home.aspx?scope=sys&lang=vi&wpid=thuthuatnewdraw&thuthuatid=2e193aba-6b65-486e-b832-b471008ab95a&usid=172.31.255.1_rsenway4ypykm2begi123ahbfbbe4130&st=135105",
            "onclick": ""
          },
          {
            "text": "0",
            "href": "http://192.168.2.26:2026/home.aspx?scope=sys&lang=vi&wpid=thuthuatnewdraw&thuthuatid=2e193aba-6b65-486e-b832-b471008ab95a&usid=172.31.255.1_rsenway4ypykm2begi123ahbfbbe4130&st=135105",
            "onclick": ""
          },
          {
            "text": "0",
            "href": "http://192.168.2.26:2026/home.aspx?scope=sys&lang=vi&wpid=thuthuatnewdraw&thuthuatid=2e193aba-6b65-486e-b832-b471008ab95a&usid=172.31.255.1_rsenway4ypykm2begi123ahbfbbe4130&st=135105",
            "onclick": ""
          },
          {
            "text": "Thường",
            "href": "http://192.168.2.26:2026/home.aspx?scope=sys&lang=vi&wpid=thuthuatnewdraw&thuthuatid=2e193aba-6b65-486e-b832-b471008ab95a&usid=172.31.255.1_rsenway4ypykm2begi123ahbfbbe4130&st=135105",
            "onclick": ""
          },
          {
            "text": "08:00 22/06/2026",
            "href": "http://192.168.2.26:2026/home.aspx?scope=sys&lang=vi&wpid=thuthuatnewdraw&thuthuatid=2e193aba-6b65-486e-b832-b471008ab95a&usid=172.31.255.1_rsenway4ypykm2begi123ahbfbbe4130&st=135105",
            "onclick": ""
          },
          {
            "text": "Hoàn tất",
            "href": "http://192.168.2.26:2026/home.aspx?scope=sys&lang=vi&wpid=thuthuatnewdraw&thuthuatid=2e193aba-6b65-486e-b832-b471008ab95a&usid=172.31.255.1_rsenway4ypykm2begi123ahbfbbe4130&st=135105",
            "onclick": ""
          }
        ]
      }
    },
    {
      "list_score": 33.46153846153846,
      "list_datetime": "2026-06-23 08:00:00",
      "list_method": "Thay băng, cắt chỉ vết mổ [chiều dài ≤ 15cm]",
      "detail_marker": "http://192.168.2.26:2026/home.aspx?scope=sys&lang=vi&wpid=thuthuatnewdraw&thuthuatid=29887063-c789-40a1-9550-b472000f2c4b&usid=172.31.255.1_rsenway4ypykm2begi123ahbfbbe4130&st=135105",
      "row": {
        "access_id": "29887063-c789-40a1-9550-b472000f2c4b",
        "known_fields": {
          "stt": "3",
          "ngay_thu_thuat": "08:00 23/06/2026",
          "ma_bn": "26066471",
          "ho_ten": "NGUYỄN THỊ DIỆU",
          "gioi_tinh": "Nữ",
          "tuoi": "63 tuổi",
          "doi_tuong": "Viện phí",
          "noi_chi_dinh": "Khoa Ngoại Tổng Hợp",
          "chi_dinh_thu_thuat": "Thay băng, cắt chỉ vết mổ [chiều dài ≤ 15cm]",
          "tam_ung": "0",
          "phai_thanh_toan": "0",
          "tinh_trang": "Thường",
          "thoi_gian_chi_dinh": "08:00 23/06/2026",
          "trang_thai": "Hoàn tất"
        },
        "raw_text": "3 08:00 23/06/2026 26066471 NGUYỄN THỊ DIỆU Nữ 63 tuổi Viện phí Khoa Ngoại Tổng Hợp Thay băng, cắt chỉ vết mổ [chiều dài ≤ 15cm] 0 0 Thường 08:00 23/06/2026 Hoàn tất",
        "links": [
          {
            "text": "3",
            "href": "http://192.168.2.26:2026/home.aspx?scope=sys&lang=vi&wpid=thuthuatnewdraw&thuthuatid=29887063-c789-40a1-9550-b472000f2c4b&usid=172.31.255.1_rsenway4ypykm2begi123ahbfbbe4130&st=135105",
            "onclick": ""
          },
          {
            "text": "08:00 23/06/2026",
            "href": "http://192.168.2.26:2026/home.aspx?scope=sys&lang=vi&wpid=thuthuatnewdraw&thuthuatid=29887063-c789-40a1-9550-b472000f2c4b&usid=172.31.255.1_rsenway4ypykm2begi123ahbfbbe4130&st=135105",
            "onclick": ""
          },
          {
            "text": "26066471",
            "href": "http://192.168.2.26:2026/home.aspx?scope=sys&lang=vi&wpid=thuthuatnewdraw&thuthuatid=29887063-c789-40a1-9550-b472000f2c4b&usid=172.31.255.1_rsenway4ypykm2begi123ahbfbbe4130&st=135105",
            "onclick": ""
          },
          {
            "text": "NGUYỄN THỊ DIỆU",
            "href": "http://192.168.2.26:2026/home.aspx?scope=sys&lang=vi&wpid=thuthuatnewdraw&thuthuatid=29887063-c789-40a1-9550-b472000f2c4b&usid=172.31.255.1_rsenway4ypykm2begi123ahbfbbe4130&st=135105",
            "onclick": ""
          },
          {
            "text": "Nữ",
            "href": "http://192.168.2.26:2026/home.aspx?scope=sys&lang=vi&wpid=thuthuatnewdraw&thuthuatid=29887063-c789-40a1-9550-b472000f2c4b&usid=172.31.255.1_rsenway4ypykm2begi123ahbfbbe4130&st=135105",
            "onclick": ""
          },
          {
            "text": "63 tuổi",
            "href": "http://192.168.2.26:2026/home.aspx?scope=sys&lang=vi&wpid=thuthuatnewdraw&thuthuatid=29887063-c789-40a1-9550-b472000f2c4b&usid=172.31.255.1_rsenway4ypykm2begi123ahbfbbe4130&st=135105",
            "onclick": ""
          },
          {
            "text": "Viện phí",
            "href": "http://192.168.2.26:2026/home.aspx?scope=sys&lang=vi&wpid=thuthuatnewdraw&thuthuatid=29887063-c789-40a1-9550-b472000f2c4b&usid=172.31.255.1_rsenway4ypykm2begi123ahbfbbe4130&st=135105",
            "onclick": ""
          },
          {
            "text": "Khoa Ngoại Tổng Hợp",
            "href": "http://192.168.2.26:2026/home.aspx?scope=sys&lang=vi&wpid=thuthuatnewdraw&thuthuatid=29887063-c789-40a1-9550-b472000f2c4b&usid=172.31.255.1_rsenway4ypykm2begi123ahbfbbe4130&st=135105",
            "onclick": ""
          },
          {
            "text": "Thay băng, cắt chỉ vết mổ [chiều dài ≤ 15cm]",
            "href": "http://192.168.2.26:2026/home.aspx?scope=sys&lang=vi&wpid=thuthuatnewdraw&thuthuatid=29887063-c789-40a1-9550-b472000f2c4b&usid=172.31.255.1_rsenway4ypykm2begi123ahbfbbe4130&st=135105",
            "onclick": ""
          },
          {
            "text": "0",
            "href": "http://192.168.2.26:2026/home.aspx?scope=sys&lang=vi&wpid=thuthuatnewdraw&thuthuatid=29887063-c789-40a1-9550-b472000f2c4b&usid=172.31.255.1_rsenway4ypykm2begi123ahbfbbe4130&st=135105",
            "onclick": ""
          },
          {
            "text": "0",
            "href": "http://192.168.2.26:2026/home.aspx?scope=sys&lang=vi&wpid=thuthuatnewdraw&thuthuatid=29887063-c789-40a1-9550-b472000f2c4b&usid=172.31.255.1_rsenway4ypykm2begi123ahbfbbe4130&st=135105",
            "onclick": ""
          },
          {
            "text": "Thường",
            "href": "http://192.168.2.26:2026/home.aspx?scope=sys&lang=vi&wpid=thuthuatnewdraw&thuthuatid=29887063-c789-40a1-9550-b472000f2c4b&usid=172.31.255.1_rsenway4ypykm2begi123ahbfbbe4130&st=135105",
            "onclick": ""
          },
          {
            "text": "08:00 23/06/2026",
            "href": "http://192.168.2.26:2026/home.aspx?scope=sys&lang=vi&wpid=thuthuatnewdraw&thuthuatid=29887063-c789-40a1-9550-b472000f2c4b&usid=172.31.255.1_rsenway4ypykm2begi123ahbfbbe4130&st=135105",
            "onclick": ""
          },
          {
            "text": "Hoàn tất",
            "href": "http://192.168.2.26:2026/home.aspx?scope=sys&lang=vi&wpid=thuthuatnewdraw&thuthuatid=29887063-c789-40a1-9550-b472000f2c4b&usid=172.31.255.1_rsenway4ypykm2begi123ahbfbbe4130&st=135105",
            "onclick": ""
          }
        ]
      }
    },
    {
      "list_score": 33.46153846153846,
      "list_datetime": "2026-07-23 13:49:00",
      "list_method": "Thay băng, cắt chỉ vết mổ [chiều dài ≤ 15cm]",
      "detail_marker": "http://192.168.2.26:2026/home.aspx?scope=sys&lang=vi&wpid=thuthuatnewdraw&thuthuatid=1d530b9c-507b-47e7-b383-b49000515343&usid=172.31.255.1_rsenway4ypykm2begi123ahbfbbe4130&st=135105",
      "row": {
        "access_id": "1d530b9c-507b-47e7-b383-b49000515343",
        "known_fields": {
          "stt": "9",
          "ngay_thu_thuat": "13:49 23/07/2026",
          "ma_bn": "26072567",
          "ho_ten": "NGUYỄN THỊ DIỆU",
          "gioi_tinh": "Nữ",
          "tuoi": "42 tuổi",
          "doi_tuong": "Viện phí",
          "noi_chi_dinh": "Khoa Phụ Sản",
          "chi_dinh_thu_thuat": "Thay băng, cắt chỉ vết mổ [chiều dài ≤ 15cm]",
          "tam_ung": "6,000,000",
          "phai_thanh_toan": "5,463,976",
          "tinh_trang": "Thường",
          "thoi_gian_chi_dinh": "07:00 23/07/2026",
          "trang_thai": "Hoàn tất"
        },
        "raw_text": "9 13:49 23/07/2026 26072567 NGUYỄN THỊ DIỆU Nữ 42 tuổi Viện phí Khoa Phụ Sản Thay băng, cắt chỉ vết mổ [chiều dài ≤ 15cm] 6,000,000 5,463,976 Thường 07:00 23/07/2026 Hoàn tất",
        "links": [
          {
            "text": "9",
            "href": "http://192.168.2.26:2026/home.aspx?scope=sys&lang=vi&wpid=thuthuatnewdraw&thuthuatid=1d530b9c-507b-47e7-b383-b49000515343&usid=172.31.255.1_rsenway4ypykm2begi123ahbfbbe4130&st=135105",
            "onclick": ""
          },
          {
            "text": "13:49 23/07/2026",
            "href": "http://192.168.2.26:2026/home.aspx?scope=sys&lang=vi&wpid=thuthuatnewdraw&thuthuatid=1d530b9c-507b-47e7-b383-b49000515343&usid=172.31.255.1_rsenway4ypykm2begi123ahbfbbe4130&st=135105",
            "onclick": ""
          },
          {
            "text": "26072567",
            "href": "http://192.168.2.26:2026/home.aspx?scope=sys&lang=vi&wpid=thuthuatnewdraw&thuthuatid=1d530b9c-507b-47e7-b383-b49000515343&usid=172.31.255.1_rsenway4ypykm2begi123ahbfbbe4130&st=135105",
            "onclick": ""
          },
          {
            "text": "NGUYỄN THỊ DIỆU",
            "href": "http://192.168.2.26:2026/home.aspx?scope=sys&lang=vi&wpid=thuthuatnewdraw&thuthuatid=1d530b9c-507b-47e7-b383-b49000515343&usid=172.31.255.1_rsenway4ypykm2begi123ahbfbbe4130&st=135105",
            "onclick": ""
          },
          {
            "text": "Nữ",
            "href": "http://192.168.2.26:2026/home.aspx?scope=sys&lang=vi&wpid=thuthuatnewdraw&thuthuatid=1d530b9c-507b-47e7-b383-b49000515343&usid=172.31.255.1_rsenway4ypykm2begi123ahbfbbe4130&st=135105",
            "onclick": ""
          },
          {
            "text": "42 tuổi",
            "href": "http://192.168.2.26:2026/home.aspx?scope=sys&lang=vi&wpid=thuthuatnewdraw&thuthuatid=1d530b9c-507b-47e7-b383-b49000515343&usid=172.31.255.1_rsenway4ypykm2begi123ahbfbbe4130&st=135105",
            "onclick": ""
          },
          {
            "text": "Viện phí",
            "href": "http://192.168.2.26:2026/home.aspx?scope=sys&lang=vi&wpid=thuthuatnewdraw&thuthuatid=1d530b9c-507b-47e7-b383-b49000515343&usid=172.31.255.1_rsenway4ypykm2begi123ahbfbbe4130&st=135105",
            "onclick": ""
          },
          {
            "text": "Khoa Phụ Sản",
            "href": "http://192.168.2.26:2026/home.aspx?scope=sys&lang=vi&wpid=thuthuatnewdraw&thuthuatid=1d530b9c-507b-47e7-b383-b49000515343&usid=172.31.255.1_rsenway4ypykm2begi123ahbfbbe4130&st=135105",
            "onclick": ""
          },
          {
            "text": "Thay băng, cắt chỉ vết mổ [chiều dài ≤ 15cm]",
            "href": "http://192.168.2.26:2026/home.aspx?scope=sys&lang=vi&wpid=thuthuatnewdraw&thuthuatid=1d530b9c-507b-47e7-b383-b49000515343&usid=172.31.255.1_rsenway4ypykm2begi123ahbfbbe4130&st=135105",
            "onclick": ""
          },
          {
            "text": "6,000,000",
            "href": "http://192.168.2.26:2026/home.aspx?scope=sys&lang=vi&wpid=thuthuatnewdraw&thuthuatid=1d530b9c-507b-47e7-b383-b49000515343&usid=172.31.255.1_rsenway4ypykm2begi123ahbfbbe4130&st=135105",
            "onclick": ""
          },
          {
            "text": "5,463,976",
            "href": "http://192.168.2.26:2026/home.aspx?scope=sys&lang=vi&wpid=thuthuatnewdraw&thuthuatid=1d530b9c-507b-47e7-b383-b49000515343&usid=172.31.255.1_rsenway4ypykm2begi123ahbfbbe4130&st=135105",
            "onclick": ""
          },
          {
            "text": "Thường",
            "href": "http://192.168.2.26:2026/home.aspx?scope=sys&lang=vi&wpid=thuthuatnewdraw&thuthuatid=1d530b9c-507b-47e7-b383-b49000515343&usid=172.31.255.1_rsenway4ypykm2begi123ahbfbbe4130&st=135105",
            "onclick": ""
          },
          {
            "text": "07:00 23/07/2026",
            "href": "http://192.168.2.26:2026/home.aspx?scope=sys&lang=vi&wpid=thuthuatnewdraw&thuthuatid=1d530b9c-507b-47e7-b383-b49000515343&usid=172.31.255.1_rsenway4ypykm2begi123ahbfbbe4130&st=135105",
            "onclick": ""
          },
          {
            "text": "Hoàn tất",
            "href": "http://192.168.2.26:2026/home.aspx?scope=sys&lang=vi&wpid=thuthuatnewdraw&thuthuatid=1d530b9c-507b-47e7-b383-b49000515343&usid=172.31.255.1_rsenway4ypykm2begi123ahbfbbe4130&st=135105",
            "onclick": ""
          }
        ]
      }
    },
    {
      "list_score": 26.94736842105263,
      "list_datetime": "2026-07-23 07:00:00",
      "list_method": "Chiếu tia Plasma lạnh điều trị vết thương hoặc vết mổ chiều dài trên 15cm đến 30cm",
      "detail_marker": "http://192.168.2.26:2026/home.aspx?scope=sys&lang=vi&wpid=thuthuatnewdraw&thuthuatid=73a32c14-92b7-458b-9ec9-b49000515343&usid=172.31.255.1_rsenway4ypykm2begi123ahbfbbe4130&st=135105",
      "row": {
        "access_id": "73a32c14-92b7-458b-9ec9-b49000515343",
        "known_fields": {
          "stt": "8",
          "ngay_thu_thuat": "07:00 23/07/2026",
          "ma_bn": "26072567",
          "ho_ten": "NGUYỄN THỊ DIỆU",
          "gioi_tinh": "Nữ",
          "tuoi": "42 tuổi",
          "doi_tuong": "Viện phí",
          "noi_chi_dinh": "Khoa Phụ Sản",
          "chi_dinh_thu_thuat": "Chiếu tia Plasma lạnh điều trị vết thương hoặc vết mổ chiều dài trên 15cm đến 30cm",
          "tam_ung": "6,000,000",
          "phai_thanh_toan": "5,463,976",
          "tinh_trang": "Thường",
          "thoi_gian_chi_dinh": "07:00 23/07/2026",
          "trang_thai": "Chờ thực hiện"
        },
        "raw_text": "8 07:00 23/07/2026 26072567 NGUYỄN THỊ DIỆU Nữ 42 tuổi Viện phí Khoa Phụ Sản Chiếu tia Plasma lạnh điều trị vết thương hoặc vết mổ chiều dài trên 15cm đến 30cm 6,000,000 5,463,976 Thường 07:00 23/07/2026 Chờ thực hiện",
        "links": [
          {
            "text": "8",
            "href": "http://192.168.2.26:2026/home.aspx?scope=sys&lang=vi&wpid=thuthuatnewdraw&thuthuatid=73a32c14-92b7-458b-9ec9-b49000515343&usid=172.31.255.1_rsenway4ypykm2begi123ahbfbbe4130&st=135105",
            "onclick": ""
          },
          {
            "text": "07:00 23/07/2026",
            "href": "http://192.168.2.26:2026/home.aspx?scope=sys&lang=vi&wpid=thuthuatnewdraw&thuthuatid=73a32c14-92b7-458b-9ec9-b49000515343&usid=172.31.255.1_rsenway4ypykm2begi123ahbfbbe4130&st=135105",
            "onclick": ""
          },
          {
            "text": "26072567",
            "href": "http://192.168.2.26:2026/home.aspx?scope=sys&lang=vi&wpid=thuthuatnewdraw&thuthuatid=73a32c14-92b7-458b-9ec9-b49000515343&usid=172.31.255.1_rsenway4ypykm2begi123ahbfbbe4130&st=135105",
            "onclick": ""
          },
          {
            "text": "NGUYỄN THỊ DIỆU",
            "href": "http://192.168.2.26:2026/home.aspx?scope=sys&lang=vi&wpid=thuthuatnewdraw&thuthuatid=73a32c14-92b7-458b-9ec9-b49000515343&usid=172.31.255.1_rsenway4ypykm2begi123ahbfbbe4130&st=135105",
            "onclick": ""
          },
          {
            "text": "Nữ",
            "href": "http://192.168.2.26:2026/home.aspx?scope=sys&lang=vi&wpid=thuthuatnewdraw&thuthuatid=73a32c14-92b7-458b-9ec9-b49000515343&usid=172.31.255.1_rsenway4ypykm2begi123ahbfbbe4130&st=135105",
            "onclick": ""
          },
          {
            "text": "42 tuổi",
            "href": "http://192.168.2.26:2026/home.aspx?scope=sys&lang=vi&wpid=thuthuatnewdraw&thuthuatid=73a32c14-92b7-458b-9ec9-b49000515343&usid=172.31.255.1_rsenway4ypykm2begi123ahbfbbe4130&st=135105",
            "onclick": ""
          },
          {
            "text": "Viện phí",
            "href": "http://192.168.2.26:2026/home.aspx?scope=sys&lang=vi&wpid=thuthuatnewdraw&thuthuatid=73a32c14-92b7-458b-9ec9-b49000515343&usid=172.31.255.1_rsenway4ypykm2begi123ahbfbbe4130&st=135105",
            "onclick": ""
          },
          {
            "text": "Khoa Phụ Sản",
            "href": "http://192.168.2.26:2026/home.aspx?scope=sys&lang=vi&wpid=thuthuatnewdraw&thuthuatid=73a32c14-92b7-458b-9ec9-b49000515343&usid=172.31.255.1_rsenway4ypykm2begi123ahbfbbe4130&st=135105",
            "onclick": ""
          },
          {
            "text": "Chiếu tia Plasma lạnh điều trị vết thương hoặc vết mổ chiều dài trên 15cm đến 30cm",
            "href": "http://192.168.2.26:2026/home.aspx?scope=sys&lang=vi&wpid=thuthuatnewdraw&thuthuatid=73a32c14-92b7-458b-9ec9-b49000515343&usid=172.31.255.1_rsenway4ypykm2begi123ahbfbbe4130&st=135105",
            "onclick": ""
          },
          {
            "text": "6,000,000",
            "href": "http://192.168.2.26:2026/home.aspx?scope=sys&lang=vi&wpid=thuthuatnewdraw&thuthuatid=73a32c14-92b7-458b-9ec9-b49000515343&usid=172.31.255.1_rsenway4ypykm2begi123ahbfbbe4130&st=135105",
            "onclick": ""
          },
          {
            "text": "5,463,976",
            "href": "http://192.168.2.26:2026/home.aspx?scope=sys&lang=vi&wpid=thuthuatnewdraw&thuthuatid=73a32c14-92b7-458b-9ec9-b49000515343&usid=172.31.255.1_rsenway4ypykm2begi123ahbfbbe4130&st=135105",
            "onclick": ""
          },
          {
            "text": "Thường",
            "href": "http://192.168.2.26:2026/home.aspx?scope=sys&lang=vi&wpid=thuthuatnewdraw&thuthuatid=73a32c14-92b7-458b-9ec9-b49000515343&usid=172.31.255.1_rsenway4ypykm2begi123ahbfbbe4130&st=135105",
            "onclick": ""
          },
          {
            "text": "07:00 23/07/2026",
            "href": "http://192.168.2.26:2026/home.aspx?scope=sys&lang=vi&wpid=thuthuatnewdraw&thuthuatid=73a32c14-92b7-458b-9ec9-b49000515343&usid=172.31.255.1_rsenway4ypykm2begi123ahbfbbe4130&st=135105",
            "onclick": ""
          },
          {
            "text": "Chờ thực hiện",
            "href": "http://192.168.2.26:2026/home.aspx?scope=sys&lang=vi&wpid=thuthuatnewdraw&thuthuatid=73a32c14-92b7-458b-9ec9-b49000515343&usid=172.31.255.1_rsenway4ypykm2begi123ahbfbbe4130&st=135105",
            "onclick": ""
          }
        ]
      }
    }
  ]
}
[2026-07-23 13:51:08.139] [DETAIL_BEGIN] D/s Thủ thuật: mở ứng viên 1
{
  "detail_marker": "http://192.168.2.26:2026/home.aspx?scope=sys&lang=vi&wpid=thuthuatnewdraw&thuthuatid=0aec41a8-849e-4c49-9830-b45e00a12ea6&usid=172.31.255.1_rsenway4ypykm2begi123ahbfbbe4130&st=135105",
  "list_datetime": "2026-07-23 13:50:00",
  "list_method": "Tiêm khớp gối",
  "row": {
    "access_id": "0aec41a8-849e-4c49-9830-b45e00a12ea6",
    "known_fields": {
      "stt": "10",
      "ngay_thu_thuat": "13:50 23/07/2026",
      "ma_bn": "26052294",
      "ho_ten": "NGUYỄN THỊ DIỆU",
      "gioi_tinh": "Nữ",
      "tuoi": "77 tuổi",
      "doi_tuong": "Viện phí",
      "noi_chi_dinh": "PHÒNG KHÁM CHẤN THƯƠNG CHỈNH HÌNH - 20",
      "chi_dinh_thu_thuat": "Tiêm khớp gối",
      "tam_ung": "0",
      "phai_thanh_toan": "614,000",
      "tinh_trang": "Thường",
      "thoi_gian_chi_dinh": "09:29 03/06/2026",
      "trang_thai": "Chờ thực hiện"
    },
    "raw_text": "10 13:50 23/07/2026 26052294 NGUYỄN THỊ DIỆU Nữ 77 tuổi Viện phí PHÒNG KHÁM CHẤN THƯƠNG CHỈNH HÌNH - 20 Tiêm khớp gối 0 614,000 Thường 09:29 03/06/2026 Chờ thực hiện",
    "links": [
      {
        "text": "10",
        "href": "http://192.168.2.26:2026/home.aspx?scope=sys&lang=vi&wpid=thuthuatnewdraw&thuthuatid=0aec41a8-849e-4c49-9830-b45e00a12ea6&usid=172.31.255.1_rsenway4ypykm2begi123ahbfbbe4130&st=135105",
        "onclick": ""
      },
      {
        "text": "13:50 23/07/2026",
        "href": "http://192.168.2.26:2026/home.aspx?scope=sys&lang=vi&wpid=thuthuatnewdraw&thuthuatid=0aec41a8-849e-4c49-9830-b45e00a12ea6&usid=172.31.255.1_rsenway4ypykm2begi123ahbfbbe4130&st=135105",
        "onclick": ""
      },
      {
        "text": "26052294",
        "href": "http://192.168.2.26:2026/home.aspx?scope=sys&lang=vi&wpid=thuthuatnewdraw&thuthuatid=0aec41a8-849e-4c49-9830-b45e00a12ea6&usid=172.31.255.1_rsenway4ypykm2begi123ahbfbbe4130&st=135105",
        "onclick": ""
      },
      {
        "text": "NGUYỄN THỊ DIỆU",
        "href": "http://192.168.2.26:2026/home.aspx?scope=sys&lang=vi&wpid=thuthuatnewdraw&thuthuatid=0aec41a8-849e-4c49-9830-b45e00a12ea6&usid=172.31.255.1_rsenway4ypykm2begi123ahbfbbe4130&st=135105",
        "onclick": ""
      },
      {
        "text": "Nữ",
        "href": "http://192.168.2.26:2026/home.aspx?scope=sys&lang=vi&wpid=thuthuatnewdraw&thuthuatid=0aec41a8-849e-4c49-9830-b45e00a12ea6&usid=172.31.255.1_rsenway4ypykm2begi123ahbfbbe4130&st=135105",
        "onclick": ""
      },
      {
        "text": "77 tuổi",
        "href": "http://192.168.2.26:2026/home.aspx?scope=sys&lang=vi&wpid=thuthuatnewdraw&thuthuatid=0aec41a8-849e-4c49-9830-b45e00a12ea6&usid=172.31.255.1_rsenway4ypykm2begi123ahbfbbe4130&st=135105",
        "onclick": ""
      },
      {
        "text": "Viện phí",
        "href": "http://192.168.2.26:2026/home.aspx?scope=sys&lang=vi&wpid=thuthuatnewdraw&thuthuatid=0aec41a8-849e-4c49-9830-b45e00a12ea6&usid=172.31.255.1_rsenway4ypykm2begi123ahbfbbe4130&st=135105",
        "onclick": ""
      },
      {
        "text": "PHÒNG KHÁM CHẤN THƯƠNG CHỈNH HÌNH - 20",
        "href": "http://192.168.2.26:2026/home.aspx?scope=sys&lang=vi&wpid=thuthuatnewdraw&thuthuatid=0aec41a8-849e-4c49-9830-b45e00a12ea6&usid=172.31.255.1_rsenway4ypykm2begi123ahbfbbe4130&st=135105",
        "onclick": ""
      },
      {
        "text": "Tiêm khớp gối",
        "href": "http://192.168.2.26:2026/home.aspx?scope=sys&lang=vi&wpid=thuthuatnewdraw&thuthuatid=0aec41a8-849e-4c49-9830-b45e00a12ea6&usid=172.31.255.1_rsenway4ypykm2begi123ahbfbbe4130&st=135105",
        "onclick": ""
      },
      {
        "text": "0",
        "href": "http://192.168.2.26:2026/home.aspx?scope=sys&lang=vi&wpid=thuthuatnewdraw&thuthuatid=0aec41a8-849e-4c49-9830-b45e00a12ea6&usid=172.31.255.1_rsenway4ypykm2begi123ahbfbbe4130&st=135105",
        "onclick": ""
      },
      {
        "text": "614,000",
        "href": "http://192.168.2.26:2026/home.aspx?scope=sys&lang=vi&wpid=thuthuatnewdraw&thuthuatid=0aec41a8-849e-4c49-9830-b45e00a12ea6&usid=172.31.255.1_rsenway4ypykm2begi123ahbfbbe4130&st=135105",
        "onclick": ""
      },
      {
        "text": "Thường",
        "href": "http://192.168.2.26:2026/home.aspx?scope=sys&lang=vi&wpid=thuthuatnewdraw&thuthuatid=0aec41a8-849e-4c49-9830-b45e00a12ea6&usid=172.31.255.1_rsenway4ypykm2begi123ahbfbbe4130&st=135105",
        "onclick": ""
      },
      {
        "text": "09:29 03/06/2026",
        "href": "http://192.168.2.26:2026/home.aspx?scope=sys&lang=vi&wpid=thuthuatnewdraw&thuthuatid=0aec41a8-849e-4c49-9830-b45e00a12ea6&usid=172.31.255.1_rsenway4ypykm2begi123ahbfbbe4130&st=135105",
        "onclick": ""
      },
      {
        "text": "Chờ thực hiện",
        "href": "http://192.168.2.26:2026/home.aspx?scope=sys&lang=vi&wpid=thuthuatnewdraw&thuthuatid=0aec41a8-849e-4c49-9830-b45e00a12ea6&usid=172.31.255.1_rsenway4ypykm2begi123ahbfbbe4130&st=135105",
        "onclick": ""
      }
    ]
  }
}
[2026-07-23 13:51:08.145] [BROWSER] [DETAIL] kind=procedure; access_id=0aec41a8-849e-4c49-9830-b45e00a12ea6; direct_url=yes; onclick=no
[2026-07-23 13:51:08.146] [BROWSER] [DETAIL] Mở liên kết trực tiếp: http://192.168.2.26:2026/home.aspx?scope=sys&lang=vi&wpid=thuthuatnewdraw&thuthuatid=0aec41a8-849e-4c49-9830-b45e00a12ea6&usid=172.31.255.1_rsenway4ypykm2begi123ahbfbbe4130&st=135105
[2026-07-23 13:51:08.901] [BROWSER] [DETAIL] Dữ liệu đọc được: {"complete_info": "", "current_url": "http://192.168.2.26:2026/home.aspx?scope=sys&lang=vi&wpid=thuthuatnewdraw&thuthuatid=0aec41a8-849e-4c49-9830-b45e00a12ea6&usid=172.31.255.1_rsenway4ypykm2begi123ahbfbbe4130&st=135105", "doctor": "Hoàng Minh Tú", "doctor_field": "txtBacSyChiDinh", "doctor_found": true, "method": "Tiêm khớp gối", "patient_info": "(26052294 | NGUYỄN THỊ DIỆU, 01/01/1949, Nữ, 77 tuổi | Viện phí)", "root_found": true, "start_time": "13:51 23/07/2026"}
[2026-07-23 13:51:08.903] [BROWSER] [DETAIL] Nguồn bác sĩ: Bác sĩ chỉ định; field=txtBacSyChiDinh; value=Hoàng Minh Tú
[2026-07-23 13:51:08.904] [DETAIL_OK] D/s Thủ thuật: đọc được hồ sơ chi tiết
{
  "doctor_from_emr": "Hoàng Minh Tú",
  "mapped_alias": "TÚ",
  "mapped_name": "Hoàng Minh Tú",
  "start_time": "13:51 23/07/2026",
  "method": "Tiêm khớp gối",
  "current_url": "http://192.168.2.26:2026/home.aspx?scope=sys&lang=vi&wpid=thuthuatnewdraw&thuthuatid=0aec41a8-849e-4c49-9830-b45e00a12ea6&usid=172.31.255.1_rsenway4ypykm2begi123ahbfbbe4130&st=135105",
  "total_score": 145.0,
  "method_score": 1.0
}
[2026-07-23 13:51:08.905] [DETAIL_BEGIN] D/s Thủ thuật: mở ứng viên 2
{
  "detail_marker": "http://192.168.2.26:2026/home.aspx?scope=sys&lang=vi&wpid=thuthuatnewdraw&thuthuatid=4bb1ea26-24f8-413e-aad0-b48200b49fa7&usid=172.31.255.1_rsenway4ypykm2begi123ahbfbbe4130&st=135105",
  "list_datetime": "2026-07-09 11:02:00",
  "list_method": "Sinh thiết buồng tử cung",
  "row": {
    "access_id": "4bb1ea26-24f8-413e-aad0-b48200b49fa7",
    "known_fields": {
      "stt": "5",
      "ngay_thu_thuat": "11:02 09/07/2026",
      "ma_bn": "26072567",
      "ho_ten": "NGUYỄN THỊ DIỆU",
      "gioi_tinh": "Nữ",
      "tuoi": "42 tuổi",
      "doi_tuong": "Bảo hiểm",
      "noi_chi_dinh": "Khoa Phụ Sản",
      "chi_dinh_thu_thuat": "Sinh thiết buồng tử cung",
      "tam_ung": "0",
      "phai_thanh_toan": "0",
      "tinh_trang": "Thường",
      "thoi_gian_chi_dinh": "10:01 09/07/2026",
      "trang_thai": "Hoàn tất"
    },
    "raw_text": "5 11:02 09/07/2026 26072567 NGUYỄN THỊ DIỆU Nữ 42 tuổi Bảo hiểm Khoa Phụ Sản Sinh thiết buồng tử cung 0 0 Thường 10:01 09/07/2026 Hoàn tất",
    "links": [
      {
        "text": "5",
        "href": "http://192.168.2.26:2026/home.aspx?scope=sys&lang=vi&wpid=thuthuatnewdraw&thuthuatid=4bb1ea26-24f8-413e-aad0-b48200b49fa7&usid=172.31.255.1_rsenway4ypykm2begi123ahbfbbe4130&st=135105",
        "onclick": ""
      },
      {
        "text": "11:02 09/07/2026",
        "href": "http://192.168.2.26:2026/home.aspx?scope=sys&lang=vi&wpid=thuthuatnewdraw&thuthuatid=4bb1ea26-24f8-413e-aad0-b48200b49fa7&usid=172.31.255.1_rsenway4ypykm2begi123ahbfbbe4130&st=135105",
        "onclick": ""
      },
      {
        "text": "26072567",
        "href": "http://192.168.2.26:2026/home.aspx?scope=sys&lang=vi&wpid=thuthuatnewdraw&thuthuatid=4bb1ea26-24f8-413e-aad0-b48200b49fa7&usid=172.31.255.1_rsenway4ypykm2begi123ahbfbbe4130&st=135105",
        "onclick": ""
      },
      {
        "text": "NGUYỄN THỊ DIỆU",
        "href": "http://192.168.2.26:2026/home.aspx?scope=sys&lang=vi&wpid=thuthuatnewdraw&thuthuatid=4bb1ea26-24f8-413e-aad0-b48200b49fa7&usid=172.31.255.1_rsenway4ypykm2begi123ahbfbbe4130&st=135105",
        "onclick": ""
      },
      {
        "text": "Nữ",
        "href": "http://192.168.2.26:2026/home.aspx?scope=sys&lang=vi&wpid=thuthuatnewdraw&thuthuatid=4bb1ea26-24f8-413e-aad0-b48200b49fa7&usid=172.31.255.1_rsenway4ypykm2begi123ahbfbbe4130&st=135105",
        "onclick": ""
      },
      {
        "text": "42 tuổi",
        "href": "http://192.168.2.26:2026/home.aspx?scope=sys&lang=vi&wpid=thuthuatnewdraw&thuthuatid=4bb1ea26-24f8-413e-aad0-b48200b49fa7&usid=172.31.255.1_rsenway4ypykm2begi123ahbfbbe4130&st=135105",
        "onclick": ""
      },
      {
        "text": "Bảo hiểm",
        "href": "http://192.168.2.26:2026/home.aspx?scope=sys&lang=vi&wpid=thuthuatnewdraw&thuthuatid=4bb1ea26-24f8-413e-aad0-b48200b49fa7&usid=172.31.255.1_rsenway4ypykm2begi123ahbfbbe4130&st=135105",
        "onclick": ""
      },
      {
        "text": "Khoa Phụ Sản",
        "href": "http://192.168.2.26:2026/home.aspx?scope=sys&lang=vi&wpid=thuthuatnewdraw&thuthuatid=4bb1ea26-24f8-413e-aad0-b48200b49fa7&usid=172.31.255.1_rsenway4ypykm2begi123ahbfbbe4130&st=135105",
        "onclick": ""
      },
      {
        "text": "Sinh thiết buồng tử cung",
        "href": "http://192.168.2.26:2026/home.aspx?scope=sys&lang=vi&wpid=thuthuatnewdraw&thuthuatid=4bb1ea26-24f8-413e-aad0-b48200b49fa7&usid=172.31.255.1_rsenway4ypykm2begi123ahbfbbe4130&st=135105",
        "onclick": ""
      },
      {
        "text": "0",
        "href": "http://192.168.2.26:2026/home.aspx?scope=sys&lang=vi&wpid=thuthuatnewdraw&thuthuatid=4bb1ea26-24f8-413e-aad0-b48200b49fa7&usid=172.31.255.1_rsenway4ypykm2begi123ahbfbbe4130&st=135105",
        "onclick": ""
      },
      {
        "text": "0",
        "href": "http://192.168.2.26:2026/home.aspx?scope=sys&lang=vi&wpid=thuthuatnewdraw&thuthuatid=4bb1ea26-24f8-413e-aad0-b48200b49fa7&usid=172.31.255.1_rsenway4ypykm2begi123ahbfbbe4130&st=135105",
        "onclick": ""
      },
      {
        "text": "Thường",
        "href": "http://192.168.2.26:2026/home.aspx?scope=sys&lang=vi&wpid=thuthuatnewdraw&thuthuatid=4bb1ea26-24f8-413e-aad0-b48200b49fa7&usid=172.31.255.1_rsenway4ypykm2begi123ahbfbbe4130&st=135105",
        "onclick": ""
      },
      {
        "text": "10:01 09/07/2026",
        "href": "http://192.168.2.26:2026/home.aspx?scope=sys&lang=vi&wpid=thuthuatnewdraw&thuthuatid=4bb1ea26-24f8-413e-aad0-b48200b49fa7&usid=172.31.255.1_rsenway4ypykm2begi123ahbfbbe4130&st=135105",
        "onclick": ""
      },
      {
        "text": "Hoàn tất",
        "href": "http://192.168.2.26:2026/home.aspx?scope=sys&lang=vi&wpid=thuthuatnewdraw&thuthuatid=4bb1ea26-24f8-413e-aad0-b48200b49fa7&usid=172.31.255.1_rsenway4ypykm2begi123ahbfbbe4130&st=135105",
        "onclick": ""
      }
    ]
  }
}
[2026-07-23 13:51:08.919] [BROWSER] [DETAIL] kind=procedure; access_id=4bb1ea26-24f8-413e-aad0-b48200b49fa7; direct_url=yes; onclick=no
[2026-07-23 13:51:08.919] [BROWSER] [DETAIL] Mở liên kết trực tiếp: http://192.168.2.26:2026/home.aspx?scope=sys&lang=vi&wpid=thuthuatnewdraw&thuthuatid=4bb1ea26-24f8-413e-aad0-b48200b49fa7&usid=172.31.255.1_rsenway4ypykm2begi123ahbfbbe4130&st=135105
[2026-07-23 13:51:09.838] [BROWSER] [DETAIL] Dữ liệu đọc được: {"complete_info": "Người hoàn tất: Ngũ Quốc Vĩ (nqvi) | TG nhấn hoàn tất: 11:05 09/07/2026", "current_url": "http://192.168.2.26:2026/home.aspx?scope=sys&lang=vi&wpid=thuthuatnewdraw&thuthuatid=4bb1ea26-24f8-413e-aad0-b48200b49fa7&usid=172.31.255.1_rsenway4ypykm2begi123ahbfbbe4130&st=135105", "doctor": "Ngũ Quốc Vĩ", "doctor_field": "txtBacSyChiDinh", "doctor_found": true, "method": "Sinh thiết buồng tử cung", "patient_info": "(26072567 | NGUYỄN THỊ DIỆU, 01/01/1984, Nữ, 42 tuổi | Bảo hiểm)", "root_found": true, "start_time": "11:02 09/07/2026"}
[2026-07-23 13:51:09.841] [BROWSER] [DETAIL] Nguồn bác sĩ: Bác sĩ chỉ định; field=txtBacSyChiDinh; value=Ngũ Quốc Vĩ
[2026-07-23 13:51:09.845] [DETAIL_OK] D/s Thủ thuật: đọc được hồ sơ chi tiết
{
  "doctor_from_emr": "Ngũ Quốc Vĩ",
  "mapped_alias": null,
  "mapped_name": null,
  "start_time": "11:02 09/07/2026",
  "method": "Sinh thiết buồng tử cung",
  "current_url": "http://192.168.2.26:2026/home.aspx?scope=sys&lang=vi&wpid=thuthuatnewdraw&thuthuatid=4bb1ea26-24f8-413e-aad0-b48200b49fa7&usid=172.31.255.1_rsenway4ypykm2begi123ahbfbbe4130&st=135105",
  "total_score": -172.56756756756758,
  "method_score": 0.3783783783783784
}
[2026-07-23 13:51:09.847] [DETAIL_BEGIN] D/s Thủ thuật: mở ứng viên 3
{
  "detail_marker": "http://192.168.2.26:2026/home.aspx?scope=sys&lang=vi&wpid=thuthuatnewdraw&thuthuatid=4bbbd2f7-435a-427c-b5dd-b48e00c2ff32&usid=172.31.255.1_rsenway4ypykm2begi123ahbfbbe4130&st=135105",
  "list_datetime": "2026-07-21 10:55:00",
  "list_method": "Kỹ thuật giảm đau qua các lớp cân bụng (TAP)",
  "row": {
    "access_id": "4bbbd2f7-435a-427c-b5dd-b48e00c2ff32",
    "known_fields": {
      "stt": "7",
      "ngay_thu_thuat": "10:55 21/07/2026",
      "ma_bn": "26072567",
      "ho_ten": "NGUYỄN THỊ DIỆU",
      "gioi_tinh": "Nữ",
      "tuoi": "42 tuổi",
      "doi_tuong": "Viện phí",
      "noi_chi_dinh": "PHÒNG PHẪU THUẬT",
      "chi_dinh_thu_thuat": "Kỹ thuật giảm đau qua các lớp cân bụng (TAP)",
      "tam_ung": "6,000,000",
      "phai_thanh_toan": "5,463,976",
      "tinh_trang": "Thường",
      "thoi_gian_chi_dinh": "10:55 21/07/2026",
      "trang_thai": "Hoàn tất"
    },
    "raw_text": "7 10:55 21/07/2026 26072567 NGUYỄN THỊ DIỆU Nữ 42 tuổi Viện phí PHÒNG PHẪU THUẬT Kỹ thuật giảm đau qua các lớp cân bụng (TAP) 6,000,000 5,463,976 Thường 10:55 21/07/2026 Hoàn tất",
    "links": [
      {
        "text": "7",
        "href": "http://192.168.2.26:2026/home.aspx?scope=sys&lang=vi&wpid=thuthuatnewdraw&thuthuatid=4bbbd2f7-435a-427c-b5dd-b48e00c2ff32&usid=172.31.255.1_rsenway4ypykm2begi123ahbfbbe4130&st=135105",
        "onclick": ""
      },
      {
        "text": "10:55 21/07/2026",
        "href": "http://192.168.2.26:2026/home.aspx?scope=sys&lang=vi&wpid=thuthuatnewdraw&thuthuatid=4bbbd2f7-435a-427c-b5dd-b48e00c2ff32&usid=172.31.255.1_rsenway4ypykm2begi123ahbfbbe4130&st=135105",
        "onclick": ""
      },
      {
        "text": "26072567",
        "href": "http://192.168.2.26:2026/home.aspx?scope=sys&lang=vi&wpid=thuthuatnewdraw&thuthuatid=4bbbd2f7-435a-427c-b5dd-b48e00c2ff32&usid=172.31.255.1_rsenway4ypykm2begi123ahbfbbe4130&st=135105",
        "onclick": ""
      },
      {
        "text": "NGUYỄN THỊ DIỆU",
        "href": "http://192.168.2.26:2026/home.aspx?scope=sys&lang=vi&wpid=thuthuatnewdraw&thuthuatid=4bbbd2f7-435a-427c-b5dd-b48e00c2ff32&usid=172.31.255.1_rsenway4ypykm2begi123ahbfbbe4130&st=135105",
        "onclick": ""
      },
      {
        "text": "Nữ",
        "href": "http://192.168.2.26:2026/home.aspx?scope=sys&lang=vi&wpid=thuthuatnewdraw&thuthuatid=4bbbd2f7-435a-427c-b5dd-b48e00c2ff32&usid=172.31.255.1_rsenway4ypykm2begi123ahbfbbe4130&st=135105",
        "onclick": ""
      },
      {
        "text": "42 tuổi",
        "href": "http://192.168.2.26:2026/home.aspx?scope=sys&lang=vi&wpid=thuthuatnewdraw&thuthuatid=4bbbd2f7-435a-427c-b5dd-b48e00c2ff32&usid=172.31.255.1_rsenway4ypykm2begi123ahbfbbe4130&st=135105",
        "onclick": ""
      },
      {
        "text": "Viện phí",
        "href": "http://192.168.2.26:2026/home.aspx?scope=sys&lang=vi&wpid=thuthuatnewdraw&thuthuatid=4bbbd2f7-435a-427c-b5dd-b48e00c2ff32&usid=172.31.255.1_rsenway4ypykm2begi123ahbfbbe4130&st=135105",
        "onclick": ""
      },
      {
        "text": "PHÒNG PHẪU THUẬT",
        "href": "http://192.168.2.26:2026/home.aspx?scope=sys&lang=vi&wpid=thuthuatnewdraw&thuthuatid=4bbbd2f7-435a-427c-b5dd-b48e00c2ff32&usid=172.31.255.1_rsenway4ypykm2begi123ahbfbbe4130&st=135105",
        "onclick": ""
      },
      {
        "text": "Kỹ thuật giảm đau qua các lớp cân bụng (TAP)",
        "href": "http://192.168.2.26:2026/home.aspx?scope=sys&lang=vi&wpid=thuthuatnewdraw&thuthuatid=4bbbd2f7-435a-427c-b5dd-b48e00c2ff32&usid=172.31.255.1_rsenway4ypykm2begi123ahbfbbe4130&st=135105",
        "onclick": ""
      },
      {
        "text": "6,000,000",
        "href": "http://192.168.2.26:2026/home.aspx?scope=sys&lang=vi&wpid=thuthuatnewdraw&thuthuatid=4bbbd2f7-435a-427c-b5dd-b48e00c2ff32&usid=172.31.255.1_rsenway4ypykm2begi123ahbfbbe4130&st=135105",
        "onclick": ""
      },
      {
        "text": "5,463,976",
        "href": "http://192.168.2.26:2026/home.aspx?scope=sys&lang=vi&wpid=thuthuatnewdraw&thuthuatid=4bbbd2f7-435a-427c-b5dd-b48e00c2ff32&usid=172.31.255.1_rsenway4ypykm2begi123ahbfbbe4130&st=135105",
        "onclick": ""
      },
      {
        "text": "Thường",
        "href": "http://192.168.2.26:2026/home.aspx?scope=sys&lang=vi&wpid=thuthuatnewdraw&thuthuatid=4bbbd2f7-435a-427c-b5dd-b48e00c2ff32&usid=172.31.255.1_rsenway4ypykm2begi123ahbfbbe4130&st=135105",
        "onclick": ""
      },
      {
        "text": "10:55 21/07/2026",
        "href": "http://192.168.2.26:2026/home.aspx?scope=sys&lang=vi&wpid=thuthuatnewdraw&thuthuatid=4bbbd2f7-435a-427c-b5dd-b48e00c2ff32&usid=172.31.255.1_rsenway4ypykm2begi123ahbfbbe4130&st=135105",
        "onclick": ""
      },
      {
        "text": "Hoàn tất",
        "href": "http://192.168.2.26:2026/home.aspx?scope=sys&lang=vi&wpid=thuthuatnewdraw&thuthuatid=4bbbd2f7-435a-427c-b5dd-b48e00c2ff32&usid=172.31.255.1_rsenway4ypykm2begi123ahbfbbe4130&st=135105",
        "onclick": ""
      }
    ]
  }
}
[2026-07-23 13:51:09.857] [BROWSER] [DETAIL] kind=procedure; access_id=4bbbd2f7-435a-427c-b5dd-b48e00c2ff32; direct_url=yes; onclick=no
[2026-07-23 13:51:09.857] [BROWSER] [DETAIL] Mở liên kết trực tiếp: http://192.168.2.26:2026/home.aspx?scope=sys&lang=vi&wpid=thuthuatnewdraw&thuthuatid=4bbbd2f7-435a-427c-b5dd-b48e00c2ff32&usid=172.31.255.1_rsenway4ypykm2begi123ahbfbbe4130&st=135105
[2026-07-23 13:51:10.657] [BROWSER] [DETAIL] Dữ liệu đọc được: {"complete_info": "Người hoàn tất: Vũ Văn Kim Long (vvklong) | TG nhấn hoàn tất: 12:43 21/07/2026", "current_url": "http://192.168.2.26:2026/home.aspx?scope=sys&lang=vi&wpid=thuthuatnewdraw&thuthuatid=4bbbd2f7-435a-427c-b5dd-b48e00c2ff32&usid=172.31.255.1_rsenway4ypykm2begi123ahbfbbe4130&st=135105", "doctor": "Vũ Văn Kim Long", "doctor_field": "txtBacSyChiDinh", "doctor_found": true, "method": "Kỹ thuật giảm đau qua các lớp cân bụng (TAP)", "patient_info": "(26072567 | NGUYỄN THỊ DIỆU, 01/01/1984, Nữ, 42 tuổi | Viện phí)", "root_found": true, "start_time": "10:55 21/07/2026"}
[2026-07-23 13:51:10.658] [BROWSER] [DETAIL] Nguồn bác sĩ: Bác sĩ chỉ định; field=txtBacSyChiDinh; value=Vũ Văn Kim Long
[2026-07-23 13:51:10.662] [DETAIL_OK] D/s Thủ thuật: đọc được hồ sơ chi tiết
{
  "doctor_from_emr": "Vũ Văn Kim Long",
  "mapped_alias": null,
  "mapped_name": null,
  "start_time": "10:55 21/07/2026",
  "method": "Kỹ thuật giảm đau qua các lớp cân bụng (TAP)",
  "current_url": "http://192.168.2.26:2026/home.aspx?scope=sys&lang=vi&wpid=thuthuatnewdraw&thuthuatid=4bbbd2f7-435a-427c-b5dd-b48e00c2ff32&usid=172.31.255.1_rsenway4ypykm2begi123ahbfbbe4130&st=135105",
  "total_score": -187.0,
  "method_score": 0.2909090909090909
}
[2026-07-23 13:51:10.663] [EVALUATED] D/s Thủ thuật: đánh giá 3 hồ sơ
{
  "items": [
    {
      "doctor": "Hoàng Minh Tú",
      "alias": "TÚ",
      "detail_datetime": "2026-07-23 13:51:00",
      "method_score": 1.0,
      "total_score": 145.0,
      "confidence_ok": false
    },
    {
      "doctor": "Ngũ Quốc Vĩ",
      "alias": null,
      "detail_datetime": "2026-07-09 11:02:00",
      "method_score": 0.3783783783783784,
      "total_score": -172.56756756756758,
      "confidence_ok": false
    },
    {
      "doctor": "Vũ Văn Kim Long",
      "alias": null,
      "detail_datetime": "2026-07-21 10:55:00",
      "method_score": 0.2909090909090909,
      "total_score": -187.0,
      "confidence_ok": false
    }
  ]
}
[2026-07-23 13:51:10.663] [SEARCH_BEGIN] dòng 52: tìm NGUYỄN THỊ DIỆU tại D/s Phẫu thuật
{
  "patient": "NGUYỄN THỊ DIỆU",
  "target_time": "2026-06-03 09:29:00",
  "target_method": "Tiêm khớp gối",
  "source": "surgery"
}
[2026-07-23 13:51:11.080] [BROWSER] [NAV] D/s Phẫu thuật: http://192.168.2.26:2026/home.aspx?scope=sys&lang=vi&wpid=danhsachphauthuatdraw&role=323&usid=172.31.255.1_rsenway4ypykm2begi123ahbfbbe4130&st=135107
[2026-07-23 13:51:13.066] [BROWSER] [FILTER] 3 tháng
[2026-07-23 13:51:13.554] [BROWSER] [SEARCH] Nhập 'NGUYỄN THỊ DIỆU' vào #txtTimKiem
[2026-07-23 13:51:13.776] [BROWSER] [SEARCH] Đã bấm Tìm kiếm bằng #btnTimKiem
[2026-07-23 13:51:13.800] [BROWSER] [RESULT] D/s Phẫu thuật: 8 dòng
[2026-07-23 13:51:13.807] [SEARCH_RESULT] D/s Phẫu thuật: nhận 8 dòng
{
  "current_url": "http://192.168.2.26:2026/home.aspx?scope=sys&lang=vi&wpid=danhsachphauthuatdraw&role=323&usid=172.31.255.1_rsenway4ypykm2begi123ahbfbbe4130&st=135107",
  "search_input_id": "txtTimKiem",
  "search_trigger": "#btnTimKiem",
  "headers": [
    "STT",
    "Mã BN",
    "Họ tên",
    "Giới tính",
    "Tuổi",
    "Phòng mổ",
    "Nơi chuyển mổ",
    "Nội dung phẫu thuật",
    "Tình trạng",
    "Thời gian",
    "Trạng thái",
    "Đối tượng",
    "Đã tạm ứng"
  ],
  "rows": [
    {
      "access_id": "889610fd-8295-4591-89f8-b48e00ace282",
      "known_fields": {
        "stt": "1",
        "ma_bn": "26072567",
        "ho_ten": "NGUYỄN THỊ DIỆU",
        "gioi_tinh": "Nữ",
        "tuoi": "42 tuổi",
        "phong_mo": "PHÒNG PHẪU THUẬT",
        "noi_chuyen_mo": "Khoa Phụ Sản",
        "noi_dung_phau_thuat": "Phẫu thuật mở bụng bóc u xơ tử cung",
        "tinh_trang": "Thường",
        "thoi_gian": "21/07/2026",
        "trang_thai": "Hoàn tất",
        "doi_tuong": "Bảo hiểm",
        "tam_ung": "6,000,000"
      },
      "raw_text": "1 26072567 NGUYỄN THỊ DIỆU Nữ 42 tuổi PHÒNG PHẪU THUẬT Khoa Phụ Sản Phẫu thuật mở bụng bóc u xơ tử cung Thường 21/07/2026 Hoàn tất Bảo hiểm 6,000,000",
      "links": [
        {
          "text": "1",
          "href": "http://192.168.2.26:2026/home.aspx?scope=sys&lang=vi&wpid=phauthuatdraw&phauthuatid=889610fd-8295-4591-89f8-b48e00ace282&keyword=nguy%E1%BB%85n%20th%E1%BB%8B%20di%E1%BB%87u&tg=6&tungay=01/04/2026&denngay=24/07/2026&usid=172.31.255.1_rsenway4ypykm2begi123ahbfbbe4130&st=135111",
          "onclick": ""
        },
        {
          "text": "26072567",
          "href": "http://192.168.2.26:2026/home.aspx?scope=sys&lang=vi&wpid=phauthuatdraw&phauthuatid=889610fd-8295-4591-89f8-b48e00ace282&keyword=nguy%E1%BB%85n%20th%E1%BB%8B%20di%E1%BB%87u&tg=6&tungay=01/04/2026&denngay=24/07/2026&usid=172.31.255.1_rsenway4ypykm2begi123ahbfbbe4130&st=135111",
          "onclick": ""
        },
        {
          "text": "NGUYỄN THỊ DIỆU",
          "href": "http://192.168.2.26:2026/home.aspx?scope=sys&lang=vi&wpid=phauthuatdraw&phauthuatid=889610fd-8295-4591-89f8-b48e00ace282&keyword=nguy%E1%BB%85n%20th%E1%BB%8B%20di%E1%BB%87u&tg=6&tungay=01/04/2026&denngay=24/07/2026&usid=172.31.255.1_rsenway4ypykm2begi123ahbfbbe4130&st=135111",
          "onclick": ""
        },
        {
          "text": "Nữ",
          "href": "http://192.168.2.26:2026/home.aspx?scope=sys&lang=vi&wpid=phauthuatdraw&phauthuatid=889610fd-8295-4591-89f8-b48e00ace282&keyword=nguy%E1%BB%85n%20th%E1%BB%8B%20di%E1%BB%87u&tg=6&tungay=01/04/2026&denngay=24/07/2026&usid=172.31.255.1_rsenway4ypykm2begi123ahbfbbe4130&st=135111",
          "onclick": ""
        },
        {
          "text": "42 tuổi",
          "href": "http://192.168.2.26:2026/home.aspx?scope=sys&lang=vi&wpid=phauthuatdraw&phauthuatid=889610fd-8295-4591-89f8-b48e00ace282&keyword=nguy%E1%BB%85n%20th%E1%BB%8B%20di%E1%BB%87u&tg=6&tungay=01/04/2026&denngay=24/07/2026&usid=172.31.255.1_rsenway4ypykm2begi123ahbfbbe4130&st=135111",
          "onclick": ""
        },
        {
          "text": "PHÒNG PHẪU THUẬT",
          "href": "http://192.168.2.26:2026/home.aspx?scope=sys&lang=vi&wpid=phauthuatdraw&phauthuatid=889610fd-8295-4591-89f8-b48e00ace282&keyword=nguy%E1%BB%85n%20th%E1%BB%8B%20di%E1%BB%87u&tg=6&tungay=01/04/2026&denngay=24/07/2026&usid=172.31.255.1_rsenway4ypykm2begi123ahbfbbe4130&st=135111",
          "onclick": ""
        },
        {
          "text": "Khoa Phụ Sản",
          "href": "http://192.168.2.26:2026/home.aspx?scope=sys&lang=vi&wpid=phauthuatdraw&phauthuatid=889610fd-8295-4591-89f8-b48e00ace282&keyword=nguy%E1%BB%85n%20th%E1%BB%8B%20di%E1%BB%87u&tg=6&tungay=01/04/2026&denngay=24/07/2026&usid=172.31.255.1_rsenway4ypykm2begi123ahbfbbe4130&st=135111",
          "onclick": ""
        },
        {
          "text": "Phẫu thuật mở bụng bóc u xơ tử cung",
          "href": "http://192.168.2.26:2026/home.aspx?scope=sys&lang=vi&wpid=phauthuatdraw&phauthuatid=889610fd-8295-4591-89f8-b48e00ace282&keyword=nguy%E1%BB%85n%20th%E1%BB%8B%20di%E1%BB%87u&tg=6&tungay=01/04/2026&denngay=24/07/2026&usid=172.31.255.1_rsenway4ypykm2begi123ahbfbbe4130&st=135111",
          "onclick": ""
        },
        {
          "text": "Thường",
          "href": "http://192.168.2.26:2026/home.aspx?scope=sys&lang=vi&wpid=phauthuatdraw&phauthuatid=889610fd-8295-4591-89f8-b48e00ace282&keyword=nguy%E1%BB%85n%20th%E1%BB%8B%20di%E1%BB%87u&tg=6&tungay=01/04/2026&denngay=24/07/2026&usid=172.31.255.1_rsenway4ypykm2begi123ahbfbbe4130&st=135111",
          "onclick": ""
        },
        {
          "text": "21/07/2026",
          "href": "http://192.168.2.26:2026/home.aspx?scope=sys&lang=vi&wpid=phauthuatdraw&phauthuatid=889610fd-8295-4591-89f8-b48e00ace282&keyword=nguy%E1%BB%85n%20th%E1%BB%8B%20di%E1%BB%87u&tg=6&tungay=01/04/2026&denngay=24/07/2026&usid=172.31.255.1_rsenway4ypykm2begi123ahbfbbe4130&st=135111",
          "onclick": ""
        }
      ]
    },
    {
      "access_id": "9cec7cfe-debb-4ff7-84ae-b48a00a3e022",
      "known_fields": {
        "stt": "2",
        "ma_bn": "26074861",
        "ho_ten": "NGUYỄN THỊ DIỆU HIỀN",
        "gioi_tinh": "Nữ",
        "tuoi": "29 tuổi",
        "phong_mo": "PHÒNG PHẪU THUẬT",
        "noi_chuyen_mo": "Khoa Ngoại Tổng Hợp",
        "noi_dung_phau_thuat": "Phẫu thuật lấy toàn bộ trĩ vòng [gây tê]",
        "tinh_trang": "Thường",
        "thoi_gian": "17/07/2026",
        "trang_thai": "Hoàn tất",
        "doi_tuong": "Bảo hiểm",
        "tam_ung": "10,000,000"
      },
      "raw_text": "2 26074861 NGUYỄN THỊ DIỆU HIỀN Nữ 29 tuổi PHÒNG PHẪU THUẬT Khoa Ngoại Tổng Hợp Phẫu thuật lấy toàn bộ trĩ vòng [gây tê] Thường 17/07/2026 Hoàn tất Bảo hiểm 10,000,000",
      "links": [
        {
          "text": "2",
          "href": "http://192.168.2.26:2026/home.aspx?scope=sys&lang=vi&wpid=phauthuatdraw&phauthuatid=9cec7cfe-debb-4ff7-84ae-b48a00a3e022&keyword=nguy%E1%BB%85n%20th%E1%BB%8B%20di%E1%BB%87u&tg=6&tungay=01/04/2026&denngay=24/07/2026&usid=172.31.255.1_rsenway4ypykm2begi123ahbfbbe4130&st=135111",
          "onclick": ""
        },
        {
          "text": "26074861",
          "href": "http://192.168.2.26:2026/home.aspx?scope=sys&lang=vi&wpid=phauthuatdraw&phauthuatid=9cec7cfe-debb-4ff7-84ae-b48a00a3e022&keyword=nguy%E1%BB%85n%20th%E1%BB%8B%20di%E1%BB%87u&tg=6&tungay=01/04/2026&denngay=24/07/2026&usid=172.31.255.1_rsenway4ypykm2begi123ahbfbbe4130&st=135111",
          "onclick": ""
        },
        {
          "text": "NGUYỄN THỊ DIỆU HIỀN",
          "href": "http://192.168.2.26:2026/home.aspx?scope=sys&lang=vi&wpid=phauthuatdraw&phauthuatid=9cec7cfe-debb-4ff7-84ae-b48a00a3e022&keyword=nguy%E1%BB%85n%20th%E1%BB%8B%20di%E1%BB%87u&tg=6&tungay=01/04/2026&denngay=24/07/2026&usid=172.31.255.1_rsenway4ypykm2begi123ahbfbbe4130&st=135111",
          "onclick": ""
        },
        {
          "text": "Nữ",
          "href": "http://192.168.2.26:2026/home.aspx?scope=sys&lang=vi&wpid=phauthuatdraw&phauthuatid=9cec7cfe-debb-4ff7-84ae-b48a00a3e022&keyword=nguy%E1%BB%85n%20th%E1%BB%8B%20di%E1%BB%87u&tg=6&tungay=01/04/2026&denngay=24/07/2026&usid=172.31.255.1_rsenway4ypykm2begi123ahbfbbe4130&st=135111",
          "onclick": ""
        },
        {
          "text": "29 tuổi",
          "href": "http://192.168.2.26:2026/home.aspx?scope=sys&lang=vi&wpid=phauthuatdraw&phauthuatid=9cec7cfe-debb-4ff7-84ae-b48a00a3e022&keyword=nguy%E1%BB%85n%20th%E1%BB%8B%20di%E1%BB%87u&tg=6&tungay=01/04/2026&denngay=24/07/2026&usid=172.31.255.1_rsenway4ypykm2begi123ahbfbbe4130&st=135111",
          "onclick": ""
        },
        {
          "text": "PHÒNG PHẪU THUẬT",
          "href": "http://192.168.2.26:2026/home.aspx?scope=sys&lang=vi&wpid=phauthuatdraw&phauthuatid=9cec7cfe-debb-4ff7-84ae-b48a00a3e022&keyword=nguy%E1%BB%85n%20th%E1%BB%8B%20di%E1%BB%87u&tg=6&tungay=01/04/2026&denngay=24/07/2026&usid=172.31.255.1_rsenway4ypykm2begi123ahbfbbe4130&st=135111",
          "onclick": ""
        },
        {
          "text": "Khoa Ngoại Tổng Hợp",
          "href": "http://192.168.2.26:2026/home.aspx?scope=sys&lang=vi&wpid=phauthuatdraw&phauthuatid=9cec7cfe-debb-4ff7-84ae-b48a00a3e022&keyword=nguy%E1%BB%85n%20th%E1%BB%8B%20di%E1%BB%87u&tg=6&tungay=01/04/2026&denngay=24/07/2026&usid=172.31.255.1_rsenway4ypykm2begi123ahbfbbe4130&st=135111",
          "onclick": ""
        },
        {
          "text": "Phẫu thuật lấy toàn bộ trĩ vòng [gây tê]",
          "href": "http://192.168.2.26:2026/home.aspx?scope=sys&lang=vi&wpid=phauthuatdraw&phauthuatid=9cec7cfe-debb-4ff7-84ae-b48a00a3e022&keyword=nguy%E1%BB%85n%20th%E1%BB%8B%20di%E1%BB%87u&tg=6&tungay=01/04/2026&denngay=24/07/2026&usid=172.31.255.1_rsenway4ypykm2begi123ahbfbbe4130&st=135111",
          "onclick": ""
        },
        {
          "text": "Thường",
          "href": "http://192.168.2.26:2026/home.aspx?scope=sys&lang=vi&wpid=phauthuatdraw&phauthuatid=9cec7cfe-debb-4ff7-84ae-b48a00a3e022&keyword=nguy%E1%BB%85n%20th%E1%BB%8B%20di%E1%BB%87u&tg=6&tungay=01/04/2026&denngay=24/07/2026&usid=172.31.255.1_rsenway4ypykm2begi123ahbfbbe4130&st=135111",
          "onclick": ""
        },
        {
          "text": "17/07/2026",
          "href": "http://192.168.2.26:2026/home.aspx?scope=sys&lang=vi&wpid=phauthuatdraw&phauthuatid=9cec7cfe-debb-4ff7-84ae-b48a00a3e022&keyword=nguy%E1%BB%85n%20th%E1%BB%8B%20di%E1%BB%87u&tg=6&tungay=01/04/2026&denngay=24/07/2026&usid=172.31.255.1_rsenway4ypykm2begi123ahbfbbe4130&st=135111",
          "onclick": ""
        }
      ]
    },
    {
      "access_id": "cc15f344-1bc0-458a-b717-b4870087b33c",
      "known_fields": {
        "stt": "3",
        "ma_bn": "26071308",
        "ho_ten": "NGUYỄN THỊ DIỆU ĐẠT",
        "gioi_tinh": "Nữ",
        "tuoi": "46 tuổi",
        "phong_mo": "PHÒNG PHẪU THUẬT",
        "noi_chuyen_mo": "Trung Tâm Tiết Niệu",
        "noi_dung_phau_thuat": "Nội soi niệu quản 2 bên 1 thì tán sỏi niệu quản",
        "tinh_trang": "Thường",
        "thoi_gian": "14/07/2026",
        "trang_thai": "Hoàn tất",
        "doi_tuong": "Bảo hiểm",
        "tam_ung": "11,000,000"
      },
      "raw_text": "3 26071308 NGUYỄN THỊ DIỆU ĐẠT Nữ 46 tuổi PHÒNG PHẪU THUẬT Trung Tâm Tiết Niệu Nội soi niệu quản 2 bên 1 thì tán sỏi niệu quản Thường 14/07/2026 Hoàn tất Bảo hiểm 11,000,000",
      "links": [
        {
          "text": "3",
          "href": "http://192.168.2.26:2026/home.aspx?scope=sys&lang=vi&wpid=phauthuatdraw&phauthuatid=cc15f344-1bc0-458a-b717-b4870087b33c&keyword=nguy%E1%BB%85n%20th%E1%BB%8B%20di%E1%BB%87u&tg=6&tungay=01/04/2026&denngay=24/07/2026&usid=172.31.255.1_rsenway4ypykm2begi123ahbfbbe4130&st=135111",
          "onclick": ""
        },
        {
          "text": "26071308",
          "href": "http://192.168.2.26:2026/home.aspx?scope=sys&lang=vi&wpid=phauthuatdraw&phauthuatid=cc15f344-1bc0-458a-b717-b4870087b33c&keyword=nguy%E1%BB%85n%20th%E1%BB%8B%20di%E1%BB%87u&tg=6&tungay=01/04/2026&denngay=24/07/2026&usid=172.31.255.1_rsenway4ypykm2begi123ahbfbbe4130&st=135111",
          "onclick": ""
        },
        {
          "text": "NGUYỄN THỊ DIỆU ĐẠT",
          "href": "http://192.168.2.26:2026/home.aspx?scope=sys&lang=vi&wpid=phauthuatdraw&phauthuatid=cc15f344-1bc0-458a-b717-b4870087b33c&keyword=nguy%E1%BB%85n%20th%E1%BB%8B%20di%E1%BB%87u&tg=6&tungay=01/04/2026&denngay=24/07/2026&usid=172.31.255.1_rsenway4ypykm2begi123ahbfbbe4130&st=135111",
          "onclick": ""
        },
        {
          "text": "Nữ",
          "href": "http://192.168.2.26:2026/home.aspx?scope=sys&lang=vi&wpid=phauthuatdraw&phauthuatid=cc15f344-1bc0-458a-b717-b4870087b33c&keyword=nguy%E1%BB%85n%20th%E1%BB%8B%20di%E1%BB%87u&tg=6&tungay=01/04/2026&denngay=24/07/2026&usid=172.31.255.1_rsenway4ypykm2begi123ahbfbbe4130&st=135111",
          "onclick": ""
        },
        {
          "text": "46 tuổi",
          "href": "http://192.168.2.26:2026/home.aspx?scope=sys&lang=vi&wpid=phauthuatdraw&phauthuatid=cc15f344-1bc0-458a-b717-b4870087b33c&keyword=nguy%E1%BB%85n%20th%E1%BB%8B%20di%E1%BB%87u&tg=6&tungay=01/04/2026&denngay=24/07/2026&usid=172.31.255.1_rsenway4ypykm2begi123ahbfbbe4130&st=135111",
          "onclick": ""
        },
        {
          "text": "PHÒNG PHẪU THUẬT",
          "href": "http://192.168.2.26:2026/home.aspx?scope=sys&lang=vi&wpid=phauthuatdraw&phauthuatid=cc15f344-1bc0-458a-b717-b4870087b33c&keyword=nguy%E1%BB%85n%20th%E1%BB%8B%20di%E1%BB%87u&tg=6&tungay=01/04/2026&denngay=24/07/2026&usid=172.31.255.1_rsenway4ypykm2begi123ahbfbbe4130&st=135111",
          "onclick": ""
        },
        {
          "text": "Trung Tâm Tiết Niệu",
          "href": "http://192.168.2.26:2026/home.aspx?scope=sys&lang=vi&wpid=phauthuatdraw&phauthuatid=cc15f344-1bc0-458a-b717-b4870087b33c&keyword=nguy%E1%BB%85n%20th%E1%BB%8B%20di%E1%BB%87u&tg=6&tungay=01/04/2026&denngay=24/07/2026&usid=172.31.255.1_rsenway4ypykm2begi123ahbfbbe4130&st=135111",
          "onclick": ""
        },
        {
          "text": "Nội soi niệu quản 2 bên 1 thì tán sỏi niệu quản",
          "href": "http://192.168.2.26:2026/home.aspx?scope=sys&lang=vi&wpid=phauthuatdraw&phauthuatid=cc15f344-1bc0-458a-b717-b4870087b33c&keyword=nguy%E1%BB%85n%20th%E1%BB%8B%20di%E1%BB%87u&tg=6&tungay=01/04/2026&denngay=24/07/2026&usid=172.31.255.1_rsenway4ypykm2begi123ahbfbbe4130&st=135111",
          "onclick": ""
        },
        {
          "text": "Thường",
          "href": "http://192.168.2.26:2026/home.aspx?scope=sys&lang=vi&wpid=phauthuatdraw&phauthuatid=cc15f344-1bc0-458a-b717-b4870087b33c&keyword=nguy%E1%BB%85n%20th%E1%BB%8B%20di%E1%BB%87u&tg=6&tungay=01/04/2026&denngay=24/07/2026&usid=172.31.255.1_rsenway4ypykm2begi123ahbfbbe4130&st=135111",
          "onclick": ""
        },
        {
          "text": "14/07/2026",
          "href": "http://192.168.2.26:2026/home.aspx?scope=sys&lang=vi&wpid=phauthuatdraw&phauthuatid=cc15f344-1bc0-458a-b717-b4870087b33c&keyword=nguy%E1%BB%85n%20th%E1%BB%8B%20di%E1%BB%87u&tg=6&tungay=01/04/2026&denngay=24/07/2026&usid=172.31.255.1_rsenway4ypykm2begi123ahbfbbe4130&st=135111",
          "onclick": ""
        }
      ]
    },
    {
      "access_id": "38679e3a-d22d-4654-b1ca-b47a0099cfaf",
      "known_fields": {
        "stt": "4",
        "ma_bn": "26068792",
        "ho_ten": "NGUYỄN THỊ DIỆU HIỀN",
        "gioi_tinh": "Nữ",
        "tuoi": "50 tuổi",
        "phong_mo": "PHÒNG PHẪU THUẬT",
        "noi_chuyen_mo": "Trung Tâm Tiết Niệu",
        "noi_dung_phau_thuat": "Nội soi nong niệu quản hẹp",
        "tinh_trang": "Thường",
        "thoi_gian": "01/07/2026",
        "trang_thai": "Hoàn tất",
        "doi_tuong": "Bảo hiểm",
        "tam_ung": "7,000,000"
      },
      "raw_text": "4 26068792 NGUYỄN THỊ DIỆU HIỀN Nữ 50 tuổi PHÒNG PHẪU THUẬT Trung Tâm Tiết Niệu Nội soi nong niệu quản hẹp Thường 01/07/2026 Hoàn tất Bảo hiểm 7,000,000",
      "links": [
        {
          "text": "4",
          "href": "http://192.168.2.26:2026/home.aspx?scope=sys&lang=vi&wpid=phauthuatdraw&phauthuatid=38679e3a-d22d-4654-b1ca-b47a0099cfaf&keyword=nguy%E1%BB%85n%20th%E1%BB%8B%20di%E1%BB%87u&tg=6&tungay=01/04/2026&denngay=24/07/2026&usid=172.31.255.1_rsenway4ypykm2begi123ahbfbbe4130&st=135111",
          "onclick": ""
        },
        {
          "text": "26068792",
          "href": "http://192.168.2.26:2026/home.aspx?scope=sys&lang=vi&wpid=phauthuatdraw&phauthuatid=38679e3a-d22d-4654-b1ca-b47a0099cfaf&keyword=nguy%E1%BB%85n%20th%E1%BB%8B%20di%E1%BB%87u&tg=6&tungay=01/04/2026&denngay=24/07/2026&usid=172.31.255.1_rsenway4ypykm2begi123ahbfbbe4130&st=135111",
          "onclick": ""
        },
        {
          "text": "NGUYỄN THỊ DIỆU HIỀN",
          "href": "http://192.168.2.26:2026/home.aspx?scope=sys&lang=vi&wpid=phauthuatdraw&phauthuatid=38679e3a-d22d-4654-b1ca-b47a0099cfaf&keyword=nguy%E1%BB%85n%20th%E1%BB%8B%20di%E1%BB%87u&tg=6&tungay=01/04/2026&denngay=24/07/2026&usid=172.31.255.1_rsenway4ypykm2begi123ahbfbbe4130&st=135111",
          "onclick": ""
        },
        {
          "text": "Nữ",
          "href": "http://192.168.2.26:2026/home.aspx?scope=sys&lang=vi&wpid=phauthuatdraw&phauthuatid=38679e3a-d22d-4654-b1ca-b47a0099cfaf&keyword=nguy%E1%BB%85n%20th%E1%BB%8B%20di%E1%BB%87u&tg=6&tungay=01/04/2026&denngay=24/07/2026&usid=172.31.255.1_rsenway4ypykm2begi123ahbfbbe4130&st=135111",
          "onclick": ""
        },
        {
          "text": "50 tuổi",
          "href": "http://192.168.2.26:2026/home.aspx?scope=sys&lang=vi&wpid=phauthuatdraw&phauthuatid=38679e3a-d22d-4654-b1ca-b47a0099cfaf&keyword=nguy%E1%BB%85n%20th%E1%BB%8B%20di%E1%BB%87u&tg=6&tungay=01/04/2026&denngay=24/07/2026&usid=172.31.255.1_rsenway4ypykm2begi123ahbfbbe4130&st=135111",
          "onclick": ""
        },
        {
          "text": "PHÒNG PHẪU THUẬT",
          "href": "http://192.168.2.26:2026/home.aspx?scope=sys&lang=vi&wpid=phauthuatdraw&phauthuatid=38679e3a-d22d-4654-b1ca-b47a0099cfaf&keyword=nguy%E1%BB%85n%20th%E1%BB%8B%20di%E1%BB%87u&tg=6&tungay=01/04/2026&denngay=24/07/2026&usid=172.31.255.1_rsenway4ypykm2begi123ahbfbbe4130&st=135111",
          "onclick": ""
        },
        {
          "text": "Trung Tâm Tiết Niệu",
          "href": "http://192.168.2.26:2026/home.aspx?scope=sys&lang=vi&wpid=phauthuatdraw&phauthuatid=38679e3a-d22d-4654-b1ca-b47a0099cfaf&keyword=nguy%E1%BB%85n%20th%E1%BB%8B%20di%E1%BB%87u&tg=6&tungay=01/04/2026&denngay=24/07/2026&usid=172.31.255.1_rsenway4ypykm2begi123ahbfbbe4130&st=135111",
          "onclick": ""
        },
        {
          "text": "Nội soi nong niệu quản hẹp",
          "href": "http://192.168.2.26:2026/home.aspx?scope=sys&lang=vi&wpid=phauthuatdraw&phauthuatid=38679e3a-d22d-4654-b1ca-b47a0099cfaf&keyword=nguy%E1%BB%85n%20th%E1%BB%8B%20di%E1%BB%87u&tg=6&tungay=01/04/2026&denngay=24/07/2026&usid=172.31.255.1_rsenway4ypykm2begi123ahbfbbe4130&st=135111",
          "onclick": ""
        },
        {
          "text": "Thường",
          "href": "http://192.168.2.26:2026/home.aspx?scope=sys&lang=vi&wpid=phauthuatdraw&phauthuatid=38679e3a-d22d-4654-b1ca-b47a0099cfaf&keyword=nguy%E1%BB%85n%20th%E1%BB%8B%20di%E1%BB%87u&tg=6&tungay=01/04/2026&denngay=24/07/2026&usid=172.31.255.1_rsenway4ypykm2begi123ahbfbbe4130&st=135111",
          "onclick": ""
        },
        {
          "text": "01/07/2026",
          "href": "http://192.168.2.26:2026/home.aspx?scope=sys&lang=vi&wpid=phauthuatdraw&phauthuatid=38679e3a-d22d-4654-b1ca-b47a0099cfaf&keyword=nguy%E1%BB%85n%20th%E1%BB%8B%20di%E1%BB%87u&tg=6&tungay=01/04/2026&denngay=24/07/2026&usid=172.31.255.1_rsenway4ypykm2begi123ahbfbbe4130&st=135111",
          "onclick": ""
        }
      ]
    },
    {
      "access_id": "d64cb2c9-1fe4-42ec-8936-b47200ea8c52",
      "known_fields": {
        "stt": "5",
        "ma_bn": "26063471",
        "ho_ten": "NGUYỄN THỊ DIỆU OANH (Phẫu thuật tại khoa)",
        "gioi_tinh": "Nữ",
        "tuoi": "24 tuổi",
        "phong_mo": "PHÒNG PHẪU THUẬT",
        "noi_chuyen_mo": "Khoa Răng Hàm Mặt",
        "noi_dung_phau_thuat": "Phẫu thuật nhổ răng khó",
        "tinh_trang": "Thường",
        "thoi_gian": "23/06/2026",
        "trang_thai": "Hoàn tất",
        "doi_tuong": "Bảo hiểm",
        "tam_ung": "0"
      },
      "raw_text": "5 26063471 NGUYỄN THỊ DIỆU OANH (Phẫu thuật tại khoa) Nữ 24 tuổi PHÒNG PHẪU THUẬT Khoa Răng Hàm Mặt Phẫu thuật nhổ răng khó Thường 23/06/2026 Hoàn tất Bảo hiểm 0",
      "links": [
        {
          "text": "5",
          "href": "http://192.168.2.26:2026/home.aspx?scope=sys&lang=vi&wpid=phauthuatdraw&phauthuatid=d64cb2c9-1fe4-42ec-8936-b47200ea8c52&keyword=nguy%E1%BB%85n%20th%E1%BB%8B%20di%E1%BB%87u&tg=6&tungay=01/04/2026&denngay=24/07/2026&usid=172.31.255.1_rsenway4ypykm2begi123ahbfbbe4130&st=135111",
          "onclick": ""
        },
        {
          "text": "26063471",
          "href": "http://192.168.2.26:2026/home.aspx?scope=sys&lang=vi&wpid=phauthuatdraw&phauthuatid=d64cb2c9-1fe4-42ec-8936-b47200ea8c52&keyword=nguy%E1%BB%85n%20th%E1%BB%8B%20di%E1%BB%87u&tg=6&tungay=01/04/2026&denngay=24/07/2026&usid=172.31.255.1_rsenway4ypykm2begi123ahbfbbe4130&st=135111",
          "onclick": ""
        },
        {
          "text": "NGUYỄN THỊ DIỆU OANH (Phẫu thuật tại khoa)",
          "href": "http://192.168.2.26:2026/home.aspx?scope=sys&lang=vi&wpid=phauthuatdraw&phauthuatid=d64cb2c9-1fe4-42ec-8936-b47200ea8c52&keyword=nguy%E1%BB%85n%20th%E1%BB%8B%20di%E1%BB%87u&tg=6&tungay=01/04/2026&denngay=24/07/2026&usid=172.31.255.1_rsenway4ypykm2begi123ahbfbbe4130&st=135111",
          "onclick": ""
        },
        {
          "text": "Nữ",
          "href": "http://192.168.2.26:2026/home.aspx?scope=sys&lang=vi&wpid=phauthuatdraw&phauthuatid=d64cb2c9-1fe4-42ec-8936-b47200ea8c52&keyword=nguy%E1%BB%85n%20th%E1%BB%8B%20di%E1%BB%87u&tg=6&tungay=01/04/2026&denngay=24/07/2026&usid=172.31.255.1_rsenway4ypykm2begi123ahbfbbe4130&st=135111",
          "onclick": ""
        },
        {
          "text": "24 tuổi",
          "href": "http://192.168.2.26:2026/home.aspx?scope=sys&lang=vi&wpid=phauthuatdraw&phauthuatid=d64cb2c9-1fe4-42ec-8936-b47200ea8c52&keyword=nguy%E1%BB%85n%20th%E1%BB%8B%20di%E1%BB%87u&tg=6&tungay=01/04/2026&denngay=24/07/2026&usid=172.31.255.1_rsenway4ypykm2begi123ahbfbbe4130&st=135111",
          "onclick": ""
        },
        {
          "text": "PHÒNG PHẪU THUẬT",
          "href": "http://192.168.2.26:2026/home.aspx?scope=sys&lang=vi&wpid=phauthuatdraw&phauthuatid=d64cb2c9-1fe4-42ec-8936-b47200ea8c52&keyword=nguy%E1%BB%85n%20th%E1%BB%8B%20di%E1%BB%87u&tg=6&tungay=01/04/2026&denngay=24/07/2026&usid=172.31.255.1_rsenway4ypykm2begi123ahbfbbe4130&st=135111",
          "onclick": ""
        },
        {
          "text": "Khoa Răng Hàm Mặt",
          "href": "http://192.168.2.26:2026/home.aspx?scope=sys&lang=vi&wpid=phauthuatdraw&phauthuatid=d64cb2c9-1fe4-42ec-8936-b47200ea8c52&keyword=nguy%E1%BB%85n%20th%E1%BB%8B%20di%E1%BB%87u&tg=6&tungay=01/04/2026&denngay=24/07/2026&usid=172.31.255.1_rsenway4ypykm2begi123ahbfbbe4130&st=135111",
          "onclick": ""
        },
        {
          "text": "Phẫu thuật nhổ răng khó",
          "href": "http://192.168.2.26:2026/home.aspx?scope=sys&lang=vi&wpid=phauthuatdraw&phauthuatid=d64cb2c9-1fe4-42ec-8936-b47200ea8c52&keyword=nguy%E1%BB%85n%20th%E1%BB%8B%20di%E1%BB%87u&tg=6&tungay=01/04/2026&denngay=24/07/2026&usid=172.31.255.1_rsenway4ypykm2begi123ahbfbbe4130&st=135111",
          "onclick": ""
        },
        {
          "text": "Thường",
          "href": "http://192.168.2.26:2026/home.aspx?scope=sys&lang=vi&wpid=phauthuatdraw&phauthuatid=d64cb2c9-1fe4-42ec-8936-b47200ea8c52&keyword=nguy%E1%BB%85n%20th%E1%BB%8B%20di%E1%BB%87u&tg=6&tungay=01/04/2026&denngay=24/07/2026&usid=172.31.255.1_rsenway4ypykm2begi123ahbfbbe4130&st=135111",
          "onclick": ""
        },
        {
          "text": "23/06/2026",
          "href": "http://192.168.2.26:2026/home.aspx?scope=sys&lang=vi&wpid=phauthuatdraw&phauthuatid=d64cb2c9-1fe4-42ec-8936-b47200ea8c52&keyword=nguy%E1%BB%85n%20th%E1%BB%8B%20di%E1%BB%87u&tg=6&tungay=01/04/2026&denngay=24/07/2026&usid=172.31.255.1_rsenway4ypykm2begi123ahbfbbe4130&st=135111",
          "onclick": ""
        }
      ]
    },
    {
      "access_id": "b359c1ed-a3e9-4d33-ab74-b46f015d393f",
      "known_fields": {
        "stt": "6",
        "ma_bn": "26066471",
        "ho_ten": "NGUYỄN THỊ DIỆU",
        "gioi_tinh": "Nữ",
        "tuoi": "63 tuổi",
        "phong_mo": "PHÒNG PHẪU THUẬT",
        "noi_chuyen_mo": "Khoa Cấp Cứu - Hồi Sức Tích Cực",
        "noi_dung_phau_thuat": "",
        "tinh_trang": "Thường",
        "thoi_gian": "20/06/2026",
        "trang_thai": "Không mổ",
        "doi_tuong": "Bảo hiểm",
        "tam_ung": "5,000,000"
      },
      "raw_text": "6 26066471 NGUYỄN THỊ DIỆU Nữ 63 tuổi PHÒNG PHẪU THUẬT Khoa Cấp Cứu - Hồi Sức Tích Cực Thường 20/06/2026 Không mổ Bảo hiểm 5,000,000",
      "links": [
        {
          "text": "6",
          "href": "http://192.168.2.26:2026/home.aspx?scope=sys&lang=vi&wpid=phauthuatdraw&phauthuatid=b359c1ed-a3e9-4d33-ab74-b46f015d393f&keyword=nguy%E1%BB%85n%20th%E1%BB%8B%20di%E1%BB%87u&tg=6&tungay=01/04/2026&denngay=24/07/2026&usid=172.31.255.1_rsenway4ypykm2begi123ahbfbbe4130&st=135111",
          "onclick": ""
        },
        {
          "text": "26066471",
          "href": "http://192.168.2.26:2026/home.aspx?scope=sys&lang=vi&wpid=phauthuatdraw&phauthuatid=b359c1ed-a3e9-4d33-ab74-b46f015d393f&keyword=nguy%E1%BB%85n%20th%E1%BB%8B%20di%E1%BB%87u&tg=6&tungay=01/04/2026&denngay=24/07/2026&usid=172.31.255.1_rsenway4ypykm2begi123ahbfbbe4130&st=135111",
          "onclick": ""
        },
        {
          "text": "NGUYỄN THỊ DIỆU",
          "href": "http://192.168.2.26:2026/home.aspx?scope=sys&lang=vi&wpid=phauthuatdraw&phauthuatid=b359c1ed-a3e9-4d33-ab74-b46f015d393f&keyword=nguy%E1%BB%85n%20th%E1%BB%8B%20di%E1%BB%87u&tg=6&tungay=01/04/2026&denngay=24/07/2026&usid=172.31.255.1_rsenway4ypykm2begi123ahbfbbe4130&st=135111",
          "onclick": ""
        },
        {
          "text": "Nữ",
          "href": "http://192.168.2.26:2026/home.aspx?scope=sys&lang=vi&wpid=phauthuatdraw&phauthuatid=b359c1ed-a3e9-4d33-ab74-b46f015d393f&keyword=nguy%E1%BB%85n%20th%E1%BB%8B%20di%E1%BB%87u&tg=6&tungay=01/04/2026&denngay=24/07/2026&usid=172.31.255.1_rsenway4ypykm2begi123ahbfbbe4130&st=135111",
          "onclick": ""
        },
        {
          "text": "63 tuổi",
          "href": "http://192.168.2.26:2026/home.aspx?scope=sys&lang=vi&wpid=phauthuatdraw&phauthuatid=b359c1ed-a3e9-4d33-ab74-b46f015d393f&keyword=nguy%E1%BB%85n%20th%E1%BB%8B%20di%E1%BB%87u&tg=6&tungay=01/04/2026&denngay=24/07/2026&usid=172.31.255.1_rsenway4ypykm2begi123ahbfbbe4130&st=135111",
          "onclick": ""
        },
        {
          "text": "PHÒNG PHẪU THUẬT",
          "href": "http://192.168.2.26:2026/home.aspx?scope=sys&lang=vi&wpid=phauthuatdraw&phauthuatid=b359c1ed-a3e9-4d33-ab74-b46f015d393f&keyword=nguy%E1%BB%85n%20th%E1%BB%8B%20di%E1%BB%87u&tg=6&tungay=01/04/2026&denngay=24/07/2026&usid=172.31.255.1_rsenway4ypykm2begi123ahbfbbe4130&st=135111",
          "onclick": ""
        },
        {
          "text": "Khoa Cấp Cứu - Hồi Sức Tích Cực",
          "href": "http://192.168.2.26:2026/home.aspx?scope=sys&lang=vi&wpid=phauthuatdraw&phauthuatid=b359c1ed-a3e9-4d33-ab74-b46f015d393f&keyword=nguy%E1%BB%85n%20th%E1%BB%8B%20di%E1%BB%87u&tg=6&tungay=01/04/2026&denngay=24/07/2026&usid=172.31.255.1_rsenway4ypykm2begi123ahbfbbe4130&st=135111",
          "onclick": ""
        },
        {
          "text": "",
          "href": "http://192.168.2.26:2026/home.aspx?scope=sys&lang=vi&wpid=phauthuatdraw&phauthuatid=b359c1ed-a3e9-4d33-ab74-b46f015d393f&keyword=nguy%E1%BB%85n%20th%E1%BB%8B%20di%E1%BB%87u&tg=6&tungay=01/04/2026&denngay=24/07/2026&usid=172.31.255.1_rsenway4ypykm2begi123ahbfbbe4130&st=135111",
          "onclick": ""
        },
        {
          "text": "Thường",
          "href": "http://192.168.2.26:2026/home.aspx?scope=sys&lang=vi&wpid=phauthuatdraw&phauthuatid=b359c1ed-a3e9-4d33-ab74-b46f015d393f&keyword=nguy%E1%BB%85n%20th%E1%BB%8B%20di%E1%BB%87u&tg=6&tungay=01/04/2026&denngay=24/07/2026&usid=172.31.255.1_rsenway4ypykm2begi123ahbfbbe4130&st=135111",
          "onclick": ""
        },
        {
          "text": "20/06/2026",
          "href": "http://192.168.2.26:2026/home.aspx?scope=sys&lang=vi&wpid=phauthuatdraw&phauthuatid=b359c1ed-a3e9-4d33-ab74-b46f015d393f&keyword=nguy%E1%BB%85n%20th%E1%BB%8B%20di%E1%BB%87u&tg=6&tungay=01/04/2026&denngay=24/07/2026&usid=172.31.255.1_rsenway4ypykm2begi123ahbfbbe4130&st=135111",
          "onclick": ""
        }
      ]
    },
    {
      "access_id": "3fd6938d-fd5d-4b1f-b69d-b46f01652b4d",
      "known_fields": {
        "stt": "7",
        "ma_bn": "26066471",
        "ho_ten": "NGUYỄN THỊ DIỆU",
        "gioi_tinh": "Nữ",
        "tuoi": "63 tuổi",
        "phong_mo": "PHÒNG PHẪU THUẬT",
        "noi_chuyen_mo": "Khoa Cấp Cứu - Hồi Sức Tích Cực",
        "noi_dung_phau_thuat": "Phẫu thuật nội soi cắt túi mật",
        "tinh_trang": "Thường",
        "thoi_gian": "20/06/2026",
        "trang_thai": "Hoàn tất",
        "doi_tuong": "Bảo hiểm",
        "tam_ung": "5,000,000"
      },
      "raw_text": "7 26066471 NGUYỄN THỊ DIỆU Nữ 63 tuổi PHÒNG PHẪU THUẬT Khoa Cấp Cứu - Hồi Sức Tích Cực Phẫu thuật nội soi cắt túi mật Thường 20/06/2026 Hoàn tất Bảo hiểm 5,000,000",
      "links": [
        {
          "text": "7",
          "href": "http://192.168.2.26:2026/home.aspx?scope=sys&lang=vi&wpid=phauthuatdraw&phauthuatid=3fd6938d-fd5d-4b1f-b69d-b46f01652b4d&keyword=nguy%E1%BB%85n%20th%E1%BB%8B%20di%E1%BB%87u&tg=6&tungay=01/04/2026&denngay=24/07/2026&usid=172.31.255.1_rsenway4ypykm2begi123ahbfbbe4130&st=135111",
          "onclick": ""
        },
        {
          "text": "26066471",
          "href": "http://192.168.2.26:2026/home.aspx?scope=sys&lang=vi&wpid=phauthuatdraw&phauthuatid=3fd6938d-fd5d-4b1f-b69d-b46f01652b4d&keyword=nguy%E1%BB%85n%20th%E1%BB%8B%20di%E1%BB%87u&tg=6&tungay=01/04/2026&denngay=24/07/2026&usid=172.31.255.1_rsenway4ypykm2begi123ahbfbbe4130&st=135111",
          "onclick": ""
        },
        {
          "text": "NGUYỄN THỊ DIỆU",
          "href": "http://192.168.2.26:2026/home.aspx?scope=sys&lang=vi&wpid=phauthuatdraw&phauthuatid=3fd6938d-fd5d-4b1f-b69d-b46f01652b4d&keyword=nguy%E1%BB%85n%20th%E1%BB%8B%20di%E1%BB%87u&tg=6&tungay=01/04/2026&denngay=24/07/2026&usid=172.31.255.1_rsenway4ypykm2begi123ahbfbbe4130&st=135111",
          "onclick": ""
        },
        {
          "text": "Nữ",
          "href": "http://192.168.2.26:2026/home.aspx?scope=sys&lang=vi&wpid=phauthuatdraw&phauthuatid=3fd6938d-fd5d-4b1f-b69d-b46f01652b4d&keyword=nguy%E1%BB%85n%20th%E1%BB%8B%20di%E1%BB%87u&tg=6&tungay=01/04/2026&denngay=24/07/2026&usid=172.31.255.1_rsenway4ypykm2begi123ahbfbbe4130&st=135111",
          "onclick": ""
        },
        {
          "text": "63 tuổi",
          "href": "http://192.168.2.26:2026/home.aspx?scope=sys&lang=vi&wpid=phauthuatdraw&phauthuatid=3fd6938d-fd5d-4b1f-b69d-b46f01652b4d&keyword=nguy%E1%BB%85n%20th%E1%BB%8B%20di%E1%BB%87u&tg=6&tungay=01/04/2026&denngay=24/07/2026&usid=172.31.255.1_rsenway4ypykm2begi123ahbfbbe4130&st=135111",
          "onclick": ""
        },
        {
          "text": "PHÒNG PHẪU THUẬT",
          "href": "http://192.168.2.26:2026/home.aspx?scope=sys&lang=vi&wpid=phauthuatdraw&phauthuatid=3fd6938d-fd5d-4b1f-b69d-b46f01652b4d&keyword=nguy%E1%BB%85n%20th%E1%BB%8B%20di%E1%BB%87u&tg=6&tungay=01/04/2026&denngay=24/07/2026&usid=172.31.255.1_rsenway4ypykm2begi123ahbfbbe4130&st=135111",
          "onclick": ""
        },
        {
          "text": "Khoa Cấp Cứu - Hồi Sức Tích Cực",
          "href": "http://192.168.2.26:2026/home.aspx?scope=sys&lang=vi&wpid=phauthuatdraw&phauthuatid=3fd6938d-fd5d-4b1f-b69d-b46f01652b4d&keyword=nguy%E1%BB%85n%20th%E1%BB%8B%20di%E1%BB%87u&tg=6&tungay=01/04/2026&denngay=24/07/2026&usid=172.31.255.1_rsenway4ypykm2begi123ahbfbbe4130&st=135111",
          "onclick": ""
        },
        {
          "text": "Phẫu thuật nội soi cắt túi mật",
          "href": "http://192.168.2.26:2026/home.aspx?scope=sys&lang=vi&wpid=phauthuatdraw&phauthuatid=3fd6938d-fd5d-4b1f-b69d-b46f01652b4d&keyword=nguy%E1%BB%85n%20th%E1%BB%8B%20di%E1%BB%87u&tg=6&tungay=01/04/2026&denngay=24/07/2026&usid=172.31.255.1_rsenway4ypykm2begi123ahbfbbe4130&st=135111",
          "onclick": ""
        },
        {
          "text": "Thường",
          "href": "http://192.168.2.26:2026/home.aspx?scope=sys&lang=vi&wpid=phauthuatdraw&phauthuatid=3fd6938d-fd5d-4b1f-b69d-b46f01652b4d&keyword=nguy%E1%BB%85n%20th%E1%BB%8B%20di%E1%BB%87u&tg=6&tungay=01/04/2026&denngay=24/07/2026&usid=172.31.255.1_rsenway4ypykm2begi123ahbfbbe4130&st=135111",
          "onclick": ""
        },
        {
          "text": "20/06/2026",
          "href": "http://192.168.2.26:2026/home.aspx?scope=sys&lang=vi&wpid=phauthuatdraw&phauthuatid=3fd6938d-fd5d-4b1f-b69d-b46f01652b4d&keyword=nguy%E1%BB%85n%20th%E1%BB%8B%20di%E1%BB%87u&tg=6&tungay=01/04/2026&denngay=24/07/2026&usid=172.31.255.1_rsenway4ypykm2begi123ahbfbbe4130&st=135111",
          "onclick": ""
        }
      ]
    },
    {
      "access_id": "cb5d77e1-0223-40bb-9b4a-b455009066a4",
      "known_fields": {
        "stt": "8",
        "ma_bn": "26056628",
        "ho_ten": "NGUYỄN THỊ DIỆU HƯƠNG",
        "gioi_tinh": "Nữ",
        "tuoi": "68 tuổi",
        "phong_mo": "PHÒNG PHẪU THUẬT",
        "noi_chuyen_mo": "Trung Tâm Tiết Niệu",
        "noi_dung_phau_thuat": "Nội soi nong niệu quản hẹp",
        "tinh_trang": "Thường",
        "thoi_gian": "25/05/2026",
        "trang_thai": "Hoàn tất",
        "doi_tuong": "Bảo hiểm",
        "tam_ung": "7,000,000"
      },
      "raw_text": "8 26056628 NGUYỄN THỊ DIỆU HƯƠNG Nữ 68 tuổi PHÒNG PHẪU THUẬT Trung Tâm Tiết Niệu Nội soi nong niệu quản hẹp Thường 25/05/2026 Hoàn tất Bảo hiểm 7,000,000",
      "links": [
        {
          "text": "8",
          "href": "http://192.168.2.26:2026/home.aspx?scope=sys&lang=vi&wpid=phauthuatdraw&phauthuatid=cb5d77e1-0223-40bb-9b4a-b455009066a4&keyword=nguy%E1%BB%85n%20th%E1%BB%8B%20di%E1%BB%87u&tg=6&tungay=01/04/2026&denngay=24/07/2026&usid=172.31.255.1_rsenway4ypykm2begi123ahbfbbe4130&st=135111",
          "onclick": ""
        },
        {
          "text": "26056628",
          "href": "http://192.168.2.26:2026/home.aspx?scope=sys&lang=vi&wpid=phauthuatdraw&phauthuatid=cb5d77e1-0223-40bb-9b4a-b455009066a4&keyword=nguy%E1%BB%85n%20th%E1%BB%8B%20di%E1%BB%87u&tg=6&tungay=01/04/2026&denngay=24/07/2026&usid=172.31.255.1_rsenway4ypykm2begi123ahbfbbe4130&st=135111",
          "onclick": ""
        },
        {
          "text": "NGUYỄN THỊ DIỆU HƯƠNG",
          "href": "http://192.168.2.26:2026/home.aspx?scope=sys&lang=vi&wpid=phauthuatdraw&phauthuatid=cb5d77e1-0223-40bb-9b4a-b455009066a4&keyword=nguy%E1%BB%85n%20th%E1%BB%8B%20di%E1%BB%87u&tg=6&tungay=01/04/2026&denngay=24/07/2026&usid=172.31.255.1_rsenway4ypykm2begi123ahbfbbe4130&st=135111",
          "onclick": ""
        },
        {
          "text": "Nữ",
          "href": "http://192.168.2.26:2026/home.aspx?scope=sys&lang=vi&wpid=phauthuatdraw&phauthuatid=cb5d77e1-0223-40bb-9b4a-b455009066a4&keyword=nguy%E1%BB%85n%20th%E1%BB%8B%20di%E1%BB%87u&tg=6&tungay=01/04/2026&denngay=24/07/2026&usid=172.31.255.1_rsenway4ypykm2begi123ahbfbbe4130&st=135111",
          "onclick": ""
        },
        {
          "text": "68 tuổi",
          "href": "http://192.168.2.26:2026/home.aspx?scope=sys&lang=vi&wpid=phauthuatdraw&phauthuatid=cb5d77e1-0223-40bb-9b4a-b455009066a4&keyword=nguy%E1%BB%85n%20th%E1%BB%8B%20di%E1%BB%87u&tg=6&tungay=01/04/2026&denngay=24/07/2026&usid=172.31.255.1_rsenway4ypykm2begi123ahbfbbe4130&st=135111",
          "onclick": ""
        },
        {
          "text": "PHÒNG PHẪU THUẬT",
          "href": "http://192.168.2.26:2026/home.aspx?scope=sys&lang=vi&wpid=phauthuatdraw&phauthuatid=cb5d77e1-0223-40bb-9b4a-b455009066a4&keyword=nguy%E1%BB%85n%20th%E1%BB%8B%20di%E1%BB%87u&tg=6&tungay=01/04/2026&denngay=24/07/2026&usid=172.31.255.1_rsenway4ypykm2begi123ahbfbbe4130&st=135111",
          "onclick": ""
        },
        {
          "text": "Trung Tâm Tiết Niệu",
          "href": "http://192.168.2.26:2026/home.aspx?scope=sys&lang=vi&wpid=phauthuatdraw&phauthuatid=cb5d77e1-0223-40bb-9b4a-b455009066a4&keyword=nguy%E1%BB%85n%20th%E1%BB%8B%20di%E1%BB%87u&tg=6&tungay=01/04/2026&denngay=24/07/2026&usid=172.31.255.1_rsenway4ypykm2begi123ahbfbbe4130&st=135111",
          "onclick": ""
        },
        {
          "text": "Nội soi nong niệu quản hẹp",
          "href": "http://192.168.2.26:2026/home.aspx?scope=sys&lang=vi&wpid=phauthuatdraw&phauthuatid=cb5d77e1-0223-40bb-9b4a-b455009066a4&keyword=nguy%E1%BB%85n%20th%E1%BB%8B%20di%E1%BB%87u&tg=6&tungay=01/04/2026&denngay=24/07/2026&usid=172.31.255.1_rsenway4ypykm2begi123ahbfbbe4130&st=135111",
          "onclick": ""
        },
        {
          "text": "Thường",
          "href": "http://192.168.2.26:2026/home.aspx?scope=sys&lang=vi&wpid=phauthuatdraw&phauthuatid=cb5d77e1-0223-40bb-9b4a-b455009066a4&keyword=nguy%E1%BB%85n%20th%E1%BB%8B%20di%E1%BB%87u&tg=6&tungay=01/04/2026&denngay=24/07/2026&usid=172.31.255.1_rsenway4ypykm2begi123ahbfbbe4130&st=135111",
          "onclick": ""
        },
        {
          "text": "25/05/2026",
          "href": "http://192.168.2.26:2026/home.aspx?scope=sys&lang=vi&wpid=phauthuatdraw&phauthuatid=cb5d77e1-0223-40bb-9b4a-b455009066a4&keyword=nguy%E1%BB%85n%20th%E1%BB%8B%20di%E1%BB%87u&tg=6&tungay=01/04/2026&denngay=24/07/2026&usid=172.31.255.1_rsenway4ypykm2begi123ahbfbbe4130&st=135111",
          "onclick": ""
        }
      ]
    }
  ]
}
[2026-07-23 13:51:13.812] [CANDIDATES] D/s Phẫu thuật: có 8 ứng viên cùng người bệnh
{
  "candidates": [
    {
      "list_score": 40.27777777777778,
      "list_datetime": "2026-06-23 00:00:00",
      "list_method": "Phẫu thuật nhổ răng khó",
      "detail_marker": "http://192.168.2.26:2026/home.aspx?scope=sys&lang=vi&wpid=phauthuatdraw&phauthuatid=d64cb2c9-1fe4-42ec-8936-b47200ea8c52&keyword=nguy%E1%BB%85n%20th%E1%BB%8B%20di%E1%BB%87u&tg=6&tungay=01/04/2026&denngay=24/07/2026&usid=172.31.255.1_rsenway4ypykm2begi123ahbfbbe4130&st=135111",
      "row": {
        "access_id": "d64cb2c9-1fe4-42ec-8936-b47200ea8c52",
        "known_fields": {
          "stt": "5",
          "ma_bn": "26063471",
          "ho_ten": "NGUYỄN THỊ DIỆU OANH (Phẫu thuật tại khoa)",
          "gioi_tinh": "Nữ",
          "tuoi": "24 tuổi",
          "phong_mo": "PHÒNG PHẪU THUẬT",
          "noi_chuyen_mo": "Khoa Răng Hàm Mặt",
          "noi_dung_phau_thuat": "Phẫu thuật nhổ răng khó",
          "tinh_trang": "Thường",
          "thoi_gian": "23/06/2026",
          "trang_thai": "Hoàn tất",
          "doi_tuong": "Bảo hiểm",
          "tam_ung": "0"
        },
        "raw_text": "5 26063471 NGUYỄN THỊ DIỆU OANH (Phẫu thuật tại khoa) Nữ 24 tuổi PHÒNG PHẪU THUẬT Khoa Răng Hàm Mặt Phẫu thuật nhổ răng khó Thường 23/06/2026 Hoàn tất Bảo hiểm 0",
        "links": [
          {
            "text": "5",
            "href": "http://192.168.2.26:2026/home.aspx?scope=sys&lang=vi&wpid=phauthuatdraw&phauthuatid=d64cb2c9-1fe4-42ec-8936-b47200ea8c52&keyword=nguy%E1%BB%85n%20th%E1%BB%8B%20di%E1%BB%87u&tg=6&tungay=01/04/2026&denngay=24/07/2026&usid=172.31.255.1_rsenway4ypykm2begi123ahbfbbe4130&st=135111",
            "onclick": ""
          },
          {
            "text": "26063471",
            "href": "http://192.168.2.26:2026/home.aspx?scope=sys&lang=vi&wpid=phauthuatdraw&phauthuatid=d64cb2c9-1fe4-42ec-8936-b47200ea8c52&keyword=nguy%E1%BB%85n%20th%E1%BB%8B%20di%E1%BB%87u&tg=6&tungay=01/04/2026&denngay=24/07/2026&usid=172.31.255.1_rsenway4ypykm2begi123ahbfbbe4130&st=135111",
            "onclick": ""
          },
          {
            "text": "NGUYỄN THỊ DIỆU OANH (Phẫu thuật tại khoa)",
            "href": "http://192.168.2.26:2026/home.aspx?scope=sys&lang=vi&wpid=phauthuatdraw&phauthuatid=d64cb2c9-1fe4-42ec-8936-b47200ea8c52&keyword=nguy%E1%BB%85n%20th%E1%BB%8B%20di%E1%BB%87u&tg=6&tungay=01/04/2026&denngay=24/07/2026&usid=172.31.255.1_rsenway4ypykm2begi123ahbfbbe4130&st=135111",
            "onclick": ""
          },
          {
            "text": "Nữ",
            "href": "http://192.168.2.26:2026/home.aspx?scope=sys&lang=vi&wpid=phauthuatdraw&phauthuatid=d64cb2c9-1fe4-42ec-8936-b47200ea8c52&keyword=nguy%E1%BB%85n%20th%E1%BB%8B%20di%E1%BB%87u&tg=6&tungay=01/04/2026&denngay=24/07/2026&usid=172.31.255.1_rsenway4ypykm2begi123ahbfbbe4130&st=135111",
            "onclick": ""
          },
          {
            "text": "24 tuổi",
            "href": "http://192.168.2.26:2026/home.aspx?scope=sys&lang=vi&wpid=phauthuatdraw&phauthuatid=d64cb2c9-1fe4-42ec-8936-b47200ea8c52&keyword=nguy%E1%BB%85n%20th%E1%BB%8B%20di%E1%BB%87u&tg=6&tungay=01/04/2026&denngay=24/07/2026&usid=172.31.255.1_rsenway4ypykm2begi123ahbfbbe4130&st=135111",
            "onclick": ""
          },
          {
            "text": "PHÒNG PHẪU THUẬT",
            "href": "http://192.168.2.26:2026/home.aspx?scope=sys&lang=vi&wpid=phauthuatdraw&phauthuatid=d64cb2c9-1fe4-42ec-8936-b47200ea8c52&keyword=nguy%E1%BB%85n%20th%E1%BB%8B%20di%E1%BB%87u&tg=6&tungay=01/04/2026&denngay=24/07/2026&usid=172.31.255.1_rsenway4ypykm2begi123ahbfbbe4130&st=135111",
            "onclick": ""
          },
          {
            "text": "Khoa Răng Hàm Mặt",
            "href": "http://192.168.2.26:2026/home.aspx?scope=sys&lang=vi&wpid=phauthuatdraw&phauthuatid=d64cb2c9-1fe4-42ec-8936-b47200ea8c52&keyword=nguy%E1%BB%85n%20th%E1%BB%8B%20di%E1%BB%87u&tg=6&tungay=01/04/2026&denngay=24/07/2026&usid=172.31.255.1_rsenway4ypykm2begi123ahbfbbe4130&st=135111",
            "onclick": ""
          },
          {
            "text": "Phẫu thuật nhổ răng khó",
            "href": "http://192.168.2.26:2026/home.aspx?scope=sys&lang=vi&wpid=phauthuatdraw&phauthuatid=d64cb2c9-1fe4-42ec-8936-b47200ea8c52&keyword=nguy%E1%BB%85n%20th%E1%BB%8B%20di%E1%BB%87u&tg=6&tungay=01/04/2026&denngay=24/07/2026&usid=172.31.255.1_rsenway4ypykm2begi123ahbfbbe4130&st=135111",
            "onclick": ""
          },
          {
            "text": "Thường",
            "href": "http://192.168.2.26:2026/home.aspx?scope=sys&lang=vi&wpid=phauthuatdraw&phauthuatid=d64cb2c9-1fe4-42ec-8936-b47200ea8c52&keyword=nguy%E1%BB%85n%20th%E1%BB%8B%20di%E1%BB%87u&tg=6&tungay=01/04/2026&denngay=24/07/2026&usid=172.31.255.1_rsenway4ypykm2begi123ahbfbbe4130&st=135111",
            "onclick": ""
          },
          {
            "text": "23/06/2026",
            "href": "http://192.168.2.26:2026/home.aspx?scope=sys&lang=vi&wpid=phauthuatdraw&phauthuatid=d64cb2c9-1fe4-42ec-8936-b47200ea8c52&keyword=nguy%E1%BB%85n%20th%E1%BB%8B%20di%E1%BB%87u&tg=6&tungay=01/04/2026&denngay=24/07/2026&usid=172.31.255.1_rsenway4ypykm2begi123ahbfbbe4130&st=135111",
            "onclick": ""
          }
        ]
      }
    },
    {
      "list_score": 39.1025641025641,
      "list_datetime": "2026-07-01 00:00:00",
      "list_method": "Nội soi nong niệu quản hẹp",
      "detail_marker": "http://192.168.2.26:2026/home.aspx?scope=sys&lang=vi&wpid=phauthuatdraw&phauthuatid=38679e3a-d22d-4654-b1ca-b47a0099cfaf&keyword=nguy%E1%BB%85n%20th%E1%BB%8B%20di%E1%BB%87u&tg=6&tungay=01/04/2026&denngay=24/07/2026&usid=172.31.255.1_rsenway4ypykm2begi123ahbfbbe4130&st=135111",
      "row": {
        "access_id": "38679e3a-d22d-4654-b1ca-b47a0099cfaf",
        "known_fields": {
          "stt": "4",
          "ma_bn": "26068792",
          "ho_ten": "NGUYỄN THỊ DIỆU HIỀN",
          "gioi_tinh": "Nữ",
          "tuoi": "50 tuổi",
          "phong_mo": "PHÒNG PHẪU THUẬT",
          "noi_chuyen_mo": "Trung Tâm Tiết Niệu",
          "noi_dung_phau_thuat": "Nội soi nong niệu quản hẹp",
          "tinh_trang": "Thường",
          "thoi_gian": "01/07/2026",
          "trang_thai": "Hoàn tất",
          "doi_tuong": "Bảo hiểm",
          "tam_ung": "7,000,000"
        },
        "raw_text": "4 26068792 NGUYỄN THỊ DIỆU HIỀN Nữ 50 tuổi PHÒNG PHẪU THUẬT Trung Tâm Tiết Niệu Nội soi nong niệu quản hẹp Thường 01/07/2026 Hoàn tất Bảo hiểm 7,000,000",
        "links": [
          {
            "text": "4",
            "href": "http://192.168.2.26:2026/home.aspx?scope=sys&lang=vi&wpid=phauthuatdraw&phauthuatid=38679e3a-d22d-4654-b1ca-b47a0099cfaf&keyword=nguy%E1%BB%85n%20th%E1%BB%8B%20di%E1%BB%87u&tg=6&tungay=01/04/2026&denngay=24/07/2026&usid=172.31.255.1_rsenway4ypykm2begi123ahbfbbe4130&st=135111",
            "onclick": ""
          },
          {
            "text": "26068792",
            "href": "http://192.168.2.26:2026/home.aspx?scope=sys&lang=vi&wpid=phauthuatdraw&phauthuatid=38679e3a-d22d-4654-b1ca-b47a0099cfaf&keyword=nguy%E1%BB%85n%20th%E1%BB%8B%20di%E1%BB%87u&tg=6&tungay=01/04/2026&denngay=24/07/2026&usid=172.31.255.1_rsenway4ypykm2begi123ahbfbbe4130&st=135111",
            "onclick": ""
          },
          {
            "text": "NGUYỄN THỊ DIỆU HIỀN",
            "href": "http://192.168.2.26:2026/home.aspx?scope=sys&lang=vi&wpid=phauthuatdraw&phauthuatid=38679e3a-d22d-4654-b1ca-b47a0099cfaf&keyword=nguy%E1%BB%85n%20th%E1%BB%8B%20di%E1%BB%87u&tg=6&tungay=01/04/2026&denngay=24/07/2026&usid=172.31.255.1_rsenway4ypykm2begi123ahbfbbe4130&st=135111",
            "onclick": ""
          },
          {
            "text": "Nữ",
            "href": "http://192.168.2.26:2026/home.aspx?scope=sys&lang=vi&wpid=phauthuatdraw&phauthuatid=38679e3a-d22d-4654-b1ca-b47a0099cfaf&keyword=nguy%E1%BB%85n%20th%E1%BB%8B%20di%E1%BB%87u&tg=6&tungay=01/04/2026&denngay=24/07/2026&usid=172.31.255.1_rsenway4ypykm2begi123ahbfbbe4130&st=135111",
            "onclick": ""
          },
          {
            "text": "50 tuổi",
            "href": "http://192.168.2.26:2026/home.aspx?scope=sys&lang=vi&wpid=phauthuatdraw&phauthuatid=38679e3a-d22d-4654-b1ca-b47a0099cfaf&keyword=nguy%E1%BB%85n%20th%E1%BB%8B%20di%E1%BB%87u&tg=6&tungay=01/04/2026&denngay=24/07/2026&usid=172.31.255.1_rsenway4ypykm2begi123ahbfbbe4130&st=135111",
            "onclick": ""
          },
          {
            "text": "PHÒNG PHẪU THUẬT",
            "href": "http://192.168.2.26:2026/home.aspx?scope=sys&lang=vi&wpid=phauthuatdraw&phauthuatid=38679e3a-d22d-4654-b1ca-b47a0099cfaf&keyword=nguy%E1%BB%85n%20th%E1%BB%8B%20di%E1%BB%87u&tg=6&tungay=01/04/2026&denngay=24/07/2026&usid=172.31.255.1_rsenway4ypykm2begi123ahbfbbe4130&st=135111",
            "onclick": ""
          },
          {
            "text": "Trung Tâm Tiết Niệu",
            "href": "http://192.168.2.26:2026/home.aspx?scope=sys&lang=vi&wpid=phauthuatdraw&phauthuatid=38679e3a-d22d-4654-b1ca-b47a0099cfaf&keyword=nguy%E1%BB%85n%20th%E1%BB%8B%20di%E1%BB%87u&tg=6&tungay=01/04/2026&denngay=24/07/2026&usid=172.31.255.1_rsenway4ypykm2begi123ahbfbbe4130&st=135111",
            "onclick": ""
          },
          {
            "text": "Nội soi nong niệu quản hẹp",
            "href": "http://192.168.2.26:2026/home.aspx?scope=sys&lang=vi&wpid=phauthuatdraw&phauthuatid=38679e3a-d22d-4654-b1ca-b47a0099cfaf&keyword=nguy%E1%BB%85n%20th%E1%BB%8B%20di%E1%BB%87u&tg=6&tungay=01/04/2026&denngay=24/07/2026&usid=172.31.255.1_rsenway4ypykm2begi123ahbfbbe4130&st=135111",
            "onclick": ""
          },
          {
            "text": "Thường",
            "href": "http://192.168.2.26:2026/home.aspx?scope=sys&lang=vi&wpid=phauthuatdraw&phauthuatid=38679e3a-d22d-4654-b1ca-b47a0099cfaf&keyword=nguy%E1%BB%85n%20th%E1%BB%8B%20di%E1%BB%87u&tg=6&tungay=01/04/2026&denngay=24/07/2026&usid=172.31.255.1_rsenway4ypykm2begi123ahbfbbe4130&st=135111",
            "onclick": ""
          },
          {
            "text": "01/07/2026",
            "href": "http://192.168.2.26:2026/home.aspx?scope=sys&lang=vi&wpid=phauthuatdraw&phauthuatid=38679e3a-d22d-4654-b1ca-b47a0099cfaf&keyword=nguy%E1%BB%85n%20th%E1%BB%8B%20di%E1%BB%87u&tg=6&tungay=01/04/2026&denngay=24/07/2026&usid=172.31.255.1_rsenway4ypykm2begi123ahbfbbe4130&st=135111",
            "onclick": ""
          }
        ]
      }
    },
    {
      "list_score": 39.1025641025641,
      "list_datetime": "2026-05-25 00:00:00",
      "list_method": "Nội soi nong niệu quản hẹp",
      "detail_marker": "http://192.168.2.26:2026/home.aspx?scope=sys&lang=vi&wpid=phauthuatdraw&phauthuatid=cb5d77e1-0223-40bb-9b4a-b455009066a4&keyword=nguy%E1%BB%85n%20th%E1%BB%8B%20di%E1%BB%87u&tg=6&tungay=01/04/2026&denngay=24/07/2026&usid=172.31.255.1_rsenway4ypykm2begi123ahbfbbe4130&st=135111",
      "row": {
        "access_id": "cb5d77e1-0223-40bb-9b4a-b455009066a4",
        "known_fields": {
          "stt": "8",
          "ma_bn": "26056628",
          "ho_ten": "NGUYỄN THỊ DIỆU HƯƠNG",
          "gioi_tinh": "Nữ",
          "tuoi": "68 tuổi",
          "phong_mo": "PHÒNG PHẪU THUẬT",
          "noi_chuyen_mo": "Trung Tâm Tiết Niệu",
          "noi_dung_phau_thuat": "Nội soi nong niệu quản hẹp",
          "tinh_trang": "Thường",
          "thoi_gian": "25/05/2026",
          "trang_thai": "Hoàn tất",
          "doi_tuong": "Bảo hiểm",
          "tam_ung": "7,000,000"
        },
        "raw_text": "8 26056628 NGUYỄN THỊ DIỆU HƯƠNG Nữ 68 tuổi PHÒNG PHẪU THUẬT Trung Tâm Tiết Niệu Nội soi nong niệu quản hẹp Thường 25/05/2026 Hoàn tất Bảo hiểm 7,000,000",
        "links": [
          {
            "text": "8",
            "href": "http://192.168.2.26:2026/home.aspx?scope=sys&lang=vi&wpid=phauthuatdraw&phauthuatid=cb5d77e1-0223-40bb-9b4a-b455009066a4&keyword=nguy%E1%BB%85n%20th%E1%BB%8B%20di%E1%BB%87u&tg=6&tungay=01/04/2026&denngay=24/07/2026&usid=172.31.255.1_rsenway4ypykm2begi123ahbfbbe4130&st=135111",
            "onclick": ""
          },
          {
            "text": "26056628",
            "href": "http://192.168.2.26:2026/home.aspx?scope=sys&lang=vi&wpid=phauthuatdraw&phauthuatid=cb5d77e1-0223-40bb-9b4a-b455009066a4&keyword=nguy%E1%BB%85n%20th%E1%BB%8B%20di%E1%BB%87u&tg=6&tungay=01/04/2026&denngay=24/07/2026&usid=172.31.255.1_rsenway4ypykm2begi123ahbfbbe4130&st=135111",
            "onclick": ""
          },
          {
            "text": "NGUYỄN THỊ DIỆU HƯƠNG",
            "href": "http://192.168.2.26:2026/home.aspx?scope=sys&lang=vi&wpid=phauthuatdraw&phauthuatid=cb5d77e1-0223-40bb-9b4a-b455009066a4&keyword=nguy%E1%BB%85n%20th%E1%BB%8B%20di%E1%BB%87u&tg=6&tungay=01/04/2026&denngay=24/07/2026&usid=172.31.255.1_rsenway4ypykm2begi123ahbfbbe4130&st=135111",
            "onclick": ""
          },
          {
            "text": "Nữ",
            "href": "http://192.168.2.26:2026/home.aspx?scope=sys&lang=vi&wpid=phauthuatdraw&phauthuatid=cb5d77e1-0223-40bb-9b4a-b455009066a4&keyword=nguy%E1%BB%85n%20th%E1%BB%8B%20di%E1%BB%87u&tg=6&tungay=01/04/2026&denngay=24/07/2026&usid=172.31.255.1_rsenway4ypykm2begi123ahbfbbe4130&st=135111",
            "onclick": ""
          },
          {
            "text": "68 tuổi",
            "href": "http://192.168.2.26:2026/home.aspx?scope=sys&lang=vi&wpid=phauthuatdraw&phauthuatid=cb5d77e1-0223-40bb-9b4a-b455009066a4&keyword=nguy%E1%BB%85n%20th%E1%BB%8B%20di%E1%BB%87u&tg=6&tungay=01/04/2026&denngay=24/07/2026&usid=172.31.255.1_rsenway4ypykm2begi123ahbfbbe4130&st=135111",
            "onclick": ""
          },
          {
            "text": "PHÒNG PHẪU THUẬT",
            "href": "http://192.168.2.26:2026/home.aspx?scope=sys&lang=vi&wpid=phauthuatdraw&phauthuatid=cb5d77e1-0223-40bb-9b4a-b455009066a4&keyword=nguy%E1%BB%85n%20th%E1%BB%8B%20di%E1%BB%87u&tg=6&tungay=01/04/2026&denngay=24/07/2026&usid=172.31.255.1_rsenway4ypykm2begi123ahbfbbe4130&st=135111",
            "onclick": ""
          },
          {
            "text": "Trung Tâm Tiết Niệu",
            "href": "http://192.168.2.26:2026/home.aspx?scope=sys&lang=vi&wpid=phauthuatdraw&phauthuatid=cb5d77e1-0223-40bb-9b4a-b455009066a4&keyword=nguy%E1%BB%85n%20th%E1%BB%8B%20di%E1%BB%87u&tg=6&tungay=01/04/2026&denngay=24/07/2026&usid=172.31.255.1_rsenway4ypykm2begi123ahbfbbe4130&st=135111",
            "onclick": ""
          },
          {
            "text": "Nội soi nong niệu quản hẹp",
            "href": "http://192.168.2.26:2026/home.aspx?scope=sys&lang=vi&wpid=phauthuatdraw&phauthuatid=cb5d77e1-0223-40bb-9b4a-b455009066a4&keyword=nguy%E1%BB%85n%20th%E1%BB%8B%20di%E1%BB%87u&tg=6&tungay=01/04/2026&denngay=24/07/2026&usid=172.31.255.1_rsenway4ypykm2begi123ahbfbbe4130&st=135111",
            "onclick": ""
          },
          {
            "text": "Thường",
            "href": "http://192.168.2.26:2026/home.aspx?scope=sys&lang=vi&wpid=phauthuatdraw&phauthuatid=cb5d77e1-0223-40bb-9b4a-b455009066a4&keyword=nguy%E1%BB%85n%20th%E1%BB%8B%20di%E1%BB%87u&tg=6&tungay=01/04/2026&denngay=24/07/2026&usid=172.31.255.1_rsenway4ypykm2begi123ahbfbbe4130&st=135111",
            "onclick": ""
          },
          {
            "text": "25/05/2026",
            "href": "http://192.168.2.26:2026/home.aspx?scope=sys&lang=vi&wpid=phauthuatdraw&phauthuatid=cb5d77e1-0223-40bb-9b4a-b455009066a4&keyword=nguy%E1%BB%85n%20th%E1%BB%8B%20di%E1%BB%87u&tg=6&tungay=01/04/2026&denngay=24/07/2026&usid=172.31.255.1_rsenway4ypykm2begi123ahbfbbe4130&st=135111",
            "onclick": ""
          }
        ]
      }
    },
    {
      "list_score": 38.75,
      "list_datetime": "2026-07-21 00:00:00",
      "list_method": "Phẫu thuật mở bụng bóc u xơ tử cung",
      "detail_marker": "http://192.168.2.26:2026/home.aspx?scope=sys&lang=vi&wpid=phauthuatdraw&phauthuatid=889610fd-8295-4591-89f8-b48e00ace282&keyword=nguy%E1%BB%85n%20th%E1%BB%8B%20di%E1%BB%87u&tg=6&tungay=01/04/2026&denngay=24/07/2026&usid=172.31.255.1_rsenway4ypykm2begi123ahbfbbe4130&st=135111",
      "row": {
        "access_id": "889610fd-8295-4591-89f8-b48e00ace282",
        "known_fields": {
          "stt": "1",
          "ma_bn": "26072567",
          "ho_ten": "NGUYỄN THỊ DIỆU",
          "gioi_tinh": "Nữ",
          "tuoi": "42 tuổi",
          "phong_mo": "PHÒNG PHẪU THUẬT",
          "noi_chuyen_mo": "Khoa Phụ Sản",
          "noi_dung_phau_thuat": "Phẫu thuật mở bụng bóc u xơ tử cung",
          "tinh_trang": "Thường",
          "thoi_gian": "21/07/2026",
          "trang_thai": "Hoàn tất",
          "doi_tuong": "Bảo hiểm",
          "tam_ung": "6,000,000"
        },
        "raw_text": "1 26072567 NGUYỄN THỊ DIỆU Nữ 42 tuổi PHÒNG PHẪU THUẬT Khoa Phụ Sản Phẫu thuật mở bụng bóc u xơ tử cung Thường 21/07/2026 Hoàn tất Bảo hiểm 6,000,000",
        "links": [
          {
            "text": "1",
            "href": "http://192.168.2.26:2026/home.aspx?scope=sys&lang=vi&wpid=phauthuatdraw&phauthuatid=889610fd-8295-4591-89f8-b48e00ace282&keyword=nguy%E1%BB%85n%20th%E1%BB%8B%20di%E1%BB%87u&tg=6&tungay=01/04/2026&denngay=24/07/2026&usid=172.31.255.1_rsenway4ypykm2begi123ahbfbbe4130&st=135111",
            "onclick": ""
          },
          {
            "text": "26072567",
            "href": "http://192.168.2.26:2026/home.aspx?scope=sys&lang=vi&wpid=phauthuatdraw&phauthuatid=889610fd-8295-4591-89f8-b48e00ace282&keyword=nguy%E1%BB%85n%20th%E1%BB%8B%20di%E1%BB%87u&tg=6&tungay=01/04/2026&denngay=24/07/2026&usid=172.31.255.1_rsenway4ypykm2begi123ahbfbbe4130&st=135111",
            "onclick": ""
          },
          {
            "text": "NGUYỄN THỊ DIỆU",
            "href": "http://192.168.2.26:2026/home.aspx?scope=sys&lang=vi&wpid=phauthuatdraw&phauthuatid=889610fd-8295-4591-89f8-b48e00ace282&keyword=nguy%E1%BB%85n%20th%E1%BB%8B%20di%E1%BB%87u&tg=6&tungay=01/04/2026&denngay=24/07/2026&usid=172.31.255.1_rsenway4ypykm2begi123ahbfbbe4130&st=135111",
            "onclick": ""
          },
          {
            "text": "Nữ",
            "href": "http://192.168.2.26:2026/home.aspx?scope=sys&lang=vi&wpid=phauthuatdraw&phauthuatid=889610fd-8295-4591-89f8-b48e00ace282&keyword=nguy%E1%BB%85n%20th%E1%BB%8B%20di%E1%BB%87u&tg=6&tungay=01/04/2026&denngay=24/07/2026&usid=172.31.255.1_rsenway4ypykm2begi123ahbfbbe4130&st=135111",
            "onclick": ""
          },
          {
            "text": "42 tuổi",
            "href": "http://192.168.2.26:2026/home.aspx?scope=sys&lang=vi&wpid=phauthuatdraw&phauthuatid=889610fd-8295-4591-89f8-b48e00ace282&keyword=nguy%E1%BB%85n%20th%E1%BB%8B%20di%E1%BB%87u&tg=6&tungay=01/04/2026&denngay=24/07/2026&usid=172.31.255.1_rsenway4ypykm2begi123ahbfbbe4130&st=135111",
            "onclick": ""
          },
          {
            "text": "PHÒNG PHẪU THUẬT",
            "href": "http://192.168.2.26:2026/home.aspx?scope=sys&lang=vi&wpid=phauthuatdraw&phauthuatid=889610fd-8295-4591-89f8-b48e00ace282&keyword=nguy%E1%BB%85n%20th%E1%BB%8B%20di%E1%BB%87u&tg=6&tungay=01/04/2026&denngay=24/07/2026&usid=172.31.255.1_rsenway4ypykm2begi123ahbfbbe4130&st=135111",
            "onclick": ""
          },
          {
            "text": "Khoa Phụ Sản",
            "href": "http://192.168.2.26:2026/home.aspx?scope=sys&lang=vi&wpid=phauthuatdraw&phauthuatid=889610fd-8295-4591-89f8-b48e00ace282&keyword=nguy%E1%BB%85n%20th%E1%BB%8B%20di%E1%BB%87u&tg=6&tungay=01/04/2026&denngay=24/07/2026&usid=172.31.255.1_rsenway4ypykm2begi123ahbfbbe4130&st=135111",
            "onclick": ""
          },
          {
            "text": "Phẫu thuật mở bụng bóc u xơ tử cung",
            "href": "http://192.168.2.26:2026/home.aspx?scope=sys&lang=vi&wpid=phauthuatdraw&phauthuatid=889610fd-8295-4591-89f8-b48e00ace282&keyword=nguy%E1%BB%85n%20th%E1%BB%8B%20di%E1%BB%87u&tg=6&tungay=01/04/2026&denngay=24/07/2026&usid=172.31.255.1_rsenway4ypykm2begi123ahbfbbe4130&st=135111",
            "onclick": ""
          },
          {
            "text": "Thường",
            "href": "http://192.168.2.26:2026/home.aspx?scope=sys&lang=vi&wpid=phauthuatdraw&phauthuatid=889610fd-8295-4591-89f8-b48e00ace282&keyword=nguy%E1%BB%85n%20th%E1%BB%8B%20di%E1%BB%87u&tg=6&tungay=01/04/2026&denngay=24/07/2026&usid=172.31.255.1_rsenway4ypykm2begi123ahbfbbe4130&st=135111",
            "onclick": ""
          },
          {
            "text": "21/07/2026",
            "href": "http://192.168.2.26:2026/home.aspx?scope=sys&lang=vi&wpid=phauthuatdraw&phauthuatid=889610fd-8295-4591-89f8-b48e00ace282&keyword=nguy%E1%BB%85n%20th%E1%BB%8B%20di%E1%BB%87u&tg=6&tungay=01/04/2026&denngay=24/07/2026&usid=172.31.255.1_rsenway4ypykm2begi123ahbfbbe4130&st=135111",
            "onclick": ""
          }
        ]
      }
    },
    {
      "list_score": 37.94117647058823,
      "list_datetime": "2026-07-17 00:00:00",
      "list_method": "Phẫu thuật lấy toàn bộ trĩ vòng [gây tê]",
      "detail_marker": "http://192.168.2.26:2026/home.aspx?scope=sys&lang=vi&wpid=phauthuatdraw&phauthuatid=9cec7cfe-debb-4ff7-84ae-b48a00a3e022&keyword=nguy%E1%BB%85n%20th%E1%BB%8B%20di%E1%BB%87u&tg=6&tungay=01/04/2026&denngay=24/07/2026&usid=172.31.255.1_rsenway4ypykm2begi123ahbfbbe4130&st=135111",
      "row": {
        "access_id": "9cec7cfe-debb-4ff7-84ae-b48a00a3e022",
        "known_fields": {
          "stt": "2",
          "ma_bn": "26074861",
          "ho_ten": "NGUYỄN THỊ DIỆU HIỀN",
          "gioi_tinh": "Nữ",
          "tuoi": "29 tuổi",
          "phong_mo": "PHÒNG PHẪU THUẬT",
          "noi_chuyen_mo": "Khoa Ngoại Tổng Hợp",
          "noi_dung_phau_thuat": "Phẫu thuật lấy toàn bộ trĩ vòng [gây tê]",
          "tinh_trang": "Thường",
          "thoi_gian": "17/07/2026",
          "trang_thai": "Hoàn tất",
          "doi_tuong": "Bảo hiểm",
          "tam_ung": "10,000,000"
        },
        "raw_text": "2 26074861 NGUYỄN THỊ DIỆU HIỀN Nữ 29 tuổi PHÒNG PHẪU THUẬT Khoa Ngoại Tổng Hợp Phẫu thuật lấy toàn bộ trĩ vòng [gây tê] Thường 17/07/2026 Hoàn tất Bảo hiểm 10,000,000",
        "links": [
          {
            "text": "2",
            "href": "http://192.168.2.26:2026/home.aspx?scope=sys&lang=vi&wpid=phauthuatdraw&phauthuatid=9cec7cfe-debb-4ff7-84ae-b48a00a3e022&keyword=nguy%E1%BB%85n%20th%E1%BB%8B%20di%E1%BB%87u&tg=6&tungay=01/04/2026&denngay=24/07/2026&usid=172.31.255.1_rsenway4ypykm2begi123ahbfbbe4130&st=135111",
            "onclick": ""
          },
          {
            "text": "26074861",
            "href": "http://192.168.2.26:2026/home.aspx?scope=sys&lang=vi&wpid=phauthuatdraw&phauthuatid=9cec7cfe-debb-4ff7-84ae-b48a00a3e022&keyword=nguy%E1%BB%85n%20th%E1%BB%8B%20di%E1%BB%87u&tg=6&tungay=01/04/2026&denngay=24/07/2026&usid=172.31.255.1_rsenway4ypykm2begi123ahbfbbe4130&st=135111",
            "onclick": ""
          },
          {
            "text": "NGUYỄN THỊ DIỆU HIỀN",
            "href": "http://192.168.2.26:2026/home.aspx?scope=sys&lang=vi&wpid=phauthuatdraw&phauthuatid=9cec7cfe-debb-4ff7-84ae-b48a00a3e022&keyword=nguy%E1%BB%85n%20th%E1%BB%8B%20di%E1%BB%87u&tg=6&tungay=01/04/2026&denngay=24/07/2026&usid=172.31.255.1_rsenway4ypykm2begi123ahbfbbe4130&st=135111",
            "onclick": ""
          },
          {
            "text": "Nữ",
            "href": "http://192.168.2.26:2026/home.aspx?scope=sys&lang=vi&wpid=phauthuatdraw&phauthuatid=9cec7cfe-debb-4ff7-84ae-b48a00a3e022&keyword=nguy%E1%BB%85n%20th%E1%BB%8B%20di%E1%BB%87u&tg=6&tungay=01/04/2026&denngay=24/07/2026&usid=172.31.255.1_rsenway4ypykm2begi123ahbfbbe4130&st=135111",
            "onclick": ""
          },
          {
            "text": "29 tuổi",
            "href": "http://192.168.2.26:2026/home.aspx?scope=sys&lang=vi&wpid=phauthuatdraw&phauthuatid=9cec7cfe-debb-4ff7-84ae-b48a00a3e022&keyword=nguy%E1%BB%85n%20th%E1%BB%8B%20di%E1%BB%87u&tg=6&tungay=01/04/2026&denngay=24/07/2026&usid=172.31.255.1_rsenway4ypykm2begi123ahbfbbe4130&st=135111",
            "onclick": ""
          },
          {
            "text": "PHÒNG PHẪU THUẬT",
            "href": "http://192.168.2.26:2026/home.aspx?scope=sys&lang=vi&wpid=phauthuatdraw&phauthuatid=9cec7cfe-debb-4ff7-84ae-b48a00a3e022&keyword=nguy%E1%BB%85n%20th%E1%BB%8B%20di%E1%BB%87u&tg=6&tungay=01/04/2026&denngay=24/07/2026&usid=172.31.255.1_rsenway4ypykm2begi123ahbfbbe4130&st=135111",
            "onclick": ""
          },
          {
            "text": "Khoa Ngoại Tổng Hợp",
            "href": "http://192.168.2.26:2026/home.aspx?scope=sys&lang=vi&wpid=phauthuatdraw&phauthuatid=9cec7cfe-debb-4ff7-84ae-b48a00a3e022&keyword=nguy%E1%BB%85n%20th%E1%BB%8B%20di%E1%BB%87u&tg=6&tungay=01/04/2026&denngay=24/07/2026&usid=172.31.255.1_rsenway4ypykm2begi123ahbfbbe4130&st=135111",
            "onclick": ""
          },
          {
            "text": "Phẫu thuật lấy toàn bộ trĩ vòng [gây tê]",
            "href": "http://192.168.2.26:2026/home.aspx?scope=sys&lang=vi&wpid=phauthuatdraw&phauthuatid=9cec7cfe-debb-4ff7-84ae-b48a00a3e022&keyword=nguy%E1%BB%85n%20th%E1%BB%8B%20di%E1%BB%87u&tg=6&tungay=01/04/2026&denngay=24/07/2026&usid=172.31.255.1_rsenway4ypykm2begi123ahbfbbe4130&st=135111",
            "onclick": ""
          },
          {
            "text": "Thường",
            "href": "http://192.168.2.26:2026/home.aspx?scope=sys&lang=vi&wpid=phauthuatdraw&phauthuatid=9cec7cfe-debb-4ff7-84ae-b48a00a3e022&keyword=nguy%E1%BB%85n%20th%E1%BB%8B%20di%E1%BB%87u&tg=6&tungay=01/04/2026&denngay=24/07/2026&usid=172.31.255.1_rsenway4ypykm2begi123ahbfbbe4130&st=135111",
            "onclick": ""
          },
          {
            "text": "17/07/2026",
            "href": "http://192.168.2.26:2026/home.aspx?scope=sys&lang=vi&wpid=phauthuatdraw&phauthuatid=9cec7cfe-debb-4ff7-84ae-b48a00a3e022&keyword=nguy%E1%BB%85n%20th%E1%BB%8B%20di%E1%BB%87u&tg=6&tungay=01/04/2026&denngay=24/07/2026&usid=172.31.255.1_rsenway4ypykm2begi123ahbfbbe4130&st=135111",
            "onclick": ""
          }
        ]
      }
    },
    {
      "list_score": 37.833333333333336,
      "list_datetime": "2026-07-14 00:00:00",
      "list_method": "Nội soi niệu quản 2 bên 1 thì tán sỏi niệu quản",
      "detail_marker": "http://192.168.2.26:2026/home.aspx?scope=sys&lang=vi&wpid=phauthuatdraw&phauthuatid=cc15f344-1bc0-458a-b717-b4870087b33c&keyword=nguy%E1%BB%85n%20th%E1%BB%8B%20di%E1%BB%87u&tg=6&tungay=01/04/2026&denngay=24/07/2026&usid=172.31.255.1_rsenway4ypykm2begi123ahbfbbe4130&st=135111",
      "row": {
        "access_id": "cc15f344-1bc0-458a-b717-b4870087b33c",
        "known_fields": {
          "stt": "3",
          "ma_bn": "26071308",
          "ho_ten": "NGUYỄN THỊ DIỆU ĐẠT",
          "gioi_tinh": "Nữ",
          "tuoi": "46 tuổi",
          "phong_mo": "PHÒNG PHẪU THUẬT",
          "noi_chuyen_mo": "Trung Tâm Tiết Niệu",
          "noi_dung_phau_thuat": "Nội soi niệu quản 2 bên 1 thì tán sỏi niệu quản",
          "tinh_trang": "Thường",
          "thoi_gian": "14/07/2026",
          "trang_thai": "Hoàn tất",
          "doi_tuong": "Bảo hiểm",
          "tam_ung": "11,000,000"
        },
        "raw_text": "3 26071308 NGUYỄN THỊ DIỆU ĐẠT Nữ 46 tuổi PHÒNG PHẪU THUẬT Trung Tâm Tiết Niệu Nội soi niệu quản 2 bên 1 thì tán sỏi niệu quản Thường 14/07/2026 Hoàn tất Bảo hiểm 11,000,000",
        "links": [
          {
            "text": "3",
            "href": "http://192.168.2.26:2026/home.aspx?scope=sys&lang=vi&wpid=phauthuatdraw&phauthuatid=cc15f344-1bc0-458a-b717-b4870087b33c&keyword=nguy%E1%BB%85n%20th%E1%BB%8B%20di%E1%BB%87u&tg=6&tungay=01/04/2026&denngay=24/07/2026&usid=172.31.255.1_rsenway4ypykm2begi123ahbfbbe4130&st=135111",
            "onclick": ""
          },
          {
            "text": "26071308",
            "href": "http://192.168.2.26:2026/home.aspx?scope=sys&lang=vi&wpid=phauthuatdraw&phauthuatid=cc15f344-1bc0-458a-b717-b4870087b33c&keyword=nguy%E1%BB%85n%20th%E1%BB%8B%20di%E1%BB%87u&tg=6&tungay=01/04/2026&denngay=24/07/2026&usid=172.31.255.1_rsenway4ypykm2begi123ahbfbbe4130&st=135111",
            "onclick": ""
          },
          {
            "text": "NGUYỄN THỊ DIỆU ĐẠT",
            "href": "http://192.168.2.26:2026/home.aspx?scope=sys&lang=vi&wpid=phauthuatdraw&phauthuatid=cc15f344-1bc0-458a-b717-b4870087b33c&keyword=nguy%E1%BB%85n%20th%E1%BB%8B%20di%E1%BB%87u&tg=6&tungay=01/04/2026&denngay=24/07/2026&usid=172.31.255.1_rsenway4ypykm2begi123ahbfbbe4130&st=135111",
            "onclick": ""
          },
          {
            "text": "Nữ",
            "href": "http://192.168.2.26:2026/home.aspx?scope=sys&lang=vi&wpid=phauthuatdraw&phauthuatid=cc15f344-1bc0-458a-b717-b4870087b33c&keyword=nguy%E1%BB%85n%20th%E1%BB%8B%20di%E1%BB%87u&tg=6&tungay=01/04/2026&denngay=24/07/2026&usid=172.31.255.1_rsenway4ypykm2begi123ahbfbbe4130&st=135111",
            "onclick": ""
          },
          {
            "text": "46 tuổi",
            "href": "http://192.168.2.26:2026/home.aspx?scope=sys&lang=vi&wpid=phauthuatdraw&phauthuatid=cc15f344-1bc0-458a-b717-b4870087b33c&keyword=nguy%E1%BB%85n%20th%E1%BB%8B%20di%E1%BB%87u&tg=6&tungay=01/04/2026&denngay=24/07/2026&usid=172.31.255.1_rsenway4ypykm2begi123ahbfbbe4130&st=135111",
            "onclick": ""
          },
          {
            "text": "PHÒNG PHẪU THUẬT",
            "href": "http://192.168.2.26:2026/home.aspx?scope=sys&lang=vi&wpid=phauthuatdraw&phauthuatid=cc15f344-1bc0-458a-b717-b4870087b33c&keyword=nguy%E1%BB%85n%20th%E1%BB%8B%20di%E1%BB%87u&tg=6&tungay=01/04/2026&denngay=24/07/2026&usid=172.31.255.1_rsenway4ypykm2begi123ahbfbbe4130&st=135111",
            "onclick": ""
          },
          {
            "text": "Trung Tâm Tiết Niệu",
            "href": "http://192.168.2.26:2026/home.aspx?scope=sys&lang=vi&wpid=phauthuatdraw&phauthuatid=cc15f344-1bc0-458a-b717-b4870087b33c&keyword=nguy%E1%BB%85n%20th%E1%BB%8B%20di%E1%BB%87u&tg=6&tungay=01/04/2026&denngay=24/07/2026&usid=172.31.255.1_rsenway4ypykm2begi123ahbfbbe4130&st=135111",
            "onclick": ""
          },
          {
            "text": "Nội soi niệu quản 2 bên 1 thì tán sỏi niệu quản",
            "href": "http://192.168.2.26:2026/home.aspx?scope=sys&lang=vi&wpid=phauthuatdraw&phauthuatid=cc15f344-1bc0-458a-b717-b4870087b33c&keyword=nguy%E1%BB%85n%20th%E1%BB%8B%20di%E1%BB%87u&tg=6&tungay=01/04/2026&denngay=24/07/2026&usid=172.31.255.1_rsenway4ypykm2begi123ahbfbbe4130&st=135111",
            "onclick": ""
          },
          {
            "text": "Thường",
            "href": "http://192.168.2.26:2026/home.aspx?scope=sys&lang=vi&wpid=phauthuatdraw&phauthuatid=cc15f344-1bc0-458a-b717-b4870087b33c&keyword=nguy%E1%BB%85n%20th%E1%BB%8B%20di%E1%BB%87u&tg=6&tungay=01/04/2026&denngay=24/07/2026&usid=172.31.255.1_rsenway4ypykm2begi123ahbfbbe4130&st=135111",
            "onclick": ""
          },
          {
            "text": "14/07/2026",
            "href": "http://192.168.2.26:2026/home.aspx?scope=sys&lang=vi&wpid=phauthuatdraw&phauthuatid=cc15f344-1bc0-458a-b717-b4870087b33c&keyword=nguy%E1%BB%85n%20th%E1%BB%8B%20di%E1%BB%87u&tg=6&tungay=01/04/2026&denngay=24/07/2026&usid=172.31.255.1_rsenway4ypykm2begi123ahbfbbe4130&st=135111",
            "onclick": ""
          }
        ]
      }
    },
    {
      "list_score": 35.23255813953489,
      "list_datetime": "2026-06-20 00:00:00",
      "list_method": "Phẫu thuật nội soi cắt túi mật",
      "detail_marker": "http://192.168.2.26:2026/home.aspx?scope=sys&lang=vi&wpid=phauthuatdraw&phauthuatid=3fd6938d-fd5d-4b1f-b69d-b46f01652b4d&keyword=nguy%E1%BB%85n%20th%E1%BB%8B%20di%E1%BB%87u&tg=6&tungay=01/04/2026&denngay=24/07/2026&usid=172.31.255.1_rsenway4ypykm2begi123ahbfbbe4130&st=135111",
      "row": {
        "access_id": "3fd6938d-fd5d-4b1f-b69d-b46f01652b4d",
        "known_fields": {
          "stt": "7",
          "ma_bn": "26066471",
          "ho_ten": "NGUYỄN THỊ DIỆU",
          "gioi_tinh": "Nữ",
          "tuoi": "63 tuổi",
          "phong_mo": "PHÒNG PHẪU THUẬT",
          "noi_chuyen_mo": "Khoa Cấp Cứu - Hồi Sức Tích Cực",
          "noi_dung_phau_thuat": "Phẫu thuật nội soi cắt túi mật",
          "tinh_trang": "Thường",
          "thoi_gian": "20/06/2026",
          "trang_thai": "Hoàn tất",
          "doi_tuong": "Bảo hiểm",
          "tam_ung": "5,000,000"
        },
        "raw_text": "7 26066471 NGUYỄN THỊ DIỆU Nữ 63 tuổi PHÒNG PHẪU THUẬT Khoa Cấp Cứu - Hồi Sức Tích Cực Phẫu thuật nội soi cắt túi mật Thường 20/06/2026 Hoàn tất Bảo hiểm 5,000,000",
        "links": [
          {
            "text": "7",
            "href": "http://192.168.2.26:2026/home.aspx?scope=sys&lang=vi&wpid=phauthuatdraw&phauthuatid=3fd6938d-fd5d-4b1f-b69d-b46f01652b4d&keyword=nguy%E1%BB%85n%20th%E1%BB%8B%20di%E1%BB%87u&tg=6&tungay=01/04/2026&denngay=24/07/2026&usid=172.31.255.1_rsenway4ypykm2begi123ahbfbbe4130&st=135111",
            "onclick": ""
          },
          {
            "text": "26066471",
            "href": "http://192.168.2.26:2026/home.aspx?scope=sys&lang=vi&wpid=phauthuatdraw&phauthuatid=3fd6938d-fd5d-4b1f-b69d-b46f01652b4d&keyword=nguy%E1%BB%85n%20th%E1%BB%8B%20di%E1%BB%87u&tg=6&tungay=01/04/2026&denngay=24/07/2026&usid=172.31.255.1_rsenway4ypykm2begi123ahbfbbe4130&st=135111",
            "onclick": ""
          },
          {
            "text": "NGUYỄN THỊ DIỆU",
            "href": "http://192.168.2.26:2026/home.aspx?scope=sys&lang=vi&wpid=phauthuatdraw&phauthuatid=3fd6938d-fd5d-4b1f-b69d-b46f01652b4d&keyword=nguy%E1%BB%85n%20th%E1%BB%8B%20di%E1%BB%87u&tg=6&tungay=01/04/2026&denngay=24/07/2026&usid=172.31.255.1_rsenway4ypykm2begi123ahbfbbe4130&st=135111",
            "onclick": ""
          },
          {
            "text": "Nữ",
            "href": "http://192.168.2.26:2026/home.aspx?scope=sys&lang=vi&wpid=phauthuatdraw&phauthuatid=3fd6938d-fd5d-4b1f-b69d-b46f01652b4d&keyword=nguy%E1%BB%85n%20th%E1%BB%8B%20di%E1%BB%87u&tg=6&tungay=01/04/2026&denngay=24/07/2026&usid=172.31.255.1_rsenway4ypykm2begi123ahbfbbe4130&st=135111",
            "onclick": ""
          },
          {
            "text": "63 tuổi",
            "href": "http://192.168.2.26:2026/home.aspx?scope=sys&lang=vi&wpid=phauthuatdraw&phauthuatid=3fd6938d-fd5d-4b1f-b69d-b46f01652b4d&keyword=nguy%E1%BB%85n%20th%E1%BB%8B%20di%E1%BB%87u&tg=6&tungay=01/04/2026&denngay=24/07/2026&usid=172.31.255.1_rsenway4ypykm2begi123ahbfbbe4130&st=135111",
            "onclick": ""
          },
          {
            "text": "PHÒNG PHẪU THUẬT",
            "href": "http://192.168.2.26:2026/home.aspx?scope=sys&lang=vi&wpid=phauthuatdraw&phauthuatid=3fd6938d-fd5d-4b1f-b69d-b46f01652b4d&keyword=nguy%E1%BB%85n%20th%E1%BB%8B%20di%E1%BB%87u&tg=6&tungay=01/04/2026&denngay=24/07/2026&usid=172.31.255.1_rsenway4ypykm2begi123ahbfbbe4130&st=135111",
            "onclick": ""
          },
          {
            "text": "Khoa Cấp Cứu - Hồi Sức Tích Cực",
            "href": "http://192.168.2.26:2026/home.aspx?scope=sys&lang=vi&wpid=phauthuatdraw&phauthuatid=3fd6938d-fd5d-4b1f-b69d-b46f01652b4d&keyword=nguy%E1%BB%85n%20th%E1%BB%8B%20di%E1%BB%87u&tg=6&tungay=01/04/2026&denngay=24/07/2026&usid=172.31.255.1_rsenway4ypykm2begi123ahbfbbe4130&st=135111",
            "onclick": ""
          },
          {
            "text": "Phẫu thuật nội soi cắt túi mật",
            "href": "http://192.168.2.26:2026/home.aspx?scope=sys&lang=vi&wpid=phauthuatdraw&phauthuatid=3fd6938d-fd5d-4b1f-b69d-b46f01652b4d&keyword=nguy%E1%BB%85n%20th%E1%BB%8B%20di%E1%BB%87u&tg=6&tungay=01/04/2026&denngay=24/07/2026&usid=172.31.255.1_rsenway4ypykm2begi123ahbfbbe4130&st=135111",
            "onclick": ""
          },
          {
            "text": "Thường",
            "href": "http://192.168.2.26:2026/home.aspx?scope=sys&lang=vi&wpid=phauthuatdraw&phauthuatid=3fd6938d-fd5d-4b1f-b69d-b46f01652b4d&keyword=nguy%E1%BB%85n%20th%E1%BB%8B%20di%E1%BB%87u&tg=6&tungay=01/04/2026&denngay=24/07/2026&usid=172.31.255.1_rsenway4ypykm2begi123ahbfbbe4130&st=135111",
            "onclick": ""
          },
          {
            "text": "20/06/2026",
            "href": "http://192.168.2.26:2026/home.aspx?scope=sys&lang=vi&wpid=phauthuatdraw&phauthuatid=3fd6938d-fd5d-4b1f-b69d-b46f01652b4d&keyword=nguy%E1%BB%85n%20th%E1%BB%8B%20di%E1%BB%87u&tg=6&tungay=01/04/2026&denngay=24/07/2026&usid=172.31.255.1_rsenway4ypykm2begi123ahbfbbe4130&st=135111",
            "onclick": ""
          }
        ]
      }
    },
    {
      "list_score": 20.0,
      "list_datetime": "2026-06-20 00:00:00",
      "list_method": "",
      "detail_marker": "http://192.168.2.26:2026/home.aspx?scope=sys&lang=vi&wpid=phauthuatdraw&phauthuatid=b359c1ed-a3e9-4d33-ab74-b46f015d393f&keyword=nguy%E1%BB%85n%20th%E1%BB%8B%20di%E1%BB%87u&tg=6&tungay=01/04/2026&denngay=24/07/2026&usid=172.31.255.1_rsenway4ypykm2begi123ahbfbbe4130&st=135111",
      "row": {
        "access_id": "b359c1ed-a3e9-4d33-ab74-b46f015d393f",
        "known_fields": {
          "stt": "6",
          "ma_bn": "26066471",
          "ho_ten": "NGUYỄN THỊ DIỆU",
          "gioi_tinh": "Nữ",
          "tuoi": "63 tuổi",
          "phong_mo": "PHÒNG PHẪU THUẬT",
          "noi_chuyen_mo": "Khoa Cấp Cứu - Hồi Sức Tích Cực",
          "noi_dung_phau_thuat": "",
          "tinh_trang": "Thường",
          "thoi_gian": "20/06/2026",
          "trang_thai": "Không mổ",
          "doi_tuong": "Bảo hiểm",
          "tam_ung": "5,000,000"
        },
        "raw_text": "6 26066471 NGUYỄN THỊ DIỆU Nữ 63 tuổi PHÒNG PHẪU THUẬT Khoa Cấp Cứu - Hồi Sức Tích Cực Thường 20/06/2026 Không mổ Bảo hiểm 5,000,000",
        "links": [
          {
            "text": "6",
            "href": "http://192.168.2.26:2026/home.aspx?scope=sys&lang=vi&wpid=phauthuatdraw&phauthuatid=b359c1ed-a3e9-4d33-ab74-b46f015d393f&keyword=nguy%E1%BB%85n%20th%E1%BB%8B%20di%E1%BB%87u&tg=6&tungay=01/04/2026&denngay=24/07/2026&usid=172.31.255.1_rsenway4ypykm2begi123ahbfbbe4130&st=135111",
            "onclick": ""
          },
          {
            "text": "26066471",
            "href": "http://192.168.2.26:2026/home.aspx?scope=sys&lang=vi&wpid=phauthuatdraw&phauthuatid=b359c1ed-a3e9-4d33-ab74-b46f015d393f&keyword=nguy%E1%BB%85n%20th%E1%BB%8B%20di%E1%BB%87u&tg=6&tungay=01/04/2026&denngay=24/07/2026&usid=172.31.255.1_rsenway4ypykm2begi123ahbfbbe4130&st=135111",
            "onclick": ""
          },
          {
            "text": "NGUYỄN THỊ DIỆU",
            "href": "http://192.168.2.26:2026/home.aspx?scope=sys&lang=vi&wpid=phauthuatdraw&phauthuatid=b359c1ed-a3e9-4d33-ab74-b46f015d393f&keyword=nguy%E1%BB%85n%20th%E1%BB%8B%20di%E1%BB%87u&tg=6&tungay=01/04/2026&denngay=24/07/2026&usid=172.31.255.1_rsenway4ypykm2begi123ahbfbbe4130&st=135111",
            "onclick": ""
          },
          {
            "text": "Nữ",
            "href": "http://192.168.2.26:2026/home.aspx?scope=sys&lang=vi&wpid=phauthuatdraw&phauthuatid=b359c1ed-a3e9-4d33-ab74-b46f015d393f&keyword=nguy%E1%BB%85n%20th%E1%BB%8B%20di%E1%BB%87u&tg=6&tungay=01/04/2026&denngay=24/07/2026&usid=172.31.255.1_rsenway4ypykm2begi123ahbfbbe4130&st=135111",
            "onclick": ""
          },
          {
            "text": "63 tuổi",
            "href": "http://192.168.2.26:2026/home.aspx?scope=sys&lang=vi&wpid=phauthuatdraw&phauthuatid=b359c1ed-a3e9-4d33-ab74-b46f015d393f&keyword=nguy%E1%BB%85n%20th%E1%BB%8B%20di%E1%BB%87u&tg=6&tungay=01/04/2026&denngay=24/07/2026&usid=172.31.255.1_rsenway4ypykm2begi123ahbfbbe4130&st=135111",
            "onclick": ""
          },
          {
            "text": "PHÒNG PHẪU THUẬT",
            "href": "http://192.168.2.26:2026/home.aspx?scope=sys&lang=vi&wpid=phauthuatdraw&phauthuatid=b359c1ed-a3e9-4d33-ab74-b46f015d393f&keyword=nguy%E1%BB%85n%20th%E1%BB%8B%20di%E1%BB%87u&tg=6&tungay=01/04/2026&denngay=24/07/2026&usid=172.31.255.1_rsenway4ypykm2begi123ahbfbbe4130&st=135111",
            "onclick": ""
          },
          {
            "text": "Khoa Cấp Cứu - Hồi Sức Tích Cực",
            "href": "http://192.168.2.26:2026/home.aspx?scope=sys&lang=vi&wpid=phauthuatdraw&phauthuatid=b359c1ed-a3e9-4d33-ab74-b46f015d393f&keyword=nguy%E1%BB%85n%20th%E1%BB%8B%20di%E1%BB%87u&tg=6&tungay=01/04/2026&denngay=24/07/2026&usid=172.31.255.1_rsenway4ypykm2begi123ahbfbbe4130&st=135111",
            "onclick": ""
          },
          {
            "text": "",
            "href": "http://192.168.2.26:2026/home.aspx?scope=sys&lang=vi&wpid=phauthuatdraw&phauthuatid=b359c1ed-a3e9-4d33-ab74-b46f015d393f&keyword=nguy%E1%BB%85n%20th%E1%BB%8B%20di%E1%BB%87u&tg=6&tungay=01/04/2026&denngay=24/07/2026&usid=172.31.255.1_rsenway4ypykm2begi123ahbfbbe4130&st=135111",
            "onclick": ""
          },
          {
            "text": "Thường",
            "href": "http://192.168.2.26:2026/home.aspx?scope=sys&lang=vi&wpid=phauthuatdraw&phauthuatid=b359c1ed-a3e9-4d33-ab74-b46f015d393f&keyword=nguy%E1%BB%85n%20th%E1%BB%8B%20di%E1%BB%87u&tg=6&tungay=01/04/2026&denngay=24/07/2026&usid=172.31.255.1_rsenway4ypykm2begi123ahbfbbe4130&st=135111",
            "onclick": ""
          },
          {
            "text": "20/06/2026",
            "href": "http://192.168.2.26:2026/home.aspx?scope=sys&lang=vi&wpid=phauthuatdraw&phauthuatid=b359c1ed-a3e9-4d33-ab74-b46f015d393f&keyword=nguy%E1%BB%85n%20th%E1%BB%8B%20di%E1%BB%87u&tg=6&tungay=01/04/2026&denngay=24/07/2026&usid=172.31.255.1_rsenway4ypykm2begi123ahbfbbe4130&st=135111",
            "onclick": ""
          }
        ]
      }
    }
  ]
}
[2026-07-23 13:51:13.814] [DETAIL_BEGIN] D/s Phẫu thuật: mở ứng viên 1
{
  "detail_marker": "http://192.168.2.26:2026/home.aspx?scope=sys&lang=vi&wpid=phauthuatdraw&phauthuatid=d64cb2c9-1fe4-42ec-8936-b47200ea8c52&keyword=nguy%E1%BB%85n%20th%E1%BB%8B%20di%E1%BB%87u&tg=6&tungay=01/04/2026&denngay=24/07/2026&usid=172.31.255.1_rsenway4ypykm2begi123ahbfbbe4130&st=135111",
  "list_datetime": "2026-06-23 00:00:00",
  "list_method": "Phẫu thuật nhổ răng khó",
  "row": {
    "access_id": "d64cb2c9-1fe4-42ec-8936-b47200ea8c52",
    "known_fields": {
      "stt": "5",
      "ma_bn": "26063471",
      "ho_ten": "NGUYỄN THỊ DIỆU OANH (Phẫu thuật tại khoa)",
      "gioi_tinh": "Nữ",
      "tuoi": "24 tuổi",
      "phong_mo": "PHÒNG PHẪU THUẬT",
      "noi_chuyen_mo": "Khoa Răng Hàm Mặt",
      "noi_dung_phau_thuat": "Phẫu thuật nhổ răng khó",
      "tinh_trang": "Thường",
      "thoi_gian": "23/06/2026",
      "trang_thai": "Hoàn tất",
      "doi_tuong": "Bảo hiểm",
      "tam_ung": "0"
    },
    "raw_text": "5 26063471 NGUYỄN THỊ DIỆU OANH (Phẫu thuật tại khoa) Nữ 24 tuổi PHÒNG PHẪU THUẬT Khoa Răng Hàm Mặt Phẫu thuật nhổ răng khó Thường 23/06/2026 Hoàn tất Bảo hiểm 0",
    "links": [
      {
        "text": "5",
        "href": "http://192.168.2.26:2026/home.aspx?scope=sys&lang=vi&wpid=phauthuatdraw&phauthuatid=d64cb2c9-1fe4-42ec-8936-b47200ea8c52&keyword=nguy%E1%BB%85n%20th%E1%BB%8B%20di%E1%BB%87u&tg=6&tungay=01/04/2026&denngay=24/07/2026&usid=172.31.255.1_rsenway4ypykm2begi123ahbfbbe4130&st=135111",
        "onclick": ""
      },
      {
        "text": "26063471",
        "href": "http://192.168.2.26:2026/home.aspx?scope=sys&lang=vi&wpid=phauthuatdraw&phauthuatid=d64cb2c9-1fe4-42ec-8936-b47200ea8c52&keyword=nguy%E1%BB%85n%20th%E1%BB%8B%20di%E1%BB%87u&tg=6&tungay=01/04/2026&denngay=24/07/2026&usid=172.31.255.1_rsenway4ypykm2begi123ahbfbbe4130&st=135111",
        "onclick": ""
      },
      {
        "text": "NGUYỄN THỊ DIỆU OANH (Phẫu thuật tại khoa)",
        "href": "http://192.168.2.26:2026/home.aspx?scope=sys&lang=vi&wpid=phauthuatdraw&phauthuatid=d64cb2c9-1fe4-42ec-8936-b47200ea8c52&keyword=nguy%E1%BB%85n%20th%E1%BB%8B%20di%E1%BB%87u&tg=6&tungay=01/04/2026&denngay=24/07/2026&usid=172.31.255.1_rsenway4ypykm2begi123ahbfbbe4130&st=135111",
        "onclick": ""
      },
      {
        "text": "Nữ",
        "href": "http://192.168.2.26:2026/home.aspx?scope=sys&lang=vi&wpid=phauthuatdraw&phauthuatid=d64cb2c9-1fe4-42ec-8936-b47200ea8c52&keyword=nguy%E1%BB%85n%20th%E1%BB%8B%20di%E1%BB%87u&tg=6&tungay=01/04/2026&denngay=24/07/2026&usid=172.31.255.1_rsenway4ypykm2begi123ahbfbbe4130&st=135111",
        "onclick": ""
      },
      {
        "text": "24 tuổi",
        "href": "http://192.168.2.26:2026/home.aspx?scope=sys&lang=vi&wpid=phauthuatdraw&phauthuatid=d64cb2c9-1fe4-42ec-8936-b47200ea8c52&keyword=nguy%E1%BB%85n%20th%E1%BB%8B%20di%E1%BB%87u&tg=6&tungay=01/04/2026&denngay=24/07/2026&usid=172.31.255.1_rsenway4ypykm2begi123ahbfbbe4130&st=135111",
        "onclick": ""
      },
      {
        "text": "PHÒNG PHẪU THUẬT",
        "href": "http://192.168.2.26:2026/home.aspx?scope=sys&lang=vi&wpid=phauthuatdraw&phauthuatid=d64cb2c9-1fe4-42ec-8936-b47200ea8c52&keyword=nguy%E1%BB%85n%20th%E1%BB%8B%20di%E1%BB%87u&tg=6&tungay=01/04/2026&denngay=24/07/2026&usid=172.31.255.1_rsenway4ypykm2begi123ahbfbbe4130&st=135111",
        "onclick": ""
      },
      {
        "text": "Khoa Răng Hàm Mặt",
        "href": "http://192.168.2.26:2026/home.aspx?scope=sys&lang=vi&wpid=phauthuatdraw&phauthuatid=d64cb2c9-1fe4-42ec-8936-b47200ea8c52&keyword=nguy%E1%BB%85n%20th%E1%BB%8B%20di%E1%BB%87u&tg=6&tungay=01/04/2026&denngay=24/07/2026&usid=172.31.255.1_rsenway4ypykm2begi123ahbfbbe4130&st=135111",
        "onclick": ""
      },
      {
        "text": "Phẫu thuật nhổ răng khó",
        "href": "http://192.168.2.26:2026/home.aspx?scope=sys&lang=vi&wpid=phauthuatdraw&phauthuatid=d64cb2c9-1fe4-42ec-8936-b47200ea8c52&keyword=nguy%E1%BB%85n%20th%E1%BB%8B%20di%E1%BB%87u&tg=6&tungay=01/04/2026&denngay=24/07/2026&usid=172.31.255.1_rsenway4ypykm2begi123ahbfbbe4130&st=135111",
        "onclick": ""
      },
      {
        "text": "Thường",
        "href": "http://192.168.2.26:2026/home.aspx?scope=sys&lang=vi&wpid=phauthuatdraw&phauthuatid=d64cb2c9-1fe4-42ec-8936-b47200ea8c52&keyword=nguy%E1%BB%85n%20th%E1%BB%8B%20di%E1%BB%87u&tg=6&tungay=01/04/2026&denngay=24/07/2026&usid=172.31.255.1_rsenway4ypykm2begi123ahbfbbe4130&st=135111",
        "onclick": ""
      },
      {
        "text": "23/06/2026",
        "href": "http://192.168.2.26:2026/home.aspx?scope=sys&lang=vi&wpid=phauthuatdraw&phauthuatid=d64cb2c9-1fe4-42ec-8936-b47200ea8c52&keyword=nguy%E1%BB%85n%20th%E1%BB%8B%20di%E1%BB%87u&tg=6&tungay=01/04/2026&denngay=24/07/2026&usid=172.31.255.1_rsenway4ypykm2begi123ahbfbbe4130&st=135111",
        "onclick": ""
      }
    ]
  }
}
[2026-07-23 13:51:13.821] [BROWSER] [DETAIL] kind=surgery; access_id=d64cb2c9-1fe4-42ec-8936-b47200ea8c52; direct_url=yes; onclick=no
[2026-07-23 13:51:13.822] [BROWSER] [DETAIL] Mở liên kết trực tiếp: http://192.168.2.26:2026/home.aspx?scope=sys&lang=vi&wpid=phauthuatdraw&phauthuatid=d64cb2c9-1fe4-42ec-8936-b47200ea8c52&keyword=nguy%E1%BB%85n%20th%E1%BB%8B%20di%E1%BB%87u&tg=6&tungay=01/04/2026&denngay=24/07/2026&usid=172.31.255.1_rsenway4ypykm2begi123ahbfbbe4130&st=135111
[2026-07-23 13:51:14.827] [BROWSER] [DETAIL] Dữ liệu đọc được: {"complete_info": "Người hoàn tất: Nguyễn Thành Nam (ntnam) | TG nhấn hoàn tất: 14:15 23/06/2026", "current_url": "http://192.168.2.26:2026/home.aspx?scope=sys&lang=vi&wpid=phauthuatdraw&phauthuatid=d64cb2c9-1fe4-42ec-8936-b47200ea8c52&keyword=nguy%E1%BB%85n%20th%E1%BB%8B%20di%E1%BB%87u&tg=6&tungay=01/04/2026&denngay=24/07/2026&usid=172.31.255.1_rsenway4ypykm2begi123ahbfbbe4130&st=135111", "doctor": "Nguyễn Thành Nam", "doctor_field": "cbbBacSiPT", "doctor_found": true, "method": "Phẫu thuật nhổ răng khó", "patient_info": "", "root_found": true, "start_time": "14:10 23/06/2026"}
[2026-07-23 13:51:14.829] [BROWSER] [DETAIL] Nguồn bác sĩ: BS mổ chính; field=cbbBacSiPT; value=Nguyễn Thành Nam
[2026-07-23 13:51:14.831] [DETAIL_OK] D/s Phẫu thuật: đọc được hồ sơ chi tiết
{
  "doctor_from_emr": "Nguyễn Thành Nam",
  "mapped_alias": null,
  "mapped_name": null,
  "start_time": "14:10 23/06/2026",
  "method": "Phẫu thuật nhổ răng khó",
  "current_url": "http://192.168.2.26:2026/home.aspx?scope=sys&lang=vi&wpid=phauthuatdraw&phauthuatid=d64cb2c9-1fe4-42ec-8936-b47200ea8c52&keyword=nguy%E1%BB%85n%20th%E1%BB%8B%20di%E1%BB%87u&tg=6&tungay=01/04/2026&denngay=24/07/2026&usid=172.31.255.1_rsenway4ypykm2begi123ahbfbbe4130&st=135111",
  "total_score": -189.16666666666669,
  "method_score": 0.2777777777777778
}
[2026-07-23 13:51:14.832] [DETAIL_BEGIN] D/s Phẫu thuật: mở ứng viên 2
{
  "detail_marker": "http://192.168.2.26:2026/home.aspx?scope=sys&lang=vi&wpid=phauthuatdraw&phauthuatid=38679e3a-d22d-4654-b1ca-b47a0099cfaf&keyword=nguy%E1%BB%85n%20th%E1%BB%8B%20di%E1%BB%87u&tg=6&tungay=01/04/2026&denngay=24/07/2026&usid=172.31.255.1_rsenway4ypykm2begi123ahbfbbe4130&st=135111",
  "list_datetime": "2026-07-01 00:00:00",
  "list_method": "Nội soi nong niệu quản hẹp",
  "row": {
    "access_id": "38679e3a-d22d-4654-b1ca-b47a0099cfaf",
    "known_fields": {
      "stt": "4",
      "ma_bn": "26068792",
      "ho_ten": "NGUYỄN THỊ DIỆU HIỀN",
      "gioi_tinh": "Nữ",
      "tuoi": "50 tuổi",
      "phong_mo": "PHÒNG PHẪU THUẬT",
      "noi_chuyen_mo": "Trung Tâm Tiết Niệu",
      "noi_dung_phau_thuat": "Nội soi nong niệu quản hẹp",
      "tinh_trang": "Thường",
      "thoi_gian": "01/07/2026",
      "trang_thai": "Hoàn tất",
      "doi_tuong": "Bảo hiểm",
      "tam_ung": "7,000,000"
    },
    "raw_text": "4 26068792 NGUYỄN THỊ DIỆU HIỀN Nữ 50 tuổi PHÒNG PHẪU THUẬT Trung Tâm Tiết Niệu Nội soi nong niệu quản hẹp Thường 01/07/2026 Hoàn tất Bảo hiểm 7,000,000",
    "links": [
      {
        "text": "4",
        "href": "http://192.168.2.26:2026/home.aspx?scope=sys&lang=vi&wpid=phauthuatdraw&phauthuatid=38679e3a-d22d-4654-b1ca-b47a0099cfaf&keyword=nguy%E1%BB%85n%20th%E1%BB%8B%20di%E1%BB%87u&tg=6&tungay=01/04/2026&denngay=24/07/2026&usid=172.31.255.1_rsenway4ypykm2begi123ahbfbbe4130&st=135111",
        "onclick": ""
      },
      {
        "text": "26068792",
        "href": "http://192.168.2.26:2026/home.aspx?scope=sys&lang=vi&wpid=phauthuatdraw&phauthuatid=38679e3a-d22d-4654-b1ca-b47a0099cfaf&keyword=nguy%E1%BB%85n%20th%E1%BB%8B%20di%E1%BB%87u&tg=6&tungay=01/04/2026&denngay=24/07/2026&usid=172.31.255.1_rsenway4ypykm2begi123ahbfbbe4130&st=135111",
        "onclick": ""
      },
      {
        "text": "NGUYỄN THỊ DIỆU HIỀN",
        "href": "http://192.168.2.26:2026/home.aspx?scope=sys&lang=vi&wpid=phauthuatdraw&phauthuatid=38679e3a-d22d-4654-b1ca-b47a0099cfaf&keyword=nguy%E1%BB%85n%20th%E1%BB%8B%20di%E1%BB%87u&tg=6&tungay=01/04/2026&denngay=24/07/2026&usid=172.31.255.1_rsenway4ypykm2begi123ahbfbbe4130&st=135111",
        "onclick": ""
      },
      {
        "text": "Nữ",
        "href": "http://192.168.2.26:2026/home.aspx?scope=sys&lang=vi&wpid=phauthuatdraw&phauthuatid=38679e3a-d22d-4654-b1ca-b47a0099cfaf&keyword=nguy%E1%BB%85n%20th%E1%BB%8B%20di%E1%BB%87u&tg=6&tungay=01/04/2026&denngay=24/07/2026&usid=172.31.255.1_rsenway4ypykm2begi123ahbfbbe4130&st=135111",
        "onclick": ""
      },
      {
        "text": "50 tuổi",
        "href": "http://192.168.2.26:2026/home.aspx?scope=sys&lang=vi&wpid=phauthuatdraw&phauthuatid=38679e3a-d22d-4654-b1ca-b47a0099cfaf&keyword=nguy%E1%BB%85n%20th%E1%BB%8B%20di%E1%BB%87u&tg=6&tungay=01/04/2026&denngay=24/07/2026&usid=172.31.255.1_rsenway4ypykm2begi123ahbfbbe4130&st=135111",
        "onclick": ""
      },
      {
        "text": "PHÒNG PHẪU THUẬT",
        "href": "http://192.168.2.26:2026/home.aspx?scope=sys&lang=vi&wpid=phauthuatdraw&phauthuatid=38679e3a-d22d-4654-b1ca-b47a0099cfaf&keyword=nguy%E1%BB%85n%20th%E1%BB%8B%20di%E1%BB%87u&tg=6&tungay=01/04/2026&denngay=24/07/2026&usid=172.31.255.1_rsenway4ypykm2begi123ahbfbbe4130&st=135111",
        "onclick": ""
      },
      {
        "text": "Trung Tâm Tiết Niệu",
        "href": "http://192.168.2.26:2026/home.aspx?scope=sys&lang=vi&wpid=phauthuatdraw&phauthuatid=38679e3a-d22d-4654-b1ca-b47a0099cfaf&keyword=nguy%E1%BB%85n%20th%E1%BB%8B%20di%E1%BB%87u&tg=6&tungay=01/04/2026&denngay=24/07/2026&usid=172.31.255.1_rsenway4ypykm2begi123ahbfbbe4130&st=135111",
        "onclick": ""
      },
      {
        "text": "Nội soi nong niệu quản hẹp",
        "href": "http://192.168.2.26:2026/home.aspx?scope=sys&lang=vi&wpid=phauthuatdraw&phauthuatid=38679e3a-d22d-4654-b1ca-b47a0099cfaf&keyword=nguy%E1%BB%85n%20th%E1%BB%8B%20di%E1%BB%87u&tg=6&tungay=01/04/2026&denngay=24/07/2026&usid=172.31.255.1_rsenway4ypykm2begi123ahbfbbe4130&st=135111",
        "onclick": ""
      },
      {
        "text": "Thường",
        "href": "http://192.168.2.26:2026/home.aspx?scope=sys&lang=vi&wpid=phauthuatdraw&phauthuatid=38679e3a-d22d-4654-b1ca-b47a0099cfaf&keyword=nguy%E1%BB%85n%20th%E1%BB%8B%20di%E1%BB%87u&tg=6&tungay=01/04/2026&denngay=24/07/2026&usid=172.31.255.1_rsenway4ypykm2begi123ahbfbbe4130&st=135111",
        "onclick": ""
      },
      {
        "text": "01/07/2026",
        "href": "http://192.168.2.26:2026/home.aspx?scope=sys&lang=vi&wpid=phauthuatdraw&phauthuatid=38679e3a-d22d-4654-b1ca-b47a0099cfaf&keyword=nguy%E1%BB%85n%20th%E1%BB%8B%20di%E1%BB%87u&tg=6&tungay=01/04/2026&denngay=24/07/2026&usid=172.31.255.1_rsenway4ypykm2begi123ahbfbbe4130&st=135111",
        "onclick": ""
      }
    ]
  }
}
[2026-07-23 13:51:14.848] [BROWSER] [DETAIL] kind=surgery; access_id=38679e3a-d22d-4654-b1ca-b47a0099cfaf; direct_url=yes; onclick=no
[2026-07-23 13:51:14.849] [BROWSER] [DETAIL] Mở liên kết trực tiếp: http://192.168.2.26:2026/home.aspx?scope=sys&lang=vi&wpid=phauthuatdraw&phauthuatid=38679e3a-d22d-4654-b1ca-b47a0099cfaf&keyword=nguy%E1%BB%85n%20th%E1%BB%8B%20di%E1%BB%87u&tg=6&tungay=01/04/2026&denngay=24/07/2026&usid=172.31.255.1_rsenway4ypykm2begi123ahbfbbe4130&st=135111
[2026-07-23 13:51:15.920] [BROWSER] [DETAIL] Dữ liệu đọc được: {"complete_info": "Người hoàn tất: Trần Huỳnh Tuấn (thtuan) | TG nhấn hoàn tất: 12:51 01/07/2026", "current_url": "http://192.168.2.26:2026/home.aspx?scope=sys&lang=vi&wpid=phauthuatdraw&phauthuatid=38679e3a-d22d-4654-b1ca-b47a0099cfaf&keyword=nguy%E1%BB%85n%20th%E1%BB%8B%20di%E1%BB%87u&tg=6&tungay=01/04/2026&denngay=24/07/2026&usid=172.31.255.1_rsenway4ypykm2begi123ahbfbbe4130&st=135111", "doctor": "Trần Huỳnh Tuấn", "doctor_field": "cbbBacSiPT", "doctor_found": true, "method": "Nội soi nong niệu quản hẹp", "patient_info": "", "root_found": true, "start_time": "10:05 01/07/2026"}
[2026-07-23 13:51:15.921] [BROWSER] [DETAIL] Nguồn bác sĩ: BS mổ chính; field=cbbBacSiPT; value=Trần Huỳnh Tuấn
[2026-07-23 13:51:15.924] [DETAIL_OK] D/s Phẫu thuật: đọc được hồ sơ chi tiết
{
  "doctor_from_emr": "Trần Huỳnh Tuấn",
  "mapped_alias": null,
  "mapped_name": null,
  "start_time": "10:05 01/07/2026",
  "method": "Nội soi nong niệu quản hẹp",
  "current_url": "http://192.168.2.26:2026/home.aspx?scope=sys&lang=vi&wpid=phauthuatdraw&phauthuatid=38679e3a-d22d-4654-b1ca-b47a0099cfaf&keyword=nguy%E1%BB%85n%20th%E1%BB%8B%20di%E1%BB%87u&tg=6&tungay=01/04/2026&denngay=24/07/2026&usid=172.31.255.1_rsenway4ypykm2begi123ahbfbbe4130&st=135111",
  "total_score": -192.69230769230768,
  "method_score": 0.2564102564102564
}
[2026-07-23 13:51:15.925] [DETAIL_BEGIN] D/s Phẫu thuật: mở ứng viên 3
{
  "detail_marker": "http://192.168.2.26:2026/home.aspx?scope=sys&lang=vi&wpid=phauthuatdraw&phauthuatid=cb5d77e1-0223-40bb-9b4a-b455009066a4&keyword=nguy%E1%BB%85n%20th%E1%BB%8B%20di%E1%BB%87u&tg=6&tungay=01/04/2026&denngay=24/07/2026&usid=172.31.255.1_rsenway4ypykm2begi123ahbfbbe4130&st=135111",
  "list_datetime": "2026-05-25 00:00:00",
  "list_method": "Nội soi nong niệu quản hẹp",
  "row": {
    "access_id": "cb5d77e1-0223-40bb-9b4a-b455009066a4",
    "known_fields": {
      "stt": "8",
      "ma_bn": "26056628",
      "ho_ten": "NGUYỄN THỊ DIỆU HƯƠNG",
      "gioi_tinh": "Nữ",
      "tuoi": "68 tuổi",
      "phong_mo": "PHÒNG PHẪU THUẬT",
      "noi_chuyen_mo": "Trung Tâm Tiết Niệu",
      "noi_dung_phau_thuat": "Nội soi nong niệu quản hẹp",
      "tinh_trang": "Thường",
      "thoi_gian": "25/05/2026",
      "trang_thai": "Hoàn tất",
      "doi_tuong": "Bảo hiểm",
      "tam_ung": "7,000,000"
    },
    "raw_text": "8 26056628 NGUYỄN THỊ DIỆU HƯƠNG Nữ 68 tuổi PHÒNG PHẪU THUẬT Trung Tâm Tiết Niệu Nội soi nong niệu quản hẹp Thường 25/05/2026 Hoàn tất Bảo hiểm 7,000,000",
    "links": [
      {
        "text": "8",
        "href": "http://192.168.2.26:2026/home.aspx?scope=sys&lang=vi&wpid=phauthuatdraw&phauthuatid=cb5d77e1-0223-40bb-9b4a-b455009066a4&keyword=nguy%E1%BB%85n%20th%E1%BB%8B%20di%E1%BB%87u&tg=6&tungay=01/04/2026&denngay=24/07/2026&usid=172.31.255.1_rsenway4ypykm2begi123ahbfbbe4130&st=135111",
        "onclick": ""
      },
      {
        "text": "26056628",
        "href": "http://192.168.2.26:2026/home.aspx?scope=sys&lang=vi&wpid=phauthuatdraw&phauthuatid=cb5d77e1-0223-40bb-9b4a-b455009066a4&keyword=nguy%E1%BB%85n%20th%E1%BB%8B%20di%E1%BB%87u&tg=6&tungay=01/04/2026&denngay=24/07/2026&usid=172.31.255.1_rsenway4ypykm2begi123ahbfbbe4130&st=135111",
        "onclick": ""
      },
      {
        "text": "NGUYỄN THỊ DIỆU HƯƠNG",
        "href": "http://192.168.2.26:2026/home.aspx?scope=sys&lang=vi&wpid=phauthuatdraw&phauthuatid=cb5d77e1-0223-40bb-9b4a-b455009066a4&keyword=nguy%E1%BB%85n%20th%E1%BB%8B%20di%E1%BB%87u&tg=6&tungay=01/04/2026&denngay=24/07/2026&usid=172.31.255.1_rsenway4ypykm2begi123ahbfbbe4130&st=135111",
        "onclick": ""
      },
      {
        "text": "Nữ",
        "href": "http://192.168.2.26:2026/home.aspx?scope=sys&lang=vi&wpid=phauthuatdraw&phauthuatid=cb5d77e1-0223-40bb-9b4a-b455009066a4&keyword=nguy%E1%BB%85n%20th%E1%BB%8B%20di%E1%BB%87u&tg=6&tungay=01/04/2026&denngay=24/07/2026&usid=172.31.255.1_rsenway4ypykm2begi123ahbfbbe4130&st=135111",
        "onclick": ""
      },
      {
        "text": "68 tuổi",
        "href": "http://192.168.2.26:2026/home.aspx?scope=sys&lang=vi&wpid=phauthuatdraw&phauthuatid=cb5d77e1-0223-40bb-9b4a-b455009066a4&keyword=nguy%E1%BB%85n%20th%E1%BB%8B%20di%E1%BB%87u&tg=6&tungay=01/04/2026&denngay=24/07/2026&usid=172.31.255.1_rsenway4ypykm2begi123ahbfbbe4130&st=135111",
        "onclick": ""
      },
      {
        "text": "PHÒNG PHẪU THUẬT",
        "href": "http://192.168.2.26:2026/home.aspx?scope=sys&lang=vi&wpid=phauthuatdraw&phauthuatid=cb5d77e1-0223-40bb-9b4a-b455009066a4&keyword=nguy%E1%BB%85n%20th%E1%BB%8B%20di%E1%BB%87u&tg=6&tungay=01/04/2026&denngay=24/07/2026&usid=172.31.255.1_rsenway4ypykm2begi123ahbfbbe4130&st=135111",
        "onclick": ""
      },
      {
        "text": "Trung Tâm Tiết Niệu",
        "href": "http://192.168.2.26:2026/home.aspx?scope=sys&lang=vi&wpid=phauthuatdraw&phauthuatid=cb5d77e1-0223-40bb-9b4a-b455009066a4&keyword=nguy%E1%BB%85n%20th%E1%BB%8B%20di%E1%BB%87u&tg=6&tungay=01/04/2026&denngay=24/07/2026&usid=172.31.255.1_rsenway4ypykm2begi123ahbfbbe4130&st=135111",
        "onclick": ""
      },
      {
        "text": "Nội soi nong niệu quản hẹp",
        "href": "http://192.168.2.26:2026/home.aspx?scope=sys&lang=vi&wpid=phauthuatdraw&phauthuatid=cb5d77e1-0223-40bb-9b4a-b455009066a4&keyword=nguy%E1%BB%85n%20th%E1%BB%8B%20di%E1%BB%87u&tg=6&tungay=01/04/2026&denngay=24/07/2026&usid=172.31.255.1_rsenway4ypykm2begi123ahbfbbe4130&st=135111",
        "onclick": ""
      },
      {
        "text": "Thường",
        "href": "http://192.168.2.26:2026/home.aspx?scope=sys&lang=vi&wpid=phauthuatdraw&phauthuatid=cb5d77e1-0223-40bb-9b4a-b455009066a4&keyword=nguy%E1%BB%85n%20th%E1%BB%8B%20di%E1%BB%87u&tg=6&tungay=01/04/2026&denngay=24/07/2026&usid=172.31.255.1_rsenway4ypykm2begi123ahbfbbe4130&st=135111",
        "onclick": ""
      },
      {
        "text": "25/05/2026",
        "href": "http://192.168.2.26:2026/home.aspx?scope=sys&lang=vi&wpid=phauthuatdraw&phauthuatid=cb5d77e1-0223-40bb-9b4a-b455009066a4&keyword=nguy%E1%BB%85n%20th%E1%BB%8B%20di%E1%BB%87u&tg=6&tungay=01/04/2026&denngay=24/07/2026&usid=172.31.255.1_rsenway4ypykm2begi123ahbfbbe4130&st=135111",
        "onclick": ""
      }
    ]
  }
}
[2026-07-23 13:51:15.933] [BROWSER] [DETAIL] kind=surgery; access_id=cb5d77e1-0223-40bb-9b4a-b455009066a4; direct_url=yes; onclick=no
[2026-07-23 13:51:15.935] [BROWSER] [DETAIL] Mở liên kết trực tiếp: http://192.168.2.26:2026/home.aspx?scope=sys&lang=vi&wpid=phauthuatdraw&phauthuatid=cb5d77e1-0223-40bb-9b4a-b455009066a4&keyword=nguy%E1%BB%85n%20th%E1%BB%8B%20di%E1%BB%87u&tg=6&tungay=01/04/2026&denngay=24/07/2026&usid=172.31.255.1_rsenway4ypykm2begi123ahbfbbe4130&st=135111
[2026-07-23 13:51:17.112] [BROWSER] [DETAIL] Dữ liệu đọc được: {"complete_info": "Người hoàn tất: Trần Huỳnh Tuấn (thtuan) | TG nhấn hoàn tất: 16:19 25/05/2026", "current_url": "http://192.168.2.26:2026/home.aspx?scope=sys&lang=vi&wpid=phauthuatdraw&phauthuatid=cb5d77e1-0223-40bb-9b4a-b455009066a4&keyword=nguy%E1%BB%85n%20th%E1%BB%8B%20di%E1%BB%87u&tg=6&tungay=01/04/2026&denngay=24/07/2026&usid=172.31.255.1_rsenway4ypykm2begi123ahbfbbe4130&st=135111", "doctor": "Trần Huỳnh Tuấn", "doctor_field": "cbbBacSiPT", "doctor_found": true, "method": "Nội soi nong niệu quản hẹp", "patient_info": "", "root_found": true, "start_time": "15:20 25/05/2026"}
[2026-07-23 13:51:17.113] [BROWSER] [DETAIL] Nguồn bác sĩ: BS mổ chính; field=cbbBacSiPT; value=Trần Huỳnh Tuấn
[2026-07-23 13:51:17.115] [DETAIL_OK] D/s Phẫu thuật: đọc được hồ sơ chi tiết
{
  "doctor_from_emr": "Trần Huỳnh Tuấn",
  "mapped_alias": null,
  "mapped_name": null,
  "start_time": "15:20 25/05/2026",
  "method": "Nội soi nong niệu quản hẹp",
  "current_url": "http://192.168.2.26:2026/home.aspx?scope=sys&lang=vi&wpid=phauthuatdraw&phauthuatid=cb5d77e1-0223-40bb-9b4a-b455009066a4&keyword=nguy%E1%BB%85n%20th%E1%BB%8B%20di%E1%BB%87u&tg=6&tungay=01/04/2026&denngay=24/07/2026&usid=172.31.255.1_rsenway4ypykm2begi123ahbfbbe4130&st=135111",
  "total_score": -192.69230769230768,
  "method_score": 0.2564102564102564
}
[2026-07-23 13:51:17.117] [EVALUATED] D/s Phẫu thuật: đánh giá 3 hồ sơ
{
  "items": [
    {
      "doctor": "Nguyễn Thành Nam",
      "alias": null,
      "detail_datetime": "2026-06-23 14:10:00",
      "method_score": 0.2777777777777778,
      "total_score": -189.16666666666669,
      "confidence_ok": false
    },
    {
      "doctor": "Trần Huỳnh Tuấn",
      "alias": null,
      "detail_datetime": "2026-07-01 10:05:00",
      "method_score": 0.2564102564102564,
      "total_score": -192.69230769230768,
      "confidence_ok": false
    },
    {
      "doctor": "Trần Huỳnh Tuấn",
      "alias": null,
      "detail_datetime": "2026-05-25 15:20:00",
      "method_score": 0.2564102564102564,
      "total_score": -192.69230769230768,
      "confidence_ok": false
    }
  ]
}
[2026-07-23 13:51:17.118] [ROW_UNMATCHED] Dòng 52: procedure: có kết quả nhưng không khớp ngày; surgery: có kết quả nhưng không khớp ngày
{
  "rowNumber": 52,
  "patient": "NGUYỄN THỊ DIỆU",
  "time": "09:29 03/06/2026",
  "method": "Tiêm khớp gối",
  "oldValue": "",
  "status": "unmatched",
  "reason": "procedure: có kết quả nhưng không khớp ngày; surgery: có kết quả nhưng không khớp ngày"
}
[2026-07-23 13:51:17.118] [ROW_END] Kết thúc dòng 52
{
  "status": "unmatched",
  "new_value": null,
  "reason": "procedure: có kết quả nhưng không khớp ngày; surgery: có kết quả nhưng không khớp ngày"
}
[2026-07-23 13:51:17.119] [ROW_BEGIN] [3/10] Bắt đầu dòng 53: LÂM MỸ LÝ
{
  "raw_time": "2026/06/03 11:00",
  "parsed_time": "11:00 03/06/2026",
  "method": "Hút dịch khớp gối",
  "old_value": ""
}
[2026-07-23 13:51:17.120] [SEARCH_BEGIN] dòng 53: tìm LÂM MỸ LÝ tại D/s Thủ thuật
{
  "patient": "LÂM MỸ LÝ",
  "target_time": "2026-06-03 11:00:00",
  "target_method": "Hút dịch khớp gối",
  "source": "procedure"
}
[2026-07-23 13:51:17.877] [BROWSER] [NAV] D/s Thủ thuật: http://192.168.2.26:2026/home.aspx?scope=sys&lang=vi&wpid=danhsachthuthuatdraw&role=323&usid=172.31.255.1_rsenway4ypykm2begi123ahbfbbe4130&st=135113
[2026-07-23 13:51:19.907] [BROWSER] [FILTER] 3 tháng
[2026-07-23 13:51:20.394] [BROWSER] [SEARCH] Nhập 'LÂM MỸ LÝ' vào #txtTimKiem
[2026-07-23 13:51:20.601] [BROWSER] [SEARCH] Đã bấm Tìm kiếm bằng #btnTimKiem
[2026-07-23 13:51:20.648] [BROWSER] [RESULT] D/s Thủ thuật: 1 dòng
[2026-07-23 13:51:20.668] [SEARCH_RESULT] D/s Thủ thuật: nhận 1 dòng
{
  "current_url": "http://192.168.2.26:2026/home.aspx?scope=sys&lang=vi&wpid=danhsachthuthuatdraw&role=323&usid=172.31.255.1_rsenway4ypykm2begi123ahbfbbe4130&st=135113",
  "search_input_id": "txtTimKiem",
  "search_trigger": "#btnTimKiem",
  "headers": [
    "STT",
    "Ngày thủ thuật",
    "Mã BN",
    "Họ tên",
    "Giới tính",
    "Tuổi",
    "Đối tượng",
    "Nơi chỉ định",
    "Chỉ định thủ thuật",
    "Tạm ứng",
    "Phải thanh toán",
    "Tình trạng",
    "Thời gian chỉ định",
    "Trạng thái"
  ],
  "rows": [
    {
      "access_id": "8e644d45-bfce-4de1-969c-b45e00b6d46e",
      "known_fields": {
        "stt": "1",
        "ngay_thu_thuat": "13:40 23/07/2026",
        "ma_bn": "26051360",
        "ho_ten": "LÂM MỸ LÝ",
        "gioi_tinh": "Nữ",
        "tuoi": "68 tuổi",
        "doi_tuong": "Viện phí",
        "noi_chi_dinh": "PHÒNG KHÁM CHẤN THƯƠNG CHỈNH HÌNH - 20",
        "chi_dinh_thu_thuat": "Hút dịch khớp gối",
        "tam_ung": "0",
        "phai_thanh_toan": "880,000",
        "tinh_trang": "Thường",
        "thoi_gian_chi_dinh": "11:00 03/06/2026",
        "trang_thai": "Chờ thực hiện"
      },
      "raw_text": "1 13:40 23/07/2026 26051360 LÂM MỸ LÝ Nữ 68 tuổi Viện phí PHÒNG KHÁM CHẤN THƯƠNG CHỈNH HÌNH - 20 Hút dịch khớp gối 0 880,000 Thường 11:00 03/06/2026 Chờ thực hiện",
      "links": [
        {
          "text": "1",
          "href": "http://192.168.2.26:2026/home.aspx?scope=sys&lang=vi&wpid=thuthuatnewdraw&thuthuatid=8e644d45-bfce-4de1-969c-b45e00b6d46e&usid=172.31.255.1_rsenway4ypykm2begi123ahbfbbe4130&st=135117",
          "onclick": ""
        },
        {
          "text": "13:40 23/07/2026",
          "href": "http://192.168.2.26:2026/home.aspx?scope=sys&lang=vi&wpid=thuthuatnewdraw&thuthuatid=8e644d45-bfce-4de1-969c-b45e00b6d46e&usid=172.31.255.1_rsenway4ypykm2begi123ahbfbbe4130&st=135117",
          "onclick": ""
        },
        {
          "text": "26051360",
          "href": "http://192.168.2.26:2026/home.aspx?scope=sys&lang=vi&wpid=thuthuatnewdraw&thuthuatid=8e644d45-bfce-4de1-969c-b45e00b6d46e&usid=172.31.255.1_rsenway4ypykm2begi123ahbfbbe4130&st=135117",
          "onclick": ""
        },
        {
          "text": "LÂM MỸ LÝ",
          "href": "http://192.168.2.26:2026/home.aspx?scope=sys&lang=vi&wpid=thuthuatnewdraw&thuthuatid=8e644d45-bfce-4de1-969c-b45e00b6d46e&usid=172.31.255.1_rsenway4ypykm2begi123ahbfbbe4130&st=135117",
          "onclick": ""
        },
        {
          "text": "Nữ",
          "href": "http://192.168.2.26:2026/home.aspx?scope=sys&lang=vi&wpid=thuthuatnewdraw&thuthuatid=8e644d45-bfce-4de1-969c-b45e00b6d46e&usid=172.31.255.1_rsenway4ypykm2begi123ahbfbbe4130&st=135117",
          "onclick": ""
        },
        {
          "text": "68 tuổi",
          "href": "http://192.168.2.26:2026/home.aspx?scope=sys&lang=vi&wpid=thuthuatnewdraw&thuthuatid=8e644d45-bfce-4de1-969c-b45e00b6d46e&usid=172.31.255.1_rsenway4ypykm2begi123ahbfbbe4130&st=135117",
          "onclick": ""
        },
        {
          "text": "Viện phí",
          "href": "http://192.168.2.26:2026/home.aspx?scope=sys&lang=vi&wpid=thuthuatnewdraw&thuthuatid=8e644d45-bfce-4de1-969c-b45e00b6d46e&usid=172.31.255.1_rsenway4ypykm2begi123ahbfbbe4130&st=135117",
          "onclick": ""
        },
        {
          "text": "PHÒNG KHÁM CHẤN THƯƠNG CHỈNH HÌNH - 20",
          "href": "http://192.168.2.26:2026/home.aspx?scope=sys&lang=vi&wpid=thuthuatnewdraw&thuthuatid=8e644d45-bfce-4de1-969c-b45e00b6d46e&usid=172.31.255.1_rsenway4ypykm2begi123ahbfbbe4130&st=135117",
          "onclick": ""
        },
        {
          "text": "Hút dịch khớp gối",
          "href": "http://192.168.2.26:2026/home.aspx?scope=sys&lang=vi&wpid=thuthuatnewdraw&thuthuatid=8e644d45-bfce-4de1-969c-b45e00b6d46e&usid=172.31.255.1_rsenway4ypykm2begi123ahbfbbe4130&st=135117",
          "onclick": ""
        },
        {
          "text": "0",
          "href": "http://192.168.2.26:2026/home.aspx?scope=sys&lang=vi&wpid=thuthuatnewdraw&thuthuatid=8e644d45-bfce-4de1-969c-b45e00b6d46e&usid=172.31.255.1_rsenway4ypykm2begi123ahbfbbe4130&st=135117",
          "onclick": ""
        },
        {
          "text": "880,000",
          "href": "http://192.168.2.26:2026/home.aspx?scope=sys&lang=vi&wpid=thuthuatnewdraw&thuthuatid=8e644d45-bfce-4de1-969c-b45e00b6d46e&usid=172.31.255.1_rsenway4ypykm2begi123ahbfbbe4130&st=135117",
          "onclick": ""
        },
        {
          "text": "Thường",
          "href": "http://192.168.2.26:2026/home.aspx?scope=sys&lang=vi&wpid=thuthuatnewdraw&thuthuatid=8e644d45-bfce-4de1-969c-b45e00b6d46e&usid=172.31.255.1_rsenway4ypykm2begi123ahbfbbe4130&st=135117",
          "onclick": ""
        },
        {
          "text": "11:00 03/06/2026",
          "href": "http://192.168.2.26:2026/home.aspx?scope=sys&lang=vi&wpid=thuthuatnewdraw&thuthuatid=8e644d45-bfce-4de1-969c-b45e00b6d46e&usid=172.31.255.1_rsenway4ypykm2begi123ahbfbbe4130&st=135117",
          "onclick": ""
        },
        {
          "text": "Chờ thực hiện",
          "href": "http://192.168.2.26:2026/home.aspx?scope=sys&lang=vi&wpid=thuthuatnewdraw&thuthuatid=8e644d45-bfce-4de1-969c-b45e00b6d46e&usid=172.31.255.1_rsenway4ypykm2begi123ahbfbbe4130&st=135117",
          "onclick": ""
        }
      ]
    }
  ]
}
[2026-07-23 13:51:20.673] [CANDIDATES] D/s Thủ thuật: có 1 ứng viên cùng người bệnh
{
  "candidates": [
    {
      "list_score": 75.0,
      "list_datetime": "2026-07-23 13:40:00",
      "list_method": "Hút dịch khớp gối",
      "detail_marker": "http://192.168.2.26:2026/home.aspx?scope=sys&lang=vi&wpid=thuthuatnewdraw&thuthuatid=8e644d45-bfce-4de1-969c-b45e00b6d46e&usid=172.31.255.1_rsenway4ypykm2begi123ahbfbbe4130&st=135117",
      "row": {
        "access_id": "8e644d45-bfce-4de1-969c-b45e00b6d46e",
        "known_fields": {
          "stt": "1",
          "ngay_thu_thuat": "13:40 23/07/2026",
          "ma_bn": "26051360",
          "ho_ten": "LÂM MỸ LÝ",
          "gioi_tinh": "Nữ",
          "tuoi": "68 tuổi",
          "doi_tuong": "Viện phí",
          "noi_chi_dinh": "PHÒNG KHÁM CHẤN THƯƠNG CHỈNH HÌNH - 20",
          "chi_dinh_thu_thuat": "Hút dịch khớp gối",
          "tam_ung": "0",
          "phai_thanh_toan": "880,000",
          "tinh_trang": "Thường",
          "thoi_gian_chi_dinh": "11:00 03/06/2026",
          "trang_thai": "Chờ thực hiện"
        },
        "raw_text": "1 13:40 23/07/2026 26051360 LÂM MỸ LÝ Nữ 68 tuổi Viện phí PHÒNG KHÁM CHẤN THƯƠNG CHỈNH HÌNH - 20 Hút dịch khớp gối 0 880,000 Thường 11:00 03/06/2026 Chờ thực hiện",
        "links": [
          {
            "text": "1",
            "href": "http://192.168.2.26:2026/home.aspx?scope=sys&lang=vi&wpid=thuthuatnewdraw&thuthuatid=8e644d45-bfce-4de1-969c-b45e00b6d46e&usid=172.31.255.1_rsenway4ypykm2begi123ahbfbbe4130&st=135117",
            "onclick": ""
          },
          {
            "text": "13:40 23/07/2026",
            "href": "http://192.168.2.26:2026/home.aspx?scope=sys&lang=vi&wpid=thuthuatnewdraw&thuthuatid=8e644d45-bfce-4de1-969c-b45e00b6d46e&usid=172.31.255.1_rsenway4ypykm2begi123ahbfbbe4130&st=135117",
            "onclick": ""
          },
          {
            "text": "26051360",
            "href": "http://192.168.2.26:2026/home.aspx?scope=sys&lang=vi&wpid=thuthuatnewdraw&thuthuatid=8e644d45-bfce-4de1-969c-b45e00b6d46e&usid=172.31.255.1_rsenway4ypykm2begi123ahbfbbe4130&st=135117",
            "onclick": ""
          },
          {
            "text": "LÂM MỸ LÝ",
            "href": "http://192.168.2.26:2026/home.aspx?scope=sys&lang=vi&wpid=thuthuatnewdraw&thuthuatid=8e644d45-bfce-4de1-969c-b45e00b6d46e&usid=172.31.255.1_rsenway4ypykm2begi123ahbfbbe4130&st=135117",
            "onclick": ""
          },
          {
            "text": "Nữ",
            "href": "http://192.168.2.26:2026/home.aspx?scope=sys&lang=vi&wpid=thuthuatnewdraw&thuthuatid=8e644d45-bfce-4de1-969c-b45e00b6d46e&usid=172.31.255.1_rsenway4ypykm2begi123ahbfbbe4130&st=135117",
            "onclick": ""
          },
          {
            "text": "68 tuổi",
            "href": "http://192.168.2.26:2026/home.aspx?scope=sys&lang=vi&wpid=thuthuatnewdraw&thuthuatid=8e644d45-bfce-4de1-969c-b45e00b6d46e&usid=172.31.255.1_rsenway4ypykm2begi123ahbfbbe4130&st=135117",
            "onclick": ""
          },
          {
            "text": "Viện phí",
            "href": "http://192.168.2.26:2026/home.aspx?scope=sys&lang=vi&wpid=thuthuatnewdraw&thuthuatid=8e644d45-bfce-4de1-969c-b45e00b6d46e&usid=172.31.255.1_rsenway4ypykm2begi123ahbfbbe4130&st=135117",
            "onclick": ""
          },
          {
            "text": "PHÒNG KHÁM CHẤN THƯƠNG CHỈNH HÌNH - 20",
            "href": "http://192.168.2.26:2026/home.aspx?scope=sys&lang=vi&wpid=thuthuatnewdraw&thuthuatid=8e644d45-bfce-4de1-969c-b45e00b6d46e&usid=172.31.255.1_rsenway4ypykm2begi123ahbfbbe4130&st=135117",
            "onclick": ""
          },
          {
            "text": "Hút dịch khớp gối",
            "href": "http://192.168.2.26:2026/home.aspx?scope=sys&lang=vi&wpid=thuthuatnewdraw&thuthuatid=8e644d45-bfce-4de1-969c-b45e00b6d46e&usid=172.31.255.1_rsenway4ypykm2begi123ahbfbbe4130&st=135117",
            "onclick": ""
          },
          {
            "text": "0",
            "href": "http://192.168.2.26:2026/home.aspx?scope=sys&lang=vi&wpid=thuthuatnewdraw&thuthuatid=8e644d45-bfce-4de1-969c-b45e00b6d46e&usid=172.31.255.1_rsenway4ypykm2begi123ahbfbbe4130&st=135117",
            "onclick": ""
          },
          {
            "text": "880,000",
            "href": "http://192.168.2.26:2026/home.aspx?scope=sys&lang=vi&wpid=thuthuatnewdraw&thuthuatid=8e644d45-bfce-4de1-969c-b45e00b6d46e&usid=172.31.255.1_rsenway4ypykm2begi123ahbfbbe4130&st=135117",
            "onclick": ""
          },
          {
            "text": "Thường",
            "href": "http://192.168.2.26:2026/home.aspx?scope=sys&lang=vi&wpid=thuthuatnewdraw&thuthuatid=8e644d45-bfce-4de1-969c-b45e00b6d46e&usid=172.31.255.1_rsenway4ypykm2begi123ahbfbbe4130&st=135117",
            "onclick": ""
          },
          {
            "text": "11:00 03/06/2026",
            "href": "http://192.168.2.26:2026/home.aspx?scope=sys&lang=vi&wpid=thuthuatnewdraw&thuthuatid=8e644d45-bfce-4de1-969c-b45e00b6d46e&usid=172.31.255.1_rsenway4ypykm2begi123ahbfbbe4130&st=135117",
            "onclick": ""
          },
          {
            "text": "Chờ thực hiện",
            "href": "http://192.168.2.26:2026/home.aspx?scope=sys&lang=vi&wpid=thuthuatnewdraw&thuthuatid=8e644d45-bfce-4de1-969c-b45e00b6d46e&usid=172.31.255.1_rsenway4ypykm2begi123ahbfbbe4130&st=135117",
            "onclick": ""
          }
        ]
      }
    }
  ]
}
[2026-07-23 13:51:20.675] [DETAIL_BEGIN] D/s Thủ thuật: mở ứng viên 1
{
  "detail_marker": "http://192.168.2.26:2026/home.aspx?scope=sys&lang=vi&wpid=thuthuatnewdraw&thuthuatid=8e644d45-bfce-4de1-969c-b45e00b6d46e&usid=172.31.255.1_rsenway4ypykm2begi123ahbfbbe4130&st=135117",
  "list_datetime": "2026-07-23 13:40:00",
  "list_method": "Hút dịch khớp gối",
  "row": {
    "access_id": "8e644d45-bfce-4de1-969c-b45e00b6d46e",
    "known_fields": {
      "stt": "1",
      "ngay_thu_thuat": "13:40 23/07/2026",
      "ma_bn": "26051360",
      "ho_ten": "LÂM MỸ LÝ",
      "gioi_tinh": "Nữ",
      "tuoi": "68 tuổi",
      "doi_tuong": "Viện phí",
      "noi_chi_dinh": "PHÒNG KHÁM CHẤN THƯƠNG CHỈNH HÌNH - 20",
      "chi_dinh_thu_thuat": "Hút dịch khớp gối",
      "tam_ung": "0",
      "phai_thanh_toan": "880,000",
      "tinh_trang": "Thường",
      "thoi_gian_chi_dinh": "11:00 03/06/2026",
      "trang_thai": "Chờ thực hiện"
    },
    "raw_text": "1 13:40 23/07/2026 26051360 LÂM MỸ LÝ Nữ 68 tuổi Viện phí PHÒNG KHÁM CHẤN THƯƠNG CHỈNH HÌNH - 20 Hút dịch khớp gối 0 880,000 Thường 11:00 03/06/2026 Chờ thực hiện",
    "links": [
      {
        "text": "1",
        "href": "http://192.168.2.26:2026/home.aspx?scope=sys&lang=vi&wpid=thuthuatnewdraw&thuthuatid=8e644d45-bfce-4de1-969c-b45e00b6d46e&usid=172.31.255.1_rsenway4ypykm2begi123ahbfbbe4130&st=135117",
        "onclick": ""
      },
      {
        "text": "13:40 23/07/2026",
        "href": "http://192.168.2.26:2026/home.aspx?scope=sys&lang=vi&wpid=thuthuatnewdraw&thuthuatid=8e644d45-bfce-4de1-969c-b45e00b6d46e&usid=172.31.255.1_rsenway4ypykm2begi123ahbfbbe4130&st=135117",
        "onclick": ""
      },
      {
        "text": "26051360",
        "href": "http://192.168.2.26:2026/home.aspx?scope=sys&lang=vi&wpid=thuthuatnewdraw&thuthuatid=8e644d45-bfce-4de1-969c-b45e00b6d46e&usid=172.31.255.1_rsenway4ypykm2begi123ahbfbbe4130&st=135117",
        "onclick": ""
      },
      {
        "text": "LÂM MỸ LÝ",
        "href": "http://192.168.2.26:2026/home.aspx?scope=sys&lang=vi&wpid=thuthuatnewdraw&thuthuatid=8e644d45-bfce-4de1-969c-b45e00b6d46e&usid=172.31.255.1_rsenway4ypykm2begi123ahbfbbe4130&st=135117",
        "onclick": ""
      },
      {
        "text": "Nữ",
        "href": "http://192.168.2.26:2026/home.aspx?scope=sys&lang=vi&wpid=thuthuatnewdraw&thuthuatid=8e644d45-bfce-4de1-969c-b45e00b6d46e&usid=172.31.255.1_rsenway4ypykm2begi123ahbfbbe4130&st=135117",
        "onclick": ""
      },
      {
        "text": "68 tuổi",
        "href": "http://192.168.2.26:2026/home.aspx?scope=sys&lang=vi&wpid=thuthuatnewdraw&thuthuatid=8e644d45-bfce-4de1-969c-b45e00b6d46e&usid=172.31.255.1_rsenway4ypykm2begi123ahbfbbe4130&st=135117",
        "onclick": ""
      },
      {
        "text": "Viện phí",
        "href": "http://192.168.2.26:2026/home.aspx?scope=sys&lang=vi&wpid=thuthuatnewdraw&thuthuatid=8e644d45-bfce-4de1-969c-b45e00b6d46e&usid=172.31.255.1_rsenway4ypykm2begi123ahbfbbe4130&st=135117",
        "onclick": ""
      },
      {
        "text": "PHÒNG KHÁM CHẤN THƯƠNG CHỈNH HÌNH - 20",
        "href": "http://192.168.2.26:2026/home.aspx?scope=sys&lang=vi&wpid=thuthuatnewdraw&thuthuatid=8e644d45-bfce-4de1-969c-b45e00b6d46e&usid=172.31.255.1_rsenway4ypykm2begi123ahbfbbe4130&st=135117",
        "onclick": ""
      },
      {
        "text": "Hút dịch khớp gối",
        "href": "http://192.168.2.26:2026/home.aspx?scope=sys&lang=vi&wpid=thuthuatnewdraw&thuthuatid=8e644d45-bfce-4de1-969c-b45e00b6d46e&usid=172.31.255.1_rsenway4ypykm2begi123ahbfbbe4130&st=135117",
        "onclick": ""
      },
      {
        "text": "0",
        "href": "http://192.168.2.26:2026/home.aspx?scope=sys&lang=vi&wpid=thuthuatnewdraw&thuthuatid=8e644d45-bfce-4de1-969c-b45e00b6d46e&usid=172.31.255.1_rsenway4ypykm2begi123ahbfbbe4130&st=135117",
        "onclick": ""
      },
      {
        "text": "880,000",
        "href": "http://192.168.2.26:2026/home.aspx?scope=sys&lang=vi&wpid=thuthuatnewdraw&thuthuatid=8e644d45-bfce-4de1-969c-b45e00b6d46e&usid=172.31.255.1_rsenway4ypykm2begi123ahbfbbe4130&st=135117",
        "onclick": ""
      },
      {
        "text": "Thường",
        "href": "http://192.168.2.26:2026/home.aspx?scope=sys&lang=vi&wpid=thuthuatnewdraw&thuthuatid=8e644d45-bfce-4de1-969c-b45e00b6d46e&usid=172.31.255.1_rsenway4ypykm2begi123ahbfbbe4130&st=135117",
        "onclick": ""
      },
      {
        "text": "11:00 03/06/2026",
        "href": "http://192.168.2.26:2026/home.aspx?scope=sys&lang=vi&wpid=thuthuatnewdraw&thuthuatid=8e644d45-bfce-4de1-969c-b45e00b6d46e&usid=172.31.255.1_rsenway4ypykm2begi123ahbfbbe4130&st=135117",
        "onclick": ""
      },
      {
        "text": "Chờ thực hiện",
        "href": "http://192.168.2.26:2026/home.aspx?scope=sys&lang=vi&wpid=thuthuatnewdraw&thuthuatid=8e644d45-bfce-4de1-969c-b45e00b6d46e&usid=172.31.255.1_rsenway4ypykm2begi123ahbfbbe4130&st=135117",
        "onclick": ""
      }
    ]
  }
}
[2026-07-23 13:51:20.691] [BROWSER] [DETAIL] kind=procedure; access_id=8e644d45-bfce-4de1-969c-b45e00b6d46e; direct_url=yes; onclick=no
[2026-07-23 13:51:20.692] [BROWSER] [DETAIL] Mở liên kết trực tiếp: http://192.168.2.26:2026/home.aspx?scope=sys&lang=vi&wpid=thuthuatnewdraw&thuthuatid=8e644d45-bfce-4de1-969c-b45e00b6d46e&usid=172.31.255.1_rsenway4ypykm2begi123ahbfbbe4130&st=135117
[2026-07-23 13:51:21.494] [BROWSER] [DETAIL] Dữ liệu đọc được: {"complete_info": "", "current_url": "http://192.168.2.26:2026/home.aspx?scope=sys&lang=vi&wpid=thuthuatnewdraw&thuthuatid=8e644d45-bfce-4de1-969c-b45e00b6d46e&usid=172.31.255.1_rsenway4ypykm2begi123ahbfbbe4130&st=135117", "doctor": "Hoàng Minh Tú", "doctor_field": "txtBacSyChiDinh", "doctor_found": true, "method": "Hút dịch khớp gối", "patient_info": "(26051360 | LÂM MỸ LÝ, 01/01/1958, Nữ, 68 tuổi | Viện phí)", "root_found": true, "start_time": "13:51 23/07/2026"}
[2026-07-23 13:51:21.495] [BROWSER] [DETAIL] Nguồn bác sĩ: Bác sĩ chỉ định; field=txtBacSyChiDinh; value=Hoàng Minh Tú
[2026-07-23 13:51:21.496] [DETAIL_OK] D/s Thủ thuật: đọc được hồ sơ chi tiết
{
  "doctor_from_emr": "Hoàng Minh Tú",
  "mapped_alias": "TÚ",
  "mapped_name": "Hoàng Minh Tú",
  "start_time": "13:51 23/07/2026",
  "method": "Hút dịch khớp gối",
  "current_url": "http://192.168.2.26:2026/home.aspx?scope=sys&lang=vi&wpid=thuthuatnewdraw&thuthuatid=8e644d45-bfce-4de1-969c-b45e00b6d46e&usid=172.31.255.1_rsenway4ypykm2begi123ahbfbbe4130&st=135117",
  "total_score": 145.0,
  "method_score": 1.0
}
[2026-07-23 13:51:21.496] [EVALUATED] D/s Thủ thuật: đánh giá 1 hồ sơ
{
  "items": [
    {
      "doctor": "Hoàng Minh Tú",
      "alias": "TÚ",
      "detail_datetime": "2026-07-23 13:51:00",
      "method_score": 1.0,
      "total_score": 145.0,
      "confidence_ok": false
    }
  ]
}
[2026-07-23 13:51:21.497] [SEARCH_BEGIN] dòng 53: tìm LÂM MỸ LÝ tại D/s Phẫu thuật
{
  "patient": "LÂM MỸ LÝ",
  "target_time": "2026-06-03 11:00:00",
  "target_method": "Hút dịch khớp gối",
  "source": "surgery"
}
[2026-07-23 13:51:21.990] [BROWSER] [NAV] D/s Phẫu thuật: http://192.168.2.26:2026/home.aspx?scope=sys&lang=vi&wpid=danhsachphauthuatdraw&role=323&usid=172.31.255.1_rsenway4ypykm2begi123ahbfbbe4130&st=135118
[2026-07-23 13:51:24.036] [BROWSER] [FILTER] 3 tháng
[2026-07-23 13:51:24.630] [BROWSER] [SEARCH] Nhập 'LÂM MỸ LÝ' vào #txtTimKiem
[2026-07-23 13:51:24.715] [BROWSER] [SEARCH] Đã bấm Tìm kiếm bằng #btnTimKiem
[2026-07-23 13:51:44.031] [BROWSER] [RESULT] D/s Phẫu thuật: 0 dòng
[2026-07-23 13:51:44.041] [SEARCH_RESULT] D/s Phẫu thuật: nhận 0 dòng
{
  "current_url": "http://192.168.2.26:2026/home.aspx?scope=sys&lang=vi&wpid=danhsachphauthuatdraw&role=323&usid=172.31.255.1_rsenway4ypykm2begi123ahbfbbe4130&st=135118",
  "search_input_id": "txtTimKiem",
  "search_trigger": "#btnTimKiem",
  "headers": [],
  "rows": []
}
[2026-07-23 13:51:44.042] [CANDIDATES] D/s Phẫu thuật: có 0 ứng viên cùng người bệnh
{
  "candidates": []
}
[2026-07-23 13:51:44.043] [ROW_UNMATCHED] Dòng 53: procedure: có kết quả nhưng không khớp ngày; surgery: không có dòng cùng người bệnh
{
  "rowNumber": 53,
  "patient": "LÂM MỸ LÝ",
  "time": "11:00 03/06/2026",
  "method": "Hút dịch khớp gối",
  "oldValue": "",
  "status": "unmatched",
  "reason": "procedure: có kết quả nhưng không khớp ngày; surgery: không có dòng cùng người bệnh"
}
[2026-07-23 13:51:44.044] [ROW_END] Kết thúc dòng 53
{
  "status": "unmatched",
  "new_value": null,
  "reason": "procedure: có kết quả nhưng không khớp ngày; surgery: không có dòng cùng người bệnh"
}
[2026-07-23 13:51:44.045] [ROW_BEGIN] [4/10] Bắt đầu dòng 55: VÕ VĂN VỊNH
{
  "raw_time": "2026/06/03 14:55",
  "parsed_time": "14:55 03/06/2026",
  "method": "Tiêm gân duỗi ngón tay",
  "old_value": ""
}
[2026-07-23 13:51:44.046] [SEARCH_BEGIN] dòng 55: tìm VÕ VĂN VỊNH tại D/s Thủ thuật
{
  "patient": "VÕ VĂN VỊNH",
  "target_time": "2026-06-03 14:55:00",
  "target_method": "Tiêm gân duỗi ngón tay",
  "source": "procedure"
}
[2026-07-23 13:51:44.301] [BROWSER] [NAV] D/s Thủ thuật: http://192.168.2.26:2026/home.aspx?scope=sys&lang=vi&wpid=danhsachthuthuatdraw&role=323&usid=172.31.255.1_rsenway4ypykm2begi123ahbfbbe4130&st=135119
[2026-07-23 13:51:46.245] [BROWSER] [FILTER] 3 tháng
[2026-07-23 13:51:46.786] [BROWSER] [SEARCH] Nhập 'VÕ VĂN VỊNH' vào #txtTimKiem
[2026-07-23 13:51:46.979] [BROWSER] [SEARCH] Đã bấm Tìm kiếm bằng #btnTimKiem
[2026-07-23 13:51:47.010] [BROWSER] [RESULT] D/s Thủ thuật: 1 dòng
[2026-07-23 13:51:47.019] [SEARCH_RESULT] D/s Thủ thuật: nhận 1 dòng
{
  "current_url": "http://192.168.2.26:2026/home.aspx?scope=sys&lang=vi&wpid=danhsachthuthuatdraw&role=323&usid=172.31.255.1_rsenway4ypykm2begi123ahbfbbe4130&st=135119",
  "search_input_id": "txtTimKiem",
  "search_trigger": "#btnTimKiem",
  "headers": [
    "STT",
    "Ngày thủ thuật",
    "Mã BN",
    "Họ tên",
    "Giới tính",
    "Tuổi",
    "Đối tượng",
    "Nơi chỉ định",
    "Chỉ định thủ thuật",
    "Tạm ứng",
    "Phải thanh toán",
    "Tình trạng",
    "Thời gian chỉ định",
    "Trạng thái"
  ],
  "rows": [
    {
      "access_id": "03a6b4c9-cd00-420f-a5e4-b45e00f9388c",
      "known_fields": {
        "stt": "1",
        "ngay_thu_thuat": "13:41 23/07/2026",
        "ma_bn": "26038752",
        "ho_ten": "VÕ VĂN VỊNH",
        "gioi_tinh": "Nam",
        "tuoi": "43 tuổi",
        "doi_tuong": "Viện phí",
        "noi_chi_dinh": "PHÒNG KHÁM CHẤN THƯƠNG CHỈNH HÌNH - 20",
        "chi_dinh_thu_thuat": "Tiêm gân duỗi ngón tay",
        "tam_ung": "0",
        "phai_thanh_toan": "530,000",
        "tinh_trang": "Thường",
        "thoi_gian_chi_dinh": "14:55 03/06/2026",
        "trang_thai": "Chờ thực hiện"
      },
      "raw_text": "1 13:41 23/07/2026 26038752 VÕ VĂN VỊNH Nam 43 tuổi Viện phí PHÒNG KHÁM CHẤN THƯƠNG CHỈNH HÌNH - 20 Tiêm gân duỗi ngón tay 0 530,000 Thường 14:55 03/06/2026 Chờ thực hiện",
      "links": [
        {
          "text": "1",
          "href": "http://192.168.2.26:2026/home.aspx?scope=sys&lang=vi&wpid=thuthuatnewdraw&thuthuatid=03a6b4c9-cd00-420f-a5e4-b45e00f9388c&usid=172.31.255.1_rsenway4ypykm2begi123ahbfbbe4130&st=135144",
          "onclick": ""
        },
        {
          "text": "13:41 23/07/2026",
          "href": "http://192.168.2.26:2026/home.aspx?scope=sys&lang=vi&wpid=thuthuatnewdraw&thuthuatid=03a6b4c9-cd00-420f-a5e4-b45e00f9388c&usid=172.31.255.1_rsenway4ypykm2begi123ahbfbbe4130&st=135144",
          "onclick": ""
        },
        {
          "text": "26038752",
          "href": "http://192.168.2.26:2026/home.aspx?scope=sys&lang=vi&wpid=thuthuatnewdraw&thuthuatid=03a6b4c9-cd00-420f-a5e4-b45e00f9388c&usid=172.31.255.1_rsenway4ypykm2begi123ahbfbbe4130&st=135144",
          "onclick": ""
        },
        {
          "text": "VÕ VĂN VỊNH",
          "href": "http://192.168.2.26:2026/home.aspx?scope=sys&lang=vi&wpid=thuthuatnewdraw&thuthuatid=03a6b4c9-cd00-420f-a5e4-b45e00f9388c&usid=172.31.255.1_rsenway4ypykm2begi123ahbfbbe4130&st=135144",
          "onclick": ""
        },
        {
          "text": "Nam",
          "href": "http://192.168.2.26:2026/home.aspx?scope=sys&lang=vi&wpid=thuthuatnewdraw&thuthuatid=03a6b4c9-cd00-420f-a5e4-b45e00f9388c&usid=172.31.255.1_rsenway4ypykm2begi123ahbfbbe4130&st=135144",
          "onclick": ""
        },
        {
          "text": "43 tuổi",
          "href": "http://192.168.2.26:2026/home.aspx?scope=sys&lang=vi&wpid=thuthuatnewdraw&thuthuatid=03a6b4c9-cd00-420f-a5e4-b45e00f9388c&usid=172.31.255.1_rsenway4ypykm2begi123ahbfbbe4130&st=135144",
          "onclick": ""
        },
        {
          "text": "Viện phí",
          "href": "http://192.168.2.26:2026/home.aspx?scope=sys&lang=vi&wpid=thuthuatnewdraw&thuthuatid=03a6b4c9-cd00-420f-a5e4-b45e00f9388c&usid=172.31.255.1_rsenway4ypykm2begi123ahbfbbe4130&st=135144",
          "onclick": ""
        },
        {
          "text": "PHÒNG KHÁM CHẤN THƯƠNG CHỈNH HÌNH - 20",
          "href": "http://192.168.2.26:2026/home.aspx?scope=sys&lang=vi&wpid=thuthuatnewdraw&thuthuatid=03a6b4c9-cd00-420f-a5e4-b45e00f9388c&usid=172.31.255.1_rsenway4ypykm2begi123ahbfbbe4130&st=135144",
          "onclick": ""
        },
        {
          "text": "Tiêm gân duỗi ngón tay",
          "href": "http://192.168.2.26:2026/home.aspx?scope=sys&lang=vi&wpid=thuthuatnewdraw&thuthuatid=03a6b4c9-cd00-420f-a5e4-b45e00f9388c&usid=172.31.255.1_rsenway4ypykm2begi123ahbfbbe4130&st=135144",
          "onclick": ""
        },
        {
          "text": "0",
          "href": "http://192.168.2.26:2026/home.aspx?scope=sys&lang=vi&wpid=thuthuatnewdraw&thuthuatid=03a6b4c9-cd00-420f-a5e4-b45e00f9388c&usid=172.31.255.1_rsenway4ypykm2begi123ahbfbbe4130&st=135144",
          "onclick": ""
        },
        {
          "text": "530,000",
          "href": "http://192.168.2.26:2026/home.aspx?scope=sys&lang=vi&wpid=thuthuatnewdraw&thuthuatid=03a6b4c9-cd00-420f-a5e4-b45e00f9388c&usid=172.31.255.1_rsenway4ypykm2begi123ahbfbbe4130&st=135144",
          "onclick": ""
        },
        {
          "text": "Thường",
          "href": "http://192.168.2.26:2026/home.aspx?scope=sys&lang=vi&wpid=thuthuatnewdraw&thuthuatid=03a6b4c9-cd00-420f-a5e4-b45e00f9388c&usid=172.31.255.1_rsenway4ypykm2begi123ahbfbbe4130&st=135144",
          "onclick": ""
        },
        {
          "text": "14:55 03/06/2026",
          "href": "http://192.168.2.26:2026/home.aspx?scope=sys&lang=vi&wpid=thuthuatnewdraw&thuthuatid=03a6b4c9-cd00-420f-a5e4-b45e00f9388c&usid=172.31.255.1_rsenway4ypykm2begi123ahbfbbe4130&st=135144",
          "onclick": ""
        },
        {
          "text": "Chờ thực hiện",
          "href": "http://192.168.2.26:2026/home.aspx?scope=sys&lang=vi&wpid=thuthuatnewdraw&thuthuatid=03a6b4c9-cd00-420f-a5e4-b45e00f9388c&usid=172.31.255.1_rsenway4ypykm2begi123ahbfbbe4130&st=135144",
          "onclick": ""
        }
      ]
    }
  ]
}
[2026-07-23 13:51:47.021] [CANDIDATES] D/s Thủ thuật: có 1 ứng viên cùng người bệnh
{
  "candidates": [
    {
      "list_score": 75.0,
      "list_datetime": "2026-07-23 13:41:00",
      "list_method": "Tiêm gân duỗi ngón tay",
      "detail_marker": "http://192.168.2.26:2026/home.aspx?scope=sys&lang=vi&wpid=thuthuatnewdraw&thuthuatid=03a6b4c9-cd00-420f-a5e4-b45e00f9388c&usid=172.31.255.1_rsenway4ypykm2begi123ahbfbbe4130&st=135144",
      "row": {
        "access_id": "03a6b4c9-cd00-420f-a5e4-b45e00f9388c",
        "known_fields": {
          "stt": "1",
          "ngay_thu_thuat": "13:41 23/07/2026",
          "ma_bn": "26038752",
          "ho_ten": "VÕ VĂN VỊNH",
          "gioi_tinh": "Nam",
          "tuoi": "43 tuổi",
          "doi_tuong": "Viện phí",
          "noi_chi_dinh": "PHÒNG KHÁM CHẤN THƯƠNG CHỈNH HÌNH - 20",
          "chi_dinh_thu_thuat": "Tiêm gân duỗi ngón tay",
          "tam_ung": "0",
          "phai_thanh_toan": "530,000",
          "tinh_trang": "Thường",
          "thoi_gian_chi_dinh": "14:55 03/06/2026",
          "trang_thai": "Chờ thực hiện"
        },
        "raw_text": "1 13:41 23/07/2026 26038752 VÕ VĂN VỊNH Nam 43 tuổi Viện phí PHÒNG KHÁM CHẤN THƯƠNG CHỈNH HÌNH - 20 Tiêm gân duỗi ngón tay 0 530,000 Thường 14:55 03/06/2026 Chờ thực hiện",
        "links": [
          {
            "text": "1",
            "href": "http://192.168.2.26:2026/home.aspx?scope=sys&lang=vi&wpid=thuthuatnewdraw&thuthuatid=03a6b4c9-cd00-420f-a5e4-b45e00f9388c&usid=172.31.255.1_rsenway4ypykm2begi123ahbfbbe4130&st=135144",
            "onclick": ""
          },
          {
            "text": "13:41 23/07/2026",
            "href": "http://192.168.2.26:2026/home.aspx?scope=sys&lang=vi&wpid=thuthuatnewdraw&thuthuatid=03a6b4c9-cd00-420f-a5e4-b45e00f9388c&usid=172.31.255.1_rsenway4ypykm2begi123ahbfbbe4130&st=135144",
            "onclick": ""
          },
          {
            "text": "26038752",
            "href": "http://192.168.2.26:2026/home.aspx?scope=sys&lang=vi&wpid=thuthuatnewdraw&thuthuatid=03a6b4c9-cd00-420f-a5e4-b45e00f9388c&usid=172.31.255.1_rsenway4ypykm2begi123ahbfbbe4130&st=135144",
            "onclick": ""
          },
          {
            "text": "VÕ VĂN VỊNH",
            "href": "http://192.168.2.26:2026/home.aspx?scope=sys&lang=vi&wpid=thuthuatnewdraw&thuthuatid=03a6b4c9-cd00-420f-a5e4-b45e00f9388c&usid=172.31.255.1_rsenway4ypykm2begi123ahbfbbe4130&st=135144",
            "onclick": ""
          },
          {
            "text": "Nam",
            "href": "http://192.168.2.26:2026/home.aspx?scope=sys&lang=vi&wpid=thuthuatnewdraw&thuthuatid=03a6b4c9-cd00-420f-a5e4-b45e00f9388c&usid=172.31.255.1_rsenway4ypykm2begi123ahbfbbe4130&st=135144",
            "onclick": ""
          },
          {
            "text": "43 tuổi",
            "href": "http://192.168.2.26:2026/home.aspx?scope=sys&lang=vi&wpid=thuthuatnewdraw&thuthuatid=03a6b4c9-cd00-420f-a5e4-b45e00f9388c&usid=172.31.255.1_rsenway4ypykm2begi123ahbfbbe4130&st=135144",
            "onclick": ""
          },
          {
            "text": "Viện phí",
            "href": "http://192.168.2.26:2026/home.aspx?scope=sys&lang=vi&wpid=thuthuatnewdraw&thuthuatid=03a6b4c9-cd00-420f-a5e4-b45e00f9388c&usid=172.31.255.1_rsenway4ypykm2begi123ahbfbbe4130&st=135144",
            "onclick": ""
          },
          {
            "text": "PHÒNG KHÁM CHẤN THƯƠNG CHỈNH HÌNH - 20",
            "href": "http://192.168.2.26:2026/home.aspx?scope=sys&lang=vi&wpid=thuthuatnewdraw&thuthuatid=03a6b4c9-cd00-420f-a5e4-b45e00f9388c&usid=172.31.255.1_rsenway4ypykm2begi123ahbfbbe4130&st=135144",
            "onclick": ""
          },
          {
            "text": "Tiêm gân duỗi ngón tay",
            "href": "http://192.168.2.26:2026/home.aspx?scope=sys&lang=vi&wpid=thuthuatnewdraw&thuthuatid=03a6b4c9-cd00-420f-a5e4-b45e00f9388c&usid=172.31.255.1_rsenway4ypykm2begi123ahbfbbe4130&st=135144",
            "onclick": ""
          },
          {
            "text": "0",
            "href": "http://192.168.2.26:2026/home.aspx?scope=sys&lang=vi&wpid=thuthuatnewdraw&thuthuatid=03a6b4c9-cd00-420f-a5e4-b45e00f9388c&usid=172.31.255.1_rsenway4ypykm2begi123ahbfbbe4130&st=135144",
            "onclick": ""
          },
          {
            "text": "530,000",
            "href": "http://192.168.2.26:2026/home.aspx?scope=sys&lang=vi&wpid=thuthuatnewdraw&thuthuatid=03a6b4c9-cd00-420f-a5e4-b45e00f9388c&usid=172.31.255.1_rsenway4ypykm2begi123ahbfbbe4130&st=135144",
            "onclick": ""
          },
          {
            "text": "Thường",
            "href": "http://192.168.2.26:2026/home.aspx?scope=sys&lang=vi&wpid=thuthuatnewdraw&thuthuatid=03a6b4c9-cd00-420f-a5e4-b45e00f9388c&usid=172.31.255.1_rsenway4ypykm2begi123ahbfbbe4130&st=135144",
            "onclick": ""
          },
          {
            "text": "14:55 03/06/2026",
            "href": "http://192.168.2.26:2026/home.aspx?scope=sys&lang=vi&wpid=thuthuatnewdraw&thuthuatid=03a6b4c9-cd00-420f-a5e4-b45e00f9388c&usid=172.31.255.1_rsenway4ypykm2begi123ahbfbbe4130&st=135144",
            "onclick": ""
          },
          {
            "text": "Chờ thực hiện",
            "href": "http://192.168.2.26:2026/home.aspx?scope=sys&lang=vi&wpid=thuthuatnewdraw&thuthuatid=03a6b4c9-cd00-420f-a5e4-b45e00f9388c&usid=172.31.255.1_rsenway4ypykm2begi123ahbfbbe4130&st=135144",
            "onclick": ""
          }
        ]
      }
    }
  ]
}
[2026-07-23 13:51:47.022] [DETAIL_BEGIN] D/s Thủ thuật: mở ứng viên 1
{
  "detail_marker": "http://192.168.2.26:2026/home.aspx?scope=sys&lang=vi&wpid=thuthuatnewdraw&thuthuatid=03a6b4c9-cd00-420f-a5e4-b45e00f9388c&usid=172.31.255.1_rsenway4ypykm2begi123ahbfbbe4130&st=135144",
  "list_datetime": "2026-07-23 13:41:00",
  "list_method": "Tiêm gân duỗi ngón tay",
  "row": {
    "access_id": "03a6b4c9-cd00-420f-a5e4-b45e00f9388c",
    "known_fields": {
      "stt": "1",
      "ngay_thu_thuat": "13:41 23/07/2026",
      "ma_bn": "26038752",
      "ho_ten": "VÕ VĂN VỊNH",
      "gioi_tinh": "Nam",
      "tuoi": "43 tuổi",
      "doi_tuong": "Viện phí",
      "noi_chi_dinh": "PHÒNG KHÁM CHẤN THƯƠNG CHỈNH HÌNH - 20",
      "chi_dinh_thu_thuat": "Tiêm gân duỗi ngón tay",
      "tam_ung": "0",
      "phai_thanh_toan": "530,000",
      "tinh_trang": "Thường",
      "thoi_gian_chi_dinh": "14:55 03/06/2026",
      "trang_thai": "Chờ thực hiện"
    },
    "raw_text": "1 13:41 23/07/2026 26038752 VÕ VĂN VỊNH Nam 43 tuổi Viện phí PHÒNG KHÁM CHẤN THƯƠNG CHỈNH HÌNH - 20 Tiêm gân duỗi ngón tay 0 530,000 Thường 14:55 03/06/2026 Chờ thực hiện",
    "links": [
      {
        "text": "1",
        "href": "http://192.168.2.26:2026/home.aspx?scope=sys&lang=vi&wpid=thuthuatnewdraw&thuthuatid=03a6b4c9-cd00-420f-a5e4-b45e00f9388c&usid=172.31.255.1_rsenway4ypykm2begi123ahbfbbe4130&st=135144",
        "onclick": ""
      },
      {
        "text": "13:41 23/07/2026",
        "href": "http://192.168.2.26:2026/home.aspx?scope=sys&lang=vi&wpid=thuthuatnewdraw&thuthuatid=03a6b4c9-cd00-420f-a5e4-b45e00f9388c&usid=172.31.255.1_rsenway4ypykm2begi123ahbfbbe4130&st=135144",
        "onclick": ""
      },
      {
        "text": "26038752",
        "href": "http://192.168.2.26:2026/home.aspx?scope=sys&lang=vi&wpid=thuthuatnewdraw&thuthuatid=03a6b4c9-cd00-420f-a5e4-b45e00f9388c&usid=172.31.255.1_rsenway4ypykm2begi123ahbfbbe4130&st=135144",
        "onclick": ""
      },
      {
        "text": "VÕ VĂN VỊNH",
        "href": "http://192.168.2.26:2026/home.aspx?scope=sys&lang=vi&wpid=thuthuatnewdraw&thuthuatid=03a6b4c9-cd00-420f-a5e4-b45e00f9388c&usid=172.31.255.1_rsenway4ypykm2begi123ahbfbbe4130&st=135144",
        "onclick": ""
      },
      {
        "text": "Nam",
        "href": "http://192.168.2.26:2026/home.aspx?scope=sys&lang=vi&wpid=thuthuatnewdraw&thuthuatid=03a6b4c9-cd00-420f-a5e4-b45e00f9388c&usid=172.31.255.1_rsenway4ypykm2begi123ahbfbbe4130&st=135144",
        "onclick": ""
      },
      {
        "text": "43 tuổi",
        "href": "http://192.168.2.26:2026/home.aspx?scope=sys&lang=vi&wpid=thuthuatnewdraw&thuthuatid=03a6b4c9-cd00-420f-a5e4-b45e00f9388c&usid=172.31.255.1_rsenway4ypykm2begi123ahbfbbe4130&st=135144",
        "onclick": ""
      },
      {
        "text": "Viện phí",
        "href": "http://192.168.2.26:2026/home.aspx?scope=sys&lang=vi&wpid=thuthuatnewdraw&thuthuatid=03a6b4c9-cd00-420f-a5e4-b45e00f9388c&usid=172.31.255.1_rsenway4ypykm2begi123ahbfbbe4130&st=135144",
        "onclick": ""
      },
      {
        "text": "PHÒNG KHÁM CHẤN THƯƠNG CHỈNH HÌNH - 20",
        "href": "http://192.168.2.26:2026/home.aspx?scope=sys&lang=vi&wpid=thuthuatnewdraw&thuthuatid=03a6b4c9-cd00-420f-a5e4-b45e00f9388c&usid=172.31.255.1_rsenway4ypykm2begi123ahbfbbe4130&st=135144",
        "onclick": ""
      },
      {
        "text": "Tiêm gân duỗi ngón tay",
        "href": "http://192.168.2.26:2026/home.aspx?scope=sys&lang=vi&wpid=thuthuatnewdraw&thuthuatid=03a6b4c9-cd00-420f-a5e4-b45e00f9388c&usid=172.31.255.1_rsenway4ypykm2begi123ahbfbbe4130&st=135144",
        "onclick": ""
      },
      {
        "text": "0",
        "href": "http://192.168.2.26:2026/home.aspx?scope=sys&lang=vi&wpid=thuthuatnewdraw&thuthuatid=03a6b4c9-cd00-420f-a5e4-b45e00f9388c&usid=172.31.255.1_rsenway4ypykm2begi123ahbfbbe4130&st=135144",
        "onclick": ""
      },
      {
        "text": "530,000",
        "href": "http://192.168.2.26:2026/home.aspx?scope=sys&lang=vi&wpid=thuthuatnewdraw&thuthuatid=03a6b4c9-cd00-420f-a5e4-b45e00f9388c&usid=172.31.255.1_rsenway4ypykm2begi123ahbfbbe4130&st=135144",
        "onclick": ""
      },
      {
        "text": "Thường",
        "href": "http://192.168.2.26:2026/home.aspx?scope=sys&lang=vi&wpid=thuthuatnewdraw&thuthuatid=03a6b4c9-cd00-420f-a5e4-b45e00f9388c&usid=172.31.255.1_rsenway4ypykm2begi123ahbfbbe4130&st=135144",
        "onclick": ""
      },
      {
        "text": "14:55 03/06/2026",
        "href": "http://192.168.2.26:2026/home.aspx?scope=sys&lang=vi&wpid=thuthuatnewdraw&thuthuatid=03a6b4c9-cd00-420f-a5e4-b45e00f9388c&usid=172.31.255.1_rsenway4ypykm2begi123ahbfbbe4130&st=135144",
        "onclick": ""
      },
      {
        "text": "Chờ thực hiện",
        "href": "http://192.168.2.26:2026/home.aspx?scope=sys&lang=vi&wpid=thuthuatnewdraw&thuthuatid=03a6b4c9-cd00-420f-a5e4-b45e00f9388c&usid=172.31.255.1_rsenway4ypykm2begi123ahbfbbe4130&st=135144",
        "onclick": ""
      }
    ]
  }
}
[2026-07-23 13:51:47.032] [BROWSER] [DETAIL] kind=procedure; access_id=03a6b4c9-cd00-420f-a5e4-b45e00f9388c; direct_url=yes; onclick=no
[2026-07-23 13:51:47.033] [BROWSER] [DETAIL] Mở liên kết trực tiếp: http://192.168.2.26:2026/home.aspx?scope=sys&lang=vi&wpid=thuthuatnewdraw&thuthuatid=03a6b4c9-cd00-420f-a5e4-b45e00f9388c&usid=172.31.255.1_rsenway4ypykm2begi123ahbfbbe4130&st=135144
[2026-07-23 13:51:47.960] [BROWSER] [DETAIL] Dữ liệu đọc được: {"complete_info": "", "current_url": "http://192.168.2.26:2026/home.aspx?scope=sys&lang=vi&wpid=thuthuatnewdraw&thuthuatid=03a6b4c9-cd00-420f-a5e4-b45e00f9388c&usid=172.31.255.1_rsenway4ypykm2begi123ahbfbbe4130&st=135144", "doctor": "Trần Nguyễn Anh Duy", "doctor_field": "txtBacSyChiDinh", "doctor_found": true, "method": "Tiêm gân duỗi ngón tay", "patient_info": "(26038752 | VÕ VĂN VỊNH, 30/11/1983, Nam, 43 tuổi | Viện phí)", "root_found": true, "start_time": "13:51 23/07/2026"}
[2026-07-23 13:51:47.961] [BROWSER] [DETAIL] Nguồn bác sĩ: Bác sĩ chỉ định; field=txtBacSyChiDinh; value=Trần Nguyễn Anh Duy
[2026-07-23 13:51:47.962] [DETAIL_OK] D/s Thủ thuật: đọc được hồ sơ chi tiết
{
  "doctor_from_emr": "Trần Nguyễn Anh Duy",
  "mapped_alias": "DUY",
  "mapped_name": "Trần Nguyễn Anh Duy",
  "start_time": "13:51 23/07/2026",
  "method": "Tiêm gân duỗi ngón tay",
  "current_url": "http://192.168.2.26:2026/home.aspx?scope=sys&lang=vi&wpid=thuthuatnewdraw&thuthuatid=03a6b4c9-cd00-420f-a5e4-b45e00f9388c&usid=172.31.255.1_rsenway4ypykm2begi123ahbfbbe4130&st=135144",
  "total_score": 145.0,
  "method_score": 1.0
}
[2026-07-23 13:51:47.964] [EVALUATED] D/s Thủ thuật: đánh giá 1 hồ sơ
{
  "items": [
    {
      "doctor": "Trần Nguyễn Anh Duy",
      "alias": "DUY",
      "detail_datetime": "2026-07-23 13:51:00",
      "method_score": 1.0,
      "total_score": 145.0,
      "confidence_ok": false
    }
  ]
}
[2026-07-23 13:51:47.965] [SEARCH_BEGIN] dòng 55: tìm VÕ VĂN VỊNH tại D/s Phẫu thuật
{
  "patient": "VÕ VĂN VỊNH",
  "target_time": "2026-06-03 14:55:00",
  "target_method": "Tiêm gân duỗi ngón tay",
  "source": "surgery"
}
[2026-07-23 13:51:48.429] [BROWSER] [NAV] D/s Phẫu thuật: http://192.168.2.26:2026/home.aspx?scope=sys&lang=vi&wpid=danhsachphauthuatdraw&role=323&usid=172.31.255.1_rsenway4ypykm2begi123ahbfbbe4130&st=135144
[2026-07-23 13:51:50.472] [BROWSER] [FILTER] 3 tháng
[2026-07-23 13:51:51.011] [BROWSER] [SEARCH] Nhập 'VÕ VĂN VỊNH' vào #txtTimKiem
[2026-07-23 13:51:51.139] [BROWSER] [SEARCH] Đã bấm Tìm kiếm bằng #btnTimKiem
[2026-07-23 13:52:10.441] [BROWSER] [RESULT] D/s Phẫu thuật: 0 dòng
[2026-07-23 13:52:10.452] [SEARCH_RESULT] D/s Phẫu thuật: nhận 0 dòng
{
  "current_url": "http://192.168.2.26:2026/home.aspx?scope=sys&lang=vi&wpid=danhsachphauthuatdraw&role=323&usid=172.31.255.1_rsenway4ypykm2begi123ahbfbbe4130&st=135144",
  "search_input_id": "txtTimKiem",
  "search_trigger": "#btnTimKiem",
  "headers": [],
  "rows": []
}
[2026-07-23 13:52:10.453] [CANDIDATES] D/s Phẫu thuật: có 0 ứng viên cùng người bệnh
{
  "candidates": []
}
[2026-07-23 13:52:10.454] [ROW_UNMATCHED] Dòng 55: procedure: có kết quả nhưng không khớp ngày; surgery: không có dòng cùng người bệnh
{
  "rowNumber": 55,
  "patient": "VÕ VĂN VỊNH",
  "time": "14:55 03/06/2026",
  "method": "Tiêm gân duỗi ngón tay",
  "oldValue": "",
  "status": "unmatched",
  "reason": "procedure: có kết quả nhưng không khớp ngày; surgery: không có dòng cùng người bệnh"
}
[2026-07-23 13:52:10.455] [ROW_END] Kết thúc dòng 55
{
  "status": "unmatched",
  "new_value": null,
  "reason": "procedure: có kết quả nhưng không khớp ngày; surgery: không có dòng cùng người bệnh"
}
[2026-07-23 13:52:10.456] [ROW_BEGIN] [5/10] Bắt đầu dòng 87: LÊ TRÍ HIẾU
{
  "raw_time": "2026/06/23 08:14",
  "parsed_time": "08:14 23/06/2026",
  "method": "Hút ổ viêm/áp xe phần mềm",
  "old_value": ""
}
[2026-07-23 13:52:10.457] [SEARCH_BEGIN] dòng 87: tìm LÊ TRÍ HIẾU tại D/s Thủ thuật
{
  "patient": "LÊ TRÍ HIẾU",
  "target_time": "2026-06-23 08:14:00",
  "target_method": "Hút ổ viêm/áp xe phần mềm",
  "source": "procedure"
}
[2026-07-23 13:52:10.708] [BROWSER] [NAV] D/s Thủ thuật: http://192.168.2.26:2026/home.aspx?scope=sys&lang=vi&wpid=danhsachthuthuatdraw&role=323&usid=172.31.255.1_rsenway4ypykm2begi123ahbfbbe4130&st=135145
[2026-07-23 13:52:12.627] [BROWSER] [FILTER] 3 tháng
[2026-07-23 13:52:13.207] [BROWSER] [SEARCH] Nhập 'LÊ TRÍ HIẾU' vào #txtTimKiem
[2026-07-23 13:52:13.515] [BROWSER] [SEARCH] Đã bấm Tìm kiếm bằng #btnTimKiem
[2026-07-23 13:52:13.562] [BROWSER] [RESULT] D/s Thủ thuật: 11 dòng
[2026-07-23 13:52:13.581] [SEARCH_RESULT] D/s Thủ thuật: nhận 11 dòng
{
  "current_url": "http://192.168.2.26:2026/home.aspx?scope=sys&lang=vi&wpid=danhsachthuthuatdraw&role=323&usid=172.31.255.1_rsenway4ypykm2begi123ahbfbbe4130&st=135145",
  "search_input_id": "txtTimKiem",
  "search_trigger": "#btnTimKiem",
  "headers": [
    "STT",
    "Ngày thủ thuật",
    "Mã BN",
    "Họ tên",
    "Giới tính",
    "Tuổi",
    "Đối tượng",
    "Nơi chỉ định",
    "Chỉ định thủ thuật",
    "Tạm ứng",
    "Phải thanh toán",
    "Tình trạng",
    "Thời gian chỉ định",
    "Trạng thái"
  ],
  "rows": [
    {
      "access_id": "7bf4a027-9ed8-4c1e-8ce9-b438000c022e",
      "known_fields": {
        "stt": "1",
        "ngay_thu_thuat": "07:20 26/04/2026",
        "ma_bn": "26049739",
        "ho_ten": "LÊ TRÍ HIẾU",
        "gioi_tinh": "Nam",
        "tuoi": "44 tuổi",
        "doi_tuong": "Viện phí",
        "noi_chi_dinh": "Khoa Ngoại Chấn Thương Chỉnh Hình và Thần Kinh",
        "chi_dinh_thu_thuat": "Thay băng, cắt chỉ vết mổ [chiều dài ≤ 15cm]",
        "tam_ung": "0",
        "phai_thanh_toan": "0",
        "tinh_trang": "Thường",
        "thoi_gian_chi_dinh": "05:00 26/04/2026",
        "trang_thai": "Hoàn tất"
      },
      "raw_text": "1 07:20 26/04/2026 26049739 LÊ TRÍ HIẾU Nam 44 tuổi Viện phí Khoa Ngoại Chấn Thương Chỉnh Hình và Thần Kinh Thay băng, cắt chỉ vết mổ [chiều dài ≤ 15cm] 0 0 Thường 05:00 26/04/2026 Hoàn tất",
      "links": [
        {
          "text": "1",
          "href": "http://192.168.2.26:2026/home.aspx?scope=sys&lang=vi&wpid=thuthuatnewdraw&thuthuatid=7bf4a027-9ed8-4c1e-8ce9-b438000c022e&usid=172.31.255.1_rsenway4ypykm2begi123ahbfbbe4130&st=135210",
          "onclick": ""
        },
        {
          "text": "07:20 26/04/2026",
          "href": "http://192.168.2.26:2026/home.aspx?scope=sys&lang=vi&wpid=thuthuatnewdraw&thuthuatid=7bf4a027-9ed8-4c1e-8ce9-b438000c022e&usid=172.31.255.1_rsenway4ypykm2begi123ahbfbbe4130&st=135210",
          "onclick": ""
        },
        {
          "text": "26049739",
          "href": "http://192.168.2.26:2026/home.aspx?scope=sys&lang=vi&wpid=thuthuatnewdraw&thuthuatid=7bf4a027-9ed8-4c1e-8ce9-b438000c022e&usid=172.31.255.1_rsenway4ypykm2begi123ahbfbbe4130&st=135210",
          "onclick": ""
        },
        {
          "text": "LÊ TRÍ HIẾU",
          "href": "http://192.168.2.26:2026/home.aspx?scope=sys&lang=vi&wpid=thuthuatnewdraw&thuthuatid=7bf4a027-9ed8-4c1e-8ce9-b438000c022e&usid=172.31.255.1_rsenway4ypykm2begi123ahbfbbe4130&st=135210",
          "onclick": ""
        },
        {
          "text": "Nam",
          "href": "http://192.168.2.26:2026/home.aspx?scope=sys&lang=vi&wpid=thuthuatnewdraw&thuthuatid=7bf4a027-9ed8-4c1e-8ce9-b438000c022e&usid=172.31.255.1_rsenway4ypykm2begi123ahbfbbe4130&st=135210",
          "onclick": ""
        },
        {
          "text": "44 tuổi",
          "href": "http://192.168.2.26:2026/home.aspx?scope=sys&lang=vi&wpid=thuthuatnewdraw&thuthuatid=7bf4a027-9ed8-4c1e-8ce9-b438000c022e&usid=172.31.255.1_rsenway4ypykm2begi123ahbfbbe4130&st=135210",
          "onclick": ""
        },
        {
          "text": "Viện phí",
          "href": "http://192.168.2.26:2026/home.aspx?scope=sys&lang=vi&wpid=thuthuatnewdraw&thuthuatid=7bf4a027-9ed8-4c1e-8ce9-b438000c022e&usid=172.31.255.1_rsenway4ypykm2begi123ahbfbbe4130&st=135210",
          "onclick": ""
        },
        {
          "text": "Khoa Ngoại Chấn Thương Chỉnh Hình và Thần Kinh",
          "href": "http://192.168.2.26:2026/home.aspx?scope=sys&lang=vi&wpid=thuthuatnewdraw&thuthuatid=7bf4a027-9ed8-4c1e-8ce9-b438000c022e&usid=172.31.255.1_rsenway4ypykm2begi123ahbfbbe4130&st=135210",
          "onclick": ""
        },
        {
          "text": "Thay băng, cắt chỉ vết mổ [chiều dài ≤ 15cm]",
          "href": "http://192.168.2.26:2026/home.aspx?scope=sys&lang=vi&wpid=thuthuatnewdraw&thuthuatid=7bf4a027-9ed8-4c1e-8ce9-b438000c022e&usid=172.31.255.1_rsenway4ypykm2begi123ahbfbbe4130&st=135210",
          "onclick": ""
        },
        {
          "text": "0",
          "href": "http://192.168.2.26:2026/home.aspx?scope=sys&lang=vi&wpid=thuthuatnewdraw&thuthuatid=7bf4a027-9ed8-4c1e-8ce9-b438000c022e&usid=172.31.255.1_rsenway4ypykm2begi123ahbfbbe4130&st=135210",
          "onclick": ""
        },
        {
          "text": "0",
          "href": "http://192.168.2.26:2026/home.aspx?scope=sys&lang=vi&wpid=thuthuatnewdraw&thuthuatid=7bf4a027-9ed8-4c1e-8ce9-b438000c022e&usid=172.31.255.1_rsenway4ypykm2begi123ahbfbbe4130&st=135210",
          "onclick": ""
        },
        {
          "text": "Thường",
          "href": "http://192.168.2.26:2026/home.aspx?scope=sys&lang=vi&wpid=thuthuatnewdraw&thuthuatid=7bf4a027-9ed8-4c1e-8ce9-b438000c022e&usid=172.31.255.1_rsenway4ypykm2begi123ahbfbbe4130&st=135210",
          "onclick": ""
        },
        {
          "text": "05:00 26/04/2026",
          "href": "http://192.168.2.26:2026/home.aspx?scope=sys&lang=vi&wpid=thuthuatnewdraw&thuthuatid=7bf4a027-9ed8-4c1e-8ce9-b438000c022e&usid=172.31.255.1_rsenway4ypykm2begi123ahbfbbe4130&st=135210",
          "onclick": ""
        },
        {
          "text": "Hoàn tất",
          "href": "http://192.168.2.26:2026/home.aspx?scope=sys&lang=vi&wpid=thuthuatnewdraw&thuthuatid=7bf4a027-9ed8-4c1e-8ce9-b438000c022e&usid=172.31.255.1_rsenway4ypykm2begi123ahbfbbe4130&st=135210",
          "onclick": ""
        }
      ]
    },
    {
      "access_id": "010317ed-5318-4af7-b05f-b43b00360af9",
      "known_fields": {
        "stt": "2",
        "ngay_thu_thuat": "03:00 29/04/2026",
        "ma_bn": "26049739",
        "ho_ten": "LÊ TRÍ HIẾU",
        "gioi_tinh": "Nam",
        "tuoi": "44 tuổi",
        "doi_tuong": "Viện phí",
        "noi_chi_dinh": "Khoa Ngoại Chấn Thương Chỉnh Hình và Thần Kinh",
        "chi_dinh_thu_thuat": "Thay băng, cắt chỉ vết mổ [chiều dài ≤ 15cm]",
        "tam_ung": "0",
        "phai_thanh_toan": "0",
        "tinh_trang": "Thường",
        "thoi_gian_chi_dinh": "03:00 29/04/2026",
        "trang_thai": "Hoàn tất"
      },
      "raw_text": "2 03:00 29/04/2026 26049739 LÊ TRÍ HIẾU Nam 44 tuổi Viện phí Khoa Ngoại Chấn Thương Chỉnh Hình và Thần Kinh Thay băng, cắt chỉ vết mổ [chiều dài ≤ 15cm] 0 0 Thường 03:00 29/04/2026 Hoàn tất",
      "links": [
        {
          "text": "2",
          "href": "http://192.168.2.26:2026/home.aspx?scope=sys&lang=vi&wpid=thuthuatnewdraw&thuthuatid=010317ed-5318-4af7-b05f-b43b00360af9&usid=172.31.255.1_rsenway4ypykm2begi123ahbfbbe4130&st=135210",
          "onclick": ""
        },
        {
          "text": "03:00 29/04/2026",
          "href": "http://192.168.2.26:2026/home.aspx?scope=sys&lang=vi&wpid=thuthuatnewdraw&thuthuatid=010317ed-5318-4af7-b05f-b43b00360af9&usid=172.31.255.1_rsenway4ypykm2begi123ahbfbbe4130&st=135210",
          "onclick": ""
        },
        {
          "text": "26049739",
          "href": "http://192.168.2.26:2026/home.aspx?scope=sys&lang=vi&wpid=thuthuatnewdraw&thuthuatid=010317ed-5318-4af7-b05f-b43b00360af9&usid=172.31.255.1_rsenway4ypykm2begi123ahbfbbe4130&st=135210",
          "onclick": ""
        },
        {
          "text": "LÊ TRÍ HIẾU",
          "href": "http://192.168.2.26:2026/home.aspx?scope=sys&lang=vi&wpid=thuthuatnewdraw&thuthuatid=010317ed-5318-4af7-b05f-b43b00360af9&usid=172.31.255.1_rsenway4ypykm2begi123ahbfbbe4130&st=135210",
          "onclick": ""
        },
        {
          "text": "Nam",
          "href": "http://192.168.2.26:2026/home.aspx?scope=sys&lang=vi&wpid=thuthuatnewdraw&thuthuatid=010317ed-5318-4af7-b05f-b43b00360af9&usid=172.31.255.1_rsenway4ypykm2begi123ahbfbbe4130&st=135210",
          "onclick": ""
        },
        {
          "text": "44 tuổi",
          "href": "http://192.168.2.26:2026/home.aspx?scope=sys&lang=vi&wpid=thuthuatnewdraw&thuthuatid=010317ed-5318-4af7-b05f-b43b00360af9&usid=172.31.255.1_rsenway4ypykm2begi123ahbfbbe4130&st=135210",
          "onclick": ""
        },
        {
          "text": "Viện phí",
          "href": "http://192.168.2.26:2026/home.aspx?scope=sys&lang=vi&wpid=thuthuatnewdraw&thuthuatid=010317ed-5318-4af7-b05f-b43b00360af9&usid=172.31.255.1_rsenway4ypykm2begi123ahbfbbe4130&st=135210",
          "onclick": ""
        },
        {
          "text": "Khoa Ngoại Chấn Thương Chỉnh Hình và Thần Kinh",
          "href": "http://192.168.2.26:2026/home.aspx?scope=sys&lang=vi&wpid=thuthuatnewdraw&thuthuatid=010317ed-5318-4af7-b05f-b43b00360af9&usid=172.31.255.1_rsenway4ypykm2begi123ahbfbbe4130&st=135210",
          "onclick": ""
        },
        {
          "text": "Thay băng, cắt chỉ vết mổ [chiều dài ≤ 15cm]",
          "href": "http://192.168.2.26:2026/home.aspx?scope=sys&lang=vi&wpid=thuthuatnewdraw&thuthuatid=010317ed-5318-4af7-b05f-b43b00360af9&usid=172.31.255.1_rsenway4ypykm2begi123ahbfbbe4130&st=135210",
          "onclick": ""
        },
        {
          "text": "0",
          "href": "http://192.168.2.26:2026/home.aspx?scope=sys&lang=vi&wpid=thuthuatnewdraw&thuthuatid=010317ed-5318-4af7-b05f-b43b00360af9&usid=172.31.255.1_rsenway4ypykm2begi123ahbfbbe4130&st=135210",
          "onclick": ""
        },
        {
          "text": "0",
          "href": "http://192.168.2.26:2026/home.aspx?scope=sys&lang=vi&wpid=thuthuatnewdraw&thuthuatid=010317ed-5318-4af7-b05f-b43b00360af9&usid=172.31.255.1_rsenway4ypykm2begi123ahbfbbe4130&st=135210",
          "onclick": ""
        },
        {
          "text": "Thường",
          "href": "http://192.168.2.26:2026/home.aspx?scope=sys&lang=vi&wpid=thuthuatnewdraw&thuthuatid=010317ed-5318-4af7-b05f-b43b00360af9&usid=172.31.255.1_rsenway4ypykm2begi123ahbfbbe4130&st=135210",
          "onclick": ""
        },
        {
          "text": "03:00 29/04/2026",
          "href": "http://192.168.2.26:2026/home.aspx?scope=sys&lang=vi&wpid=thuthuatnewdraw&thuthuatid=010317ed-5318-4af7-b05f-b43b00360af9&usid=172.31.255.1_rsenway4ypykm2begi123ahbfbbe4130&st=135210",
          "onclick": ""
        },
        {
          "text": "Hoàn tất",
          "href": "http://192.168.2.26:2026/home.aspx?scope=sys&lang=vi&wpid=thuthuatnewdraw&thuthuatid=010317ed-5318-4af7-b05f-b43b00360af9&usid=172.31.255.1_rsenway4ypykm2begi123ahbfbbe4130&st=135210",
          "onclick": ""
        }
      ]
    },
    {
      "access_id": "d13f3182-6753-4cab-af48-b43a011d10a7",
      "known_fields": {
        "stt": "3",
        "ngay_thu_thuat": "08:00 29/04/2026",
        "ma_bn": "26049739",
        "ho_ten": "LÊ TRÍ HIẾU",
        "gioi_tinh": "Nam",
        "tuoi": "44 tuổi",
        "doi_tuong": "Viện phí",
        "noi_chi_dinh": "Khoa Ngoại Chấn Thương Chỉnh Hình và Thần Kinh",
        "chi_dinh_thu_thuat": "Thay băng, cắt chỉ vết mổ [chiều dài ≤ 15cm]",
        "tam_ung": "0",
        "phai_thanh_toan": "0",
        "tinh_trang": "Thường",
        "thoi_gian_chi_dinh": "17:06 28/04/2026",
        "trang_thai": "Hoàn tất"
      },
      "raw_text": "3 08:00 29/04/2026 26049739 LÊ TRÍ HIẾU Nam 44 tuổi Viện phí Khoa Ngoại Chấn Thương Chỉnh Hình và Thần Kinh Thay băng, cắt chỉ vết mổ [chiều dài ≤ 15cm] 0 0 Thường 17:06 28/04/2026 Hoàn tất",
      "links": [
        {
          "text": "3",
          "href": "http://192.168.2.26:2026/home.aspx?scope=sys&lang=vi&wpid=thuthuatnewdraw&thuthuatid=d13f3182-6753-4cab-af48-b43a011d10a7&usid=172.31.255.1_rsenway4ypykm2begi123ahbfbbe4130&st=135210",
          "onclick": ""
        },
        {
          "text": "08:00 29/04/2026",
          "href": "http://192.168.2.26:2026/home.aspx?scope=sys&lang=vi&wpid=thuthuatnewdraw&thuthuatid=d13f3182-6753-4cab-af48-b43a011d10a7&usid=172.31.255.1_rsenway4ypykm2begi123ahbfbbe4130&st=135210",
          "onclick": ""
        },
        {
          "text": "26049739",
          "href": "http://192.168.2.26:2026/home.aspx?scope=sys&lang=vi&wpid=thuthuatnewdraw&thuthuatid=d13f3182-6753-4cab-af48-b43a011d10a7&usid=172.31.255.1_rsenway4ypykm2begi123ahbfbbe4130&st=135210",
          "onclick": ""
        },
        {
          "text": "LÊ TRÍ HIẾU",
          "href": "http://192.168.2.26:2026/home.aspx?scope=sys&lang=vi&wpid=thuthuatnewdraw&thuthuatid=d13f3182-6753-4cab-af48-b43a011d10a7&usid=172.31.255.1_rsenway4ypykm2begi123ahbfbbe4130&st=135210",
          "onclick": ""
        },
        {
          "text": "Nam",
          "href": "http://192.168.2.26:2026/home.aspx?scope=sys&lang=vi&wpid=thuthuatnewdraw&thuthuatid=d13f3182-6753-4cab-af48-b43a011d10a7&usid=172.31.255.1_rsenway4ypykm2begi123ahbfbbe4130&st=135210",
          "onclick": ""
        },
        {
          "text": "44 tuổi",
          "href": "http://192.168.2.26:2026/home.aspx?scope=sys&lang=vi&wpid=thuthuatnewdraw&thuthuatid=d13f3182-6753-4cab-af48-b43a011d10a7&usid=172.31.255.1_rsenway4ypykm2begi123ahbfbbe4130&st=135210",
          "onclick": ""
        },
        {
          "text": "Viện phí",
          "href": "http://192.168.2.26:2026/home.aspx?scope=sys&lang=vi&wpid=thuthuatnewdraw&thuthuatid=d13f3182-6753-4cab-af48-b43a011d10a7&usid=172.31.255.1_rsenway4ypykm2begi123ahbfbbe4130&st=135210",
          "onclick": ""
        },
        {
          "text": "Khoa Ngoại Chấn Thương Chỉnh Hình và Thần Kinh",
          "href": "http://192.168.2.26:2026/home.aspx?scope=sys&lang=vi&wpid=thuthuatnewdraw&thuthuatid=d13f3182-6753-4cab-af48-b43a011d10a7&usid=172.31.255.1_rsenway4ypykm2begi123ahbfbbe4130&st=135210",
          "onclick": ""
        },
        {
          "text": "Thay băng, cắt chỉ vết mổ [chiều dài ≤ 15cm]",
          "href": "http://192.168.2.26:2026/home.aspx?scope=sys&lang=vi&wpid=thuthuatnewdraw&thuthuatid=d13f3182-6753-4cab-af48-b43a011d10a7&usid=172.31.255.1_rsenway4ypykm2begi123ahbfbbe4130&st=135210",
          "onclick": ""
        },
        {
          "text": "0",
          "href": "http://192.168.2.26:2026/home.aspx?scope=sys&lang=vi&wpid=thuthuatnewdraw&thuthuatid=d13f3182-6753-4cab-af48-b43a011d10a7&usid=172.31.255.1_rsenway4ypykm2begi123ahbfbbe4130&st=135210",
          "onclick": ""
        },
        {
          "text": "0",
          "href": "http://192.168.2.26:2026/home.aspx?scope=sys&lang=vi&wpid=thuthuatnewdraw&thuthuatid=d13f3182-6753-4cab-af48-b43a011d10a7&usid=172.31.255.1_rsenway4ypykm2begi123ahbfbbe4130&st=135210",
          "onclick": ""
        },
        {
          "text": "Thường",
          "href": "http://192.168.2.26:2026/home.aspx?scope=sys&lang=vi&wpid=thuthuatnewdraw&thuthuatid=d13f3182-6753-4cab-af48-b43a011d10a7&usid=172.31.255.1_rsenway4ypykm2begi123ahbfbbe4130&st=135210",
          "onclick": ""
        },
        {
          "text": "17:06 28/04/2026",
          "href": "http://192.168.2.26:2026/home.aspx?scope=sys&lang=vi&wpid=thuthuatnewdraw&thuthuatid=d13f3182-6753-4cab-af48-b43a011d10a7&usid=172.31.255.1_rsenway4ypykm2begi123ahbfbbe4130&st=135210",
          "onclick": ""
        },
        {
          "text": "Hoàn tất",
          "href": "http://192.168.2.26:2026/home.aspx?scope=sys&lang=vi&wpid=thuthuatnewdraw&thuthuatid=d13f3182-6753-4cab-af48-b43a011d10a7&usid=172.31.255.1_rsenway4ypykm2begi123ahbfbbe4130&st=135210",
          "onclick": ""
        }
      ]
    },
    {
      "access_id": "6826bc40-938e-48cf-b4ea-b43b00702d25",
      "known_fields": {
        "stt": "4",
        "ngay_thu_thuat": "07:00 30/04/2026",
        "ma_bn": "26049739",
        "ho_ten": "LÊ TRÍ HIẾU",
        "gioi_tinh": "Nam",
        "tuoi": "44 tuổi",
        "doi_tuong": "Viện phí",
        "noi_chi_dinh": "Khoa Ngoại Chấn Thương Chỉnh Hình và Thần Kinh",
        "chi_dinh_thu_thuat": "Thay băng, cắt chỉ vết mổ [chiều dài ≤ 15cm]",
        "tam_ung": "0",
        "phai_thanh_toan": "0",
        "tinh_trang": "Thường",
        "thoi_gian_chi_dinh": "05:00 30/04/2026",
        "trang_thai": "Hoàn tất"
      },
      "raw_text": "4 07:00 30/04/2026 26049739 LÊ TRÍ HIẾU Nam 44 tuổi Viện phí Khoa Ngoại Chấn Thương Chỉnh Hình và Thần Kinh Thay băng, cắt chỉ vết mổ [chiều dài ≤ 15cm] 0 0 Thường 05:00 30/04/2026 Hoàn tất",
      "links": [
        {
          "text": "4",
          "href": "http://192.168.2.26:2026/home.aspx?scope=sys&lang=vi&wpid=thuthuatnewdraw&thuthuatid=6826bc40-938e-48cf-b4ea-b43b00702d25&usid=172.31.255.1_rsenway4ypykm2begi123ahbfbbe4130&st=135210",
          "onclick": ""
        },
        {
          "text": "07:00 30/04/2026",
          "href": "http://192.168.2.26:2026/home.aspx?scope=sys&lang=vi&wpid=thuthuatnewdraw&thuthuatid=6826bc40-938e-48cf-b4ea-b43b00702d25&usid=172.31.255.1_rsenway4ypykm2begi123ahbfbbe4130&st=135210",
          "onclick": ""
        },
        {
          "text": "26049739",
          "href": "http://192.168.2.26:2026/home.aspx?scope=sys&lang=vi&wpid=thuthuatnewdraw&thuthuatid=6826bc40-938e-48cf-b4ea-b43b00702d25&usid=172.31.255.1_rsenway4ypykm2begi123ahbfbbe4130&st=135210",
          "onclick": ""
        },
        {
          "text": "LÊ TRÍ HIẾU",
          "href": "http://192.168.2.26:2026/home.aspx?scope=sys&lang=vi&wpid=thuthuatnewdraw&thuthuatid=6826bc40-938e-48cf-b4ea-b43b00702d25&usid=172.31.255.1_rsenway4ypykm2begi123ahbfbbe4130&st=135210",
          "onclick": ""
        },
        {
          "text": "Nam",
          "href": "http://192.168.2.26:2026/home.aspx?scope=sys&lang=vi&wpid=thuthuatnewdraw&thuthuatid=6826bc40-938e-48cf-b4ea-b43b00702d25&usid=172.31.255.1_rsenway4ypykm2begi123ahbfbbe4130&st=135210",
          "onclick": ""
        },
        {
          "text": "44 tuổi",
          "href": "http://192.168.2.26:2026/home.aspx?scope=sys&lang=vi&wpid=thuthuatnewdraw&thuthuatid=6826bc40-938e-48cf-b4ea-b43b00702d25&usid=172.31.255.1_rsenway4ypykm2begi123ahbfbbe4130&st=135210",
          "onclick": ""
        },
        {
          "text": "Viện phí",
          "href": "http://192.168.2.26:2026/home.aspx?scope=sys&lang=vi&wpid=thuthuatnewdraw&thuthuatid=6826bc40-938e-48cf-b4ea-b43b00702d25&usid=172.31.255.1_rsenway4ypykm2begi123ahbfbbe4130&st=135210",
          "onclick": ""
        },
        {
          "text": "Khoa Ngoại Chấn Thương Chỉnh Hình và Thần Kinh",
          "href": "http://192.168.2.26:2026/home.aspx?scope=sys&lang=vi&wpid=thuthuatnewdraw&thuthuatid=6826bc40-938e-48cf-b4ea-b43b00702d25&usid=172.31.255.1_rsenway4ypykm2begi123ahbfbbe4130&st=135210",
          "onclick": ""
        },
        {
          "text": "Thay băng, cắt chỉ vết mổ [chiều dài ≤ 15cm]",
          "href": "http://192.168.2.26:2026/home.aspx?scope=sys&lang=vi&wpid=thuthuatnewdraw&thuthuatid=6826bc40-938e-48cf-b4ea-b43b00702d25&usid=172.31.255.1_rsenway4ypykm2begi123ahbfbbe4130&st=135210",
          "onclick": ""
        },
        {
          "text": "0",
          "href": "http://192.168.2.26:2026/home.aspx?scope=sys&lang=vi&wpid=thuthuatnewdraw&thuthuatid=6826bc40-938e-48cf-b4ea-b43b00702d25&usid=172.31.255.1_rsenway4ypykm2begi123ahbfbbe4130&st=135210",
          "onclick": ""
        },
        {
          "text": "0",
          "href": "http://192.168.2.26:2026/home.aspx?scope=sys&lang=vi&wpid=thuthuatnewdraw&thuthuatid=6826bc40-938e-48cf-b4ea-b43b00702d25&usid=172.31.255.1_rsenway4ypykm2begi123ahbfbbe4130&st=135210",
          "onclick": ""
        },
        {
          "text": "Thường",
          "href": "http://192.168.2.26:2026/home.aspx?scope=sys&lang=vi&wpid=thuthuatnewdraw&thuthuatid=6826bc40-938e-48cf-b4ea-b43b00702d25&usid=172.31.255.1_rsenway4ypykm2begi123ahbfbbe4130&st=135210",
          "onclick": ""
        },
        {
          "text": "05:00 30/04/2026",
          "href": "http://192.168.2.26:2026/home.aspx?scope=sys&lang=vi&wpid=thuthuatnewdraw&thuthuatid=6826bc40-938e-48cf-b4ea-b43b00702d25&usid=172.31.255.1_rsenway4ypykm2begi123ahbfbbe4130&st=135210",
          "onclick": ""
        },
        {
          "text": "Hoàn tất",
          "href": "http://192.168.2.26:2026/home.aspx?scope=sys&lang=vi&wpid=thuthuatnewdraw&thuthuatid=6826bc40-938e-48cf-b4ea-b43b00702d25&usid=172.31.255.1_rsenway4ypykm2begi123ahbfbbe4130&st=135210",
          "onclick": ""
        }
      ]
    },
    {
      "access_id": "4215e7a5-0d4c-4535-a18c-b43b007043e3",
      "known_fields": {
        "stt": "5",
        "ngay_thu_thuat": "12:41 01/05/2026",
        "ma_bn": "26049739",
        "ho_ten": "LÊ TRÍ HIẾU",
        "gioi_tinh": "Nam",
        "tuoi": "44 tuổi",
        "doi_tuong": "Viện phí",
        "noi_chi_dinh": "Khoa Ngoại Chấn Thương Chỉnh Hình và Thần Kinh",
        "chi_dinh_thu_thuat": "Thay băng, cắt chỉ vết mổ [chiều dài ≤ 15cm]",
        "tam_ung": "0",
        "phai_thanh_toan": "0",
        "tinh_trang": "Thường",
        "thoi_gian_chi_dinh": "05:00 01/05/2026",
        "trang_thai": "Hoàn tất"
      },
      "raw_text": "5 12:41 01/05/2026 26049739 LÊ TRÍ HIẾU Nam 44 tuổi Viện phí Khoa Ngoại Chấn Thương Chỉnh Hình và Thần Kinh Thay băng, cắt chỉ vết mổ [chiều dài ≤ 15cm] 0 0 Thường 05:00 01/05/2026 Hoàn tất",
      "links": [
        {
          "text": "5",
          "href": "http://192.168.2.26:2026/home.aspx?scope=sys&lang=vi&wpid=thuthuatnewdraw&thuthuatid=4215e7a5-0d4c-4535-a18c-b43b007043e3&usid=172.31.255.1_rsenway4ypykm2begi123ahbfbbe4130&st=135210",
          "onclick": ""
        },
        {
          "text": "12:41 01/05/2026",
          "href": "http://192.168.2.26:2026/home.aspx?scope=sys&lang=vi&wpid=thuthuatnewdraw&thuthuatid=4215e7a5-0d4c-4535-a18c-b43b007043e3&usid=172.31.255.1_rsenway4ypykm2begi123ahbfbbe4130&st=135210",
          "onclick": ""
        },
        {
          "text": "26049739",
          "href": "http://192.168.2.26:2026/home.aspx?scope=sys&lang=vi&wpid=thuthuatnewdraw&thuthuatid=4215e7a5-0d4c-4535-a18c-b43b007043e3&usid=172.31.255.1_rsenway4ypykm2begi123ahbfbbe4130&st=135210",
          "onclick": ""
        },
        {
          "text": "LÊ TRÍ HIẾU",
          "href": "http://192.168.2.26:2026/home.aspx?scope=sys&lang=vi&wpid=thuthuatnewdraw&thuthuatid=4215e7a5-0d4c-4535-a18c-b43b007043e3&usid=172.31.255.1_rsenway4ypykm2begi123ahbfbbe4130&st=135210",
          "onclick": ""
        },
        {
          "text": "Nam",
          "href": "http://192.168.2.26:2026/home.aspx?scope=sys&lang=vi&wpid=thuthuatnewdraw&thuthuatid=4215e7a5-0d4c-4535-a18c-b43b007043e3&usid=172.31.255.1_rsenway4ypykm2begi123ahbfbbe4130&st=135210",
          "onclick": ""
        },
        {
          "text": "44 tuổi",
          "href": "http://192.168.2.26:2026/home.aspx?scope=sys&lang=vi&wpid=thuthuatnewdraw&thuthuatid=4215e7a5-0d4c-4535-a18c-b43b007043e3&usid=172.31.255.1_rsenway4ypykm2begi123ahbfbbe4130&st=135210",
          "onclick": ""
        },
        {
          "text": "Viện phí",
          "href": "http://192.168.2.26:2026/home.aspx?scope=sys&lang=vi&wpid=thuthuatnewdraw&thuthuatid=4215e7a5-0d4c-4535-a18c-b43b007043e3&usid=172.31.255.1_rsenway4ypykm2begi123ahbfbbe4130&st=135210",
          "onclick": ""
        },
        {
          "text": "Khoa Ngoại Chấn Thương Chỉnh Hình và Thần Kinh",
          "href": "http://192.168.2.26:2026/home.aspx?scope=sys&lang=vi&wpid=thuthuatnewdraw&thuthuatid=4215e7a5-0d4c-4535-a18c-b43b007043e3&usid=172.31.255.1_rsenway4ypykm2begi123ahbfbbe4130&st=135210",
          "onclick": ""
        },
        {
          "text": "Thay băng, cắt chỉ vết mổ [chiều dài ≤ 15cm]",
          "href": "http://192.168.2.26:2026/home.aspx?scope=sys&lang=vi&wpid=thuthuatnewdraw&thuthuatid=4215e7a5-0d4c-4535-a18c-b43b007043e3&usid=172.31.255.1_rsenway4ypykm2begi123ahbfbbe4130&st=135210",
          "onclick": ""
        },
        {
          "text": "0",
          "href": "http://192.168.2.26:2026/home.aspx?scope=sys&lang=vi&wpid=thuthuatnewdraw&thuthuatid=4215e7a5-0d4c-4535-a18c-b43b007043e3&usid=172.31.255.1_rsenway4ypykm2begi123ahbfbbe4130&st=135210",
          "onclick": ""
        },
        {
          "text": "0",
          "href": "http://192.168.2.26:2026/home.aspx?scope=sys&lang=vi&wpid=thuthuatnewdraw&thuthuatid=4215e7a5-0d4c-4535-a18c-b43b007043e3&usid=172.31.255.1_rsenway4ypykm2begi123ahbfbbe4130&st=135210",
          "onclick": ""
        },
        {
          "text": "Thường",
          "href": "http://192.168.2.26:2026/home.aspx?scope=sys&lang=vi&wpid=thuthuatnewdraw&thuthuatid=4215e7a5-0d4c-4535-a18c-b43b007043e3&usid=172.31.255.1_rsenway4ypykm2begi123ahbfbbe4130&st=135210",
          "onclick": ""
        },
        {
          "text": "05:00 01/05/2026",
          "href": "http://192.168.2.26:2026/home.aspx?scope=sys&lang=vi&wpid=thuthuatnewdraw&thuthuatid=4215e7a5-0d4c-4535-a18c-b43b007043e3&usid=172.31.255.1_rsenway4ypykm2begi123ahbfbbe4130&st=135210",
          "onclick": ""
        },
        {
          "text": "Hoàn tất",
          "href": "http://192.168.2.26:2026/home.aspx?scope=sys&lang=vi&wpid=thuthuatnewdraw&thuthuatid=4215e7a5-0d4c-4535-a18c-b43b007043e3&usid=172.31.255.1_rsenway4ypykm2begi123ahbfbbe4130&st=135210",
          "onclick": ""
        }
      ]
    },
    {
      "access_id": "b7a9fd38-109c-464c-bf76-b43b0070e83e",
      "known_fields": {
        "stt": "6",
        "ngay_thu_thuat": "08:00 02/05/2026",
        "ma_bn": "26049739",
        "ho_ten": "LÊ TRÍ HIẾU",
        "gioi_tinh": "Nam",
        "tuoi": "44 tuổi",
        "doi_tuong": "Viện phí",
        "noi_chi_dinh": "Khoa Ngoại Chấn Thương Chỉnh Hình và Thần Kinh",
        "chi_dinh_thu_thuat": "Thay băng, cắt chỉ vết mổ [chiều dài ≤ 15cm]",
        "tam_ung": "0",
        "phai_thanh_toan": "0",
        "tinh_trang": "Thường",
        "thoi_gian_chi_dinh": "05:00 02/05/2026",
        "trang_thai": "Hoàn tất"
      },
      "raw_text": "6 08:00 02/05/2026 26049739 LÊ TRÍ HIẾU Nam 44 tuổi Viện phí Khoa Ngoại Chấn Thương Chỉnh Hình và Thần Kinh Thay băng, cắt chỉ vết mổ [chiều dài ≤ 15cm] 0 0 Thường 05:00 02/05/2026 Hoàn tất",
      "links": [
        {
          "text": "6",
          "href": "http://192.168.2.26:2026/home.aspx?scope=sys&lang=vi&wpid=thuthuatnewdraw&thuthuatid=b7a9fd38-109c-464c-bf76-b43b0070e83e&usid=172.31.255.1_rsenway4ypykm2begi123ahbfbbe4130&st=135210",
          "onclick": ""
        },
        {
          "text": "08:00 02/05/2026",
          "href": "http://192.168.2.26:2026/home.aspx?scope=sys&lang=vi&wpid=thuthuatnewdraw&thuthuatid=b7a9fd38-109c-464c-bf76-b43b0070e83e&usid=172.31.255.1_rsenway4ypykm2begi123ahbfbbe4130&st=135210",
          "onclick": ""
        },
        {
          "text": "26049739",
          "href": "http://192.168.2.26:2026/home.aspx?scope=sys&lang=vi&wpid=thuthuatnewdraw&thuthuatid=b7a9fd38-109c-464c-bf76-b43b0070e83e&usid=172.31.255.1_rsenway4ypykm2begi123ahbfbbe4130&st=135210",
          "onclick": ""
        },
        {
          "text": "LÊ TRÍ HIẾU",
          "href": "http://192.168.2.26:2026/home.aspx?scope=sys&lang=vi&wpid=thuthuatnewdraw&thuthuatid=b7a9fd38-109c-464c-bf76-b43b0070e83e&usid=172.31.255.1_rsenway4ypykm2begi123ahbfbbe4130&st=135210",
          "onclick": ""
        },
        {
          "text": "Nam",
          "href": "http://192.168.2.26:2026/home.aspx?scope=sys&lang=vi&wpid=thuthuatnewdraw&thuthuatid=b7a9fd38-109c-464c-bf76-b43b0070e83e&usid=172.31.255.1_rsenway4ypykm2begi123ahbfbbe4130&st=135210",
          "onclick": ""
        },
        {
          "text": "44 tuổi",
          "href": "http://192.168.2.26:2026/home.aspx?scope=sys&lang=vi&wpid=thuthuatnewdraw&thuthuatid=b7a9fd38-109c-464c-bf76-b43b0070e83e&usid=172.31.255.1_rsenway4ypykm2begi123ahbfbbe4130&st=135210",
          "onclick": ""
        },
        {
          "text": "Viện phí",
          "href": "http://192.168.2.26:2026/home.aspx?scope=sys&lang=vi&wpid=thuthuatnewdraw&thuthuatid=b7a9fd38-109c-464c-bf76-b43b0070e83e&usid=172.31.255.1_rsenway4ypykm2begi123ahbfbbe4130&st=135210",
          "onclick": ""
        },
        {
          "text": "Khoa Ngoại Chấn Thương Chỉnh Hình và Thần Kinh",
          "href": "http://192.168.2.26:2026/home.aspx?scope=sys&lang=vi&wpid=thuthuatnewdraw&thuthuatid=b7a9fd38-109c-464c-bf76-b43b0070e83e&usid=172.31.255.1_rsenway4ypykm2begi123ahbfbbe4130&st=135210",
          "onclick": ""
        },
        {
          "text": "Thay băng, cắt chỉ vết mổ [chiều dài ≤ 15cm]",
          "href": "http://192.168.2.26:2026/home.aspx?scope=sys&lang=vi&wpid=thuthuatnewdraw&thuthuatid=b7a9fd38-109c-464c-bf76-b43b0070e83e&usid=172.31.255.1_rsenway4ypykm2begi123ahbfbbe4130&st=135210",
          "onclick": ""
        },
        {
          "text": "0",
          "href": "http://192.168.2.26:2026/home.aspx?scope=sys&lang=vi&wpid=thuthuatnewdraw&thuthuatid=b7a9fd38-109c-464c-bf76-b43b0070e83e&usid=172.31.255.1_rsenway4ypykm2begi123ahbfbbe4130&st=135210",
          "onclick": ""
        },
        {
          "text": "0",
          "href": "http://192.168.2.26:2026/home.aspx?scope=sys&lang=vi&wpid=thuthuatnewdraw&thuthuatid=b7a9fd38-109c-464c-bf76-b43b0070e83e&usid=172.31.255.1_rsenway4ypykm2begi123ahbfbbe4130&st=135210",
          "onclick": ""
        },
        {
          "text": "Thường",
          "href": "http://192.168.2.26:2026/home.aspx?scope=sys&lang=vi&wpid=thuthuatnewdraw&thuthuatid=b7a9fd38-109c-464c-bf76-b43b0070e83e&usid=172.31.255.1_rsenway4ypykm2begi123ahbfbbe4130&st=135210",
          "onclick": ""
        },
        {
          "text": "05:00 02/05/2026",
          "href": "http://192.168.2.26:2026/home.aspx?scope=sys&lang=vi&wpid=thuthuatnewdraw&thuthuatid=b7a9fd38-109c-464c-bf76-b43b0070e83e&usid=172.31.255.1_rsenway4ypykm2begi123ahbfbbe4130&st=135210",
          "onclick": ""
        },
        {
          "text": "Hoàn tất",
          "href": "http://192.168.2.26:2026/home.aspx?scope=sys&lang=vi&wpid=thuthuatnewdraw&thuthuatid=b7a9fd38-109c-464c-bf76-b43b0070e83e&usid=172.31.255.1_rsenway4ypykm2begi123ahbfbbe4130&st=135210",
          "onclick": ""
        }
      ]
    },
    {
      "access_id": "557272b3-62f9-494d-81a2-b43b00712b71",
      "known_fields": {
        "stt": "7",
        "ngay_thu_thuat": "08:00 03/05/2026",
        "ma_bn": "26049739",
        "ho_ten": "LÊ TRÍ HIẾU",
        "gioi_tinh": "Nam",
        "tuoi": "44 tuổi",
        "doi_tuong": "Viện phí",
        "noi_chi_dinh": "Khoa Ngoại Chấn Thương Chỉnh Hình và Thần Kinh",
        "chi_dinh_thu_thuat": "Thay băng, cắt chỉ vết mổ [chiều dài ≤ 15cm]",
        "tam_ung": "0",
        "phai_thanh_toan": "0",
        "tinh_trang": "Thường",
        "thoi_gian_chi_dinh": "05:00 03/05/2026",
        "trang_thai": "Hoàn tất"
      },
      "raw_text": "7 08:00 03/05/2026 26049739 LÊ TRÍ HIẾU Nam 44 tuổi Viện phí Khoa Ngoại Chấn Thương Chỉnh Hình và Thần Kinh Thay băng, cắt chỉ vết mổ [chiều dài ≤ 15cm] 0 0 Thường 05:00 03/05/2026 Hoàn tất",
      "links": [
        {
          "text": "7",
          "href": "http://192.168.2.26:2026/home.aspx?scope=sys&lang=vi&wpid=thuthuatnewdraw&thuthuatid=557272b3-62f9-494d-81a2-b43b00712b71&usid=172.31.255.1_rsenway4ypykm2begi123ahbfbbe4130&st=135210",
          "onclick": ""
        },
        {
          "text": "08:00 03/05/2026",
          "href": "http://192.168.2.26:2026/home.aspx?scope=sys&lang=vi&wpid=thuthuatnewdraw&thuthuatid=557272b3-62f9-494d-81a2-b43b00712b71&usid=172.31.255.1_rsenway4ypykm2begi123ahbfbbe4130&st=135210",
          "onclick": ""
        },
        {
          "text": "26049739",
          "href": "http://192.168.2.26:2026/home.aspx?scope=sys&lang=vi&wpid=thuthuatnewdraw&thuthuatid=557272b3-62f9-494d-81a2-b43b00712b71&usid=172.31.255.1_rsenway4ypykm2begi123ahbfbbe4130&st=135210",
          "onclick": ""
        },
        {
          "text": "LÊ TRÍ HIẾU",
          "href": "http://192.168.2.26:2026/home.aspx?scope=sys&lang=vi&wpid=thuthuatnewdraw&thuthuatid=557272b3-62f9-494d-81a2-b43b00712b71&usid=172.31.255.1_rsenway4ypykm2begi123ahbfbbe4130&st=135210",
          "onclick": ""
        },
        {
          "text": "Nam",
          "href": "http://192.168.2.26:2026/home.aspx?scope=sys&lang=vi&wpid=thuthuatnewdraw&thuthuatid=557272b3-62f9-494d-81a2-b43b00712b71&usid=172.31.255.1_rsenway4ypykm2begi123ahbfbbe4130&st=135210",
          "onclick": ""
        },
        {
          "text": "44 tuổi",
          "href": "http://192.168.2.26:2026/home.aspx?scope=sys&lang=vi&wpid=thuthuatnewdraw&thuthuatid=557272b3-62f9-494d-81a2-b43b00712b71&usid=172.31.255.1_rsenway4ypykm2begi123ahbfbbe4130&st=135210",
          "onclick": ""
        },
        {
          "text": "Viện phí",
          "href": "http://192.168.2.26:2026/home.aspx?scope=sys&lang=vi&wpid=thuthuatnewdraw&thuthuatid=557272b3-62f9-494d-81a2-b43b00712b71&usid=172.31.255.1_rsenway4ypykm2begi123ahbfbbe4130&st=135210",
          "onclick": ""
        },
        {
          "text": "Khoa Ngoại Chấn Thương Chỉnh Hình và Thần Kinh",
          "href": "http://192.168.2.26:2026/home.aspx?scope=sys&lang=vi&wpid=thuthuatnewdraw&thuthuatid=557272b3-62f9-494d-81a2-b43b00712b71&usid=172.31.255.1_rsenway4ypykm2begi123ahbfbbe4130&st=135210",
          "onclick": ""
        },
        {
          "text": "Thay băng, cắt chỉ vết mổ [chiều dài ≤ 15cm]",
          "href": "http://192.168.2.26:2026/home.aspx?scope=sys&lang=vi&wpid=thuthuatnewdraw&thuthuatid=557272b3-62f9-494d-81a2-b43b00712b71&usid=172.31.255.1_rsenway4ypykm2begi123ahbfbbe4130&st=135210",
          "onclick": ""
        },
        {
          "text": "0",
          "href": "http://192.168.2.26:2026/home.aspx?scope=sys&lang=vi&wpid=thuthuatnewdraw&thuthuatid=557272b3-62f9-494d-81a2-b43b00712b71&usid=172.31.255.1_rsenway4ypykm2begi123ahbfbbe4130&st=135210",
          "onclick": ""
        },
        {
          "text": "0",
          "href": "http://192.168.2.26:2026/home.aspx?scope=sys&lang=vi&wpid=thuthuatnewdraw&thuthuatid=557272b3-62f9-494d-81a2-b43b00712b71&usid=172.31.255.1_rsenway4ypykm2begi123ahbfbbe4130&st=135210",
          "onclick": ""
        },
        {
          "text": "Thường",
          "href": "http://192.168.2.26:2026/home.aspx?scope=sys&lang=vi&wpid=thuthuatnewdraw&thuthuatid=557272b3-62f9-494d-81a2-b43b00712b71&usid=172.31.255.1_rsenway4ypykm2begi123ahbfbbe4130&st=135210",
          "onclick": ""
        },
        {
          "text": "05:00 03/05/2026",
          "href": "http://192.168.2.26:2026/home.aspx?scope=sys&lang=vi&wpid=thuthuatnewdraw&thuthuatid=557272b3-62f9-494d-81a2-b43b00712b71&usid=172.31.255.1_rsenway4ypykm2begi123ahbfbbe4130&st=135210",
          "onclick": ""
        },
        {
          "text": "Hoàn tất",
          "href": "http://192.168.2.26:2026/home.aspx?scope=sys&lang=vi&wpid=thuthuatnewdraw&thuthuatid=557272b3-62f9-494d-81a2-b43b00712b71&usid=172.31.255.1_rsenway4ypykm2begi123ahbfbbe4130&st=135210",
          "onclick": ""
        }
      ]
    },
    {
      "access_id": "7449d9f0-a8f9-4f12-b2c8-b43b00710cae",
      "known_fields": {
        "stt": "8",
        "ngay_thu_thuat": "08:05 04/05/2026",
        "ma_bn": "26049739",
        "ho_ten": "LÊ TRÍ HIẾU",
        "gioi_tinh": "Nam",
        "tuoi": "44 tuổi",
        "doi_tuong": "Viện phí",
        "noi_chi_dinh": "Khoa Ngoại Chấn Thương Chỉnh Hình và Thần Kinh",
        "chi_dinh_thu_thuat": "Thay băng, cắt chỉ vết mổ [chiều dài ≤ 15cm]",
        "tam_ung": "0",
        "phai_thanh_toan": "0",
        "tinh_trang": "Thường",
        "thoi_gian_chi_dinh": "05:00 04/05/2026",
        "trang_thai": "Hoàn tất"
      },
      "raw_text": "8 08:05 04/05/2026 26049739 LÊ TRÍ HIẾU Nam 44 tuổi Viện phí Khoa Ngoại Chấn Thương Chỉnh Hình và Thần Kinh Thay băng, cắt chỉ vết mổ [chiều dài ≤ 15cm] 0 0 Thường 05:00 04/05/2026 Hoàn tất",
      "links": [
        {
          "text": "8",
          "href": "http://192.168.2.26:2026/home.aspx?scope=sys&lang=vi&wpid=thuthuatnewdraw&thuthuatid=7449d9f0-a8f9-4f12-b2c8-b43b00710cae&usid=172.31.255.1_rsenway4ypykm2begi123ahbfbbe4130&st=135210",
          "onclick": ""
        },
        {
          "text": "08:05 04/05/2026",
          "href": "http://192.168.2.26:2026/home.aspx?scope=sys&lang=vi&wpid=thuthuatnewdraw&thuthuatid=7449d9f0-a8f9-4f12-b2c8-b43b00710cae&usid=172.31.255.1_rsenway4ypykm2begi123ahbfbbe4130&st=135210",
          "onclick": ""
        },
        {
          "text": "26049739",
          "href": "http://192.168.2.26:2026/home.aspx?scope=sys&lang=vi&wpid=thuthuatnewdraw&thuthuatid=7449d9f0-a8f9-4f12-b2c8-b43b00710cae&usid=172.31.255.1_rsenway4ypykm2begi123ahbfbbe4130&st=135210",
          "onclick": ""
        },
        {
          "text": "LÊ TRÍ HIẾU",
          "href": "http://192.168.2.26:2026/home.aspx?scope=sys&lang=vi&wpid=thuthuatnewdraw&thuthuatid=7449d9f0-a8f9-4f12-b2c8-b43b00710cae&usid=172.31.255.1_rsenway4ypykm2begi123ahbfbbe4130&st=135210",
          "onclick": ""
        },
        {
          "text": "Nam",
          "href": "http://192.168.2.26:2026/home.aspx?scope=sys&lang=vi&wpid=thuthuatnewdraw&thuthuatid=7449d9f0-a8f9-4f12-b2c8-b43b00710cae&usid=172.31.255.1_rsenway4ypykm2begi123ahbfbbe4130&st=135210",
          "onclick": ""
        },
        {
          "text": "44 tuổi",
          "href": "http://192.168.2.26:2026/home.aspx?scope=sys&lang=vi&wpid=thuthuatnewdraw&thuthuatid=7449d9f0-a8f9-4f12-b2c8-b43b00710cae&usid=172.31.255.1_rsenway4ypykm2begi123ahbfbbe4130&st=135210",
          "onclick": ""
        },
        {
          "text": "Viện phí",
          "href": "http://192.168.2.26:2026/home.aspx?scope=sys&lang=vi&wpid=thuthuatnewdraw&thuthuatid=7449d9f0-a8f9-4f12-b2c8-b43b00710cae&usid=172.31.255.1_rsenway4ypykm2begi123ahbfbbe4130&st=135210",
          "onclick": ""
        },
        {
          "text": "Khoa Ngoại Chấn Thương Chỉnh Hình và Thần Kinh",
          "href": "http://192.168.2.26:2026/home.aspx?scope=sys&lang=vi&wpid=thuthuatnewdraw&thuthuatid=7449d9f0-a8f9-4f12-b2c8-b43b00710cae&usid=172.31.255.1_rsenway4ypykm2begi123ahbfbbe4130&st=135210",
          "onclick": ""
        },
        {
          "text": "Thay băng, cắt chỉ vết mổ [chiều dài ≤ 15cm]",
          "href": "http://192.168.2.26:2026/home.aspx?scope=sys&lang=vi&wpid=thuthuatnewdraw&thuthuatid=7449d9f0-a8f9-4f12-b2c8-b43b00710cae&usid=172.31.255.1_rsenway4ypykm2begi123ahbfbbe4130&st=135210",
          "onclick": ""
        },
        {
          "text": "0",
          "href": "http://192.168.2.26:2026/home.aspx?scope=sys&lang=vi&wpid=thuthuatnewdraw&thuthuatid=7449d9f0-a8f9-4f12-b2c8-b43b00710cae&usid=172.31.255.1_rsenway4ypykm2begi123ahbfbbe4130&st=135210",
          "onclick": ""
        },
        {
          "text": "0",
          "href": "http://192.168.2.26:2026/home.aspx?scope=sys&lang=vi&wpid=thuthuatnewdraw&thuthuatid=7449d9f0-a8f9-4f12-b2c8-b43b00710cae&usid=172.31.255.1_rsenway4ypykm2begi123ahbfbbe4130&st=135210",
          "onclick": ""
        },
        {
          "text": "Thường",
          "href": "http://192.168.2.26:2026/home.aspx?scope=sys&lang=vi&wpid=thuthuatnewdraw&thuthuatid=7449d9f0-a8f9-4f12-b2c8-b43b00710cae&usid=172.31.255.1_rsenway4ypykm2begi123ahbfbbe4130&st=135210",
          "onclick": ""
        },
        {
          "text": "05:00 04/05/2026",
          "href": "http://192.168.2.26:2026/home.aspx?scope=sys&lang=vi&wpid=thuthuatnewdraw&thuthuatid=7449d9f0-a8f9-4f12-b2c8-b43b00710cae&usid=172.31.255.1_rsenway4ypykm2begi123ahbfbbe4130&st=135210",
          "onclick": ""
        },
        {
          "text": "Hoàn tất",
          "href": "http://192.168.2.26:2026/home.aspx?scope=sys&lang=vi&wpid=thuthuatnewdraw&thuthuatid=7449d9f0-a8f9-4f12-b2c8-b43b00710cae&usid=172.31.255.1_rsenway4ypykm2begi123ahbfbbe4130&st=135210",
          "onclick": ""
        }
      ]
    },
    {
      "access_id": "814f5e8d-27da-4826-a68f-b44000816bfb",
      "known_fields": {
        "stt": "9",
        "ngay_thu_thuat": "08:01 05/05/2026",
        "ma_bn": "26049739",
        "ho_ten": "LÊ TRÍ HIẾU",
        "gioi_tinh": "Nam",
        "tuoi": "44 tuổi",
        "doi_tuong": "Viện phí",
        "noi_chi_dinh": "Khoa Ngoại Chấn Thương Chỉnh Hình và Thần Kinh",
        "chi_dinh_thu_thuat": "Thay băng, cắt chỉ vết mổ [chiều dài ≤ 15cm]",
        "tam_ung": "0",
        "phai_thanh_toan": "0",
        "tinh_trang": "Thường",
        "thoi_gian_chi_dinh": "05:00 05/05/2026",
        "trang_thai": "Hoàn tất"
      },
      "raw_text": "9 08:01 05/05/2026 26049739 LÊ TRÍ HIẾU Nam 44 tuổi Viện phí Khoa Ngoại Chấn Thương Chỉnh Hình và Thần Kinh Thay băng, cắt chỉ vết mổ [chiều dài ≤ 15cm] 0 0 Thường 05:00 05/05/2026 Hoàn tất",
      "links": [
        {
          "text": "9",
          "href": "http://192.168.2.26:2026/home.aspx?scope=sys&lang=vi&wpid=thuthuatnewdraw&thuthuatid=814f5e8d-27da-4826-a68f-b44000816bfb&usid=172.31.255.1_rsenway4ypykm2begi123ahbfbbe4130&st=135210",
          "onclick": ""
        },
        {
          "text": "08:01 05/05/2026",
          "href": "http://192.168.2.26:2026/home.aspx?scope=sys&lang=vi&wpid=thuthuatnewdraw&thuthuatid=814f5e8d-27da-4826-a68f-b44000816bfb&usid=172.31.255.1_rsenway4ypykm2begi123ahbfbbe4130&st=135210",
          "onclick": ""
        },
        {
          "text": "26049739",
          "href": "http://192.168.2.26:2026/home.aspx?scope=sys&lang=vi&wpid=thuthuatnewdraw&thuthuatid=814f5e8d-27da-4826-a68f-b44000816bfb&usid=172.31.255.1_rsenway4ypykm2begi123ahbfbbe4130&st=135210",
          "onclick": ""
        },
        {
          "text": "LÊ TRÍ HIẾU",
          "href": "http://192.168.2.26:2026/home.aspx?scope=sys&lang=vi&wpid=thuthuatnewdraw&thuthuatid=814f5e8d-27da-4826-a68f-b44000816bfb&usid=172.31.255.1_rsenway4ypykm2begi123ahbfbbe4130&st=135210",
          "onclick": ""
        },
        {
          "text": "Nam",
          "href": "http://192.168.2.26:2026/home.aspx?scope=sys&lang=vi&wpid=thuthuatnewdraw&thuthuatid=814f5e8d-27da-4826-a68f-b44000816bfb&usid=172.31.255.1_rsenway4ypykm2begi123ahbfbbe4130&st=135210",
          "onclick": ""
        },
        {
          "text": "44 tuổi",
          "href": "http://192.168.2.26:2026/home.aspx?scope=sys&lang=vi&wpid=thuthuatnewdraw&thuthuatid=814f5e8d-27da-4826-a68f-b44000816bfb&usid=172.31.255.1_rsenway4ypykm2begi123ahbfbbe4130&st=135210",
          "onclick": ""
        },
        {
          "text": "Viện phí",
          "href": "http://192.168.2.26:2026/home.aspx?scope=sys&lang=vi&wpid=thuthuatnewdraw&thuthuatid=814f5e8d-27da-4826-a68f-b44000816bfb&usid=172.31.255.1_rsenway4ypykm2begi123ahbfbbe4130&st=135210",
          "onclick": ""
        },
        {
          "text": "Khoa Ngoại Chấn Thương Chỉnh Hình và Thần Kinh",
          "href": "http://192.168.2.26:2026/home.aspx?scope=sys&lang=vi&wpid=thuthuatnewdraw&thuthuatid=814f5e8d-27da-4826-a68f-b44000816bfb&usid=172.31.255.1_rsenway4ypykm2begi123ahbfbbe4130&st=135210",
          "onclick": ""
        },
        {
          "text": "Thay băng, cắt chỉ vết mổ [chiều dài ≤ 15cm]",
          "href": "http://192.168.2.26:2026/home.aspx?scope=sys&lang=vi&wpid=thuthuatnewdraw&thuthuatid=814f5e8d-27da-4826-a68f-b44000816bfb&usid=172.31.255.1_rsenway4ypykm2begi123ahbfbbe4130&st=135210",
          "onclick": ""
        },
        {
          "text": "0",
          "href": "http://192.168.2.26:2026/home.aspx?scope=sys&lang=vi&wpid=thuthuatnewdraw&thuthuatid=814f5e8d-27da-4826-a68f-b44000816bfb&usid=172.31.255.1_rsenway4ypykm2begi123ahbfbbe4130&st=135210",
          "onclick": ""
        },
        {
          "text": "0",
          "href": "http://192.168.2.26:2026/home.aspx?scope=sys&lang=vi&wpid=thuthuatnewdraw&thuthuatid=814f5e8d-27da-4826-a68f-b44000816bfb&usid=172.31.255.1_rsenway4ypykm2begi123ahbfbbe4130&st=135210",
          "onclick": ""
        },
        {
          "text": "Thường",
          "href": "http://192.168.2.26:2026/home.aspx?scope=sys&lang=vi&wpid=thuthuatnewdraw&thuthuatid=814f5e8d-27da-4826-a68f-b44000816bfb&usid=172.31.255.1_rsenway4ypykm2begi123ahbfbbe4130&st=135210",
          "onclick": ""
        },
        {
          "text": "05:00 05/05/2026",
          "href": "http://192.168.2.26:2026/home.aspx?scope=sys&lang=vi&wpid=thuthuatnewdraw&thuthuatid=814f5e8d-27da-4826-a68f-b44000816bfb&usid=172.31.255.1_rsenway4ypykm2begi123ahbfbbe4130&st=135210",
          "onclick": ""
        },
        {
          "text": "Hoàn tất",
          "href": "http://192.168.2.26:2026/home.aspx?scope=sys&lang=vi&wpid=thuthuatnewdraw&thuthuatid=814f5e8d-27da-4826-a68f-b44000816bfb&usid=172.31.255.1_rsenway4ypykm2begi123ahbfbbe4130&st=135210",
          "onclick": ""
        }
      ]
    },
    {
      "access_id": "5e4b8f45-648c-4116-8b2c-b44900fc3f01",
      "known_fields": {
        "stt": "10",
        "ngay_thu_thuat": "15:00 13/05/2026",
        "ma_bn": "26049739",
        "ho_ten": "LÊ TRÍ HIẾU",
        "gioi_tinh": "Nam",
        "tuoi": "44 tuổi",
        "doi_tuong": "Bảo hiểm",
        "noi_chi_dinh": "PHÒNG KHÁM CHẤN THƯƠNG CHỈNH HÌNH - 20B",
        "chi_dinh_thu_thuat": "Thay băng, cắt chỉ vết mổ [chiều dài ≤ 15cm]",
        "tam_ung": "0",
        "phai_thanh_toan": "0",
        "tinh_trang": "Thường",
        "thoi_gian_chi_dinh": "13:39 13/05/2026",
        "trang_thai": "Hoàn tất"
      },
      "raw_text": "10 15:00 13/05/2026 26049739 LÊ TRÍ HIẾU Nam 44 tuổi Bảo hiểm PHÒNG KHÁM CHẤN THƯƠNG CHỈNH HÌNH - 20B Thay băng, cắt chỉ vết mổ [chiều dài ≤ 15cm] 0 0 Thường 13:39 13/05/2026 Hoàn tất",
      "links": [
        {
          "text": "10",
          "href": "http://192.168.2.26:2026/home.aspx?scope=sys&lang=vi&wpid=thuthuatnewdraw&thuthuatid=5e4b8f45-648c-4116-8b2c-b44900fc3f01&usid=172.31.255.1_rsenway4ypykm2begi123ahbfbbe4130&st=135210",
          "onclick": ""
        },
        {
          "text": "15:00 13/05/2026",
          "href": "http://192.168.2.26:2026/home.aspx?scope=sys&lang=vi&wpid=thuthuatnewdraw&thuthuatid=5e4b8f45-648c-4116-8b2c-b44900fc3f01&usid=172.31.255.1_rsenway4ypykm2begi123ahbfbbe4130&st=135210",
          "onclick": ""
        },
        {
          "text": "26049739",
          "href": "http://192.168.2.26:2026/home.aspx?scope=sys&lang=vi&wpid=thuthuatnewdraw&thuthuatid=5e4b8f45-648c-4116-8b2c-b44900fc3f01&usid=172.31.255.1_rsenway4ypykm2begi123ahbfbbe4130&st=135210",
          "onclick": ""
        },
        {
          "text": "LÊ TRÍ HIẾU",
          "href": "http://192.168.2.26:2026/home.aspx?scope=sys&lang=vi&wpid=thuthuatnewdraw&thuthuatid=5e4b8f45-648c-4116-8b2c-b44900fc3f01&usid=172.31.255.1_rsenway4ypykm2begi123ahbfbbe4130&st=135210",
          "onclick": ""
        },
        {
          "text": "Nam",
          "href": "http://192.168.2.26:2026/home.aspx?scope=sys&lang=vi&wpid=thuthuatnewdraw&thuthuatid=5e4b8f45-648c-4116-8b2c-b44900fc3f01&usid=172.31.255.1_rsenway4ypykm2begi123ahbfbbe4130&st=135210",
          "onclick": ""
        },
        {
          "text": "44 tuổi",
          "href": "http://192.168.2.26:2026/home.aspx?scope=sys&lang=vi&wpid=thuthuatnewdraw&thuthuatid=5e4b8f45-648c-4116-8b2c-b44900fc3f01&usid=172.31.255.1_rsenway4ypykm2begi123ahbfbbe4130&st=135210",
          "onclick": ""
        },
        {
          "text": "Bảo hiểm",
          "href": "http://192.168.2.26:2026/home.aspx?scope=sys&lang=vi&wpid=thuthuatnewdraw&thuthuatid=5e4b8f45-648c-4116-8b2c-b44900fc3f01&usid=172.31.255.1_rsenway4ypykm2begi123ahbfbbe4130&st=135210",
          "onclick": ""
        },
        {
          "text": "PHÒNG KHÁM CHẤN THƯƠNG CHỈNH HÌNH - 20B",
          "href": "http://192.168.2.26:2026/home.aspx?scope=sys&lang=vi&wpid=thuthuatnewdraw&thuthuatid=5e4b8f45-648c-4116-8b2c-b44900fc3f01&usid=172.31.255.1_rsenway4ypykm2begi123ahbfbbe4130&st=135210",
          "onclick": ""
        },
        {
          "text": "Thay băng, cắt chỉ vết mổ [chiều dài ≤ 15cm]",
          "href": "http://192.168.2.26:2026/home.aspx?scope=sys&lang=vi&wpid=thuthuatnewdraw&thuthuatid=5e4b8f45-648c-4116-8b2c-b44900fc3f01&usid=172.31.255.1_rsenway4ypykm2begi123ahbfbbe4130&st=135210",
          "onclick": ""
        },
        {
          "text": "0",
          "href": "http://192.168.2.26:2026/home.aspx?scope=sys&lang=vi&wpid=thuthuatnewdraw&thuthuatid=5e4b8f45-648c-4116-8b2c-b44900fc3f01&usid=172.31.255.1_rsenway4ypykm2begi123ahbfbbe4130&st=135210",
          "onclick": ""
        },
        {
          "text": "0",
          "href": "http://192.168.2.26:2026/home.aspx?scope=sys&lang=vi&wpid=thuthuatnewdraw&thuthuatid=5e4b8f45-648c-4116-8b2c-b44900fc3f01&usid=172.31.255.1_rsenway4ypykm2begi123ahbfbbe4130&st=135210",
          "onclick": ""
        },
        {
          "text": "Thường",
          "href": "http://192.168.2.26:2026/home.aspx?scope=sys&lang=vi&wpid=thuthuatnewdraw&thuthuatid=5e4b8f45-648c-4116-8b2c-b44900fc3f01&usid=172.31.255.1_rsenway4ypykm2begi123ahbfbbe4130&st=135210",
          "onclick": ""
        },
        {
          "text": "13:39 13/05/2026",
          "href": "http://192.168.2.26:2026/home.aspx?scope=sys&lang=vi&wpid=thuthuatnewdraw&thuthuatid=5e4b8f45-648c-4116-8b2c-b44900fc3f01&usid=172.31.255.1_rsenway4ypykm2begi123ahbfbbe4130&st=135210",
          "onclick": ""
        },
        {
          "text": "Hoàn tất",
          "href": "http://192.168.2.26:2026/home.aspx?scope=sys&lang=vi&wpid=thuthuatnewdraw&thuthuatid=5e4b8f45-648c-4116-8b2c-b44900fc3f01&usid=172.31.255.1_rsenway4ypykm2begi123ahbfbbe4130&st=135210",
          "onclick": ""
        }
      ]
    },
    {
      "access_id": "e118d1e1-556a-4002-b3d8-b472008aef9c",
      "known_fields": {
        "stt": "11",
        "ngay_thu_thuat": "13:41 23/07/2026",
        "ma_bn": "26049739",
        "ho_ten": "LÊ TRÍ HIẾU",
        "gioi_tinh": "Nam",
        "tuoi": "44 tuổi",
        "doi_tuong": "Viện phí",
        "noi_chi_dinh": "PHÒNG KHÁM CHẤN THƯƠNG CHỈNH HÌNH - 20",
        "chi_dinh_thu_thuat": "Hút ổ viêm/áp xe phần mềm",
        "tam_ung": "0",
        "phai_thanh_toan": "808,000",
        "tinh_trang": "Thường",
        "thoi_gian_chi_dinh": "08:14 23/06/2026",
        "trang_thai": "Chờ thực hiện"
      },
      "raw_text": "11 13:41 23/07/2026 26049739 LÊ TRÍ HIẾU Nam 44 tuổi Viện phí PHÒNG KHÁM CHẤN THƯƠNG CHỈNH HÌNH - 20 Hút ổ viêm/áp xe phần mềm 0 808,000 Thường 08:14 23/06/2026 Chờ thực hiện",
      "links": [
        {
          "text": "11",
          "href": "http://192.168.2.26:2026/home.aspx?scope=sys&lang=vi&wpid=thuthuatnewdraw&thuthuatid=e118d1e1-556a-4002-b3d8-b472008aef9c&usid=172.31.255.1_rsenway4ypykm2begi123ahbfbbe4130&st=135210",
          "onclick": ""
        },
        {
          "text": "13:41 23/07/2026",
          "href": "http://192.168.2.26:2026/home.aspx?scope=sys&lang=vi&wpid=thuthuatnewdraw&thuthuatid=e118d1e1-556a-4002-b3d8-b472008aef9c&usid=172.31.255.1_rsenway4ypykm2begi123ahbfbbe4130&st=135210",
          "onclick": ""
        },
        {
          "text": "26049739",
          "href": "http://192.168.2.26:2026/home.aspx?scope=sys&lang=vi&wpid=thuthuatnewdraw&thuthuatid=e118d1e1-556a-4002-b3d8-b472008aef9c&usid=172.31.255.1_rsenway4ypykm2begi123ahbfbbe4130&st=135210",
          "onclick": ""
        },
        {
          "text": "LÊ TRÍ HIẾU",
          "href": "http://192.168.2.26:2026/home.aspx?scope=sys&lang=vi&wpid=thuthuatnewdraw&thuthuatid=e118d1e1-556a-4002-b3d8-b472008aef9c&usid=172.31.255.1_rsenway4ypykm2begi123ahbfbbe4130&st=135210",
          "onclick": ""
        },
        {
          "text": "Nam",
          "href": "http://192.168.2.26:2026/home.aspx?scope=sys&lang=vi&wpid=thuthuatnewdraw&thuthuatid=e118d1e1-556a-4002-b3d8-b472008aef9c&usid=172.31.255.1_rsenway4ypykm2begi123ahbfbbe4130&st=135210",
          "onclick": ""
        },
        {
          "text": "44 tuổi",
          "href": "http://192.168.2.26:2026/home.aspx?scope=sys&lang=vi&wpid=thuthuatnewdraw&thuthuatid=e118d1e1-556a-4002-b3d8-b472008aef9c&usid=172.31.255.1_rsenway4ypykm2begi123ahbfbbe4130&st=135210",
          "onclick": ""
        },
        {
          "text": "Viện phí",
          "href": "http://192.168.2.26:2026/home.aspx?scope=sys&lang=vi&wpid=thuthuatnewdraw&thuthuatid=e118d1e1-556a-4002-b3d8-b472008aef9c&usid=172.31.255.1_rsenway4ypykm2begi123ahbfbbe4130&st=135210",
          "onclick": ""
        },
        {
          "text": "PHÒNG KHÁM CHẤN THƯƠNG CHỈNH HÌNH - 20",
          "href": "http://192.168.2.26:2026/home.aspx?scope=sys&lang=vi&wpid=thuthuatnewdraw&thuthuatid=e118d1e1-556a-4002-b3d8-b472008aef9c&usid=172.31.255.1_rsenway4ypykm2begi123ahbfbbe4130&st=135210",
          "onclick": ""
        },
        {
          "text": "Hút ổ viêm/áp xe phần mềm",
          "href": "http://192.168.2.26:2026/home.aspx?scope=sys&lang=vi&wpid=thuthuatnewdraw&thuthuatid=e118d1e1-556a-4002-b3d8-b472008aef9c&usid=172.31.255.1_rsenway4ypykm2begi123ahbfbbe4130&st=135210",
          "onclick": ""
        },
        {
          "text": "0",
          "href": "http://192.168.2.26:2026/home.aspx?scope=sys&lang=vi&wpid=thuthuatnewdraw&thuthuatid=e118d1e1-556a-4002-b3d8-b472008aef9c&usid=172.31.255.1_rsenway4ypykm2begi123ahbfbbe4130&st=135210",
          "onclick": ""
        },
        {
          "text": "808,000",
          "href": "http://192.168.2.26:2026/home.aspx?scope=sys&lang=vi&wpid=thuthuatnewdraw&thuthuatid=e118d1e1-556a-4002-b3d8-b472008aef9c&usid=172.31.255.1_rsenway4ypykm2begi123ahbfbbe4130&st=135210",
          "onclick": ""
        },
        {
          "text": "Thường",
          "href": "http://192.168.2.26:2026/home.aspx?scope=sys&lang=vi&wpid=thuthuatnewdraw&thuthuatid=e118d1e1-556a-4002-b3d8-b472008aef9c&usid=172.31.255.1_rsenway4ypykm2begi123ahbfbbe4130&st=135210",
          "onclick": ""
        },
        {
          "text": "08:14 23/06/2026",
          "href": "http://192.168.2.26:2026/home.aspx?scope=sys&lang=vi&wpid=thuthuatnewdraw&thuthuatid=e118d1e1-556a-4002-b3d8-b472008aef9c&usid=172.31.255.1_rsenway4ypykm2begi123ahbfbbe4130&st=135210",
          "onclick": ""
        },
        {
          "text": "Chờ thực hiện",
          "href": "http://192.168.2.26:2026/home.aspx?scope=sys&lang=vi&wpid=thuthuatnewdraw&thuthuatid=e118d1e1-556a-4002-b3d8-b472008aef9c&usid=172.31.255.1_rsenway4ypykm2begi123ahbfbbe4130&st=135210",
          "onclick": ""
        }
      ]
    }
  ]
}
[2026-07-23 13:52:13.589] [CANDIDATES] D/s Thủ thuật: có 11 ứng viên cùng người bệnh
{
  "candidates": [
    {
      "list_score": 75.0,
      "list_datetime": "2026-07-23 13:41:00",
      "list_method": "Hút ổ viêm/áp xe phần mềm",
      "detail_marker": "http://192.168.2.26:2026/home.aspx?scope=sys&lang=vi&wpid=thuthuatnewdraw&thuthuatid=e118d1e1-556a-4002-b3d8-b472008aef9c&usid=172.31.255.1_rsenway4ypykm2begi123ahbfbbe4130&st=135210",
      "row": {
        "access_id": "e118d1e1-556a-4002-b3d8-b472008aef9c",
        "known_fields": {
          "stt": "11",
          "ngay_thu_thuat": "13:41 23/07/2026",
          "ma_bn": "26049739",
          "ho_ten": "LÊ TRÍ HIẾU",
          "gioi_tinh": "Nam",
          "tuoi": "44 tuổi",
          "doi_tuong": "Viện phí",
          "noi_chi_dinh": "PHÒNG KHÁM CHẤN THƯƠNG CHỈNH HÌNH - 20",
          "chi_dinh_thu_thuat": "Hút ổ viêm/áp xe phần mềm",
          "tam_ung": "0",
          "phai_thanh_toan": "808,000",
          "tinh_trang": "Thường",
          "thoi_gian_chi_dinh": "08:14 23/06/2026",
          "trang_thai": "Chờ thực hiện"
        },
        "raw_text": "11 13:41 23/07/2026 26049739 LÊ TRÍ HIẾU Nam 44 tuổi Viện phí PHÒNG KHÁM CHẤN THƯƠNG CHỈNH HÌNH - 20 Hút ổ viêm/áp xe phần mềm 0 808,000 Thường 08:14 23/06/2026 Chờ thực hiện",
        "links": [
          {
            "text": "11",
            "href": "http://192.168.2.26:2026/home.aspx?scope=sys&lang=vi&wpid=thuthuatnewdraw&thuthuatid=e118d1e1-556a-4002-b3d8-b472008aef9c&usid=172.31.255.1_rsenway4ypykm2begi123ahbfbbe4130&st=135210",
            "onclick": ""
          },
          {
            "text": "13:41 23/07/2026",
            "href": "http://192.168.2.26:2026/home.aspx?scope=sys&lang=vi&wpid=thuthuatnewdraw&thuthuatid=e118d1e1-556a-4002-b3d8-b472008aef9c&usid=172.31.255.1_rsenway4ypykm2begi123ahbfbbe4130&st=135210",
            "onclick": ""
          },
          {
            "text": "26049739",
            "href": "http://192.168.2.26:2026/home.aspx?scope=sys&lang=vi&wpid=thuthuatnewdraw&thuthuatid=e118d1e1-556a-4002-b3d8-b472008aef9c&usid=172.31.255.1_rsenway4ypykm2begi123ahbfbbe4130&st=135210",
            "onclick": ""
          },
          {
            "text": "LÊ TRÍ HIẾU",
            "href": "http://192.168.2.26:2026/home.aspx?scope=sys&lang=vi&wpid=thuthuatnewdraw&thuthuatid=e118d1e1-556a-4002-b3d8-b472008aef9c&usid=172.31.255.1_rsenway4ypykm2begi123ahbfbbe4130&st=135210",
            "onclick": ""
          },
          {
            "text": "Nam",
            "href": "http://192.168.2.26:2026/home.aspx?scope=sys&lang=vi&wpid=thuthuatnewdraw&thuthuatid=e118d1e1-556a-4002-b3d8-b472008aef9c&usid=172.31.255.1_rsenway4ypykm2begi123ahbfbbe4130&st=135210",
            "onclick": ""
          },
          {
            "text": "44 tuổi",
            "href": "http://192.168.2.26:2026/home.aspx?scope=sys&lang=vi&wpid=thuthuatnewdraw&thuthuatid=e118d1e1-556a-4002-b3d8-b472008aef9c&usid=172.31.255.1_rsenway4ypykm2begi123ahbfbbe4130&st=135210",
            "onclick": ""
          },
          {
            "text": "Viện phí",
            "href": "http://192.168.2.26:2026/home.aspx?scope=sys&lang=vi&wpid=thuthuatnewdraw&thuthuatid=e118d1e1-556a-4002-b3d8-b472008aef9c&usid=172.31.255.1_rsenway4ypykm2begi123ahbfbbe4130&st=135210",
            "onclick": ""
          },
          {
            "text": "PHÒNG KHÁM CHẤN THƯƠNG CHỈNH HÌNH - 20",
            "href": "http://192.168.2.26:2026/home.aspx?scope=sys&lang=vi&wpid=thuthuatnewdraw&thuthuatid=e118d1e1-556a-4002-b3d8-b472008aef9c&usid=172.31.255.1_rsenway4ypykm2begi123ahbfbbe4130&st=135210",
            "onclick": ""
          },
          {
            "text": "Hút ổ viêm/áp xe phần mềm",
            "href": "http://192.168.2.26:2026/home.aspx?scope=sys&lang=vi&wpid=thuthuatnewdraw&thuthuatid=e118d1e1-556a-4002-b3d8-b472008aef9c&usid=172.31.255.1_rsenway4ypykm2begi123ahbfbbe4130&st=135210",
            "onclick": ""
          },
          {
            "text": "0",
            "href": "http://192.168.2.26:2026/home.aspx?scope=sys&lang=vi&wpid=thuthuatnewdraw&thuthuatid=e118d1e1-556a-4002-b3d8-b472008aef9c&usid=172.31.255.1_rsenway4ypykm2begi123ahbfbbe4130&st=135210",
            "onclick": ""
          },
          {
            "text": "808,000",
            "href": "http://192.168.2.26:2026/home.aspx?scope=sys&lang=vi&wpid=thuthuatnewdraw&thuthuatid=e118d1e1-556a-4002-b3d8-b472008aef9c&usid=172.31.255.1_rsenway4ypykm2begi123ahbfbbe4130&st=135210",
            "onclick": ""
          },
          {
            "text": "Thường",
            "href": "http://192.168.2.26:2026/home.aspx?scope=sys&lang=vi&wpid=thuthuatnewdraw&thuthuatid=e118d1e1-556a-4002-b3d8-b472008aef9c&usid=172.31.255.1_rsenway4ypykm2begi123ahbfbbe4130&st=135210",
            "onclick": ""
          },
          {
            "text": "08:14 23/06/2026",
            "href": "http://192.168.2.26:2026/home.aspx?scope=sys&lang=vi&wpid=thuthuatnewdraw&thuthuatid=e118d1e1-556a-4002-b3d8-b472008aef9c&usid=172.31.255.1_rsenway4ypykm2begi123ahbfbbe4130&st=135210",
            "onclick": ""
          },
          {
            "text": "Chờ thực hiện",
            "href": "http://192.168.2.26:2026/home.aspx?scope=sys&lang=vi&wpid=thuthuatnewdraw&thuthuatid=e118d1e1-556a-4002-b3d8-b472008aef9c&usid=172.31.255.1_rsenway4ypykm2begi123ahbfbbe4130&st=135210",
            "onclick": ""
          }
        ]
      }
    },
    {
      "list_score": 38.75,
      "list_datetime": "2026-04-26 07:20:00",
      "list_method": "Thay băng, cắt chỉ vết mổ [chiều dài ≤ 15cm]",
      "detail_marker": "http://192.168.2.26:2026/home.aspx?scope=sys&lang=vi&wpid=thuthuatnewdraw&thuthuatid=7bf4a027-9ed8-4c1e-8ce9-b438000c022e&usid=172.31.255.1_rsenway4ypykm2begi123ahbfbbe4130&st=135210",
      "row": {
        "access_id": "7bf4a027-9ed8-4c1e-8ce9-b438000c022e",
        "known_fields": {
          "stt": "1",
          "ngay_thu_thuat": "07:20 26/04/2026",
          "ma_bn": "26049739",
          "ho_ten": "LÊ TRÍ HIẾU",
          "gioi_tinh": "Nam",
          "tuoi": "44 tuổi",
          "doi_tuong": "Viện phí",
          "noi_chi_dinh": "Khoa Ngoại Chấn Thương Chỉnh Hình và Thần Kinh",
          "chi_dinh_thu_thuat": "Thay băng, cắt chỉ vết mổ [chiều dài ≤ 15cm]",
          "tam_ung": "0",
          "phai_thanh_toan": "0",
          "tinh_trang": "Thường",
          "thoi_gian_chi_dinh": "05:00 26/04/2026",
          "trang_thai": "Hoàn tất"
        },
        "raw_text": "1 07:20 26/04/2026 26049739 LÊ TRÍ HIẾU Nam 44 tuổi Viện phí Khoa Ngoại Chấn Thương Chỉnh Hình và Thần Kinh Thay băng, cắt chỉ vết mổ [chiều dài ≤ 15cm] 0 0 Thường 05:00 26/04/2026 Hoàn tất",
        "links": [
          {
            "text": "1",
            "href": "http://192.168.2.26:2026/home.aspx?scope=sys&lang=vi&wpid=thuthuatnewdraw&thuthuatid=7bf4a027-9ed8-4c1e-8ce9-b438000c022e&usid=172.31.255.1_rsenway4ypykm2begi123ahbfbbe4130&st=135210",
            "onclick": ""
          },
          {
            "text": "07:20 26/04/2026",
            "href": "http://192.168.2.26:2026/home.aspx?scope=sys&lang=vi&wpid=thuthuatnewdraw&thuthuatid=7bf4a027-9ed8-4c1e-8ce9-b438000c022e&usid=172.31.255.1_rsenway4ypykm2begi123ahbfbbe4130&st=135210",
            "onclick": ""
          },
          {
            "text": "26049739",
            "href": "http://192.168.2.26:2026/home.aspx?scope=sys&lang=vi&wpid=thuthuatnewdraw&thuthuatid=7bf4a027-9ed8-4c1e-8ce9-b438000c022e&usid=172.31.255.1_rsenway4ypykm2begi123ahbfbbe4130&st=135210",
            "onclick": ""
          },
          {
            "text": "LÊ TRÍ HIẾU",
            "href": "http://192.168.2.26:2026/home.aspx?scope=sys&lang=vi&wpid=thuthuatnewdraw&thuthuatid=7bf4a027-9ed8-4c1e-8ce9-b438000c022e&usid=172.31.255.1_rsenway4ypykm2begi123ahbfbbe4130&st=135210",
            "onclick": ""
          },
          {
            "text": "Nam",
            "href": "http://192.168.2.26:2026/home.aspx?scope=sys&lang=vi&wpid=thuthuatnewdraw&thuthuatid=7bf4a027-9ed8-4c1e-8ce9-b438000c022e&usid=172.31.255.1_rsenway4ypykm2begi123ahbfbbe4130&st=135210",
            "onclick": ""
          },
          {
            "text": "44 tuổi",
            "href": "http://192.168.2.26:2026/home.aspx?scope=sys&lang=vi&wpid=thuthuatnewdraw&thuthuatid=7bf4a027-9ed8-4c1e-8ce9-b438000c022e&usid=172.31.255.1_rsenway4ypykm2begi123ahbfbbe4130&st=135210",
            "onclick": ""
          },
          {
            "text": "Viện phí",
            "href": "http://192.168.2.26:2026/home.aspx?scope=sys&lang=vi&wpid=thuthuatnewdraw&thuthuatid=7bf4a027-9ed8-4c1e-8ce9-b438000c022e&usid=172.31.255.1_rsenway4ypykm2begi123ahbfbbe4130&st=135210",
            "onclick": ""
          },
          {
            "text": "Khoa Ngoại Chấn Thương Chỉnh Hình và Thần Kinh",
            "href": "http://192.168.2.26:2026/home.aspx?scope=sys&lang=vi&wpid=thuthuatnewdraw&thuthuatid=7bf4a027-9ed8-4c1e-8ce9-b438000c022e&usid=172.31.255.1_rsenway4ypykm2begi123ahbfbbe4130&st=135210",
            "onclick": ""
          },
          {
            "text": "Thay băng, cắt chỉ vết mổ [chiều dài ≤ 15cm]",
            "href": "http://192.168.2.26:2026/home.aspx?scope=sys&lang=vi&wpid=thuthuatnewdraw&thuthuatid=7bf4a027-9ed8-4c1e-8ce9-b438000c022e&usid=172.31.255.1_rsenway4ypykm2begi123ahbfbbe4130&st=135210",
            "onclick": ""
          },
          {
            "text": "0",
            "href": "http://192.168.2.26:2026/home.aspx?scope=sys&lang=vi&wpid=thuthuatnewdraw&thuthuatid=7bf4a027-9ed8-4c1e-8ce9-b438000c022e&usid=172.31.255.1_rsenway4ypykm2begi123ahbfbbe4130&st=135210",
            "onclick": ""
          },
          {
            "text": "0",
            "href": "http://192.168.2.26:2026/home.aspx?scope=sys&lang=vi&wpid=thuthuatnewdraw&thuthuatid=7bf4a027-9ed8-4c1e-8ce9-b438000c022e&usid=172.31.255.1_rsenway4ypykm2begi123ahbfbbe4130&st=135210",
            "onclick": ""
          },
          {
            "text": "Thường",
            "href": "http://192.168.2.26:2026/home.aspx?scope=sys&lang=vi&wpid=thuthuatnewdraw&thuthuatid=7bf4a027-9ed8-4c1e-8ce9-b438000c022e&usid=172.31.255.1_rsenway4ypykm2begi123ahbfbbe4130&st=135210",
            "onclick": ""
          },
          {
            "text": "05:00 26/04/2026",
            "href": "http://192.168.2.26:2026/home.aspx?scope=sys&lang=vi&wpid=thuthuatnewdraw&thuthuatid=7bf4a027-9ed8-4c1e-8ce9-b438000c022e&usid=172.31.255.1_rsenway4ypykm2begi123ahbfbbe4130&st=135210",
            "onclick": ""
          },
          {
            "text": "Hoàn tất",
            "href": "http://192.168.2.26:2026/home.aspx?scope=sys&lang=vi&wpid=thuthuatnewdraw&thuthuatid=7bf4a027-9ed8-4c1e-8ce9-b438000c022e&usid=172.31.255.1_rsenway4ypykm2begi123ahbfbbe4130&st=135210",
            "onclick": ""
          }
        ]
      }
    },
    {
      "list_score": 38.75,
      "list_datetime": "2026-04-29 03:00:00",
      "list_method": "Thay băng, cắt chỉ vết mổ [chiều dài ≤ 15cm]",
      "detail_marker": "http://192.168.2.26:2026/home.aspx?scope=sys&lang=vi&wpid=thuthuatnewdraw&thuthuatid=010317ed-5318-4af7-b05f-b43b00360af9&usid=172.31.255.1_rsenway4ypykm2begi123ahbfbbe4130&st=135210",
      "row": {
        "access_id": "010317ed-5318-4af7-b05f-b43b00360af9",
        "known_fields": {
          "stt": "2",
          "ngay_thu_thuat": "03:00 29/04/2026",
          "ma_bn": "26049739",
          "ho_ten": "LÊ TRÍ HIẾU",
          "gioi_tinh": "Nam",
          "tuoi": "44 tuổi",
          "doi_tuong": "Viện phí",
          "noi_chi_dinh": "Khoa Ngoại Chấn Thương Chỉnh Hình và Thần Kinh",
          "chi_dinh_thu_thuat": "Thay băng, cắt chỉ vết mổ [chiều dài ≤ 15cm]",
          "tam_ung": "0",
          "phai_thanh_toan": "0",
          "tinh_trang": "Thường",
          "thoi_gian_chi_dinh": "03:00 29/04/2026",
          "trang_thai": "Hoàn tất"
        },
        "raw_text": "2 03:00 29/04/2026 26049739 LÊ TRÍ HIẾU Nam 44 tuổi Viện phí Khoa Ngoại Chấn Thương Chỉnh Hình và Thần Kinh Thay băng, cắt chỉ vết mổ [chiều dài ≤ 15cm] 0 0 Thường 03:00 29/04/2026 Hoàn tất",
        "links": [
          {
            "text": "2",
            "href": "http://192.168.2.26:2026/home.aspx?scope=sys&lang=vi&wpid=thuthuatnewdraw&thuthuatid=010317ed-5318-4af7-b05f-b43b00360af9&usid=172.31.255.1_rsenway4ypykm2begi123ahbfbbe4130&st=135210",
            "onclick": ""
          },
          {
            "text": "03:00 29/04/2026",
            "href": "http://192.168.2.26:2026/home.aspx?scope=sys&lang=vi&wpid=thuthuatnewdraw&thuthuatid=010317ed-5318-4af7-b05f-b43b00360af9&usid=172.31.255.1_rsenway4ypykm2begi123ahbfbbe4130&st=135210",
            "onclick": ""
          },
          {
            "text": "26049739",
            "href": "http://192.168.2.26:2026/home.aspx?scope=sys&lang=vi&wpid=thuthuatnewdraw&thuthuatid=010317ed-5318-4af7-b05f-b43b00360af9&usid=172.31.255.1_rsenway4ypykm2begi123ahbfbbe4130&st=135210",
            "onclick": ""
          },
          {
            "text": "LÊ TRÍ HIẾU",
            "href": "http://192.168.2.26:2026/home.aspx?scope=sys&lang=vi&wpid=thuthuatnewdraw&thuthuatid=010317ed-5318-4af7-b05f-b43b00360af9&usid=172.31.255.1_rsenway4ypykm2begi123ahbfbbe4130&st=135210",
            "onclick": ""
          },
          {
            "text": "Nam",
            "href": "http://192.168.2.26:2026/home.aspx?scope=sys&lang=vi&wpid=thuthuatnewdraw&thuthuatid=010317ed-5318-4af7-b05f-b43b00360af9&usid=172.31.255.1_rsenway4ypykm2begi123ahbfbbe4130&st=135210",
            "onclick": ""
          },
          {
            "text": "44 tuổi",
            "href": "http://192.168.2.26:2026/home.aspx?scope=sys&lang=vi&wpid=thuthuatnewdraw&thuthuatid=010317ed-5318-4af7-b05f-b43b00360af9&usid=172.31.255.1_rsenway4ypykm2begi123ahbfbbe4130&st=135210",
            "onclick": ""
          },
          {
            "text": "Viện phí",
            "href": "http://192.168.2.26:2026/home.aspx?scope=sys&lang=vi&wpid=thuthuatnewdraw&thuthuatid=010317ed-5318-4af7-b05f-b43b00360af9&usid=172.31.255.1_rsenway4ypykm2begi123ahbfbbe4130&st=135210",
            "onclick": ""
          },
          {
            "text": "Khoa Ngoại Chấn Thương Chỉnh Hình và Thần Kinh",
            "href": "http://192.168.2.26:2026/home.aspx?scope=sys&lang=vi&wpid=thuthuatnewdraw&thuthuatid=010317ed-5318-4af7-b05f-b43b00360af9&usid=172.31.255.1_rsenway4ypykm2begi123ahbfbbe4130&st=135210",
            "onclick": ""
          },
          {
            "text": "Thay băng, cắt chỉ vết mổ [chiều dài ≤ 15cm]",
            "href": "http://192.168.2.26:2026/home.aspx?scope=sys&lang=vi&wpid=thuthuatnewdraw&thuthuatid=010317ed-5318-4af7-b05f-b43b00360af9&usid=172.31.255.1_rsenway4ypykm2begi123ahbfbbe4130&st=135210",
            "onclick": ""
          },
          {
            "text": "0",
            "href": "http://192.168.2.26:2026/home.aspx?scope=sys&lang=vi&wpid=thuthuatnewdraw&thuthuatid=010317ed-5318-4af7-b05f-b43b00360af9&usid=172.31.255.1_rsenway4ypykm2begi123ahbfbbe4130&st=135210",
            "onclick": ""
          },
          {
            "text": "0",
            "href": "http://192.168.2.26:2026/home.aspx?scope=sys&lang=vi&wpid=thuthuatnewdraw&thuthuatid=010317ed-5318-4af7-b05f-b43b00360af9&usid=172.31.255.1_rsenway4ypykm2begi123ahbfbbe4130&st=135210",
            "onclick": ""
          },
          {
            "text": "Thường",
            "href": "http://192.168.2.26:2026/home.aspx?scope=sys&lang=vi&wpid=thuthuatnewdraw&thuthuatid=010317ed-5318-4af7-b05f-b43b00360af9&usid=172.31.255.1_rsenway4ypykm2begi123ahbfbbe4130&st=135210",
            "onclick": ""
          },
          {
            "text": "03:00 29/04/2026",
            "href": "http://192.168.2.26:2026/home.aspx?scope=sys&lang=vi&wpid=thuthuatnewdraw&thuthuatid=010317ed-5318-4af7-b05f-b43b00360af9&usid=172.31.255.1_rsenway4ypykm2begi123ahbfbbe4130&st=135210",
            "onclick": ""
          },
          {
            "text": "Hoàn tất",
            "href": "http://192.168.2.26:2026/home.aspx?scope=sys&lang=vi&wpid=thuthuatnewdraw&thuthuatid=010317ed-5318-4af7-b05f-b43b00360af9&usid=172.31.255.1_rsenway4ypykm2begi123ahbfbbe4130&st=135210",
            "onclick": ""
          }
        ]
      }
    },
    {
      "list_score": 38.75,
      "list_datetime": "2026-04-29 08:00:00",
      "list_method": "Thay băng, cắt chỉ vết mổ [chiều dài ≤ 15cm]",
      "detail_marker": "http://192.168.2.26:2026/home.aspx?scope=sys&lang=vi&wpid=thuthuatnewdraw&thuthuatid=d13f3182-6753-4cab-af48-b43a011d10a7&usid=172.31.255.1_rsenway4ypykm2begi123ahbfbbe4130&st=135210",
      "row": {
        "access_id": "d13f3182-6753-4cab-af48-b43a011d10a7",
        "known_fields": {
          "stt": "3",
          "ngay_thu_thuat": "08:00 29/04/2026",
          "ma_bn": "26049739",
          "ho_ten": "LÊ TRÍ HIẾU",
          "gioi_tinh": "Nam",
          "tuoi": "44 tuổi",
          "doi_tuong": "Viện phí",
          "noi_chi_dinh": "Khoa Ngoại Chấn Thương Chỉnh Hình và Thần Kinh",
          "chi_dinh_thu_thuat": "Thay băng, cắt chỉ vết mổ [chiều dài ≤ 15cm]",
          "tam_ung": "0",
          "phai_thanh_toan": "0",
          "tinh_trang": "Thường",
          "thoi_gian_chi_dinh": "17:06 28/04/2026",
          "trang_thai": "Hoàn tất"
        },
        "raw_text": "3 08:00 29/04/2026 26049739 LÊ TRÍ HIẾU Nam 44 tuổi Viện phí Khoa Ngoại Chấn Thương Chỉnh Hình và Thần Kinh Thay băng, cắt chỉ vết mổ [chiều dài ≤ 15cm] 0 0 Thường 17:06 28/04/2026 Hoàn tất",
        "links": [
          {
            "text": "3",
            "href": "http://192.168.2.26:2026/home.aspx?scope=sys&lang=vi&wpid=thuthuatnewdraw&thuthuatid=d13f3182-6753-4cab-af48-b43a011d10a7&usid=172.31.255.1_rsenway4ypykm2begi123ahbfbbe4130&st=135210",
            "onclick": ""
          },
          {
            "text": "08:00 29/04/2026",
            "href": "http://192.168.2.26:2026/home.aspx?scope=sys&lang=vi&wpid=thuthuatnewdraw&thuthuatid=d13f3182-6753-4cab-af48-b43a011d10a7&usid=172.31.255.1_rsenway4ypykm2begi123ahbfbbe4130&st=135210",
            "onclick": ""
          },
          {
            "text": "26049739",
            "href": "http://192.168.2.26:2026/home.aspx?scope=sys&lang=vi&wpid=thuthuatnewdraw&thuthuatid=d13f3182-6753-4cab-af48-b43a011d10a7&usid=172.31.255.1_rsenway4ypykm2begi123ahbfbbe4130&st=135210",
            "onclick": ""
          },
          {
            "text": "LÊ TRÍ HIẾU",
            "href": "http://192.168.2.26:2026/home.aspx?scope=sys&lang=vi&wpid=thuthuatnewdraw&thuthuatid=d13f3182-6753-4cab-af48-b43a011d10a7&usid=172.31.255.1_rsenway4ypykm2begi123ahbfbbe4130&st=135210",
            "onclick": ""
          },
          {
            "text": "Nam",
            "href": "http://192.168.2.26:2026/home.aspx?scope=sys&lang=vi&wpid=thuthuatnewdraw&thuthuatid=d13f3182-6753-4cab-af48-b43a011d10a7&usid=172.31.255.1_rsenway4ypykm2begi123ahbfbbe4130&st=135210",
            "onclick": ""
          },
          {
            "text": "44 tuổi",
            "href": "http://192.168.2.26:2026/home.aspx?scope=sys&lang=vi&wpid=thuthuatnewdraw&thuthuatid=d13f3182-6753-4cab-af48-b43a011d10a7&usid=172.31.255.1_rsenway4ypykm2begi123ahbfbbe4130&st=135210",
            "onclick": ""
          },
          {
            "text": "Viện phí",
            "href": "http://192.168.2.26:2026/home.aspx?scope=sys&lang=vi&wpid=thuthuatnewdraw&thuthuatid=d13f3182-6753-4cab-af48-b43a011d10a7&usid=172.31.255.1_rsenway4ypykm2begi123ahbfbbe4130&st=135210",
            "onclick": ""
          },
          {
            "text": "Khoa Ngoại Chấn Thương Chỉnh Hình và Thần Kinh",
            "href": "http://192.168.2.26:2026/home.aspx?scope=sys&lang=vi&wpid=thuthuatnewdraw&thuthuatid=d13f3182-6753-4cab-af48-b43a011d10a7&usid=172.31.255.1_rsenway4ypykm2begi123ahbfbbe4130&st=135210",
            "onclick": ""
          },
          {
            "text": "Thay băng, cắt chỉ vết mổ [chiều dài ≤ 15cm]",
            "href": "http://192.168.2.26:2026/home.aspx?scope=sys&lang=vi&wpid=thuthuatnewdraw&thuthuatid=d13f3182-6753-4cab-af48-b43a011d10a7&usid=172.31.255.1_rsenway4ypykm2begi123ahbfbbe4130&st=135210",
            "onclick": ""
          },
          {
            "text": "0",
            "href": "http://192.168.2.26:2026/home.aspx?scope=sys&lang=vi&wpid=thuthuatnewdraw&thuthuatid=d13f3182-6753-4cab-af48-b43a011d10a7&usid=172.31.255.1_rsenway4ypykm2begi123ahbfbbe4130&st=135210",
            "onclick": ""
          },
          {
            "text": "0",
            "href": "http://192.168.2.26:2026/home.aspx?scope=sys&lang=vi&wpid=thuthuatnewdraw&thuthuatid=d13f3182-6753-4cab-af48-b43a011d10a7&usid=172.31.255.1_rsenway4ypykm2begi123ahbfbbe4130&st=135210",
            "onclick": ""
          },
          {
            "text": "Thường",
            "href": "http://192.168.2.26:2026/home.aspx?scope=sys&lang=vi&wpid=thuthuatnewdraw&thuthuatid=d13f3182-6753-4cab-af48-b43a011d10a7&usid=172.31.255.1_rsenway4ypykm2begi123ahbfbbe4130&st=135210",
            "onclick": ""
          },
          {
            "text": "17:06 28/04/2026",
            "href": "http://192.168.2.26:2026/home.aspx?scope=sys&lang=vi&wpid=thuthuatnewdraw&thuthuatid=d13f3182-6753-4cab-af48-b43a011d10a7&usid=172.31.255.1_rsenway4ypykm2begi123ahbfbbe4130&st=135210",
            "onclick": ""
          },
          {
            "text": "Hoàn tất",
            "href": "http://192.168.2.26:2026/home.aspx?scope=sys&lang=vi&wpid=thuthuatnewdraw&thuthuatid=d13f3182-6753-4cab-af48-b43a011d10a7&usid=172.31.255.1_rsenway4ypykm2begi123ahbfbbe4130&st=135210",
            "onclick": ""
          }
        ]
      }
    },
    {
      "list_score": 38.75,
      "list_datetime": "2026-04-30 07:00:00",
      "list_method": "Thay băng, cắt chỉ vết mổ [chiều dài ≤ 15cm]",
      "detail_marker": "http://192.168.2.26:2026/home.aspx?scope=sys&lang=vi&wpid=thuthuatnewdraw&thuthuatid=6826bc40-938e-48cf-b4ea-b43b00702d25&usid=172.31.255.1_rsenway4ypykm2begi123ahbfbbe4130&st=135210",
      "row": {
        "access_id": "6826bc40-938e-48cf-b4ea-b43b00702d25",
        "known_fields": {
          "stt": "4",
          "ngay_thu_thuat": "07:00 30/04/2026",
          "ma_bn": "26049739",
          "ho_ten": "LÊ TRÍ HIẾU",
          "gioi_tinh": "Nam",
          "tuoi": "44 tuổi",
          "doi_tuong": "Viện phí",
          "noi_chi_dinh": "Khoa Ngoại Chấn Thương Chỉnh Hình và Thần Kinh",
          "chi_dinh_thu_thuat": "Thay băng, cắt chỉ vết mổ [chiều dài ≤ 15cm]",
          "tam_ung": "0",
          "phai_thanh_toan": "0",
          "tinh_trang": "Thường",
          "thoi_gian_chi_dinh": "05:00 30/04/2026",
          "trang_thai": "Hoàn tất"
        },
        "raw_text": "4 07:00 30/04/2026 26049739 LÊ TRÍ HIẾU Nam 44 tuổi Viện phí Khoa Ngoại Chấn Thương Chỉnh Hình và Thần Kinh Thay băng, cắt chỉ vết mổ [chiều dài ≤ 15cm] 0 0 Thường 05:00 30/04/2026 Hoàn tất",
        "links": [
          {
            "text": "4",
            "href": "http://192.168.2.26:2026/home.aspx?scope=sys&lang=vi&wpid=thuthuatnewdraw&thuthuatid=6826bc40-938e-48cf-b4ea-b43b00702d25&usid=172.31.255.1_rsenway4ypykm2begi123ahbfbbe4130&st=135210",
            "onclick": ""
          },
          {
            "text": "07:00 30/04/2026",
            "href": "http://192.168.2.26:2026/home.aspx?scope=sys&lang=vi&wpid=thuthuatnewdraw&thuthuatid=6826bc40-938e-48cf-b4ea-b43b00702d25&usid=172.31.255.1_rsenway4ypykm2begi123ahbfbbe4130&st=135210",
            "onclick": ""
          },
          {
            "text": "26049739",
            "href": "http://192.168.2.26:2026/home.aspx?scope=sys&lang=vi&wpid=thuthuatnewdraw&thuthuatid=6826bc40-938e-48cf-b4ea-b43b00702d25&usid=172.31.255.1_rsenway4ypykm2begi123ahbfbbe4130&st=135210",
            "onclick": ""
          },
          {
            "text": "LÊ TRÍ HIẾU",
            "href": "http://192.168.2.26:2026/home.aspx?scope=sys&lang=vi&wpid=thuthuatnewdraw&thuthuatid=6826bc40-938e-48cf-b4ea-b43b00702d25&usid=172.31.255.1_rsenway4ypykm2begi123ahbfbbe4130&st=135210",
            "onclick": ""
          },
          {
            "text": "Nam",
            "href": "http://192.168.2.26:2026/home.aspx?scope=sys&lang=vi&wpid=thuthuatnewdraw&thuthuatid=6826bc40-938e-48cf-b4ea-b43b00702d25&usid=172.31.255.1_rsenway4ypykm2begi123ahbfbbe4130&st=135210",
            "onclick": ""
          },
          {
            "text": "44 tuổi",
            "href": "http://192.168.2.26:2026/home.aspx?scope=sys&lang=vi&wpid=thuthuatnewdraw&thuthuatid=6826bc40-938e-48cf-b4ea-b43b00702d25&usid=172.31.255.1_rsenway4ypykm2begi123ahbfbbe4130&st=135210",
            "onclick": ""
          },
          {
            "text": "Viện phí",
            "href": "http://192.168.2.26:2026/home.aspx?scope=sys&lang=vi&wpid=thuthuatnewdraw&thuthuatid=6826bc40-938e-48cf-b4ea-b43b00702d25&usid=172.31.255.1_rsenway4ypykm2begi123ahbfbbe4130&st=135210",
            "onclick": ""
          },
          {
            "text": "Khoa Ngoại Chấn Thương Chỉnh Hình và Thần Kinh",
            "href": "http://192.168.2.26:2026/home.aspx?scope=sys&lang=vi&wpid=thuthuatnewdraw&thuthuatid=6826bc40-938e-48cf-b4ea-b43b00702d25&usid=172.31.255.1_rsenway4ypykm2begi123ahbfbbe4130&st=135210",
            "onclick": ""
          },
          {
            "text": "Thay băng, cắt chỉ vết mổ [chiều dài ≤ 15cm]",
            "href": "http://192.168.2.26:2026/home.aspx?scope=sys&lang=vi&wpid=thuthuatnewdraw&thuthuatid=6826bc40-938e-48cf-b4ea-b43b00702d25&usid=172.31.255.1_rsenway4ypykm2begi123ahbfbbe4130&st=135210",
            "onclick": ""
          },
          {
            "text": "0",
            "href": "http://192.168.2.26:2026/home.aspx?scope=sys&lang=vi&wpid=thuthuatnewdraw&thuthuatid=6826bc40-938e-48cf-b4ea-b43b00702d25&usid=172.31.255.1_rsenway4ypykm2begi123ahbfbbe4130&st=135210",
            "onclick": ""
          },
          {
            "text": "0",
            "href": "http://192.168.2.26:2026/home.aspx?scope=sys&lang=vi&wpid=thuthuatnewdraw&thuthuatid=6826bc40-938e-48cf-b4ea-b43b00702d25&usid=172.31.255.1_rsenway4ypykm2begi123ahbfbbe4130&st=135210",
            "onclick": ""
          },
          {
            "text": "Thường",
            "href": "http://192.168.2.26:2026/home.aspx?scope=sys&lang=vi&wpid=thuthuatnewdraw&thuthuatid=6826bc40-938e-48cf-b4ea-b43b00702d25&usid=172.31.255.1_rsenway4ypykm2begi123ahbfbbe4130&st=135210",
            "onclick": ""
          },
          {
            "text": "05:00 30/04/2026",
            "href": "http://192.168.2.26:2026/home.aspx?scope=sys&lang=vi&wpid=thuthuatnewdraw&thuthuatid=6826bc40-938e-48cf-b4ea-b43b00702d25&usid=172.31.255.1_rsenway4ypykm2begi123ahbfbbe4130&st=135210",
            "onclick": ""
          },
          {
            "text": "Hoàn tất",
            "href": "http://192.168.2.26:2026/home.aspx?scope=sys&lang=vi&wpid=thuthuatnewdraw&thuthuatid=6826bc40-938e-48cf-b4ea-b43b00702d25&usid=172.31.255.1_rsenway4ypykm2begi123ahbfbbe4130&st=135210",
            "onclick": ""
          }
        ]
      }
    },
    {
      "list_score": 38.75,
      "list_datetime": "2026-05-01 12:41:00",
      "list_method": "Thay băng, cắt chỉ vết mổ [chiều dài ≤ 15cm]",
      "detail_marker": "http://192.168.2.26:2026/home.aspx?scope=sys&lang=vi&wpid=thuthuatnewdraw&thuthuatid=4215e7a5-0d4c-4535-a18c-b43b007043e3&usid=172.31.255.1_rsenway4ypykm2begi123ahbfbbe4130&st=135210",
      "row": {
        "access_id": "4215e7a5-0d4c-4535-a18c-b43b007043e3",
        "known_fields": {
          "stt": "5",
          "ngay_thu_thuat": "12:41 01/05/2026",
          "ma_bn": "26049739",
          "ho_ten": "LÊ TRÍ HIẾU",
          "gioi_tinh": "Nam",
          "tuoi": "44 tuổi",
          "doi_tuong": "Viện phí",
          "noi_chi_dinh": "Khoa Ngoại Chấn Thương Chỉnh Hình và Thần Kinh",
          "chi_dinh_thu_thuat": "Thay băng, cắt chỉ vết mổ [chiều dài ≤ 15cm]",
          "tam_ung": "0",
          "phai_thanh_toan": "0",
          "tinh_trang": "Thường",
          "thoi_gian_chi_dinh": "05:00 01/05/2026",
          "trang_thai": "Hoàn tất"
        },
        "raw_text": "5 12:41 01/05/2026 26049739 LÊ TRÍ HIẾU Nam 44 tuổi Viện phí Khoa Ngoại Chấn Thương Chỉnh Hình và Thần Kinh Thay băng, cắt chỉ vết mổ [chiều dài ≤ 15cm] 0 0 Thường 05:00 01/05/2026 Hoàn tất",
        "links": [
          {
            "text": "5",
            "href": "http://192.168.2.26:2026/home.aspx?scope=sys&lang=vi&wpid=thuthuatnewdraw&thuthuatid=4215e7a5-0d4c-4535-a18c-b43b007043e3&usid=172.31.255.1_rsenway4ypykm2begi123ahbfbbe4130&st=135210",
            "onclick": ""
          },
          {
            "text": "12:41 01/05/2026",
            "href": "http://192.168.2.26:2026/home.aspx?scope=sys&lang=vi&wpid=thuthuatnewdraw&thuthuatid=4215e7a5-0d4c-4535-a18c-b43b007043e3&usid=172.31.255.1_rsenway4ypykm2begi123ahbfbbe4130&st=135210",
            "onclick": ""
          },
          {
            "text": "26049739",
            "href": "http://192.168.2.26:2026/home.aspx?scope=sys&lang=vi&wpid=thuthuatnewdraw&thuthuatid=4215e7a5-0d4c-4535-a18c-b43b007043e3&usid=172.31.255.1_rsenway4ypykm2begi123ahbfbbe4130&st=135210",
            "onclick": ""
          },
          {
            "text": "LÊ TRÍ HIẾU",
            "href": "http://192.168.2.26:2026/home.aspx?scope=sys&lang=vi&wpid=thuthuatnewdraw&thuthuatid=4215e7a5-0d4c-4535-a18c-b43b007043e3&usid=172.31.255.1_rsenway4ypykm2begi123ahbfbbe4130&st=135210",
            "onclick": ""
          },
          {
            "text": "Nam",
            "href": "http://192.168.2.26:2026/home.aspx?scope=sys&lang=vi&wpid=thuthuatnewdraw&thuthuatid=4215e7a5-0d4c-4535-a18c-b43b007043e3&usid=172.31.255.1_rsenway4ypykm2begi123ahbfbbe4130&st=135210",
            "onclick": ""
          },
          {
            "text": "44 tuổi",
            "href": "http://192.168.2.26:2026/home.aspx?scope=sys&lang=vi&wpid=thuthuatnewdraw&thuthuatid=4215e7a5-0d4c-4535-a18c-b43b007043e3&usid=172.31.255.1_rsenway4ypykm2begi123ahbfbbe4130&st=135210",
            "onclick": ""
          },
          {
            "text": "Viện phí",
            "href": "http://192.168.2.26:2026/home.aspx?scope=sys&lang=vi&wpid=thuthuatnewdraw&thuthuatid=4215e7a5-0d4c-4535-a18c-b43b007043e3&usid=172.31.255.1_rsenway4ypykm2begi123ahbfbbe4130&st=135210",
            "onclick": ""
          },
          {
            "text": "Khoa Ngoại Chấn Thương Chỉnh Hình và Thần Kinh",
            "href": "http://192.168.2.26:2026/home.aspx?scope=sys&lang=vi&wpid=thuthuatnewdraw&thuthuatid=4215e7a5-0d4c-4535-a18c-b43b007043e3&usid=172.31.255.1_rsenway4ypykm2begi123ahbfbbe4130&st=135210",
            "onclick": ""
          },
          {
            "text": "Thay băng, cắt chỉ vết mổ [chiều dài ≤ 15cm]",
            "href": "http://192.168.2.26:2026/home.aspx?scope=sys&lang=vi&wpid=thuthuatnewdraw&thuthuatid=4215e7a5-0d4c-4535-a18c-b43b007043e3&usid=172.31.255.1_rsenway4ypykm2begi123ahbfbbe4130&st=135210",
            "onclick": ""
          },
          {
            "text": "0",
            "href": "http://192.168.2.26:2026/home.aspx?scope=sys&lang=vi&wpid=thuthuatnewdraw&thuthuatid=4215e7a5-0d4c-4535-a18c-b43b007043e3&usid=172.31.255.1_rsenway4ypykm2begi123ahbfbbe4130&st=135210",
            "onclick": ""
          },
          {
            "text": "0",
            "href": "http://192.168.2.26:2026/home.aspx?scope=sys&lang=vi&wpid=thuthuatnewdraw&thuthuatid=4215e7a5-0d4c-4535-a18c-b43b007043e3&usid=172.31.255.1_rsenway4ypykm2begi123ahbfbbe4130&st=135210",
            "onclick": ""
          },
          {
            "text": "Thường",
            "href": "http://192.168.2.26:2026/home.aspx?scope=sys&lang=vi&wpid=thuthuatnewdraw&thuthuatid=4215e7a5-0d4c-4535-a18c-b43b007043e3&usid=172.31.255.1_rsenway4ypykm2begi123ahbfbbe4130&st=135210",
            "onclick": ""
          },
          {
            "text": "05:00 01/05/2026",
            "href": "http://192.168.2.26:2026/home.aspx?scope=sys&lang=vi&wpid=thuthuatnewdraw&thuthuatid=4215e7a5-0d4c-4535-a18c-b43b007043e3&usid=172.31.255.1_rsenway4ypykm2begi123ahbfbbe4130&st=135210",
            "onclick": ""
          },
          {
            "text": "Hoàn tất",
            "href": "http://192.168.2.26:2026/home.aspx?scope=sys&lang=vi&wpid=thuthuatnewdraw&thuthuatid=4215e7a5-0d4c-4535-a18c-b43b007043e3&usid=172.31.255.1_rsenway4ypykm2begi123ahbfbbe4130&st=135210",
            "onclick": ""
          }
        ]
      }
    },
    {
      "list_score": 38.75,
      "list_datetime": "2026-05-02 08:00:00",
      "list_method": "Thay băng, cắt chỉ vết mổ [chiều dài ≤ 15cm]",
      "detail_marker": "http://192.168.2.26:2026/home.aspx?scope=sys&lang=vi&wpid=thuthuatnewdraw&thuthuatid=b7a9fd38-109c-464c-bf76-b43b0070e83e&usid=172.31.255.1_rsenway4ypykm2begi123ahbfbbe4130&st=135210",
      "row": {
        "access_id": "b7a9fd38-109c-464c-bf76-b43b0070e83e",
        "known_fields": {
          "stt": "6",
          "ngay_thu_thuat": "08:00 02/05/2026",
          "ma_bn": "26049739",
          "ho_ten": "LÊ TRÍ HIẾU",
          "gioi_tinh": "Nam",
          "tuoi": "44 tuổi",
          "doi_tuong": "Viện phí",
          "noi_chi_dinh": "Khoa Ngoại Chấn Thương Chỉnh Hình và Thần Kinh",
          "chi_dinh_thu_thuat": "Thay băng, cắt chỉ vết mổ [chiều dài ≤ 15cm]",
          "tam_ung": "0",
          "phai_thanh_toan": "0",
          "tinh_trang": "Thường",
          "thoi_gian_chi_dinh": "05:00 02/05/2026",
          "trang_thai": "Hoàn tất"
        },
        "raw_text": "6 08:00 02/05/2026 26049739 LÊ TRÍ HIẾU Nam 44 tuổi Viện phí Khoa Ngoại Chấn Thương Chỉnh Hình và Thần Kinh Thay băng, cắt chỉ vết mổ [chiều dài ≤ 15cm] 0 0 Thường 05:00 02/05/2026 Hoàn tất",
        "links": [
          {
            "text": "6",
            "href": "http://192.168.2.26:2026/home.aspx?scope=sys&lang=vi&wpid=thuthuatnewdraw&thuthuatid=b7a9fd38-109c-464c-bf76-b43b0070e83e&usid=172.31.255.1_rsenway4ypykm2begi123ahbfbbe4130&st=135210",
            "onclick": ""
          },
          {
            "text": "08:00 02/05/2026",
            "href": "http://192.168.2.26:2026/home.aspx?scope=sys&lang=vi&wpid=thuthuatnewdraw&thuthuatid=b7a9fd38-109c-464c-bf76-b43b0070e83e&usid=172.31.255.1_rsenway4ypykm2begi123ahbfbbe4130&st=135210",
            "onclick": ""
          },
          {
            "text": "26049739",
            "href": "http://192.168.2.26:2026/home.aspx?scope=sys&lang=vi&wpid=thuthuatnewdraw&thuthuatid=b7a9fd38-109c-464c-bf76-b43b0070e83e&usid=172.31.255.1_rsenway4ypykm2begi123ahbfbbe4130&st=135210",
            "onclick": ""
          },
          {
            "text": "LÊ TRÍ HIẾU",
            "href": "http://192.168.2.26:2026/home.aspx?scope=sys&lang=vi&wpid=thuthuatnewdraw&thuthuatid=b7a9fd38-109c-464c-bf76-b43b0070e83e&usid=172.31.255.1_rsenway4ypykm2begi123ahbfbbe4130&st=135210",
            "onclick": ""
          },
          {
            "text": "Nam",
            "href": "http://192.168.2.26:2026/home.aspx?scope=sys&lang=vi&wpid=thuthuatnewdraw&thuthuatid=b7a9fd38-109c-464c-bf76-b43b0070e83e&usid=172.31.255.1_rsenway4ypykm2begi123ahbfbbe4130&st=135210",
            "onclick": ""
          },
          {
            "text": "44 tuổi",
            "href": "http://192.168.2.26:2026/home.aspx?scope=sys&lang=vi&wpid=thuthuatnewdraw&thuthuatid=b7a9fd38-109c-464c-bf76-b43b0070e83e&usid=172.31.255.1_rsenway4ypykm2begi123ahbfbbe4130&st=135210",
            "onclick": ""
          },
          {
            "text": "Viện phí",
            "href": "http://192.168.2.26:2026/home.aspx?scope=sys&lang=vi&wpid=thuthuatnewdraw&thuthuatid=b7a9fd38-109c-464c-bf76-b43b0070e83e&usid=172.31.255.1_rsenway4ypykm2begi123ahbfbbe4130&st=135210",
            "onclick": ""
          },
          {
            "text": "Khoa Ngoại Chấn Thương Chỉnh Hình và Thần Kinh",
            "href": "http://192.168.2.26:2026/home.aspx?scope=sys&lang=vi&wpid=thuthuatnewdraw&thuthuatid=b7a9fd38-109c-464c-bf76-b43b0070e83e&usid=172.31.255.1_rsenway4ypykm2begi123ahbfbbe4130&st=135210",
            "onclick": ""
          },
          {
            "text": "Thay băng, cắt chỉ vết mổ [chiều dài ≤ 15cm]",
            "href": "http://192.168.2.26:2026/home.aspx?scope=sys&lang=vi&wpid=thuthuatnewdraw&thuthuatid=b7a9fd38-109c-464c-bf76-b43b0070e83e&usid=172.31.255.1_rsenway4ypykm2begi123ahbfbbe4130&st=135210",
            "onclick": ""
          },
          {
            "text": "0",
            "href": "http://192.168.2.26:2026/home.aspx?scope=sys&lang=vi&wpid=thuthuatnewdraw&thuthuatid=b7a9fd38-109c-464c-bf76-b43b0070e83e&usid=172.31.255.1_rsenway4ypykm2begi123ahbfbbe4130&st=135210",
            "onclick": ""
          },
          {
            "text": "0",
            "href": "http://192.168.2.26:2026/home.aspx?scope=sys&lang=vi&wpid=thuthuatnewdraw&thuthuatid=b7a9fd38-109c-464c-bf76-b43b0070e83e&usid=172.31.255.1_rsenway4ypykm2begi123ahbfbbe4130&st=135210",
            "onclick": ""
          },
          {
            "text": "Thường",
            "href": "http://192.168.2.26:2026/home.aspx?scope=sys&lang=vi&wpid=thuthuatnewdraw&thuthuatid=b7a9fd38-109c-464c-bf76-b43b0070e83e&usid=172.31.255.1_rsenway4ypykm2begi123ahbfbbe4130&st=135210",
            "onclick": ""
          },
          {
            "text": "05:00 02/05/2026",
            "href": "http://192.168.2.26:2026/home.aspx?scope=sys&lang=vi&wpid=thuthuatnewdraw&thuthuatid=b7a9fd38-109c-464c-bf76-b43b0070e83e&usid=172.31.255.1_rsenway4ypykm2begi123ahbfbbe4130&st=135210",
            "onclick": ""
          },
          {
            "text": "Hoàn tất",
            "href": "http://192.168.2.26:2026/home.aspx?scope=sys&lang=vi&wpid=thuthuatnewdraw&thuthuatid=b7a9fd38-109c-464c-bf76-b43b0070e83e&usid=172.31.255.1_rsenway4ypykm2begi123ahbfbbe4130&st=135210",
            "onclick": ""
          }
        ]
      }
    },
    {
      "list_score": 38.75,
      "list_datetime": "2026-05-03 08:00:00",
      "list_method": "Thay băng, cắt chỉ vết mổ [chiều dài ≤ 15cm]",
      "detail_marker": "http://192.168.2.26:2026/home.aspx?scope=sys&lang=vi&wpid=thuthuatnewdraw&thuthuatid=557272b3-62f9-494d-81a2-b43b00712b71&usid=172.31.255.1_rsenway4ypykm2begi123ahbfbbe4130&st=135210",
      "row": {
        "access_id": "557272b3-62f9-494d-81a2-b43b00712b71",
        "known_fields": {
          "stt": "7",
          "ngay_thu_thuat": "08:00 03/05/2026",
          "ma_bn": "26049739",
          "ho_ten": "LÊ TRÍ HIẾU",
          "gioi_tinh": "Nam",
          "tuoi": "44 tuổi",
          "doi_tuong": "Viện phí",
          "noi_chi_dinh": "Khoa Ngoại Chấn Thương Chỉnh Hình và Thần Kinh",
          "chi_dinh_thu_thuat": "Thay băng, cắt chỉ vết mổ [chiều dài ≤ 15cm]",
          "tam_ung": "0",
          "phai_thanh_toan": "0",
          "tinh_trang": "Thường",
          "thoi_gian_chi_dinh": "05:00 03/05/2026",
          "trang_thai": "Hoàn tất"
        },
        "raw_text": "7 08:00 03/05/2026 26049739 LÊ TRÍ HIẾU Nam 44 tuổi Viện phí Khoa Ngoại Chấn Thương Chỉnh Hình và Thần Kinh Thay băng, cắt chỉ vết mổ [chiều dài ≤ 15cm] 0 0 Thường 05:00 03/05/2026 Hoàn tất",
        "links": [
          {
            "text": "7",
            "href": "http://192.168.2.26:2026/home.aspx?scope=sys&lang=vi&wpid=thuthuatnewdraw&thuthuatid=557272b3-62f9-494d-81a2-b43b00712b71&usid=172.31.255.1_rsenway4ypykm2begi123ahbfbbe4130&st=135210",
            "onclick": ""
          },
          {
            "text": "08:00 03/05/2026",
            "href": "http://192.168.2.26:2026/home.aspx?scope=sys&lang=vi&wpid=thuthuatnewdraw&thuthuatid=557272b3-62f9-494d-81a2-b43b00712b71&usid=172.31.255.1_rsenway4ypykm2begi123ahbfbbe4130&st=135210",
            "onclick": ""
          },
          {
            "text": "26049739",
            "href": "http://192.168.2.26:2026/home.aspx?scope=sys&lang=vi&wpid=thuthuatnewdraw&thuthuatid=557272b3-62f9-494d-81a2-b43b00712b71&usid=172.31.255.1_rsenway4ypykm2begi123ahbfbbe4130&st=135210",
            "onclick": ""
          },
          {
            "text": "LÊ TRÍ HIẾU",
            "href": "http://192.168.2.26:2026/home.aspx?scope=sys&lang=vi&wpid=thuthuatnewdraw&thuthuatid=557272b3-62f9-494d-81a2-b43b00712b71&usid=172.31.255.1_rsenway4ypykm2begi123ahbfbbe4130&st=135210",
            "onclick": ""
          },
          {
            "text": "Nam",
            "href": "http://192.168.2.26:2026/home.aspx?scope=sys&lang=vi&wpid=thuthuatnewdraw&thuthuatid=557272b3-62f9-494d-81a2-b43b00712b71&usid=172.31.255.1_rsenway4ypykm2begi123ahbfbbe4130&st=135210",
            "onclick": ""
          },
          {
            "text": "44 tuổi",
            "href": "http://192.168.2.26:2026/home.aspx?scope=sys&lang=vi&wpid=thuthuatnewdraw&thuthuatid=557272b3-62f9-494d-81a2-b43b00712b71&usid=172.31.255.1_rsenway4ypykm2begi123ahbfbbe4130&st=135210",
            "onclick": ""
          },
          {
            "text": "Viện phí",
            "href": "http://192.168.2.26:2026/home.aspx?scope=sys&lang=vi&wpid=thuthuatnewdraw&thuthuatid=557272b3-62f9-494d-81a2-b43b00712b71&usid=172.31.255.1_rsenway4ypykm2begi123ahbfbbe4130&st=135210",
            "onclick": ""
          },
          {
            "text": "Khoa Ngoại Chấn Thương Chỉnh Hình và Thần Kinh",
            "href": "http://192.168.2.26:2026/home.aspx?scope=sys&lang=vi&wpid=thuthuatnewdraw&thuthuatid=557272b3-62f9-494d-81a2-b43b00712b71&usid=172.31.255.1_rsenway4ypykm2begi123ahbfbbe4130&st=135210",
            "onclick": ""
          },
          {
            "text": "Thay băng, cắt chỉ vết mổ [chiều dài ≤ 15cm]",
            "href": "http://192.168.2.26:2026/home.aspx?scope=sys&lang=vi&wpid=thuthuatnewdraw&thuthuatid=557272b3-62f9-494d-81a2-b43b00712b71&usid=172.31.255.1_rsenway4ypykm2begi123ahbfbbe4130&st=135210",
            "onclick": ""
          },
          {
            "text": "0",
            "href": "http://192.168.2.26:2026/home.aspx?scope=sys&lang=vi&wpid=thuthuatnewdraw&thuthuatid=557272b3-62f9-494d-81a2-b43b00712b71&usid=172.31.255.1_rsenway4ypykm2begi123ahbfbbe4130&st=135210",
            "onclick": ""
          },
          {
            "text": "0",
            "href": "http://192.168.2.26:2026/home.aspx?scope=sys&lang=vi&wpid=thuthuatnewdraw&thuthuatid=557272b3-62f9-494d-81a2-b43b00712b71&usid=172.31.255.1_rsenway4ypykm2begi123ahbfbbe4130&st=135210",
            "onclick": ""
          },
          {
            "text": "Thường",
            "href": "http://192.168.2.26:2026/home.aspx?scope=sys&lang=vi&wpid=thuthuatnewdraw&thuthuatid=557272b3-62f9-494d-81a2-b43b00712b71&usid=172.31.255.1_rsenway4ypykm2begi123ahbfbbe4130&st=135210",
            "onclick": ""
          },
          {
            "text": "05:00 03/05/2026",
            "href": "http://192.168.2.26:2026/home.aspx?scope=sys&lang=vi&wpid=thuthuatnewdraw&thuthuatid=557272b3-62f9-494d-81a2-b43b00712b71&usid=172.31.255.1_rsenway4ypykm2begi123ahbfbbe4130&st=135210",
            "onclick": ""
          },
          {
            "text": "Hoàn tất",
            "href": "http://192.168.2.26:2026/home.aspx?scope=sys&lang=vi&wpid=thuthuatnewdraw&thuthuatid=557272b3-62f9-494d-81a2-b43b00712b71&usid=172.31.255.1_rsenway4ypykm2begi123ahbfbbe4130&st=135210",
            "onclick": ""
          }
        ]
      }
    },
    {
      "list_score": 38.75,
      "list_datetime": "2026-05-04 08:05:00",
      "list_method": "Thay băng, cắt chỉ vết mổ [chiều dài ≤ 15cm]",
      "detail_marker": "http://192.168.2.26:2026/home.aspx?scope=sys&lang=vi&wpid=thuthuatnewdraw&thuthuatid=7449d9f0-a8f9-4f12-b2c8-b43b00710cae&usid=172.31.255.1_rsenway4ypykm2begi123ahbfbbe4130&st=135210",
      "row": {
        "access_id": "7449d9f0-a8f9-4f12-b2c8-b43b00710cae",
        "known_fields": {
          "stt": "8",
          "ngay_thu_thuat": "08:05 04/05/2026",
          "ma_bn": "26049739",
          "ho_ten": "LÊ TRÍ HIẾU",
          "gioi_tinh": "Nam",
          "tuoi": "44 tuổi",
          "doi_tuong": "Viện phí",
          "noi_chi_dinh": "Khoa Ngoại Chấn Thương Chỉnh Hình và Thần Kinh",
          "chi_dinh_thu_thuat": "Thay băng, cắt chỉ vết mổ [chiều dài ≤ 15cm]",
          "tam_ung": "0",
          "phai_thanh_toan": "0",
          "tinh_trang": "Thường",
          "thoi_gian_chi_dinh": "05:00 04/05/2026",
          "trang_thai": "Hoàn tất"
        },
        "raw_text": "8 08:05 04/05/2026 26049739 LÊ TRÍ HIẾU Nam 44 tuổi Viện phí Khoa Ngoại Chấn Thương Chỉnh Hình và Thần Kinh Thay băng, cắt chỉ vết mổ [chiều dài ≤ 15cm] 0 0 Thường 05:00 04/05/2026 Hoàn tất",
        "links": [
          {
            "text": "8",
            "href": "http://192.168.2.26:2026/home.aspx?scope=sys&lang=vi&wpid=thuthuatnewdraw&thuthuatid=7449d9f0-a8f9-4f12-b2c8-b43b00710cae&usid=172.31.255.1_rsenway4ypykm2begi123ahbfbbe4130&st=135210",
            "onclick": ""
          },
          {
            "text": "08:05 04/05/2026",
            "href": "http://192.168.2.26:2026/home.aspx?scope=sys&lang=vi&wpid=thuthuatnewdraw&thuthuatid=7449d9f0-a8f9-4f12-b2c8-b43b00710cae&usid=172.31.255.1_rsenway4ypykm2begi123ahbfbbe4130&st=135210",
            "onclick": ""
          },
          {
            "text": "26049739",
            "href": "http://192.168.2.26:2026/home.aspx?scope=sys&lang=vi&wpid=thuthuatnewdraw&thuthuatid=7449d9f0-a8f9-4f12-b2c8-b43b00710cae&usid=172.31.255.1_rsenway4ypykm2begi123ahbfbbe4130&st=135210",
            "onclick": ""
          },
          {
            "text": "LÊ TRÍ HIẾU",
            "href": "http://192.168.2.26:2026/home.aspx?scope=sys&lang=vi&wpid=thuthuatnewdraw&thuthuatid=7449d9f0-a8f9-4f12-b2c8-b43b00710cae&usid=172.31.255.1_rsenway4ypykm2begi123ahbfbbe4130&st=135210",
            "onclick": ""
          },
          {
            "text": "Nam",
            "href": "http://192.168.2.26:2026/home.aspx?scope=sys&lang=vi&wpid=thuthuatnewdraw&thuthuatid=7449d9f0-a8f9-4f12-b2c8-b43b00710cae&usid=172.31.255.1_rsenway4ypykm2begi123ahbfbbe4130&st=135210",
            "onclick": ""
          },
          {
            "text": "44 tuổi",
            "href": "http://192.168.2.26:2026/home.aspx?scope=sys&lang=vi&wpid=thuthuatnewdraw&thuthuatid=7449d9f0-a8f9-4f12-b2c8-b43b00710cae&usid=172.31.255.1_rsenway4ypykm2begi123ahbfbbe4130&st=135210",
            "onclick": ""
          },
          {
            "text": "Viện phí",
            "href": "http://192.168.2.26:2026/home.aspx?scope=sys&lang=vi&wpid=thuthuatnewdraw&thuthuatid=7449d9f0-a8f9-4f12-b2c8-b43b00710cae&usid=172.31.255.1_rsenway4ypykm2begi123ahbfbbe4130&st=135210",
            "onclick": ""
          },
          {
            "text": "Khoa Ngoại Chấn Thương Chỉnh Hình và Thần Kinh",
            "href": "http://192.168.2.26:2026/home.aspx?scope=sys&lang=vi&wpid=thuthuatnewdraw&thuthuatid=7449d9f0-a8f9-4f12-b2c8-b43b00710cae&usid=172.31.255.1_rsenway4ypykm2begi123ahbfbbe4130&st=135210",
            "onclick": ""
          },
          {
            "text": "Thay băng, cắt chỉ vết mổ [chiều dài ≤ 15cm]",
            "href": "http://192.168.2.26:2026/home.aspx?scope=sys&lang=vi&wpid=thuthuatnewdraw&thuthuatid=7449d9f0-a8f9-4f12-b2c8-b43b00710cae&usid=172.31.255.1_rsenway4ypykm2begi123ahbfbbe4130&st=135210",
            "onclick": ""
          },
          {
            "text": "0",
            "href": "http://192.168.2.26:2026/home.aspx?scope=sys&lang=vi&wpid=thuthuatnewdraw&thuthuatid=7449d9f0-a8f9-4f12-b2c8-b43b00710cae&usid=172.31.255.1_rsenway4ypykm2begi123ahbfbbe4130&st=135210",
            "onclick": ""
          },
          {
            "text": "0",
            "href": "http://192.168.2.26:2026/home.aspx?scope=sys&lang=vi&wpid=thuthuatnewdraw&thuthuatid=7449d9f0-a8f9-4f12-b2c8-b43b00710cae&usid=172.31.255.1_rsenway4ypykm2begi123ahbfbbe4130&st=135210",
            "onclick": ""
          },
          {
            "text": "Thường",
            "href": "http://192.168.2.26:2026/home.aspx?scope=sys&lang=vi&wpid=thuthuatnewdraw&thuthuatid=7449d9f0-a8f9-4f12-b2c8-b43b00710cae&usid=172.31.255.1_rsenway4ypykm2begi123ahbfbbe4130&st=135210",
            "onclick": ""
          },
          {
            "text": "05:00 04/05/2026",
            "href": "http://192.168.2.26:2026/home.aspx?scope=sys&lang=vi&wpid=thuthuatnewdraw&thuthuatid=7449d9f0-a8f9-4f12-b2c8-b43b00710cae&usid=172.31.255.1_rsenway4ypykm2begi123ahbfbbe4130&st=135210",
            "onclick": ""
          },
          {
            "text": "Hoàn tất",
            "href": "http://192.168.2.26:2026/home.aspx?scope=sys&lang=vi&wpid=thuthuatnewdraw&thuthuatid=7449d9f0-a8f9-4f12-b2c8-b43b00710cae&usid=172.31.255.1_rsenway4ypykm2begi123ahbfbbe4130&st=135210",
            "onclick": ""
          }
        ]
      }
    },
    {
      "list_score": 38.75,
      "list_datetime": "2026-05-05 08:01:00",
      "list_method": "Thay băng, cắt chỉ vết mổ [chiều dài ≤ 15cm]",
      "detail_marker": "http://192.168.2.26:2026/home.aspx?scope=sys&lang=vi&wpid=thuthuatnewdraw&thuthuatid=814f5e8d-27da-4826-a68f-b44000816bfb&usid=172.31.255.1_rsenway4ypykm2begi123ahbfbbe4130&st=135210",
      "row": {
        "access_id": "814f5e8d-27da-4826-a68f-b44000816bfb",
        "known_fields": {
          "stt": "9",
          "ngay_thu_thuat": "08:01 05/05/2026",
          "ma_bn": "26049739",
          "ho_ten": "LÊ TRÍ HIẾU",
          "gioi_tinh": "Nam",
          "tuoi": "44 tuổi",
          "doi_tuong": "Viện phí",
          "noi_chi_dinh": "Khoa Ngoại Chấn Thương Chỉnh Hình và Thần Kinh",
          "chi_dinh_thu_thuat": "Thay băng, cắt chỉ vết mổ [chiều dài ≤ 15cm]",
          "tam_ung": "0",
          "phai_thanh_toan": "0",
          "tinh_trang": "Thường",
          "thoi_gian_chi_dinh": "05:00 05/05/2026",
          "trang_thai": "Hoàn tất"
        },
        "raw_text": "9 08:01 05/05/2026 26049739 LÊ TRÍ HIẾU Nam 44 tuổi Viện phí Khoa Ngoại Chấn Thương Chỉnh Hình và Thần Kinh Thay băng, cắt chỉ vết mổ [chiều dài ≤ 15cm] 0 0 Thường 05:00 05/05/2026 Hoàn tất",
        "links": [
          {
            "text": "9",
            "href": "http://192.168.2.26:2026/home.aspx?scope=sys&lang=vi&wpid=thuthuatnewdraw&thuthuatid=814f5e8d-27da-4826-a68f-b44000816bfb&usid=172.31.255.1_rsenway4ypykm2begi123ahbfbbe4130&st=135210",
            "onclick": ""
          },
          {
            "text": "08:01 05/05/2026",
            "href": "http://192.168.2.26:2026/home.aspx?scope=sys&lang=vi&wpid=thuthuatnewdraw&thuthuatid=814f5e8d-27da-4826-a68f-b44000816bfb&usid=172.31.255.1_rsenway4ypykm2begi123ahbfbbe4130&st=135210",
            "onclick": ""
          },
          {
            "text": "26049739",
            "href": "http://192.168.2.26:2026/home.aspx?scope=sys&lang=vi&wpid=thuthuatnewdraw&thuthuatid=814f5e8d-27da-4826-a68f-b44000816bfb&usid=172.31.255.1_rsenway4ypykm2begi123ahbfbbe4130&st=135210",
            "onclick": ""
          },
          {
            "text": "LÊ TRÍ HIẾU",
            "href": "http://192.168.2.26:2026/home.aspx?scope=sys&lang=vi&wpid=thuthuatnewdraw&thuthuatid=814f5e8d-27da-4826-a68f-b44000816bfb&usid=172.31.255.1_rsenway4ypykm2begi123ahbfbbe4130&st=135210",
            "onclick": ""
          },
          {
            "text": "Nam",
            "href": "http://192.168.2.26:2026/home.aspx?scope=sys&lang=vi&wpid=thuthuatnewdraw&thuthuatid=814f5e8d-27da-4826-a68f-b44000816bfb&usid=172.31.255.1_rsenway4ypykm2begi123ahbfbbe4130&st=135210",
            "onclick": ""
          },
          {
            "text": "44 tuổi",
            "href": "http://192.168.2.26:2026/home.aspx?scope=sys&lang=vi&wpid=thuthuatnewdraw&thuthuatid=814f5e8d-27da-4826-a68f-b44000816bfb&usid=172.31.255.1_rsenway4ypykm2begi123ahbfbbe4130&st=135210",
            "onclick": ""
          },
          {
            "text": "Viện phí",
            "href": "http://192.168.2.26:2026/home.aspx?scope=sys&lang=vi&wpid=thuthuatnewdraw&thuthuatid=814f5e8d-27da-4826-a68f-b44000816bfb&usid=172.31.255.1_rsenway4ypykm2begi123ahbfbbe4130&st=135210",
            "onclick": ""
          },
          {
            "text": "Khoa Ngoại Chấn Thương Chỉnh Hình và Thần Kinh",
            "href": "http://192.168.2.26:2026/home.aspx?scope=sys&lang=vi&wpid=thuthuatnewdraw&thuthuatid=814f5e8d-27da-4826-a68f-b44000816bfb&usid=172.31.255.1_rsenway4ypykm2begi123ahbfbbe4130&st=135210",
            "onclick": ""
          },
          {
            "text": "Thay băng, cắt chỉ vết mổ [chiều dài ≤ 15cm]",
            "href": "http://192.168.2.26:2026/home.aspx?scope=sys&lang=vi&wpid=thuthuatnewdraw&thuthuatid=814f5e8d-27da-4826-a68f-b44000816bfb&usid=172.31.255.1_rsenway4ypykm2begi123ahbfbbe4130&st=135210",
            "onclick": ""
          },
          {
            "text": "0",
            "href": "http://192.168.2.26:2026/home.aspx?scope=sys&lang=vi&wpid=thuthuatnewdraw&thuthuatid=814f5e8d-27da-4826-a68f-b44000816bfb&usid=172.31.255.1_rsenway4ypykm2begi123ahbfbbe4130&st=135210",
            "onclick": ""
          },
          {
            "text": "0",
            "href": "http://192.168.2.26:2026/home.aspx?scope=sys&lang=vi&wpid=thuthuatnewdraw&thuthuatid=814f5e8d-27da-4826-a68f-b44000816bfb&usid=172.31.255.1_rsenway4ypykm2begi123ahbfbbe4130&st=135210",
            "onclick": ""
          },
          {
            "text": "Thường",
            "href": "http://192.168.2.26:2026/home.aspx?scope=sys&lang=vi&wpid=thuthuatnewdraw&thuthuatid=814f5e8d-27da-4826-a68f-b44000816bfb&usid=172.31.255.1_rsenway4ypykm2begi123ahbfbbe4130&st=135210",
            "onclick": ""
          },
          {
            "text": "05:00 05/05/2026",
            "href": "http://192.168.2.26:2026/home.aspx?scope=sys&lang=vi&wpid=thuthuatnewdraw&thuthuatid=814f5e8d-27da-4826-a68f-b44000816bfb&usid=172.31.255.1_rsenway4ypykm2begi123ahbfbbe4130&st=135210",
            "onclick": ""
          },
          {
            "text": "Hoàn tất",
            "href": "http://192.168.2.26:2026/home.aspx?scope=sys&lang=vi&wpid=thuthuatnewdraw&thuthuatid=814f5e8d-27da-4826-a68f-b44000816bfb&usid=172.31.255.1_rsenway4ypykm2begi123ahbfbbe4130&st=135210",
            "onclick": ""
          }
        ]
      }
    },
    {
      "list_score": 38.75,
      "list_datetime": "2026-05-13 15:00:00",
      "list_method": "Thay băng, cắt chỉ vết mổ [chiều dài ≤ 15cm]",
      "detail_marker": "http://192.168.2.26:2026/home.aspx?scope=sys&lang=vi&wpid=thuthuatnewdraw&thuthuatid=5e4b8f45-648c-4116-8b2c-b44900fc3f01&usid=172.31.255.1_rsenway4ypykm2begi123ahbfbbe4130&st=135210",
      "row": {
        "access_id": "5e4b8f45-648c-4116-8b2c-b44900fc3f01",
        "known_fields": {
          "stt": "10",
          "ngay_thu_thuat": "15:00 13/05/2026",
          "ma_bn": "26049739",
          "ho_ten": "LÊ TRÍ HIẾU",
          "gioi_tinh": "Nam",
          "tuoi": "44 tuổi",
          "doi_tuong": "Bảo hiểm",
          "noi_chi_dinh": "PHÒNG KHÁM CHẤN THƯƠNG CHỈNH HÌNH - 20B",
          "chi_dinh_thu_thuat": "Thay băng, cắt chỉ vết mổ [chiều dài ≤ 15cm]",
          "tam_ung": "0",
          "phai_thanh_toan": "0",
          "tinh_trang": "Thường",
          "thoi_gian_chi_dinh": "13:39 13/05/2026",
          "trang_thai": "Hoàn tất"
        },
        "raw_text": "10 15:00 13/05/2026 26049739 LÊ TRÍ HIẾU Nam 44 tuổi Bảo hiểm PHÒNG KHÁM CHẤN THƯƠNG CHỈNH HÌNH - 20B Thay băng, cắt chỉ vết mổ [chiều dài ≤ 15cm] 0 0 Thường 13:39 13/05/2026 Hoàn tất",
        "links": [
          {
            "text": "10",
            "href": "http://192.168.2.26:2026/home.aspx?scope=sys&lang=vi&wpid=thuthuatnewdraw&thuthuatid=5e4b8f45-648c-4116-8b2c-b44900fc3f01&usid=172.31.255.1_rsenway4ypykm2begi123ahbfbbe4130&st=135210",
            "onclick": ""
          },
          {
            "text": "15:00 13/05/2026",
            "href": "http://192.168.2.26:2026/home.aspx?scope=sys&lang=vi&wpid=thuthuatnewdraw&thuthuatid=5e4b8f45-648c-4116-8b2c-b44900fc3f01&usid=172.31.255.1_rsenway4ypykm2begi123ahbfbbe4130&st=135210",
            "onclick": ""
          },
          {
            "text": "26049739",
            "href": "http://192.168.2.26:2026/home.aspx?scope=sys&lang=vi&wpid=thuthuatnewdraw&thuthuatid=5e4b8f45-648c-4116-8b2c-b44900fc3f01&usid=172.31.255.1_rsenway4ypykm2begi123ahbfbbe4130&st=135210",
            "onclick": ""
          },
          {
            "text": "LÊ TRÍ HIẾU",
            "href": "http://192.168.2.26:2026/home.aspx?scope=sys&lang=vi&wpid=thuthuatnewdraw&thuthuatid=5e4b8f45-648c-4116-8b2c-b44900fc3f01&usid=172.31.255.1_rsenway4ypykm2begi123ahbfbbe4130&st=135210",
            "onclick": ""
          },
          {
            "text": "Nam",
            "href": "http://192.168.2.26:2026/home.aspx?scope=sys&lang=vi&wpid=thuthuatnewdraw&thuthuatid=5e4b8f45-648c-4116-8b2c-b44900fc3f01&usid=172.31.255.1_rsenway4ypykm2begi123ahbfbbe4130&st=135210",
            "onclick": ""
          },
          {
            "text": "44 tuổi",
            "href": "http://192.168.2.26:2026/home.aspx?scope=sys&lang=vi&wpid=thuthuatnewdraw&thuthuatid=5e4b8f45-648c-4116-8b2c-b44900fc3f01&usid=172.31.255.1_rsenway4ypykm2begi123ahbfbbe4130&st=135210",
            "onclick": ""
          },
          {
            "text": "Bảo hiểm",
            "href": "http://192.168.2.26:2026/home.aspx?scope=sys&lang=vi&wpid=thuthuatnewdraw&thuthuatid=5e4b8f45-648c-4116-8b2c-b44900fc3f01&usid=172.31.255.1_rsenway4ypykm2begi123ahbfbbe4130&st=135210",
            "onclick": ""
          },
          {
            "text": "PHÒNG KHÁM CHẤN THƯƠNG CHỈNH HÌNH - 20B",
            "href": "http://192.168.2.26:2026/home.aspx?scope=sys&lang=vi&wpid=thuthuatnewdraw&thuthuatid=5e4b8f45-648c-4116-8b2c-b44900fc3f01&usid=172.31.255.1_rsenway4ypykm2begi123ahbfbbe4130&st=135210",
            "onclick": ""
          },
          {
            "text": "Thay băng, cắt chỉ vết mổ [chiều dài ≤ 15cm]",
            "href": "http://192.168.2.26:2026/home.aspx?scope=sys&lang=vi&wpid=thuthuatnewdraw&thuthuatid=5e4b8f45-648c-4116-8b2c-b44900fc3f01&usid=172.31.255.1_rsenway4ypykm2begi123ahbfbbe4130&st=135210",
            "onclick": ""
          },
          {
            "text": "0",
            "href": "http://192.168.2.26:2026/home.aspx?scope=sys&lang=vi&wpid=thuthuatnewdraw&thuthuatid=5e4b8f45-648c-4116-8b2c-b44900fc3f01&usid=172.31.255.1_rsenway4ypykm2begi123ahbfbbe4130&st=135210",
            "onclick": ""
          },
          {
            "text": "0",
            "href": "http://192.168.2.26:2026/home.aspx?scope=sys&lang=vi&wpid=thuthuatnewdraw&thuthuatid=5e4b8f45-648c-4116-8b2c-b44900fc3f01&usid=172.31.255.1_rsenway4ypykm2begi123ahbfbbe4130&st=135210",
            "onclick": ""
          },
          {
            "text": "Thường",
            "href": "http://192.168.2.26:2026/home.aspx?scope=sys&lang=vi&wpid=thuthuatnewdraw&thuthuatid=5e4b8f45-648c-4116-8b2c-b44900fc3f01&usid=172.31.255.1_rsenway4ypykm2begi123ahbfbbe4130&st=135210",
            "onclick": ""
          },
          {
            "text": "13:39 13/05/2026",
            "href": "http://192.168.2.26:2026/home.aspx?scope=sys&lang=vi&wpid=thuthuatnewdraw&thuthuatid=5e4b8f45-648c-4116-8b2c-b44900fc3f01&usid=172.31.255.1_rsenway4ypykm2begi123ahbfbbe4130&st=135210",
            "onclick": ""
          },
          {
            "text": "Hoàn tất",
            "href": "http://192.168.2.26:2026/home.aspx?scope=sys&lang=vi&wpid=thuthuatnewdraw&thuthuatid=5e4b8f45-648c-4116-8b2c-b44900fc3f01&usid=172.31.255.1_rsenway4ypykm2begi123ahbfbbe4130&st=135210",
            "onclick": ""
          }
        ]
      }
    }
  ]
}
[2026-07-23 13:52:13.594] [DETAIL_BEGIN] D/s Thủ thuật: mở ứng viên 1
{
  "detail_marker": "http://192.168.2.26:2026/home.aspx?scope=sys&lang=vi&wpid=thuthuatnewdraw&thuthuatid=e118d1e1-556a-4002-b3d8-b472008aef9c&usid=172.31.255.1_rsenway4ypykm2begi123ahbfbbe4130&st=135210",
  "list_datetime": "2026-07-23 13:41:00",
  "list_method": "Hút ổ viêm/áp xe phần mềm",
  "row": {
    "access_id": "e118d1e1-556a-4002-b3d8-b472008aef9c",
    "known_fields": {
      "stt": "11",
      "ngay_thu_thuat": "13:41 23/07/2026",
      "ma_bn": "26049739",
      "ho_ten": "LÊ TRÍ HIẾU",
      "gioi_tinh": "Nam",
      "tuoi": "44 tuổi",
      "doi_tuong": "Viện phí",
      "noi_chi_dinh": "PHÒNG KHÁM CHẤN THƯƠNG CHỈNH HÌNH - 20",
      "chi_dinh_thu_thuat": "Hút ổ viêm/áp xe phần mềm",
      "tam_ung": "0",
      "phai_thanh_toan": "808,000",
      "tinh_trang": "Thường",
      "thoi_gian_chi_dinh": "08:14 23/06/2026",
      "trang_thai": "Chờ thực hiện"
    },
    "raw_text": "11 13:41 23/07/2026 26049739 LÊ TRÍ HIẾU Nam 44 tuổi Viện phí PHÒNG KHÁM CHẤN THƯƠNG CHỈNH HÌNH - 20 Hút ổ viêm/áp xe phần mềm 0 808,000 Thường 08:14 23/06/2026 Chờ thực hiện",
    "links": [
      {
        "text": "11",
        "href": "http://192.168.2.26:2026/home.aspx?scope=sys&lang=vi&wpid=thuthuatnewdraw&thuthuatid=e118d1e1-556a-4002-b3d8-b472008aef9c&usid=172.31.255.1_rsenway4ypykm2begi123ahbfbbe4130&st=135210",
        "onclick": ""
      },
      {
        "text": "13:41 23/07/2026",
        "href": "http://192.168.2.26:2026/home.aspx?scope=sys&lang=vi&wpid=thuthuatnewdraw&thuthuatid=e118d1e1-556a-4002-b3d8-b472008aef9c&usid=172.31.255.1_rsenway4ypykm2begi123ahbfbbe4130&st=135210",
        "onclick": ""
      },
      {
        "text": "26049739",
        "href": "http://192.168.2.26:2026/home.aspx?scope=sys&lang=vi&wpid=thuthuatnewdraw&thuthuatid=e118d1e1-556a-4002-b3d8-b472008aef9c&usid=172.31.255.1_rsenway4ypykm2begi123ahbfbbe4130&st=135210",
        "onclick": ""
      },
      {
        "text": "LÊ TRÍ HIẾU",
        "href": "http://192.168.2.26:2026/home.aspx?scope=sys&lang=vi&wpid=thuthuatnewdraw&thuthuatid=e118d1e1-556a-4002-b3d8-b472008aef9c&usid=172.31.255.1_rsenway4ypykm2begi123ahbfbbe4130&st=135210",
        "onclick": ""
      },
      {
        "text": "Nam",
        "href": "http://192.168.2.26:2026/home.aspx?scope=sys&lang=vi&wpid=thuthuatnewdraw&thuthuatid=e118d1e1-556a-4002-b3d8-b472008aef9c&usid=172.31.255.1_rsenway4ypykm2begi123ahbfbbe4130&st=135210",
        "onclick": ""
      },
      {
        "text": "44 tuổi",
        "href": "http://192.168.2.26:2026/home.aspx?scope=sys&lang=vi&wpid=thuthuatnewdraw&thuthuatid=e118d1e1-556a-4002-b3d8-b472008aef9c&usid=172.31.255.1_rsenway4ypykm2begi123ahbfbbe4130&st=135210",
        "onclick": ""
      },
      {
        "text": "Viện phí",
        "href": "http://192.168.2.26:2026/home.aspx?scope=sys&lang=vi&wpid=thuthuatnewdraw&thuthuatid=e118d1e1-556a-4002-b3d8-b472008aef9c&usid=172.31.255.1_rsenway4ypykm2begi123ahbfbbe4130&st=135210",
        "onclick": ""
      },
      {
        "text": "PHÒNG KHÁM CHẤN THƯƠNG CHỈNH HÌNH - 20",
        "href": "http://192.168.2.26:2026/home.aspx?scope=sys&lang=vi&wpid=thuthuatnewdraw&thuthuatid=e118d1e1-556a-4002-b3d8-b472008aef9c&usid=172.31.255.1_rsenway4ypykm2begi123ahbfbbe4130&st=135210",
        "onclick": ""
      },
      {
        "text": "Hút ổ viêm/áp xe phần mềm",
        "href": "http://192.168.2.26:2026/home.aspx?scope=sys&lang=vi&wpid=thuthuatnewdraw&thuthuatid=e118d1e1-556a-4002-b3d8-b472008aef9c&usid=172.31.255.1_rsenway4ypykm2begi123ahbfbbe4130&st=135210",
        "onclick": ""
      },
      {
        "text": "0",
        "href": "http://192.168.2.26:2026/home.aspx?scope=sys&lang=vi&wpid=thuthuatnewdraw&thuthuatid=e118d1e1-556a-4002-b3d8-b472008aef9c&usid=172.31.255.1_rsenway4ypykm2begi123ahbfbbe4130&st=135210",
        "onclick": ""
      },
      {
        "text": "808,000",
        "href": "http://192.168.2.26:2026/home.aspx?scope=sys&lang=vi&wpid=thuthuatnewdraw&thuthuatid=e118d1e1-556a-4002-b3d8-b472008aef9c&usid=172.31.255.1_rsenway4ypykm2begi123ahbfbbe4130&st=135210",
        "onclick": ""
      },
      {
        "text": "Thường",
        "href": "http://192.168.2.26:2026/home.aspx?scope=sys&lang=vi&wpid=thuthuatnewdraw&thuthuatid=e118d1e1-556a-4002-b3d8-b472008aef9c&usid=172.31.255.1_rsenway4ypykm2begi123ahbfbbe4130&st=135210",
        "onclick": ""
      },
      {
        "text": "08:14 23/06/2026",
        "href": "http://192.168.2.26:2026/home.aspx?scope=sys&lang=vi&wpid=thuthuatnewdraw&thuthuatid=e118d1e1-556a-4002-b3d8-b472008aef9c&usid=172.31.255.1_rsenway4ypykm2begi123ahbfbbe4130&st=135210",
        "onclick": ""
      },
      {
        "text": "Chờ thực hiện",
        "href": "http://192.168.2.26:2026/home.aspx?scope=sys&lang=vi&wpid=thuthuatnewdraw&thuthuatid=e118d1e1-556a-4002-b3d8-b472008aef9c&usid=172.31.255.1_rsenway4ypykm2begi123ahbfbbe4130&st=135210",
        "onclick": ""
      }
    ]
  }
}
[2026-07-23 13:52:13.608] [BROWSER] [DETAIL] kind=procedure; access_id=e118d1e1-556a-4002-b3d8-b472008aef9c; direct_url=yes; onclick=no
[2026-07-23 13:52:13.610] [BROWSER] [DETAIL] Mở liên kết trực tiếp: http://192.168.2.26:2026/home.aspx?scope=sys&lang=vi&wpid=thuthuatnewdraw&thuthuatid=e118d1e1-556a-4002-b3d8-b472008aef9c&usid=172.31.255.1_rsenway4ypykm2begi123ahbfbbe4130&st=135210
[2026-07-23 13:52:14.499] [BROWSER] [DETAIL] Dữ liệu đọc được: {"complete_info": "", "current_url": "http://192.168.2.26:2026/home.aspx?scope=sys&lang=vi&wpid=thuthuatnewdraw&thuthuatid=e118d1e1-556a-4002-b3d8-b472008aef9c&usid=172.31.255.1_rsenway4ypykm2begi123ahbfbbe4130&st=135210", "doctor": "Phạm Việt Tân", "doctor_field": "txtBacSyChiDinh", "doctor_found": true, "method": "Hút ổ viêm/áp xe phần mềm", "patient_info": "(26049739 | LÊ TRÍ HIẾU, 01/01/1982, Nam, 44 tuổi | Viện phí)", "root_found": true, "start_time": "13:52 23/07/2026"}
[2026-07-23 13:52:14.500] [BROWSER] [DETAIL] Nguồn bác sĩ: Bác sĩ chỉ định; field=txtBacSyChiDinh; value=Phạm Việt Tân
[2026-07-23 13:52:14.501] [DETAIL_OK] D/s Thủ thuật: đọc được hồ sơ chi tiết
{
  "doctor_from_emr": "Phạm Việt Tân",
  "mapped_alias": "V.TÂN",
  "mapped_name": "Phạm Việt Tân",
  "start_time": "13:52 23/07/2026",
  "method": "Hút ổ viêm/áp xe phần mềm",
  "current_url": "http://192.168.2.26:2026/home.aspx?scope=sys&lang=vi&wpid=thuthuatnewdraw&thuthuatid=e118d1e1-556a-4002-b3d8-b472008aef9c&usid=172.31.255.1_rsenway4ypykm2begi123ahbfbbe4130&st=135210",
  "total_score": 145.0,
  "method_score": 1.0
}
[2026-07-23 13:52:14.502] [DETAIL_BEGIN] D/s Thủ thuật: mở ứng viên 2
{
  "detail_marker": "http://192.168.2.26:2026/home.aspx?scope=sys&lang=vi&wpid=thuthuatnewdraw&thuthuatid=7bf4a027-9ed8-4c1e-8ce9-b438000c022e&usid=172.31.255.1_rsenway4ypykm2begi123ahbfbbe4130&st=135210",
  "list_datetime": "2026-04-26 07:20:00",
  "list_method": "Thay băng, cắt chỉ vết mổ [chiều dài ≤ 15cm]",
  "row": {
    "access_id": "7bf4a027-9ed8-4c1e-8ce9-b438000c022e",
    "known_fields": {
      "stt": "1",
      "ngay_thu_thuat": "07:20 26/04/2026",
      "ma_bn": "26049739",
      "ho_ten": "LÊ TRÍ HIẾU",
      "gioi_tinh": "Nam",
      "tuoi": "44 tuổi",
      "doi_tuong": "Viện phí",
      "noi_chi_dinh": "Khoa Ngoại Chấn Thương Chỉnh Hình và Thần Kinh",
      "chi_dinh_thu_thuat": "Thay băng, cắt chỉ vết mổ [chiều dài ≤ 15cm]",
      "tam_ung": "0",
      "phai_thanh_toan": "0",
      "tinh_trang": "Thường",
      "thoi_gian_chi_dinh": "05:00 26/04/2026",
      "trang_thai": "Hoàn tất"
    },
    "raw_text": "1 07:20 26/04/2026 26049739 LÊ TRÍ HIẾU Nam 44 tuổi Viện phí Khoa Ngoại Chấn Thương Chỉnh Hình và Thần Kinh Thay băng, cắt chỉ vết mổ [chiều dài ≤ 15cm] 0 0 Thường 05:00 26/04/2026 Hoàn tất",
    "links": [
      {
        "text": "1",
        "href": "http://192.168.2.26:2026/home.aspx?scope=sys&lang=vi&wpid=thuthuatnewdraw&thuthuatid=7bf4a027-9ed8-4c1e-8ce9-b438000c022e&usid=172.31.255.1_rsenway4ypykm2begi123ahbfbbe4130&st=135210",
        "onclick": ""
      },
      {
        "text": "07:20 26/04/2026",
        "href": "http://192.168.2.26:2026/home.aspx?scope=sys&lang=vi&wpid=thuthuatnewdraw&thuthuatid=7bf4a027-9ed8-4c1e-8ce9-b438000c022e&usid=172.31.255.1_rsenway4ypykm2begi123ahbfbbe4130&st=135210",
        "onclick": ""
      },
      {
        "text": "26049739",
        "href": "http://192.168.2.26:2026/home.aspx?scope=sys&lang=vi&wpid=thuthuatnewdraw&thuthuatid=7bf4a027-9ed8-4c1e-8ce9-b438000c022e&usid=172.31.255.1_rsenway4ypykm2begi123ahbfbbe4130&st=135210",
        "onclick": ""
      },
      {
        "text": "LÊ TRÍ HIẾU",
        "href": "http://192.168.2.26:2026/home.aspx?scope=sys&lang=vi&wpid=thuthuatnewdraw&thuthuatid=7bf4a027-9ed8-4c1e-8ce9-b438000c022e&usid=172.31.255.1_rsenway4ypykm2begi123ahbfbbe4130&st=135210",
        "onclick": ""
      },
      {
        "text": "Nam",
        "href": "http://192.168.2.26:2026/home.aspx?scope=sys&lang=vi&wpid=thuthuatnewdraw&thuthuatid=7bf4a027-9ed8-4c1e-8ce9-b438000c022e&usid=172.31.255.1_rsenway4ypykm2begi123ahbfbbe4130&st=135210",
        "onclick": ""
      },
      {
        "text": "44 tuổi",
        "href": "http://192.168.2.26:2026/home.aspx?scope=sys&lang=vi&wpid=thuthuatnewdraw&thuthuatid=7bf4a027-9ed8-4c1e-8ce9-b438000c022e&usid=172.31.255.1_rsenway4ypykm2begi123ahbfbbe4130&st=135210",
        "onclick": ""
      },
      {
        "text": "Viện phí",
        "href": "http://192.168.2.26:2026/home.aspx?scope=sys&lang=vi&wpid=thuthuatnewdraw&thuthuatid=7bf4a027-9ed8-4c1e-8ce9-b438000c022e&usid=172.31.255.1_rsenway4ypykm2begi123ahbfbbe4130&st=135210",
        "onclick": ""
      },
      {
        "text": "Khoa Ngoại Chấn Thương Chỉnh Hình và Thần Kinh",
        "href": "http://192.168.2.26:2026/home.aspx?scope=sys&lang=vi&wpid=thuthuatnewdraw&thuthuatid=7bf4a027-9ed8-4c1e-8ce9-b438000c022e&usid=172.31.255.1_rsenway4ypykm2begi123ahbfbbe4130&st=135210",
        "onclick": ""
      },
      {
        "text": "Thay băng, cắt chỉ vết mổ [chiều dài ≤ 15cm]",
        "href": "http://192.168.2.26:2026/home.aspx?scope=sys&lang=vi&wpid=thuthuatnewdraw&thuthuatid=7bf4a027-9ed8-4c1e-8ce9-b438000c022e&usid=172.31.255.1_rsenway4ypykm2begi123ahbfbbe4130&st=135210",
        "onclick": ""
      },
      {
        "text": "0",
        "href": "http://192.168.2.26:2026/home.aspx?scope=sys&lang=vi&wpid=thuthuatnewdraw&thuthuatid=7bf4a027-9ed8-4c1e-8ce9-b438000c022e&usid=172.31.255.1_rsenway4ypykm2begi123ahbfbbe4130&st=135210",
        "onclick": ""
      },
      {
        "text": "0",
        "href": "http://192.168.2.26:2026/home.aspx?scope=sys&lang=vi&wpid=thuthuatnewdraw&thuthuatid=7bf4a027-9ed8-4c1e-8ce9-b438000c022e&usid=172.31.255.1_rsenway4ypykm2begi123ahbfbbe4130&st=135210",
        "onclick": ""
      },
      {
        "text": "Thường",
        "href": "http://192.168.2.26:2026/home.aspx?scope=sys&lang=vi&wpid=thuthuatnewdraw&thuthuatid=7bf4a027-9ed8-4c1e-8ce9-b438000c022e&usid=172.31.255.1_rsenway4ypykm2begi123ahbfbbe4130&st=135210",
        "onclick": ""
      },
      {
        "text": "05:00 26/04/2026",
        "href": "http://192.168.2.26:2026/home.aspx?scope=sys&lang=vi&wpid=thuthuatnewdraw&thuthuatid=7bf4a027-9ed8-4c1e-8ce9-b438000c022e&usid=172.31.255.1_rsenway4ypykm2begi123ahbfbbe4130&st=135210",
        "onclick": ""
      },
      {
        "text": "Hoàn tất",
        "href": "http://192.168.2.26:2026/home.aspx?scope=sys&lang=vi&wpid=thuthuatnewdraw&thuthuatid=7bf4a027-9ed8-4c1e-8ce9-b438000c022e&usid=172.31.255.1_rsenway4ypykm2begi123ahbfbbe4130&st=135210",
        "onclick": ""
      }
    ]
  }
}
[2026-07-23 13:52:14.514] [BROWSER] [DETAIL] kind=procedure; access_id=7bf4a027-9ed8-4c1e-8ce9-b438000c022e; direct_url=yes; onclick=no
[2026-07-23 13:52:14.515] [BROWSER] [DETAIL] Mở liên kết trực tiếp: http://192.168.2.26:2026/home.aspx?scope=sys&lang=vi&wpid=thuthuatnewdraw&thuthuatid=7bf4a027-9ed8-4c1e-8ce9-b438000c022e&usid=172.31.255.1_rsenway4ypykm2begi123ahbfbbe4130&st=135210
[2026-07-23 13:52:15.413] [BROWSER] [DETAIL] Dữ liệu đọc được: {"complete_info": "Người hoàn tất: Thạch Thị Thúy Đa (tttda) | TG nhấn hoàn tất: 10:33 26/04/2026", "current_url": "http://192.168.2.26:2026/home.aspx?scope=sys&lang=vi&wpid=thuthuatnewdraw&thuthuatid=7bf4a027-9ed8-4c1e-8ce9-b438000c022e&usid=172.31.255.1_rsenway4ypykm2begi123ahbfbbe4130&st=135210", "doctor": "Trần Nguyễn Anh Duy", "doctor_field": "txtBacSyChiDinh", "doctor_found": true, "method": "Thay băng, cắt chỉ vết mổ [chiều dài ≤ 15cm]", "patient_info": "(26049739 | LÊ TRÍ HIẾU, 01/01/1982, Nam, 44 tuổi | Viện phí)", "root_found": true, "start_time": "07:20 26/04/2026"}
[2026-07-23 13:52:15.414] [BROWSER] [DETAIL] Nguồn bác sĩ: Bác sĩ chỉ định; field=txtBacSyChiDinh; value=Trần Nguyễn Anh Duy
[2026-07-23 13:52:15.414] [DETAIL_OK] D/s Thủ thuật: đọc được hồ sơ chi tiết
{
  "doctor_from_emr": "Trần Nguyễn Anh Duy",
  "mapped_alias": "DUY",
  "mapped_name": "Trần Nguyễn Anh Duy",
  "start_time": "07:20 26/04/2026",
  "method": "Thay băng, cắt chỉ vết mổ [chiều dài ≤ 15cm]",
  "current_url": "http://192.168.2.26:2026/home.aspx?scope=sys&lang=vi&wpid=thuthuatnewdraw&thuthuatid=7bf4a027-9ed8-4c1e-8ce9-b438000c022e&usid=172.31.255.1_rsenway4ypykm2begi123ahbfbbe4130&st=135210",
  "total_score": 26.25,
  "method_score": 0.25
}
[2026-07-23 13:52:15.415] [DETAIL_BEGIN] D/s Thủ thuật: mở ứng viên 3
{
  "detail_marker": "http://192.168.2.26:2026/home.aspx?scope=sys&lang=vi&wpid=thuthuatnewdraw&thuthuatid=010317ed-5318-4af7-b05f-b43b00360af9&usid=172.31.255.1_rsenway4ypykm2begi123ahbfbbe4130&st=135210",
  "list_datetime": "2026-04-29 03:00:00",
  "list_method": "Thay băng, cắt chỉ vết mổ [chiều dài ≤ 15cm]",
  "row": {
    "access_id": "010317ed-5318-4af7-b05f-b43b00360af9",
    "known_fields": {
      "stt": "2",
      "ngay_thu_thuat": "03:00 29/04/2026",
      "ma_bn": "26049739",
      "ho_ten": "LÊ TRÍ HIẾU",
      "gioi_tinh": "Nam",
      "tuoi": "44 tuổi",
      "doi_tuong": "Viện phí",
      "noi_chi_dinh": "Khoa Ngoại Chấn Thương Chỉnh Hình và Thần Kinh",
      "chi_dinh_thu_thuat": "Thay băng, cắt chỉ vết mổ [chiều dài ≤ 15cm]",
      "tam_ung": "0",
      "phai_thanh_toan": "0",
      "tinh_trang": "Thường",
      "thoi_gian_chi_dinh": "03:00 29/04/2026",
      "trang_thai": "Hoàn tất"
    },
    "raw_text": "2 03:00 29/04/2026 26049739 LÊ TRÍ HIẾU Nam 44 tuổi Viện phí Khoa Ngoại Chấn Thương Chỉnh Hình và Thần Kinh Thay băng, cắt chỉ vết mổ [chiều dài ≤ 15cm] 0 0 Thường 03:00 29/04/2026 Hoàn tất",
    "links": [
      {
        "text": "2",
        "href": "http://192.168.2.26:2026/home.aspx?scope=sys&lang=vi&wpid=thuthuatnewdraw&thuthuatid=010317ed-5318-4af7-b05f-b43b00360af9&usid=172.31.255.1_rsenway4ypykm2begi123ahbfbbe4130&st=135210",
        "onclick": ""
      },
      {
        "text": "03:00 29/04/2026",
        "href": "http://192.168.2.26:2026/home.aspx?scope=sys&lang=vi&wpid=thuthuatnewdraw&thuthuatid=010317ed-5318-4af7-b05f-b43b00360af9&usid=172.31.255.1_rsenway4ypykm2begi123ahbfbbe4130&st=135210",
        "onclick": ""
      },
      {
        "text": "26049739",
        "href": "http://192.168.2.26:2026/home.aspx?scope=sys&lang=vi&wpid=thuthuatnewdraw&thuthuatid=010317ed-5318-4af7-b05f-b43b00360af9&usid=172.31.255.1_rsenway4ypykm2begi123ahbfbbe4130&st=135210",
        "onclick": ""
      },
      {
        "text": "LÊ TRÍ HIẾU",
        "href": "http://192.168.2.26:2026/home.aspx?scope=sys&lang=vi&wpid=thuthuatnewdraw&thuthuatid=010317ed-5318-4af7-b05f-b43b00360af9&usid=172.31.255.1_rsenway4ypykm2begi123ahbfbbe4130&st=135210",
        "onclick": ""
      },
      {
        "text": "Nam",
        "href": "http://192.168.2.26:2026/home.aspx?scope=sys&lang=vi&wpid=thuthuatnewdraw&thuthuatid=010317ed-5318-4af7-b05f-b43b00360af9&usid=172.31.255.1_rsenway4ypykm2begi123ahbfbbe4130&st=135210",
        "onclick": ""
      },
      {
        "text": "44 tuổi",
        "href": "http://192.168.2.26:2026/home.aspx?scope=sys&lang=vi&wpid=thuthuatnewdraw&thuthuatid=010317ed-5318-4af7-b05f-b43b00360af9&usid=172.31.255.1_rsenway4ypykm2begi123ahbfbbe4130&st=135210",
        "onclick": ""
      },
      {
        "text": "Viện phí",
        "href": "http://192.168.2.26:2026/home.aspx?scope=sys&lang=vi&wpid=thuthuatnewdraw&thuthuatid=010317ed-5318-4af7-b05f-b43b00360af9&usid=172.31.255.1_rsenway4ypykm2begi123ahbfbbe4130&st=135210",
        "onclick": ""
      },
      {
        "text": "Khoa Ngoại Chấn Thương Chỉnh Hình và Thần Kinh",
        "href": "http://192.168.2.26:2026/home.aspx?scope=sys&lang=vi&wpid=thuthuatnewdraw&thuthuatid=010317ed-5318-4af7-b05f-b43b00360af9&usid=172.31.255.1_rsenway4ypykm2begi123ahbfbbe4130&st=135210",
        "onclick": ""
      },
      {
        "text": "Thay băng, cắt chỉ vết mổ [chiều dài ≤ 15cm]",
        "href": "http://192.168.2.26:2026/home.aspx?scope=sys&lang=vi&wpid=thuthuatnewdraw&thuthuatid=010317ed-5318-4af7-b05f-b43b00360af9&usid=172.31.255.1_rsenway4ypykm2begi123ahbfbbe4130&st=135210",
        "onclick": ""
      },
      {
        "text": "0",
        "href": "http://192.168.2.26:2026/home.aspx?scope=sys&lang=vi&wpid=thuthuatnewdraw&thuthuatid=010317ed-5318-4af7-b05f-b43b00360af9&usid=172.31.255.1_rsenway4ypykm2begi123ahbfbbe4130&st=135210",
        "onclick": ""
      },
      {
        "text": "0",
        "href": "http://192.168.2.26:2026/home.aspx?scope=sys&lang=vi&wpid=thuthuatnewdraw&thuthuatid=010317ed-5318-4af7-b05f-b43b00360af9&usid=172.31.255.1_rsenway4ypykm2begi123ahbfbbe4130&st=135210",
        "onclick": ""
      },
      {
        "text": "Thường",
        "href": "http://192.168.2.26:2026/home.aspx?scope=sys&lang=vi&wpid=thuthuatnewdraw&thuthuatid=010317ed-5318-4af7-b05f-b43b00360af9&usid=172.31.255.1_rsenway4ypykm2begi123ahbfbbe4130&st=135210",
        "onclick": ""
      },
      {
        "text": "03:00 29/04/2026",
        "href": "http://192.168.2.26:2026/home.aspx?scope=sys&lang=vi&wpid=thuthuatnewdraw&thuthuatid=010317ed-5318-4af7-b05f-b43b00360af9&usid=172.31.255.1_rsenway4ypykm2begi123ahbfbbe4130&st=135210",
        "onclick": ""
      },
      {
        "text": "Hoàn tất",
        "href": "http://192.168.2.26:2026/home.aspx?scope=sys&lang=vi&wpid=thuthuatnewdraw&thuthuatid=010317ed-5318-4af7-b05f-b43b00360af9&usid=172.31.255.1_rsenway4ypykm2begi123ahbfbbe4130&st=135210",
        "onclick": ""
      }
    ]
  }
}
[2026-07-23 13:52:15.428] [BROWSER] [DETAIL] kind=procedure; access_id=010317ed-5318-4af7-b05f-b43b00360af9; direct_url=yes; onclick=no
[2026-07-23 13:52:15.431] [BROWSER] [DETAIL] Mở liên kết trực tiếp: http://192.168.2.26:2026/home.aspx?scope=sys&lang=vi&wpid=thuthuatnewdraw&thuthuatid=010317ed-5318-4af7-b05f-b43b00360af9&usid=172.31.255.1_rsenway4ypykm2begi123ahbfbbe4130&st=135210
[2026-07-23 13:52:16.347] [BROWSER] [DETAIL] Dữ liệu đọc được: {"complete_info": "Người hoàn tất: Võ Thị Yến Nhi (vtynhi) | TG nhấn hoàn tất: 03:29 29/04/2026", "current_url": "http://192.168.2.26:2026/home.aspx?scope=sys&lang=vi&wpid=thuthuatnewdraw&thuthuatid=010317ed-5318-4af7-b05f-b43b00360af9&usid=172.31.255.1_rsenway4ypykm2begi123ahbfbbe4130&st=135210", "doctor": "Phạm Việt Tân", "doctor_field": "txtBacSyChiDinh", "doctor_found": true, "method": "Thay băng, cắt chỉ vết mổ [chiều dài ≤ 15cm]", "patient_info": "(26049739 | LÊ TRÍ HIẾU, 01/01/1982, Nam, 44 tuổi | Viện phí)", "root_found": true, "start_time": "03:00 29/04/2026"}
[2026-07-23 13:52:16.348] [BROWSER] [DETAIL] Nguồn bác sĩ: Bác sĩ chỉ định; field=txtBacSyChiDinh; value=Phạm Việt Tân
[2026-07-23 13:52:16.349] [DETAIL_OK] D/s Thủ thuật: đọc được hồ sơ chi tiết
{
  "doctor_from_emr": "Phạm Việt Tân",
  "mapped_alias": "V.TÂN",
  "mapped_name": "Phạm Việt Tân",
  "start_time": "03:00 29/04/2026",
  "method": "Thay băng, cắt chỉ vết mổ [chiều dài ≤ 15cm]",
  "current_url": "http://192.168.2.26:2026/home.aspx?scope=sys&lang=vi&wpid=thuthuatnewdraw&thuthuatid=010317ed-5318-4af7-b05f-b43b00360af9&usid=172.31.255.1_rsenway4ypykm2begi123ahbfbbe4130&st=135210",
  "total_score": 26.25,
  "method_score": 0.25
}
[2026-07-23 13:52:16.349] [EVALUATED] D/s Thủ thuật: đánh giá 3 hồ sơ
{
  "items": [
    {
      "doctor": "Phạm Việt Tân",
      "alias": "V.TÂN",
      "detail_datetime": "2026-07-23 13:52:00",
      "method_score": 1.0,
      "total_score": 145.0,
      "confidence_ok": false
    },
    {
      "doctor": "Trần Nguyễn Anh Duy",
      "alias": "DUY",
      "detail_datetime": "2026-04-26 07:20:00",
      "method_score": 0.25,
      "total_score": 26.25,
      "confidence_ok": false
    },
    {
      "doctor": "Phạm Việt Tân",
      "alias": "V.TÂN",
      "detail_datetime": "2026-04-29 03:00:00",
      "method_score": 0.25,
      "total_score": 26.25,
      "confidence_ok": false
    }
  ]
}
[2026-07-23 13:52:16.350] [SEARCH_BEGIN] dòng 87: tìm LÊ TRÍ HIẾU tại D/s Phẫu thuật
{
  "patient": "LÊ TRÍ HIẾU",
  "target_time": "2026-06-23 08:14:00",
  "target_method": "Hút ổ viêm/áp xe phần mềm",
  "source": "surgery"
}
[2026-07-23 13:52:16.805] [BROWSER] [NAV] D/s Phẫu thuật: http://192.168.2.26:2026/home.aspx?scope=sys&lang=vi&wpid=danhsachphauthuatdraw&role=323&usid=172.31.255.1_rsenway4ypykm2begi123ahbfbbe4130&st=135212
[2026-07-23 13:52:18.826] [BROWSER] [FILTER] 3 tháng
[2026-07-23 13:52:19.362] [BROWSER] [SEARCH] Nhập 'LÊ TRÍ HIẾU' vào #txtTimKiem
[2026-07-23 13:52:19.527] [BROWSER] [SEARCH] Đã bấm Tìm kiếm bằng #btnTimKiem
[2026-07-23 13:52:19.554] [BROWSER] [RESULT] D/s Phẫu thuật: 2 dòng
[2026-07-23 13:52:19.564] [SEARCH_RESULT] D/s Phẫu thuật: nhận 2 dòng
{
  "current_url": "http://192.168.2.26:2026/home.aspx?scope=sys&lang=vi&wpid=danhsachphauthuatdraw&role=323&usid=172.31.255.1_rsenway4ypykm2begi123ahbfbbe4130&st=135212",
  "search_input_id": "txtTimKiem",
  "search_trigger": "#btnTimKiem",
  "headers": [
    "STT",
    "Mã BN",
    "Họ tên",
    "Giới tính",
    "Tuổi",
    "Phòng mổ",
    "Nơi chuyển mổ",
    "Nội dung phẫu thuật",
    "Tình trạng",
    "Thời gian",
    "Trạng thái",
    "Đối tượng",
    "Đã tạm ứng"
  ],
  "rows": [
    {
      "access_id": "84f90f84-ea4e-4901-b73a-cd99fdb80b9c",
      "known_fields": {
        "stt": "1",
        "ma_bn": "26049739",
        "ho_ten": "LÊ TRÍ HIẾU (Phẫu thuật phụ)",
        "gioi_tinh": "Nam",
        "tuoi": "44 tuổi",
        "phong_mo": "PHÒNG PHẪU THUẬT",
        "noi_chuyen_mo": "Khoa Gây Mê Hồi Sức",
        "noi_dung_phau_thuat": "Phẫu thuật kết hợp xương trên màn hình tăng sáng",
        "tinh_trang": "Thường",
        "thoi_gian": "28/04/2026",
        "trang_thai": "Hoàn tất",
        "doi_tuong": "Bảo hiểm",
        "tam_ung": "31,000,000"
      },
      "raw_text": "1 26049739 LÊ TRÍ HIẾU (Phẫu thuật phụ) Nam 44 tuổi PHÒNG PHẪU THUẬT Khoa Gây Mê Hồi Sức Phẫu thuật kết hợp xương trên màn hình tăng sáng Thường 28/04/2026 Hoàn tất Bảo hiểm 31,000,000",
      "links": [
        {
          "text": "1",
          "href": "http://192.168.2.26:2026/home.aspx?scope=sys&lang=vi&wpid=phauthuatdraw&phauthuatid=84f90f84-ea4e-4901-b73a-cd99fdb80b9c&keyword=l%C3%AA%20tr%C3%AD%20hi%E1%BA%BFu&tg=6&tungay=01/04/2026&denngay=24/07/2026&usid=172.31.255.1_rsenway4ypykm2begi123ahbfbbe4130&st=135216",
          "onclick": ""
        },
        {
          "text": "26049739",
          "href": "http://192.168.2.26:2026/home.aspx?scope=sys&lang=vi&wpid=phauthuatdraw&phauthuatid=84f90f84-ea4e-4901-b73a-cd99fdb80b9c&keyword=l%C3%AA%20tr%C3%AD%20hi%E1%BA%BFu&tg=6&tungay=01/04/2026&denngay=24/07/2026&usid=172.31.255.1_rsenway4ypykm2begi123ahbfbbe4130&st=135216",
          "onclick": ""
        },
        {
          "text": "LÊ TRÍ HIẾU (Phẫu thuật phụ)",
          "href": "http://192.168.2.26:2026/home.aspx?scope=sys&lang=vi&wpid=phauthuatdraw&phauthuatid=84f90f84-ea4e-4901-b73a-cd99fdb80b9c&keyword=l%C3%AA%20tr%C3%AD%20hi%E1%BA%BFu&tg=6&tungay=01/04/2026&denngay=24/07/2026&usid=172.31.255.1_rsenway4ypykm2begi123ahbfbbe4130&st=135216",
          "onclick": ""
        },
        {
          "text": "Nam",
          "href": "http://192.168.2.26:2026/home.aspx?scope=sys&lang=vi&wpid=phauthuatdraw&phauthuatid=84f90f84-ea4e-4901-b73a-cd99fdb80b9c&keyword=l%C3%AA%20tr%C3%AD%20hi%E1%BA%BFu&tg=6&tungay=01/04/2026&denngay=24/07/2026&usid=172.31.255.1_rsenway4ypykm2begi123ahbfbbe4130&st=135216",
          "onclick": ""
        },
        {
          "text": "44 tuổi",
          "href": "http://192.168.2.26:2026/home.aspx?scope=sys&lang=vi&wpid=phauthuatdraw&phauthuatid=84f90f84-ea4e-4901-b73a-cd99fdb80b9c&keyword=l%C3%AA%20tr%C3%AD%20hi%E1%BA%BFu&tg=6&tungay=01/04/2026&denngay=24/07/2026&usid=172.31.255.1_rsenway4ypykm2begi123ahbfbbe4130&st=135216",
          "onclick": ""
        },
        {
          "text": "PHÒNG PHẪU THUẬT",
          "href": "http://192.168.2.26:2026/home.aspx?scope=sys&lang=vi&wpid=phauthuatdraw&phauthuatid=84f90f84-ea4e-4901-b73a-cd99fdb80b9c&keyword=l%C3%AA%20tr%C3%AD%20hi%E1%BA%BFu&tg=6&tungay=01/04/2026&denngay=24/07/2026&usid=172.31.255.1_rsenway4ypykm2begi123ahbfbbe4130&st=135216",
          "onclick": ""
        },
        {
          "text": "Khoa Gây Mê Hồi Sức",
          "href": "http://192.168.2.26:2026/home.aspx?scope=sys&lang=vi&wpid=phauthuatdraw&phauthuatid=84f90f84-ea4e-4901-b73a-cd99fdb80b9c&keyword=l%C3%AA%20tr%C3%AD%20hi%E1%BA%BFu&tg=6&tungay=01/04/2026&denngay=24/07/2026&usid=172.31.255.1_rsenway4ypykm2begi123ahbfbbe4130&st=135216",
          "onclick": ""
        },
        {
          "text": "Phẫu thuật kết hợp xương trên màn hình tăng sáng",
          "href": "http://192.168.2.26:2026/home.aspx?scope=sys&lang=vi&wpid=phauthuatdraw&phauthuatid=84f90f84-ea4e-4901-b73a-cd99fdb80b9c&keyword=l%C3%AA%20tr%C3%AD%20hi%E1%BA%BFu&tg=6&tungay=01/04/2026&denngay=24/07/2026&usid=172.31.255.1_rsenway4ypykm2begi123ahbfbbe4130&st=135216",
          "onclick": ""
        },
        {
          "text": "Thường",
          "href": "http://192.168.2.26:2026/home.aspx?scope=sys&lang=vi&wpid=phauthuatdraw&phauthuatid=84f90f84-ea4e-4901-b73a-cd99fdb80b9c&keyword=l%C3%AA%20tr%C3%AD%20hi%E1%BA%BFu&tg=6&tungay=01/04/2026&denngay=24/07/2026&usid=172.31.255.1_rsenway4ypykm2begi123ahbfbbe4130&st=135216",
          "onclick": ""
        },
        {
          "text": "28/04/2026",
          "href": "http://192.168.2.26:2026/home.aspx?scope=sys&lang=vi&wpid=phauthuatdraw&phauthuatid=84f90f84-ea4e-4901-b73a-cd99fdb80b9c&keyword=l%C3%AA%20tr%C3%AD%20hi%E1%BA%BFu&tg=6&tungay=01/04/2026&denngay=24/07/2026&usid=172.31.255.1_rsenway4ypykm2begi123ahbfbbe4130&st=135216",
          "onclick": ""
        }
      ]
    },
    {
      "access_id": "09da517b-9c20-4cdf-9a20-b439017894ec",
      "known_fields": {
        "stt": "2",
        "ma_bn": "26049739",
        "ho_ten": "LÊ TRÍ HIẾU",
        "gioi_tinh": "Nam",
        "tuoi": "44 tuổi",
        "phong_mo": "PHÒNG PHẪU THUẬT",
        "noi_chuyen_mo": "Khoa Ngoại Chấn Thương Chỉnh Hình và Thần Kinh",
        "noi_dung_phau_thuat": "Phẫu thuật kết hợp xương trên màn hình tăng sáng",
        "tinh_trang": "Thường",
        "thoi_gian": "28/04/2026",
        "trang_thai": "Hoàn tất",
        "doi_tuong": "Bảo hiểm",
        "tam_ung": "31,000,000"
      },
      "raw_text": "2 26049739 LÊ TRÍ HIẾU Nam 44 tuổi PHÒNG PHẪU THUẬT Khoa Ngoại Chấn Thương Chỉnh Hình và Thần Kinh Phẫu thuật kết hợp xương trên màn hình tăng sáng Thường 28/04/2026 Hoàn tất Bảo hiểm 31,000,000",
      "links": [
        {
          "text": "2",
          "href": "http://192.168.2.26:2026/home.aspx?scope=sys&lang=vi&wpid=phauthuatdraw&phauthuatid=09da517b-9c20-4cdf-9a20-b439017894ec&keyword=l%C3%AA%20tr%C3%AD%20hi%E1%BA%BFu&tg=6&tungay=01/04/2026&denngay=24/07/2026&usid=172.31.255.1_rsenway4ypykm2begi123ahbfbbe4130&st=135216",
          "onclick": ""
        },
        {
          "text": "26049739",
          "href": "http://192.168.2.26:2026/home.aspx?scope=sys&lang=vi&wpid=phauthuatdraw&phauthuatid=09da517b-9c20-4cdf-9a20-b439017894ec&keyword=l%C3%AA%20tr%C3%AD%20hi%E1%BA%BFu&tg=6&tungay=01/04/2026&denngay=24/07/2026&usid=172.31.255.1_rsenway4ypykm2begi123ahbfbbe4130&st=135216",
          "onclick": ""
        },
        {
          "text": "LÊ TRÍ HIẾU",
          "href": "http://192.168.2.26:2026/home.aspx?scope=sys&lang=vi&wpid=phauthuatdraw&phauthuatid=09da517b-9c20-4cdf-9a20-b439017894ec&keyword=l%C3%AA%20tr%C3%AD%20hi%E1%BA%BFu&tg=6&tungay=01/04/2026&denngay=24/07/2026&usid=172.31.255.1_rsenway4ypykm2begi123ahbfbbe4130&st=135216",
          "onclick": ""
        },
        {
          "text": "Nam",
          "href": "http://192.168.2.26:2026/home.aspx?scope=sys&lang=vi&wpid=phauthuatdraw&phauthuatid=09da517b-9c20-4cdf-9a20-b439017894ec&keyword=l%C3%AA%20tr%C3%AD%20hi%E1%BA%BFu&tg=6&tungay=01/04/2026&denngay=24/07/2026&usid=172.31.255.1_rsenway4ypykm2begi123ahbfbbe4130&st=135216",
          "onclick": ""
        },
        {
          "text": "44 tuổi",
          "href": "http://192.168.2.26:2026/home.aspx?scope=sys&lang=vi&wpid=phauthuatdraw&phauthuatid=09da517b-9c20-4cdf-9a20-b439017894ec&keyword=l%C3%AA%20tr%C3%AD%20hi%E1%BA%BFu&tg=6&tungay=01/04/2026&denngay=24/07/2026&usid=172.31.255.1_rsenway4ypykm2begi123ahbfbbe4130&st=135216",
          "onclick": ""
        },
        {
          "text": "PHÒNG PHẪU THUẬT",
          "href": "http://192.168.2.26:2026/home.aspx?scope=sys&lang=vi&wpid=phauthuatdraw&phauthuatid=09da517b-9c20-4cdf-9a20-b439017894ec&keyword=l%C3%AA%20tr%C3%AD%20hi%E1%BA%BFu&tg=6&tungay=01/04/2026&denngay=24/07/2026&usid=172.31.255.1_rsenway4ypykm2begi123ahbfbbe4130&st=135216",
          "onclick": ""
        },
        {
          "text": "Khoa Ngoại Chấn Thương Chỉnh Hình và Thần Kinh",
          "href": "http://192.168.2.26:2026/home.aspx?scope=sys&lang=vi&wpid=phauthuatdraw&phauthuatid=09da517b-9c20-4cdf-9a20-b439017894ec&keyword=l%C3%AA%20tr%C3%AD%20hi%E1%BA%BFu&tg=6&tungay=01/04/2026&denngay=24/07/2026&usid=172.31.255.1_rsenway4ypykm2begi123ahbfbbe4130&st=135216",
          "onclick": ""
        },
        {
          "text": "Phẫu thuật kết hợp xương trên màn hình tăng sáng",
          "href": "http://192.168.2.26:2026/home.aspx?scope=sys&lang=vi&wpid=phauthuatdraw&phauthuatid=09da517b-9c20-4cdf-9a20-b439017894ec&keyword=l%C3%AA%20tr%C3%AD%20hi%E1%BA%BFu&tg=6&tungay=01/04/2026&denngay=24/07/2026&usid=172.31.255.1_rsenway4ypykm2begi123ahbfbbe4130&st=135216",
          "onclick": ""
        },
        {
          "text": "Thường",
          "href": "http://192.168.2.26:2026/home.aspx?scope=sys&lang=vi&wpid=phauthuatdraw&phauthuatid=09da517b-9c20-4cdf-9a20-b439017894ec&keyword=l%C3%AA%20tr%C3%AD%20hi%E1%BA%BFu&tg=6&tungay=01/04/2026&denngay=24/07/2026&usid=172.31.255.1_rsenway4ypykm2begi123ahbfbbe4130&st=135216",
          "onclick": ""
        },
        {
          "text": "28/04/2026",
          "href": "http://192.168.2.26:2026/home.aspx?scope=sys&lang=vi&wpid=phauthuatdraw&phauthuatid=09da517b-9c20-4cdf-9a20-b439017894ec&keyword=l%C3%AA%20tr%C3%AD%20hi%E1%BA%BFu&tg=6&tungay=01/04/2026&denngay=24/07/2026&usid=172.31.255.1_rsenway4ypykm2begi123ahbfbbe4130&st=135216",
          "onclick": ""
        }
      ]
    }
  ]
}
[2026-07-23 13:52:19.566] [CANDIDATES] D/s Phẫu thuật: có 2 ứng viên cùng người bệnh
{
  "candidates": [
    {
      "list_score": 44.58904109589041,
      "list_datetime": "2026-04-28 00:00:00",
      "list_method": "Phẫu thuật kết hợp xương trên màn hình tăng sáng",
      "detail_marker": "http://192.168.2.26:2026/home.aspx?scope=sys&lang=vi&wpid=phauthuatdraw&phauthuatid=84f90f84-ea4e-4901-b73a-cd99fdb80b9c&keyword=l%C3%AA%20tr%C3%AD%20hi%E1%BA%BFu&tg=6&tungay=01/04/2026&denngay=24/07/2026&usid=172.31.255.1_rsenway4ypykm2begi123ahbfbbe4130&st=135216",
      "row": {
        "access_id": "84f90f84-ea4e-4901-b73a-cd99fdb80b9c",
        "known_fields": {
          "stt": "1",
          "ma_bn": "26049739",
          "ho_ten": "LÊ TRÍ HIẾU (Phẫu thuật phụ)",
          "gioi_tinh": "Nam",
          "tuoi": "44 tuổi",
          "phong_mo": "PHÒNG PHẪU THUẬT",
          "noi_chuyen_mo": "Khoa Gây Mê Hồi Sức",
          "noi_dung_phau_thuat": "Phẫu thuật kết hợp xương trên màn hình tăng sáng",
          "tinh_trang": "Thường",
          "thoi_gian": "28/04/2026",
          "trang_thai": "Hoàn tất",
          "doi_tuong": "Bảo hiểm",
          "tam_ung": "31,000,000"
        },
        "raw_text": "1 26049739 LÊ TRÍ HIẾU (Phẫu thuật phụ) Nam 44 tuổi PHÒNG PHẪU THUẬT Khoa Gây Mê Hồi Sức Phẫu thuật kết hợp xương trên màn hình tăng sáng Thường 28/04/2026 Hoàn tất Bảo hiểm 31,000,000",
        "links": [
          {
            "text": "1",
            "href": "http://192.168.2.26:2026/home.aspx?scope=sys&lang=vi&wpid=phauthuatdraw&phauthuatid=84f90f84-ea4e-4901-b73a-cd99fdb80b9c&keyword=l%C3%AA%20tr%C3%AD%20hi%E1%BA%BFu&tg=6&tungay=01/04/2026&denngay=24/07/2026&usid=172.31.255.1_rsenway4ypykm2begi123ahbfbbe4130&st=135216",
            "onclick": ""
          },
          {
            "text": "26049739",
            "href": "http://192.168.2.26:2026/home.aspx?scope=sys&lang=vi&wpid=phauthuatdraw&phauthuatid=84f90f84-ea4e-4901-b73a-cd99fdb80b9c&keyword=l%C3%AA%20tr%C3%AD%20hi%E1%BA%BFu&tg=6&tungay=01/04/2026&denngay=24/07/2026&usid=172.31.255.1_rsenway4ypykm2begi123ahbfbbe4130&st=135216",
            "onclick": ""
          },
          {
            "text": "LÊ TRÍ HIẾU (Phẫu thuật phụ)",
            "href": "http://192.168.2.26:2026/home.aspx?scope=sys&lang=vi&wpid=phauthuatdraw&phauthuatid=84f90f84-ea4e-4901-b73a-cd99fdb80b9c&keyword=l%C3%AA%20tr%C3%AD%20hi%E1%BA%BFu&tg=6&tungay=01/04/2026&denngay=24/07/2026&usid=172.31.255.1_rsenway4ypykm2begi123ahbfbbe4130&st=135216",
            "onclick": ""
          },
          {
            "text": "Nam",
            "href": "http://192.168.2.26:2026/home.aspx?scope=sys&lang=vi&wpid=phauthuatdraw&phauthuatid=84f90f84-ea4e-4901-b73a-cd99fdb80b9c&keyword=l%C3%AA%20tr%C3%AD%20hi%E1%BA%BFu&tg=6&tungay=01/04/2026&denngay=24/07/2026&usid=172.31.255.1_rsenway4ypykm2begi123ahbfbbe4130&st=135216",
            "onclick": ""
          },
          {
            "text": "44 tuổi",
            "href": "http://192.168.2.26:2026/home.aspx?scope=sys&lang=vi&wpid=phauthuatdraw&phauthuatid=84f90f84-ea4e-4901-b73a-cd99fdb80b9c&keyword=l%C3%AA%20tr%C3%AD%20hi%E1%BA%BFu&tg=6&tungay=01/04/2026&denngay=24/07/2026&usid=172.31.255.1_rsenway4ypykm2begi123ahbfbbe4130&st=135216",
            "onclick": ""
          },
          {
            "text": "PHÒNG PHẪU THUẬT",
            "href": "http://192.168.2.26:2026/home.aspx?scope=sys&lang=vi&wpid=phauthuatdraw&phauthuatid=84f90f84-ea4e-4901-b73a-cd99fdb80b9c&keyword=l%C3%AA%20tr%C3%AD%20hi%E1%BA%BFu&tg=6&tungay=01/04/2026&denngay=24/07/2026&usid=172.31.255.1_rsenway4ypykm2begi123ahbfbbe4130&st=135216",
            "onclick": ""
          },
          {
            "text": "Khoa Gây Mê Hồi Sức",
            "href": "http://192.168.2.26:2026/home.aspx?scope=sys&lang=vi&wpid=phauthuatdraw&phauthuatid=84f90f84-ea4e-4901-b73a-cd99fdb80b9c&keyword=l%C3%AA%20tr%C3%AD%20hi%E1%BA%BFu&tg=6&tungay=01/04/2026&denngay=24/07/2026&usid=172.31.255.1_rsenway4ypykm2begi123ahbfbbe4130&st=135216",
            "onclick": ""
          },
          {
            "text": "Phẫu thuật kết hợp xương trên màn hình tăng sáng",
            "href": "http://192.168.2.26:2026/home.aspx?scope=sys&lang=vi&wpid=phauthuatdraw&phauthuatid=84f90f84-ea4e-4901-b73a-cd99fdb80b9c&keyword=l%C3%AA%20tr%C3%AD%20hi%E1%BA%BFu&tg=6&tungay=01/04/2026&denngay=24/07/2026&usid=172.31.255.1_rsenway4ypykm2begi123ahbfbbe4130&st=135216",
            "onclick": ""
          },
          {
            "text": "Thường",
            "href": "http://192.168.2.26:2026/home.aspx?scope=sys&lang=vi&wpid=phauthuatdraw&phauthuatid=84f90f84-ea4e-4901-b73a-cd99fdb80b9c&keyword=l%C3%AA%20tr%C3%AD%20hi%E1%BA%BFu&tg=6&tungay=01/04/2026&denngay=24/07/2026&usid=172.31.255.1_rsenway4ypykm2begi123ahbfbbe4130&st=135216",
            "onclick": ""
          },
          {
            "text": "28/04/2026",
            "href": "http://192.168.2.26:2026/home.aspx?scope=sys&lang=vi&wpid=phauthuatdraw&phauthuatid=84f90f84-ea4e-4901-b73a-cd99fdb80b9c&keyword=l%C3%AA%20tr%C3%AD%20hi%E1%BA%BFu&tg=6&tungay=01/04/2026&denngay=24/07/2026&usid=172.31.255.1_rsenway4ypykm2begi123ahbfbbe4130&st=135216",
            "onclick": ""
          }
        ]
      }
    },
    {
      "list_score": 44.58904109589041,
      "list_datetime": "2026-04-28 00:00:00",
      "list_method": "Phẫu thuật kết hợp xương trên màn hình tăng sáng",
      "detail_marker": "http://192.168.2.26:2026/home.aspx?scope=sys&lang=vi&wpid=phauthuatdraw&phauthuatid=09da517b-9c20-4cdf-9a20-b439017894ec&keyword=l%C3%AA%20tr%C3%AD%20hi%E1%BA%BFu&tg=6&tungay=01/04/2026&denngay=24/07/2026&usid=172.31.255.1_rsenway4ypykm2begi123ahbfbbe4130&st=135216",
      "row": {
        "access_id": "09da517b-9c20-4cdf-9a20-b439017894ec",
        "known_fields": {
          "stt": "2",
          "ma_bn": "26049739",
          "ho_ten": "LÊ TRÍ HIẾU",
          "gioi_tinh": "Nam",
          "tuoi": "44 tuổi",
          "phong_mo": "PHÒNG PHẪU THUẬT",
          "noi_chuyen_mo": "Khoa Ngoại Chấn Thương Chỉnh Hình và Thần Kinh",
          "noi_dung_phau_thuat": "Phẫu thuật kết hợp xương trên màn hình tăng sáng",
          "tinh_trang": "Thường",
          "thoi_gian": "28/04/2026",
          "trang_thai": "Hoàn tất",
          "doi_tuong": "Bảo hiểm",
          "tam_ung": "31,000,000"
        },
        "raw_text": "2 26049739 LÊ TRÍ HIẾU Nam 44 tuổi PHÒNG PHẪU THUẬT Khoa Ngoại Chấn Thương Chỉnh Hình và Thần Kinh Phẫu thuật kết hợp xương trên màn hình tăng sáng Thường 28/04/2026 Hoàn tất Bảo hiểm 31,000,000",
        "links": [
          {
            "text": "2",
            "href": "http://192.168.2.26:2026/home.aspx?scope=sys&lang=vi&wpid=phauthuatdraw&phauthuatid=09da517b-9c20-4cdf-9a20-b439017894ec&keyword=l%C3%AA%20tr%C3%AD%20hi%E1%BA%BFu&tg=6&tungay=01/04/2026&denngay=24/07/2026&usid=172.31.255.1_rsenway4ypykm2begi123ahbfbbe4130&st=135216",
            "onclick": ""
          },
          {
            "text": "26049739",
            "href": "http://192.168.2.26:2026/home.aspx?scope=sys&lang=vi&wpid=phauthuatdraw&phauthuatid=09da517b-9c20-4cdf-9a20-b439017894ec&keyword=l%C3%AA%20tr%C3%AD%20hi%E1%BA%BFu&tg=6&tungay=01/04/2026&denngay=24/07/2026&usid=172.31.255.1_rsenway4ypykm2begi123ahbfbbe4130&st=135216",
            "onclick": ""
          },
          {
            "text": "LÊ TRÍ HIẾU",
            "href": "http://192.168.2.26:2026/home.aspx?scope=sys&lang=vi&wpid=phauthuatdraw&phauthuatid=09da517b-9c20-4cdf-9a20-b439017894ec&keyword=l%C3%AA%20tr%C3%AD%20hi%E1%BA%BFu&tg=6&tungay=01/04/2026&denngay=24/07/2026&usid=172.31.255.1_rsenway4ypykm2begi123ahbfbbe4130&st=135216",
            "onclick": ""
          },
          {
            "text": "Nam",
            "href": "http://192.168.2.26:2026/home.aspx?scope=sys&lang=vi&wpid=phauthuatdraw&phauthuatid=09da517b-9c20-4cdf-9a20-b439017894ec&keyword=l%C3%AA%20tr%C3%AD%20hi%E1%BA%BFu&tg=6&tungay=01/04/2026&denngay=24/07/2026&usid=172.31.255.1_rsenway4ypykm2begi123ahbfbbe4130&st=135216",
            "onclick": ""
          },
          {
            "text": "44 tuổi",
            "href": "http://192.168.2.26:2026/home.aspx?scope=sys&lang=vi&wpid=phauthuatdraw&phauthuatid=09da517b-9c20-4cdf-9a20-b439017894ec&keyword=l%C3%AA%20tr%C3%AD%20hi%E1%BA%BFu&tg=6&tungay=01/04/2026&denngay=24/07/2026&usid=172.31.255.1_rsenway4ypykm2begi123ahbfbbe4130&st=135216",
            "onclick": ""
          },
          {
            "text": "PHÒNG PHẪU THUẬT",
            "href": "http://192.168.2.26:2026/home.aspx?scope=sys&lang=vi&wpid=phauthuatdraw&phauthuatid=09da517b-9c20-4cdf-9a20-b439017894ec&keyword=l%C3%AA%20tr%C3%AD%20hi%E1%BA%BFu&tg=6&tungay=01/04/2026&denngay=24/07/2026&usid=172.31.255.1_rsenway4ypykm2begi123ahbfbbe4130&st=135216",
            "onclick": ""
          },
          {
            "text": "Khoa Ngoại Chấn Thương Chỉnh Hình và Thần Kinh",
            "href": "http://192.168.2.26:2026/home.aspx?scope=sys&lang=vi&wpid=phauthuatdraw&phauthuatid=09da517b-9c20-4cdf-9a20-b439017894ec&keyword=l%C3%AA%20tr%C3%AD%20hi%E1%BA%BFu&tg=6&tungay=01/04/2026&denngay=24/07/2026&usid=172.31.255.1_rsenway4ypykm2begi123ahbfbbe4130&st=135216",
            "onclick": ""
          },
          {
            "text": "Phẫu thuật kết hợp xương trên màn hình tăng sáng",
            "href": "http://192.168.2.26:2026/home.aspx?scope=sys&lang=vi&wpid=phauthuatdraw&phauthuatid=09da517b-9c20-4cdf-9a20-b439017894ec&keyword=l%C3%AA%20tr%C3%AD%20hi%E1%BA%BFu&tg=6&tungay=01/04/2026&denngay=24/07/2026&usid=172.31.255.1_rsenway4ypykm2begi123ahbfbbe4130&st=135216",
            "onclick": ""
          },
          {
            "text": "Thường",
            "href": "http://192.168.2.26:2026/home.aspx?scope=sys&lang=vi&wpid=phauthuatdraw&phauthuatid=09da517b-9c20-4cdf-9a20-b439017894ec&keyword=l%C3%AA%20tr%C3%AD%20hi%E1%BA%BFu&tg=6&tungay=01/04/2026&denngay=24/07/2026&usid=172.31.255.1_rsenway4ypykm2begi123ahbfbbe4130&st=135216",
            "onclick": ""
          },
          {
            "text": "28/04/2026",
            "href": "http://192.168.2.26:2026/home.aspx?scope=sys&lang=vi&wpid=phauthuatdraw&phauthuatid=09da517b-9c20-4cdf-9a20-b439017894ec&keyword=l%C3%AA%20tr%C3%AD%20hi%E1%BA%BFu&tg=6&tungay=01/04/2026&denngay=24/07/2026&usid=172.31.255.1_rsenway4ypykm2begi123ahbfbbe4130&st=135216",
            "onclick": ""
          }
        ]
      }
    }
  ]
}
[2026-07-23 13:52:19.566] [DETAIL_BEGIN] D/s Phẫu thuật: mở ứng viên 1
{
  "detail_marker": "http://192.168.2.26:2026/home.aspx?scope=sys&lang=vi&wpid=phauthuatdraw&phauthuatid=84f90f84-ea4e-4901-b73a-cd99fdb80b9c&keyword=l%C3%AA%20tr%C3%AD%20hi%E1%BA%BFu&tg=6&tungay=01/04/2026&denngay=24/07/2026&usid=172.31.255.1_rsenway4ypykm2begi123ahbfbbe4130&st=135216",
  "list_datetime": "2026-04-28 00:00:00",
  "list_method": "Phẫu thuật kết hợp xương trên màn hình tăng sáng",
  "row": {
    "access_id": "84f90f84-ea4e-4901-b73a-cd99fdb80b9c",
    "known_fields": {
      "stt": "1",
      "ma_bn": "26049739",
      "ho_ten": "LÊ TRÍ HIẾU (Phẫu thuật phụ)",
      "gioi_tinh": "Nam",
      "tuoi": "44 tuổi",
      "phong_mo": "PHÒNG PHẪU THUẬT",
      "noi_chuyen_mo": "Khoa Gây Mê Hồi Sức",
      "noi_dung_phau_thuat": "Phẫu thuật kết hợp xương trên màn hình tăng sáng",
      "tinh_trang": "Thường",
      "thoi_gian": "28/04/2026",
      "trang_thai": "Hoàn tất",
      "doi_tuong": "Bảo hiểm",
      "tam_ung": "31,000,000"
    },
    "raw_text": "1 26049739 LÊ TRÍ HIẾU (Phẫu thuật phụ) Nam 44 tuổi PHÒNG PHẪU THUẬT Khoa Gây Mê Hồi Sức Phẫu thuật kết hợp xương trên màn hình tăng sáng Thường 28/04/2026 Hoàn tất Bảo hiểm 31,000,000",
    "links": [
      {
        "text": "1",
        "href": "http://192.168.2.26:2026/home.aspx?scope=sys&lang=vi&wpid=phauthuatdraw&phauthuatid=84f90f84-ea4e-4901-b73a-cd99fdb80b9c&keyword=l%C3%AA%20tr%C3%AD%20hi%E1%BA%BFu&tg=6&tungay=01/04/2026&denngay=24/07/2026&usid=172.31.255.1_rsenway4ypykm2begi123ahbfbbe4130&st=135216",
        "onclick": ""
      },
      {
        "text": "26049739",
        "href": "http://192.168.2.26:2026/home.aspx?scope=sys&lang=vi&wpid=phauthuatdraw&phauthuatid=84f90f84-ea4e-4901-b73a-cd99fdb80b9c&keyword=l%C3%AA%20tr%C3%AD%20hi%E1%BA%BFu&tg=6&tungay=01/04/2026&denngay=24/07/2026&usid=172.31.255.1_rsenway4ypykm2begi123ahbfbbe4130&st=135216",
        "onclick": ""
      },
      {
        "text": "LÊ TRÍ HIẾU (Phẫu thuật phụ)",
        "href": "http://192.168.2.26:2026/home.aspx?scope=sys&lang=vi&wpid=phauthuatdraw&phauthuatid=84f90f84-ea4e-4901-b73a-cd99fdb80b9c&keyword=l%C3%AA%20tr%C3%AD%20hi%E1%BA%BFu&tg=6&tungay=01/04/2026&denngay=24/07/2026&usid=172.31.255.1_rsenway4ypykm2begi123ahbfbbe4130&st=135216",
        "onclick": ""
      },
      {
        "text": "Nam",
        "href": "http://192.168.2.26:2026/home.aspx?scope=sys&lang=vi&wpid=phauthuatdraw&phauthuatid=84f90f84-ea4e-4901-b73a-cd99fdb80b9c&keyword=l%C3%AA%20tr%C3%AD%20hi%E1%BA%BFu&tg=6&tungay=01/04/2026&denngay=24/07/2026&usid=172.31.255.1_rsenway4ypykm2begi123ahbfbbe4130&st=135216",
        "onclick": ""
      },
      {
        "text": "44 tuổi",
        "href": "http://192.168.2.26:2026/home.aspx?scope=sys&lang=vi&wpid=phauthuatdraw&phauthuatid=84f90f84-ea4e-4901-b73a-cd99fdb80b9c&keyword=l%C3%AA%20tr%C3%AD%20hi%E1%BA%BFu&tg=6&tungay=01/04/2026&denngay=24/07/2026&usid=172.31.255.1_rsenway4ypykm2begi123ahbfbbe4130&st=135216",
        "onclick": ""
      },
      {
        "text": "PHÒNG PHẪU THUẬT",
        "href": "http://192.168.2.26:2026/home.aspx?scope=sys&lang=vi&wpid=phauthuatdraw&phauthuatid=84f90f84-ea4e-4901-b73a-cd99fdb80b9c&keyword=l%C3%AA%20tr%C3%AD%20hi%E1%BA%BFu&tg=6&tungay=01/04/2026&denngay=24/07/2026&usid=172.31.255.1_rsenway4ypykm2begi123ahbfbbe4130&st=135216",
        "onclick": ""
      },
      {
        "text": "Khoa Gây Mê Hồi Sức",
        "href": "http://192.168.2.26:2026/home.aspx?scope=sys&lang=vi&wpid=phauthuatdraw&phauthuatid=84f90f84-ea4e-4901-b73a-cd99fdb80b9c&keyword=l%C3%AA%20tr%C3%AD%20hi%E1%BA%BFu&tg=6&tungay=01/04/2026&denngay=24/07/2026&usid=172.31.255.1_rsenway4ypykm2begi123ahbfbbe4130&st=135216",
        "onclick": ""
      },
      {
        "text": "Phẫu thuật kết hợp xương trên màn hình tăng sáng",
        "href": "http://192.168.2.26:2026/home.aspx?scope=sys&lang=vi&wpid=phauthuatdraw&phauthuatid=84f90f84-ea4e-4901-b73a-cd99fdb80b9c&keyword=l%C3%AA%20tr%C3%AD%20hi%E1%BA%BFu&tg=6&tungay=01/04/2026&denngay=24/07/2026&usid=172.31.255.1_rsenway4ypykm2begi123ahbfbbe4130&st=135216",
        "onclick": ""
      },
      {
        "text": "Thường",
        "href": "http://192.168.2.26:2026/home.aspx?scope=sys&lang=vi&wpid=phauthuatdraw&phauthuatid=84f90f84-ea4e-4901-b73a-cd99fdb80b9c&keyword=l%C3%AA%20tr%C3%AD%20hi%E1%BA%BFu&tg=6&tungay=01/04/2026&denngay=24/07/2026&usid=172.31.255.1_rsenway4ypykm2begi123ahbfbbe4130&st=135216",
        "onclick": ""
      },
      {
        "text": "28/04/2026",
        "href": "http://192.168.2.26:2026/home.aspx?scope=sys&lang=vi&wpid=phauthuatdraw&phauthuatid=84f90f84-ea4e-4901-b73a-cd99fdb80b9c&keyword=l%C3%AA%20tr%C3%AD%20hi%E1%BA%BFu&tg=6&tungay=01/04/2026&denngay=24/07/2026&usid=172.31.255.1_rsenway4ypykm2begi123ahbfbbe4130&st=135216",
        "onclick": ""
      }
    ]
  }
}
[2026-07-23 13:52:19.573] [BROWSER] [DETAIL] kind=surgery; access_id=84f90f84-ea4e-4901-b73a-cd99fdb80b9c; direct_url=yes; onclick=no
[2026-07-23 13:52:19.574] [BROWSER] [DETAIL] Mở liên kết trực tiếp: http://192.168.2.26:2026/home.aspx?scope=sys&lang=vi&wpid=phauthuatdraw&phauthuatid=84f90f84-ea4e-4901-b73a-cd99fdb80b9c&keyword=l%C3%AA%20tr%C3%AD%20hi%E1%BA%BFu&tg=6&tungay=01/04/2026&denngay=24/07/2026&usid=172.31.255.1_rsenway4ypykm2begi123ahbfbbe4130&st=135216
[2026-07-23 13:52:20.774] [BROWSER] [DETAIL] Dữ liệu đọc được: {"complete_info": "Người hoàn tất: Trần Nguyễn Anh Duy (tnaduy) | TG nhấn hoàn tất: 13:37 28/04/2026", "current_url": "http://192.168.2.26:2026/home.aspx?scope=sys&lang=vi&wpid=phauthuatdraw&phauthuatid=84f90f84-ea4e-4901-b73a-cd99fdb80b9c&keyword=l%C3%AA%20tr%C3%AD%20hi%E1%BA%BFu&tg=6&tungay=01/04/2026&denngay=24/07/2026&usid=172.31.255.1_rsenway4ypykm2begi123ahbfbbe4130&st=135216", "doctor": "Trần Nguyễn Anh Duy", "doctor_field": "cbbBacSiPT", "doctor_found": true, "method": "Phẫu thuật kết hợp xương trên màn hình tăng sáng", "patient_info": "", "root_found": true, "start_time": "11:20 28/04/2026"}
[2026-07-23 13:52:20.775] [BROWSER] [DETAIL] Nguồn bác sĩ: BS mổ chính; field=cbbBacSiPT; value=Trần Nguyễn Anh Duy
[2026-07-23 13:52:20.776] [DETAIL_OK] D/s Phẫu thuật: đọc được hồ sơ chi tiết
{
  "doctor_from_emr": "Trần Nguyễn Anh Duy",
  "mapped_alias": "DUY",
  "mapped_name": "Trần Nguyễn Anh Duy",
  "start_time": "11:20 28/04/2026",
  "method": "Phẫu thuật kết hợp xương trên màn hình tăng sáng",
  "current_url": "http://192.168.2.26:2026/home.aspx?scope=sys&lang=vi&wpid=phauthuatdraw&phauthuatid=84f90f84-ea4e-4901-b73a-cd99fdb80b9c&keyword=l%C3%AA%20tr%C3%AD%20hi%E1%BA%BFu&tg=6&tungay=01/04/2026&denngay=24/07/2026&usid=172.31.255.1_rsenway4ypykm2begi123ahbfbbe4130&st=135216",
  "total_score": 43.767123287671225,
  "method_score": 0.3561643835616438
}
[2026-07-23 13:52:20.776] [DETAIL_BEGIN] D/s Phẫu thuật: mở ứng viên 2
{
  "detail_marker": "http://192.168.2.26:2026/home.aspx?scope=sys&lang=vi&wpid=phauthuatdraw&phauthuatid=09da517b-9c20-4cdf-9a20-b439017894ec&keyword=l%C3%AA%20tr%C3%AD%20hi%E1%BA%BFu&tg=6&tungay=01/04/2026&denngay=24/07/2026&usid=172.31.255.1_rsenway4ypykm2begi123ahbfbbe4130&st=135216",
  "list_datetime": "2026-04-28 00:00:00",
  "list_method": "Phẫu thuật kết hợp xương trên màn hình tăng sáng",
  "row": {
    "access_id": "09da517b-9c20-4cdf-9a20-b439017894ec",
    "known_fields": {
      "stt": "2",
      "ma_bn": "26049739",
      "ho_ten": "LÊ TRÍ HIẾU",
      "gioi_tinh": "Nam",
      "tuoi": "44 tuổi",
      "phong_mo": "PHÒNG PHẪU THUẬT",
      "noi_chuyen_mo": "Khoa Ngoại Chấn Thương Chỉnh Hình và Thần Kinh",
      "noi_dung_phau_thuat": "Phẫu thuật kết hợp xương trên màn hình tăng sáng",
      "tinh_trang": "Thường",
      "thoi_gian": "28/04/2026",
      "trang_thai": "Hoàn tất",
      "doi_tuong": "Bảo hiểm",
      "tam_ung": "31,000,000"
    },
    "raw_text": "2 26049739 LÊ TRÍ HIẾU Nam 44 tuổi PHÒNG PHẪU THUẬT Khoa Ngoại Chấn Thương Chỉnh Hình và Thần Kinh Phẫu thuật kết hợp xương trên màn hình tăng sáng Thường 28/04/2026 Hoàn tất Bảo hiểm 31,000,000",
    "links": [
      {
        "text": "2",
        "href": "http://192.168.2.26:2026/home.aspx?scope=sys&lang=vi&wpid=phauthuatdraw&phauthuatid=09da517b-9c20-4cdf-9a20-b439017894ec&keyword=l%C3%AA%20tr%C3%AD%20hi%E1%BA%BFu&tg=6&tungay=01/04/2026&denngay=24/07/2026&usid=172.31.255.1_rsenway4ypykm2begi123ahbfbbe4130&st=135216",
        "onclick": ""
      },
      {
        "text": "26049739",
        "href": "http://192.168.2.26:2026/home.aspx?scope=sys&lang=vi&wpid=phauthuatdraw&phauthuatid=09da517b-9c20-4cdf-9a20-b439017894ec&keyword=l%C3%AA%20tr%C3%AD%20hi%E1%BA%BFu&tg=6&tungay=01/04/2026&denngay=24/07/2026&usid=172.31.255.1_rsenway4ypykm2begi123ahbfbbe4130&st=135216",
        "onclick": ""
      },
      {
        "text": "LÊ TRÍ HIẾU",
        "href": "http://192.168.2.26:2026/home.aspx?scope=sys&lang=vi&wpid=phauthuatdraw&phauthuatid=09da517b-9c20-4cdf-9a20-b439017894ec&keyword=l%C3%AA%20tr%C3%AD%20hi%E1%BA%BFu&tg=6&tungay=01/04/2026&denngay=24/07/2026&usid=172.31.255.1_rsenway4ypykm2begi123ahbfbbe4130&st=135216",
        "onclick": ""
      },
      {
        "text": "Nam",
        "href": "http://192.168.2.26:2026/home.aspx?scope=sys&lang=vi&wpid=phauthuatdraw&phauthuatid=09da517b-9c20-4cdf-9a20-b439017894ec&keyword=l%C3%AA%20tr%C3%AD%20hi%E1%BA%BFu&tg=6&tungay=01/04/2026&denngay=24/07/2026&usid=172.31.255.1_rsenway4ypykm2begi123ahbfbbe4130&st=135216",
        "onclick": ""
      },
      {
        "text": "44 tuổi",
        "href": "http://192.168.2.26:2026/home.aspx?scope=sys&lang=vi&wpid=phauthuatdraw&phauthuatid=09da517b-9c20-4cdf-9a20-b439017894ec&keyword=l%C3%AA%20tr%C3%AD%20hi%E1%BA%BFu&tg=6&tungay=01/04/2026&denngay=24/07/2026&usid=172.31.255.1_rsenway4ypykm2begi123ahbfbbe4130&st=135216",
        "onclick": ""
      },
      {
        "text": "PHÒNG PHẪU THUẬT",
        "href": "http://192.168.2.26:2026/home.aspx?scope=sys&lang=vi&wpid=phauthuatdraw&phauthuatid=09da517b-9c20-4cdf-9a20-b439017894ec&keyword=l%C3%AA%20tr%C3%AD%20hi%E1%BA%BFu&tg=6&tungay=01/04/2026&denngay=24/07/2026&usid=172.31.255.1_rsenway4ypykm2begi123ahbfbbe4130&st=135216",
        "onclick": ""
      },
      {
        "text": "Khoa Ngoại Chấn Thương Chỉnh Hình và Thần Kinh",
        "href": "http://192.168.2.26:2026/home.aspx?scope=sys&lang=vi&wpid=phauthuatdraw&phauthuatid=09da517b-9c20-4cdf-9a20-b439017894ec&keyword=l%C3%AA%20tr%C3%AD%20hi%E1%BA%BFu&tg=6&tungay=01/04/2026&denngay=24/07/2026&usid=172.31.255.1_rsenway4ypykm2begi123ahbfbbe4130&st=135216",
        "onclick": ""
      },
      {
        "text": "Phẫu thuật kết hợp xương trên màn hình tăng sáng",
        "href": "http://192.168.2.26:2026/home.aspx?scope=sys&lang=vi&wpid=phauthuatdraw&phauthuatid=09da517b-9c20-4cdf-9a20-b439017894ec&keyword=l%C3%AA%20tr%C3%AD%20hi%E1%BA%BFu&tg=6&tungay=01/04/2026&denngay=24/07/2026&usid=172.31.255.1_rsenway4ypykm2begi123ahbfbbe4130&st=135216",
        "onclick": ""
      },
      {
        "text": "Thường",
        "href": "http://192.168.2.26:2026/home.aspx?scope=sys&lang=vi&wpid=phauthuatdraw&phauthuatid=09da517b-9c20-4cdf-9a20-b439017894ec&keyword=l%C3%AA%20tr%C3%AD%20hi%E1%BA%BFu&tg=6&tungay=01/04/2026&denngay=24/07/2026&usid=172.31.255.1_rsenway4ypykm2begi123ahbfbbe4130&st=135216",
        "onclick": ""
      },
      {
        "text": "28/04/2026",
        "href": "http://192.168.2.26:2026/home.aspx?scope=sys&lang=vi&wpid=phauthuatdraw&phauthuatid=09da517b-9c20-4cdf-9a20-b439017894ec&keyword=l%C3%AA%20tr%C3%AD%20hi%E1%BA%BFu&tg=6&tungay=01/04/2026&denngay=24/07/2026&usid=172.31.255.1_rsenway4ypykm2begi123ahbfbbe4130&st=135216",
        "onclick": ""
      }
    ]
  }
}
[2026-07-23 13:52:20.801] [BROWSER] [DETAIL] kind=surgery; access_id=09da517b-9c20-4cdf-9a20-b439017894ec; direct_url=yes; onclick=no
[2026-07-23 13:52:20.803] [BROWSER] [DETAIL] Mở liên kết trực tiếp: http://192.168.2.26:2026/home.aspx?scope=sys&lang=vi&wpid=phauthuatdraw&phauthuatid=09da517b-9c20-4cdf-9a20-b439017894ec&keyword=l%C3%AA%20tr%C3%AD%20hi%E1%BA%BFu&tg=6&tungay=01/04/2026&denngay=24/07/2026&usid=172.31.255.1_rsenway4ypykm2begi123ahbfbbe4130&st=135216
[2026-07-23 13:52:21.974] [BROWSER] [DETAIL] Dữ liệu đọc được: {"complete_info": "Người hoàn tất: Trần Nguyễn Anh Duy (tnaduy) | TG nhấn hoàn tất: 17:08 29/04/2026", "current_url": "http://192.168.2.26:2026/home.aspx?scope=sys&lang=vi&wpid=phauthuatdraw&phauthuatid=09da517b-9c20-4cdf-9a20-b439017894ec&keyword=l%C3%AA%20tr%C3%AD%20hi%E1%BA%BFu&tg=6&tungay=01/04/2026&denngay=24/07/2026&usid=172.31.255.1_rsenway4ypykm2begi123ahbfbbe4130&st=135216", "doctor": "Trần Nguyễn Anh Duy", "doctor_field": "cbbBacSiPT", "doctor_found": true, "method": "Phẫu thuật kết hợp xương trên màn hình tăng sáng", "patient_info": "", "root_found": true, "start_time": "10:20 28/04/2026"}
[2026-07-23 13:52:21.975] [BROWSER] [DETAIL] Nguồn bác sĩ: BS mổ chính; field=cbbBacSiPT; value=Trần Nguyễn Anh Duy
[2026-07-23 13:52:21.976] [DETAIL_OK] D/s Phẫu thuật: đọc được hồ sơ chi tiết
{
  "doctor_from_emr": "Trần Nguyễn Anh Duy",
  "mapped_alias": "DUY",
  "mapped_name": "Trần Nguyễn Anh Duy",
  "start_time": "10:20 28/04/2026",
  "method": "Phẫu thuật kết hợp xương trên màn hình tăng sáng",
  "current_url": "http://192.168.2.26:2026/home.aspx?scope=sys&lang=vi&wpid=phauthuatdraw&phauthuatid=09da517b-9c20-4cdf-9a20-b439017894ec&keyword=l%C3%AA%20tr%C3%AD%20hi%E1%BA%BFu&tg=6&tungay=01/04/2026&denngay=24/07/2026&usid=172.31.255.1_rsenway4ypykm2begi123ahbfbbe4130&st=135216",
  "total_score": 43.767123287671225,
  "method_score": 0.3561643835616438
}
[2026-07-23 13:52:21.978] [EVALUATED] D/s Phẫu thuật: đánh giá 2 hồ sơ
{
  "items": [
    {
      "doctor": "Trần Nguyễn Anh Duy",
      "alias": "DUY",
      "detail_datetime": "2026-04-28 11:20:00",
      "method_score": 0.3561643835616438,
      "total_score": 43.767123287671225,
      "confidence_ok": false
    },
    {
      "doctor": "Trần Nguyễn Anh Duy",
      "alias": "DUY",
      "detail_datetime": "2026-04-28 10:20:00",
      "method_score": 0.3561643835616438,
      "total_score": 43.767123287671225,
      "confidence_ok": false
    }
  ]
}
[2026-07-23 13:52:21.981] [ROW_UNMATCHED] Dòng 87: procedure: có kết quả nhưng không khớp ngày; surgery: có kết quả nhưng không khớp ngày
{
  "rowNumber": 87,
  "patient": "LÊ TRÍ HIẾU",
  "time": "08:14 23/06/2026",
  "method": "Hút ổ viêm/áp xe phần mềm",
  "oldValue": "",
  "status": "unmatched",
  "reason": "procedure: có kết quả nhưng không khớp ngày; surgery: có kết quả nhưng không khớp ngày"
}
[2026-07-23 13:52:21.983] [ROW_END] Kết thúc dòng 87
{
  "status": "unmatched",
  "new_value": null,
  "reason": "procedure: có kết quả nhưng không khớp ngày; surgery: có kết quả nhưng không khớp ngày"
}
[2026-07-23 13:52:21.983] [ROW_BEGIN] [6/10] Bắt đầu dòng 88: MAI THỊ ĐỰNG
{
  "raw_time": "2026/06/23 09:02",
  "parsed_time": "09:02 23/06/2026",
  "method": "Hút ổ viêm/áp xe phần mềm",
  "old_value": ""
}
[2026-07-23 13:52:21.984] [SEARCH_BEGIN] dòng 88: tìm MAI THỊ ĐỰNG tại D/s Thủ thuật
{
  "patient": "MAI THỊ ĐỰNG",
  "target_time": "2026-06-23 09:02:00",
  "target_method": "Hút ổ viêm/áp xe phần mềm",
  "source": "procedure"
}
[2026-07-23 13:52:22.460] [BROWSER] [NAV] D/s Thủ thuật: http://192.168.2.26:2026/home.aspx?scope=sys&lang=vi&wpid=danhsachthuthuatdraw&role=323&usid=172.31.255.1_rsenway4ypykm2begi123ahbfbbe4130&st=135218
[2026-07-23 13:52:24.384] [BROWSER] [FILTER] 3 tháng
[2026-07-23 13:52:24.933] [BROWSER] [SEARCH] Nhập 'MAI THỊ ĐỰNG' vào #txtTimKiem
[2026-07-23 13:52:25.117] [BROWSER] [SEARCH] Đã bấm Tìm kiếm bằng #btnTimKiem
[2026-07-23 13:52:25.146] [BROWSER] [RESULT] D/s Thủ thuật: 1 dòng
[2026-07-23 13:52:25.155] [SEARCH_RESULT] D/s Thủ thuật: nhận 1 dòng
{
  "current_url": "http://192.168.2.26:2026/home.aspx?scope=sys&lang=vi&wpid=danhsachthuthuatdraw&role=323&usid=172.31.255.1_rsenway4ypykm2begi123ahbfbbe4130&st=135218",
  "search_input_id": "txtTimKiem",
  "search_trigger": "#btnTimKiem",
  "headers": [
    "STT",
    "Ngày thủ thuật",
    "Mã BN",
    "Họ tên",
    "Giới tính",
    "Tuổi",
    "Đối tượng",
    "Nơi chỉ định",
    "Chỉ định thủ thuật",
    "Tạm ứng",
    "Phải thanh toán",
    "Tình trạng",
    "Thời gian chỉ định",
    "Trạng thái"
  ],
  "rows": [
    {
      "access_id": "b9b173e2-5651-4653-ab9b-b4720096b52d",
      "known_fields": {
        "stt": "1",
        "ngay_thu_thuat": "13:42 23/07/2026",
        "ma_bn": "26067272",
        "ho_ten": "MAI THỊ ĐỰNG",
        "gioi_tinh": "Nữ",
        "tuoi": "84 tuổi",
        "doi_tuong": "Viện phí",
        "noi_chi_dinh": "PHÒNG KHÁM CHẤN THƯƠNG CHỈNH HÌNH - 20",
        "chi_dinh_thu_thuat": "Hút ổ viêm/áp xe phần mềm",
        "tam_ung": "0",
        "phai_thanh_toan": "518,000",
        "tinh_trang": "Thường",
        "thoi_gian_chi_dinh": "09:02 23/06/2026",
        "trang_thai": "Chờ thực hiện"
      },
      "raw_text": "1 13:42 23/07/2026 26067272 MAI THỊ ĐỰNG Nữ 84 tuổi Viện phí PHÒNG KHÁM CHẤN THƯƠNG CHỈNH HÌNH - 20 Hút ổ viêm/áp xe phần mềm 0 518,000 Thường 09:02 23/06/2026 Chờ thực hiện",
      "links": [
        {
          "text": "1",
          "href": "http://192.168.2.26:2026/home.aspx?scope=sys&lang=vi&wpid=thuthuatnewdraw&thuthuatid=b9b173e2-5651-4653-ab9b-b4720096b52d&usid=172.31.255.1_rsenway4ypykm2begi123ahbfbbe4130&st=135222",
          "onclick": ""
        },
        {
          "text": "13:42 23/07/2026",
          "href": "http://192.168.2.26:2026/home.aspx?scope=sys&lang=vi&wpid=thuthuatnewdraw&thuthuatid=b9b173e2-5651-4653-ab9b-b4720096b52d&usid=172.31.255.1_rsenway4ypykm2begi123ahbfbbe4130&st=135222",
          "onclick": ""
        },
        {
          "text": "26067272",
          "href": "http://192.168.2.26:2026/home.aspx?scope=sys&lang=vi&wpid=thuthuatnewdraw&thuthuatid=b9b173e2-5651-4653-ab9b-b4720096b52d&usid=172.31.255.1_rsenway4ypykm2begi123ahbfbbe4130&st=135222",
          "onclick": ""
        },
        {
          "text": "MAI THỊ ĐỰNG",
          "href": "http://192.168.2.26:2026/home.aspx?scope=sys&lang=vi&wpid=thuthuatnewdraw&thuthuatid=b9b173e2-5651-4653-ab9b-b4720096b52d&usid=172.31.255.1_rsenway4ypykm2begi123ahbfbbe4130&st=135222",
          "onclick": ""
        },
        {
          "text": "Nữ",
          "href": "http://192.168.2.26:2026/home.aspx?scope=sys&lang=vi&wpid=thuthuatnewdraw&thuthuatid=b9b173e2-5651-4653-ab9b-b4720096b52d&usid=172.31.255.1_rsenway4ypykm2begi123ahbfbbe4130&st=135222",
          "onclick": ""
        },
        {
          "text": "84 tuổi",
          "href": "http://192.168.2.26:2026/home.aspx?scope=sys&lang=vi&wpid=thuthuatnewdraw&thuthuatid=b9b173e2-5651-4653-ab9b-b4720096b52d&usid=172.31.255.1_rsenway4ypykm2begi123ahbfbbe4130&st=135222",
          "onclick": ""
        },
        {
          "text": "Viện phí",
          "href": "http://192.168.2.26:2026/home.aspx?scope=sys&lang=vi&wpid=thuthuatnewdraw&thuthuatid=b9b173e2-5651-4653-ab9b-b4720096b52d&usid=172.31.255.1_rsenway4ypykm2begi123ahbfbbe4130&st=135222",
          "onclick": ""
        },
        {
          "text": "PHÒNG KHÁM CHẤN THƯƠNG CHỈNH HÌNH - 20",
          "href": "http://192.168.2.26:2026/home.aspx?scope=sys&lang=vi&wpid=thuthuatnewdraw&thuthuatid=b9b173e2-5651-4653-ab9b-b4720096b52d&usid=172.31.255.1_rsenway4ypykm2begi123ahbfbbe4130&st=135222",
          "onclick": ""
        },
        {
          "text": "Hút ổ viêm/áp xe phần mềm",
          "href": "http://192.168.2.26:2026/home.aspx?scope=sys&lang=vi&wpid=thuthuatnewdraw&thuthuatid=b9b173e2-5651-4653-ab9b-b4720096b52d&usid=172.31.255.1_rsenway4ypykm2begi123ahbfbbe4130&st=135222",
          "onclick": ""
        },
        {
          "text": "0",
          "href": "http://192.168.2.26:2026/home.aspx?scope=sys&lang=vi&wpid=thuthuatnewdraw&thuthuatid=b9b173e2-5651-4653-ab9b-b4720096b52d&usid=172.31.255.1_rsenway4ypykm2begi123ahbfbbe4130&st=135222",
          "onclick": ""
        },
        {
          "text": "518,000",
          "href": "http://192.168.2.26:2026/home.aspx?scope=sys&lang=vi&wpid=thuthuatnewdraw&thuthuatid=b9b173e2-5651-4653-ab9b-b4720096b52d&usid=172.31.255.1_rsenway4ypykm2begi123ahbfbbe4130&st=135222",
          "onclick": ""
        },
        {
          "text": "Thường",
          "href": "http://192.168.2.26:2026/home.aspx?scope=sys&lang=vi&wpid=thuthuatnewdraw&thuthuatid=b9b173e2-5651-4653-ab9b-b4720096b52d&usid=172.31.255.1_rsenway4ypykm2begi123ahbfbbe4130&st=135222",
          "onclick": ""
        },
        {
          "text": "09:02 23/06/2026",
          "href": "http://192.168.2.26:2026/home.aspx?scope=sys&lang=vi&wpid=thuthuatnewdraw&thuthuatid=b9b173e2-5651-4653-ab9b-b4720096b52d&usid=172.31.255.1_rsenway4ypykm2begi123ahbfbbe4130&st=135222",
          "onclick": ""
        },
        {
          "text": "Chờ thực hiện",
          "href": "http://192.168.2.26:2026/home.aspx?scope=sys&lang=vi&wpid=thuthuatnewdraw&thuthuatid=b9b173e2-5651-4653-ab9b-b4720096b52d&usid=172.31.255.1_rsenway4ypykm2begi123ahbfbbe4130&st=135222",
          "onclick": ""
        }
      ]
    }
  ]
}
[2026-07-23 13:52:25.157] [CANDIDATES] D/s Thủ thuật: có 1 ứng viên cùng người bệnh
{
  "candidates": [
    {
      "list_score": 75.0,
      "list_datetime": "2026-07-23 13:42:00",
      "list_method": "Hút ổ viêm/áp xe phần mềm",
      "detail_marker": "http://192.168.2.26:2026/home.aspx?scope=sys&lang=vi&wpid=thuthuatnewdraw&thuthuatid=b9b173e2-5651-4653-ab9b-b4720096b52d&usid=172.31.255.1_rsenway4ypykm2begi123ahbfbbe4130&st=135222",
      "row": {
        "access_id": "b9b173e2-5651-4653-ab9b-b4720096b52d",
        "known_fields": {
          "stt": "1",
          "ngay_thu_thuat": "13:42 23/07/2026",
          "ma_bn": "26067272",
          "ho_ten": "MAI THỊ ĐỰNG",
          "gioi_tinh": "Nữ",
          "tuoi": "84 tuổi",
          "doi_tuong": "Viện phí",
          "noi_chi_dinh": "PHÒNG KHÁM CHẤN THƯƠNG CHỈNH HÌNH - 20",
          "chi_dinh_thu_thuat": "Hút ổ viêm/áp xe phần mềm",
          "tam_ung": "0",
          "phai_thanh_toan": "518,000",
          "tinh_trang": "Thường",
          "thoi_gian_chi_dinh": "09:02 23/06/2026",
          "trang_thai": "Chờ thực hiện"
        },
        "raw_text": "1 13:42 23/07/2026 26067272 MAI THỊ ĐỰNG Nữ 84 tuổi Viện phí PHÒNG KHÁM CHẤN THƯƠNG CHỈNH HÌNH - 20 Hút ổ viêm/áp xe phần mềm 0 518,000 Thường 09:02 23/06/2026 Chờ thực hiện",
        "links": [
          {
            "text": "1",
            "href": "http://192.168.2.26:2026/home.aspx?scope=sys&lang=vi&wpid=thuthuatnewdraw&thuthuatid=b9b173e2-5651-4653-ab9b-b4720096b52d&usid=172.31.255.1_rsenway4ypykm2begi123ahbfbbe4130&st=135222",
            "onclick": ""
          },
          {
            "text": "13:42 23/07/2026",
            "href": "http://192.168.2.26:2026/home.aspx?scope=sys&lang=vi&wpid=thuthuatnewdraw&thuthuatid=b9b173e2-5651-4653-ab9b-b4720096b52d&usid=172.31.255.1_rsenway4ypykm2begi123ahbfbbe4130&st=135222",
            "onclick": ""
          },
          {
            "text": "26067272",
            "href": "http://192.168.2.26:2026/home.aspx?scope=sys&lang=vi&wpid=thuthuatnewdraw&thuthuatid=b9b173e2-5651-4653-ab9b-b4720096b52d&usid=172.31.255.1_rsenway4ypykm2begi123ahbfbbe4130&st=135222",
            "onclick": ""
          },
          {
            "text": "MAI THỊ ĐỰNG",
            "href": "http://192.168.2.26:2026/home.aspx?scope=sys&lang=vi&wpid=thuthuatnewdraw&thuthuatid=b9b173e2-5651-4653-ab9b-b4720096b52d&usid=172.31.255.1_rsenway4ypykm2begi123ahbfbbe4130&st=135222",
            "onclick": ""
          },
          {
            "text": "Nữ",
            "href": "http://192.168.2.26:2026/home.aspx?scope=sys&lang=vi&wpid=thuthuatnewdraw&thuthuatid=b9b173e2-5651-4653-ab9b-b4720096b52d&usid=172.31.255.1_rsenway4ypykm2begi123ahbfbbe4130&st=135222",
            "onclick": ""
          },
          {
            "text": "84 tuổi",
            "href": "http://192.168.2.26:2026/home.aspx?scope=sys&lang=vi&wpid=thuthuatnewdraw&thuthuatid=b9b173e2-5651-4653-ab9b-b4720096b52d&usid=172.31.255.1_rsenway4ypykm2begi123ahbfbbe4130&st=135222",
            "onclick": ""
          },
          {
            "text": "Viện phí",
            "href": "http://192.168.2.26:2026/home.aspx?scope=sys&lang=vi&wpid=thuthuatnewdraw&thuthuatid=b9b173e2-5651-4653-ab9b-b4720096b52d&usid=172.31.255.1_rsenway4ypykm2begi123ahbfbbe4130&st=135222",
            "onclick": ""
          },
          {
            "text": "PHÒNG KHÁM CHẤN THƯƠNG CHỈNH HÌNH - 20",
            "href": "http://192.168.2.26:2026/home.aspx?scope=sys&lang=vi&wpid=thuthuatnewdraw&thuthuatid=b9b173e2-5651-4653-ab9b-b4720096b52d&usid=172.31.255.1_rsenway4ypykm2begi123ahbfbbe4130&st=135222",
            "onclick": ""
          },
          {
            "text": "Hút ổ viêm/áp xe phần mềm",
            "href": "http://192.168.2.26:2026/home.aspx?scope=sys&lang=vi&wpid=thuthuatnewdraw&thuthuatid=b9b173e2-5651-4653-ab9b-b4720096b52d&usid=172.31.255.1_rsenway4ypykm2begi123ahbfbbe4130&st=135222",
            "onclick": ""
          },
          {
            "text": "0",
            "href": "http://192.168.2.26:2026/home.aspx?scope=sys&lang=vi&wpid=thuthuatnewdraw&thuthuatid=b9b173e2-5651-4653-ab9b-b4720096b52d&usid=172.31.255.1_rsenway4ypykm2begi123ahbfbbe4130&st=135222",
            "onclick": ""
          },
          {
            "text": "518,000",
            "href": "http://192.168.2.26:2026/home.aspx?scope=sys&lang=vi&wpid=thuthuatnewdraw&thuthuatid=b9b173e2-5651-4653-ab9b-b4720096b52d&usid=172.31.255.1_rsenway4ypykm2begi123ahbfbbe4130&st=135222",
            "onclick": ""
          },
          {
            "text": "Thường",
            "href": "http://192.168.2.26:2026/home.aspx?scope=sys&lang=vi&wpid=thuthuatnewdraw&thuthuatid=b9b173e2-5651-4653-ab9b-b4720096b52d&usid=172.31.255.1_rsenway4ypykm2begi123ahbfbbe4130&st=135222",
            "onclick": ""
          },
          {
            "text": "09:02 23/06/2026",
            "href": "http://192.168.2.26:2026/home.aspx?scope=sys&lang=vi&wpid=thuthuatnewdraw&thuthuatid=b9b173e2-5651-4653-ab9b-b4720096b52d&usid=172.31.255.1_rsenway4ypykm2begi123ahbfbbe4130&st=135222",
            "onclick": ""
          },
          {
            "text": "Chờ thực hiện",
            "href": "http://192.168.2.26:2026/home.aspx?scope=sys&lang=vi&wpid=thuthuatnewdraw&thuthuatid=b9b173e2-5651-4653-ab9b-b4720096b52d&usid=172.31.255.1_rsenway4ypykm2begi123ahbfbbe4130&st=135222",
            "onclick": ""
          }
        ]
      }
    }
  ]
}
[2026-07-23 13:52:25.159] [DETAIL_BEGIN] D/s Thủ thuật: mở ứng viên 1
{
  "detail_marker": "http://192.168.2.26:2026/home.aspx?scope=sys&lang=vi&wpid=thuthuatnewdraw&thuthuatid=b9b173e2-5651-4653-ab9b-b4720096b52d&usid=172.31.255.1_rsenway4ypykm2begi123ahbfbbe4130&st=135222",
  "list_datetime": "2026-07-23 13:42:00",
  "list_method": "Hút ổ viêm/áp xe phần mềm",
  "row": {
    "access_id": "b9b173e2-5651-4653-ab9b-b4720096b52d",
    "known_fields": {
      "stt": "1",
      "ngay_thu_thuat": "13:42 23/07/2026",
      "ma_bn": "26067272",
      "ho_ten": "MAI THỊ ĐỰNG",
      "gioi_tinh": "Nữ",
      "tuoi": "84 tuổi",
      "doi_tuong": "Viện phí",
      "noi_chi_dinh": "PHÒNG KHÁM CHẤN THƯƠNG CHỈNH HÌNH - 20",
      "chi_dinh_thu_thuat": "Hút ổ viêm/áp xe phần mềm",
      "tam_ung": "0",
      "phai_thanh_toan": "518,000",
      "tinh_trang": "Thường",
      "thoi_gian_chi_dinh": "09:02 23/06/2026",
      "trang_thai": "Chờ thực hiện"
    },
    "raw_text": "1 13:42 23/07/2026 26067272 MAI THỊ ĐỰNG Nữ 84 tuổi Viện phí PHÒNG KHÁM CHẤN THƯƠNG CHỈNH HÌNH - 20 Hút ổ viêm/áp xe phần mềm 0 518,000 Thường 09:02 23/06/2026 Chờ thực hiện",
    "links": [
      {
        "text": "1",
        "href": "http://192.168.2.26:2026/home.aspx?scope=sys&lang=vi&wpid=thuthuatnewdraw&thuthuatid=b9b173e2-5651-4653-ab9b-b4720096b52d&usid=172.31.255.1_rsenway4ypykm2begi123ahbfbbe4130&st=135222",
        "onclick": ""
      },
      {
        "text": "13:42 23/07/2026",
        "href": "http://192.168.2.26:2026/home.aspx?scope=sys&lang=vi&wpid=thuthuatnewdraw&thuthuatid=b9b173e2-5651-4653-ab9b-b4720096b52d&usid=172.31.255.1_rsenway4ypykm2begi123ahbfbbe4130&st=135222",
        "onclick": ""
      },
      {
        "text": "26067272",
        "href": "http://192.168.2.26:2026/home.aspx?scope=sys&lang=vi&wpid=thuthuatnewdraw&thuthuatid=b9b173e2-5651-4653-ab9b-b4720096b52d&usid=172.31.255.1_rsenway4ypykm2begi123ahbfbbe4130&st=135222",
        "onclick": ""
      },
      {
        "text": "MAI THỊ ĐỰNG",
        "href": "http://192.168.2.26:2026/home.aspx?scope=sys&lang=vi&wpid=thuthuatnewdraw&thuthuatid=b9b173e2-5651-4653-ab9b-b4720096b52d&usid=172.31.255.1_rsenway4ypykm2begi123ahbfbbe4130&st=135222",
        "onclick": ""
      },
      {
        "text": "Nữ",
        "href": "http://192.168.2.26:2026/home.aspx?scope=sys&lang=vi&wpid=thuthuatnewdraw&thuthuatid=b9b173e2-5651-4653-ab9b-b4720096b52d&usid=172.31.255.1_rsenway4ypykm2begi123ahbfbbe4130&st=135222",
        "onclick": ""
      },
      {
        "text": "84 tuổi",
        "href": "http://192.168.2.26:2026/home.aspx?scope=sys&lang=vi&wpid=thuthuatnewdraw&thuthuatid=b9b173e2-5651-4653-ab9b-b4720096b52d&usid=172.31.255.1_rsenway4ypykm2begi123ahbfbbe4130&st=135222",
        "onclick": ""
      },
      {
        "text": "Viện phí",
        "href": "http://192.168.2.26:2026/home.aspx?scope=sys&lang=vi&wpid=thuthuatnewdraw&thuthuatid=b9b173e2-5651-4653-ab9b-b4720096b52d&usid=172.31.255.1_rsenway4ypykm2begi123ahbfbbe4130&st=135222",
        "onclick": ""
      },
      {
        "text": "PHÒNG KHÁM CHẤN THƯƠNG CHỈNH HÌNH - 20",
        "href": "http://192.168.2.26:2026/home.aspx?scope=sys&lang=vi&wpid=thuthuatnewdraw&thuthuatid=b9b173e2-5651-4653-ab9b-b4720096b52d&usid=172.31.255.1_rsenway4ypykm2begi123ahbfbbe4130&st=135222",
        "onclick": ""
      },
      {
        "text": "Hút ổ viêm/áp xe phần mềm",
        "href": "http://192.168.2.26:2026/home.aspx?scope=sys&lang=vi&wpid=thuthuatnewdraw&thuthuatid=b9b173e2-5651-4653-ab9b-b4720096b52d&usid=172.31.255.1_rsenway4ypykm2begi123ahbfbbe4130&st=135222",
        "onclick": ""
      },
      {
        "text": "0",
        "href": "http://192.168.2.26:2026/home.aspx?scope=sys&lang=vi&wpid=thuthuatnewdraw&thuthuatid=b9b173e2-5651-4653-ab9b-b4720096b52d&usid=172.31.255.1_rsenway4ypykm2begi123ahbfbbe4130&st=135222",
        "onclick": ""
      },
      {
        "text": "518,000",
        "href": "http://192.168.2.26:2026/home.aspx?scope=sys&lang=vi&wpid=thuthuatnewdraw&thuthuatid=b9b173e2-5651-4653-ab9b-b4720096b52d&usid=172.31.255.1_rsenway4ypykm2begi123ahbfbbe4130&st=135222",
        "onclick": ""
      },
      {
        "text": "Thường",
        "href": "http://192.168.2.26:2026/home.aspx?scope=sys&lang=vi&wpid=thuthuatnewdraw&thuthuatid=b9b173e2-5651-4653-ab9b-b4720096b52d&usid=172.31.255.1_rsenway4ypykm2begi123ahbfbbe4130&st=135222",
        "onclick": ""
      },
      {
        "text": "09:02 23/06/2026",
        "href": "http://192.168.2.26:2026/home.aspx?scope=sys&lang=vi&wpid=thuthuatnewdraw&thuthuatid=b9b173e2-5651-4653-ab9b-b4720096b52d&usid=172.31.255.1_rsenway4ypykm2begi123ahbfbbe4130&st=135222",
        "onclick": ""
      },
      {
        "text": "Chờ thực hiện",
        "href": "http://192.168.2.26:2026/home.aspx?scope=sys&lang=vi&wpid=thuthuatnewdraw&thuthuatid=b9b173e2-5651-4653-ab9b-b4720096b52d&usid=172.31.255.1_rsenway4ypykm2begi123ahbfbbe4130&st=135222",
        "onclick": ""
      }
    ]
  }
}
[2026-07-23 13:52:25.167] [BROWSER] [DETAIL] kind=procedure; access_id=b9b173e2-5651-4653-ab9b-b4720096b52d; direct_url=yes; onclick=no
[2026-07-23 13:52:25.168] [BROWSER] [DETAIL] Mở liên kết trực tiếp: http://192.168.2.26:2026/home.aspx?scope=sys&lang=vi&wpid=thuthuatnewdraw&thuthuatid=b9b173e2-5651-4653-ab9b-b4720096b52d&usid=172.31.255.1_rsenway4ypykm2begi123ahbfbbe4130&st=135222
[2026-07-23 13:52:25.978] [BROWSER] [DETAIL] Dữ liệu đọc được: {"complete_info": "", "current_url": "http://192.168.2.26:2026/home.aspx?scope=sys&lang=vi&wpid=thuthuatnewdraw&thuthuatid=b9b173e2-5651-4653-ab9b-b4720096b52d&usid=172.31.255.1_rsenway4ypykm2begi123ahbfbbe4130&st=135222", "doctor": "Phạm Việt Tân", "doctor_field": "txtBacSyChiDinh", "doctor_found": true, "method": "Hút ổ viêm/áp xe phần mềm", "patient_info": "(26067272 | MAI THỊ ĐỰNG, 01/01/1942, Nữ, 84 tuổi | Viện phí)", "root_found": true, "start_time": "13:52 23/07/2026"}
[2026-07-23 13:52:25.980] [BROWSER] [DETAIL] Nguồn bác sĩ: Bác sĩ chỉ định; field=txtBacSyChiDinh; value=Phạm Việt Tân
[2026-07-23 13:52:25.980] [DETAIL_OK] D/s Thủ thuật: đọc được hồ sơ chi tiết
{
  "doctor_from_emr": "Phạm Việt Tân",
  "mapped_alias": "V.TÂN",
  "mapped_name": "Phạm Việt Tân",
  "start_time": "13:52 23/07/2026",
  "method": "Hút ổ viêm/áp xe phần mềm",
  "current_url": "http://192.168.2.26:2026/home.aspx?scope=sys&lang=vi&wpid=thuthuatnewdraw&thuthuatid=b9b173e2-5651-4653-ab9b-b4720096b52d&usid=172.31.255.1_rsenway4ypykm2begi123ahbfbbe4130&st=135222",
  "total_score": 145.0,
  "method_score": 1.0
}
[2026-07-23 13:52:25.981] [EVALUATED] D/s Thủ thuật: đánh giá 1 hồ sơ
{
  "items": [
    {
      "doctor": "Phạm Việt Tân",
      "alias": "V.TÂN",
      "detail_datetime": "2026-07-23 13:52:00",
      "method_score": 1.0,
      "total_score": 145.0,
      "confidence_ok": false
    }
  ]
}
[2026-07-23 13:52:25.982] [SEARCH_BEGIN] dòng 88: tìm MAI THỊ ĐỰNG tại D/s Phẫu thuật
{
  "patient": "MAI THỊ ĐỰNG",
  "target_time": "2026-06-23 09:02:00",
  "target_method": "Hút ổ viêm/áp xe phần mềm",
  "source": "surgery"
}
[2026-07-23 13:52:26.509] [BROWSER] [NAV] D/s Phẫu thuật: http://192.168.2.26:2026/home.aspx?scope=sys&lang=vi&wpid=danhsachphauthuatdraw&role=323&usid=172.31.255.1_rsenway4ypykm2begi123ahbfbbe4130&st=135222
[2026-07-23 13:52:28.547] [BROWSER] [FILTER] 3 tháng
[2026-07-23 13:52:29.100] [BROWSER] [SEARCH] Nhập 'MAI THỊ ĐỰNG' vào #txtTimKiem
[2026-07-23 13:52:29.197] [BROWSER] [SEARCH] Đã bấm Tìm kiếm bằng #btnTimKiem
[2026-07-23 13:52:48.401] [BROWSER] [RESULT] D/s Phẫu thuật: 0 dòng
[2026-07-23 13:52:48.408] [SEARCH_RESULT] D/s Phẫu thuật: nhận 0 dòng
{
  "current_url": "http://192.168.2.26:2026/home.aspx?scope=sys&lang=vi&wpid=danhsachphauthuatdraw&role=323&usid=172.31.255.1_rsenway4ypykm2begi123ahbfbbe4130&st=135222",
  "search_input_id": "txtTimKiem",
  "search_trigger": "#btnTimKiem",
  "headers": [],
  "rows": []
}
[2026-07-23 13:52:48.409] [CANDIDATES] D/s Phẫu thuật: có 0 ứng viên cùng người bệnh
{
  "candidates": []
}
[2026-07-23 13:52:48.409] [ROW_UNMATCHED] Dòng 88: procedure: có kết quả nhưng không khớp ngày; surgery: không có dòng cùng người bệnh
{
  "rowNumber": 88,
  "patient": "MAI THỊ ĐỰNG",
  "time": "09:02 23/06/2026",
  "method": "Hút ổ viêm/áp xe phần mềm",
  "oldValue": "",
  "status": "unmatched",
  "reason": "procedure: có kết quả nhưng không khớp ngày; surgery: không có dòng cùng người bệnh"
}
[2026-07-23 13:52:48.410] [ROW_END] Kết thúc dòng 88
{
  "status": "unmatched",
  "new_value": null,
  "reason": "procedure: có kết quả nhưng không khớp ngày; surgery: không có dòng cùng người bệnh"
}
[2026-07-23 13:52:48.410] [ROW_BEGIN] [7/10] Bắt đầu dòng 89: TRƯƠNG THỊ HIẾU
{
  "raw_time": "2026/06/23 09:28",
  "parsed_time": "09:28 23/06/2026",
  "method": "Hút ổ viêm/áp xe phần mềm",
  "old_value": ""
}
[2026-07-23 13:52:48.411] [SEARCH_BEGIN] dòng 89: tìm TRƯƠNG THỊ HIẾU tại D/s Thủ thuật
{
  "patient": "TRƯƠNG THỊ HIẾU",
  "target_time": "2026-06-23 09:28:00",
  "target_method": "Hút ổ viêm/áp xe phần mềm",
  "source": "procedure"
}
[2026-07-23 13:52:48.580] [BROWSER] [NAV] D/s Thủ thuật: http://192.168.2.26:2026/home.aspx?scope=sys&lang=vi&wpid=danhsachthuthuatdraw&role=323&usid=172.31.255.1_rsenway4ypykm2begi123ahbfbbe4130&st=135223
[2026-07-23 13:52:50.575] [BROWSER] [FILTER] 3 tháng
[2026-07-23 13:52:51.095] [BROWSER] [SEARCH] Nhập 'TRƯƠNG THỊ HIẾU' vào #txtTimKiem
[2026-07-23 13:52:51.320] [BROWSER] [SEARCH] Đã bấm Tìm kiếm bằng #btnTimKiem
[2026-07-23 13:52:51.346] [BROWSER] [RESULT] D/s Thủ thuật: 2 dòng
[2026-07-23 13:52:51.352] [SEARCH_RESULT] D/s Thủ thuật: nhận 2 dòng
{
  "current_url": "http://192.168.2.26:2026/home.aspx?scope=sys&lang=vi&wpid=danhsachthuthuatdraw&role=323&usid=172.31.255.1_rsenway4ypykm2begi123ahbfbbe4130&st=135223",
  "search_input_id": "txtTimKiem",
  "search_trigger": "#btnTimKiem",
  "headers": [
    "STT",
    "Ngày thủ thuật",
    "Mã BN",
    "Họ tên",
    "Giới tính",
    "Tuổi",
    "Đối tượng",
    "Nơi chỉ định",
    "Chỉ định thủ thuật",
    "Tạm ứng",
    "Phải thanh toán",
    "Tình trạng",
    "Thời gian chỉ định",
    "Trạng thái"
  ],
  "rows": [
    {
      "access_id": "3e21ea4f-9161-449f-9fce-b432012f81d2",
      "known_fields": {
        "stt": "1",
        "ngay_thu_thuat": "08:00 21/04/2026",
        "ma_bn": "26046050",
        "ho_ten": "TRƯƠNG THỊ HIẾU",
        "gioi_tinh": "Nữ",
        "tuoi": "60 tuổi",
        "doi_tuong": "Viện phí",
        "noi_chi_dinh": "Trung Tâm Tiết Niệu",
        "chi_dinh_thu_thuat": "Chăm sóc ống thông bàng quang",
        "tam_ung": "0",
        "phai_thanh_toan": "0",
        "tinh_trang": "Thường",
        "thoi_gian_chi_dinh": "07:30 21/04/2026",
        "trang_thai": "Hoàn tất"
      },
      "raw_text": "1 08:00 21/04/2026 26046050 TRƯƠNG THỊ HIẾU Nữ 60 tuổi Viện phí Trung Tâm Tiết Niệu Chăm sóc ống thông bàng quang 0 0 Thường 07:30 21/04/2026 Hoàn tất",
      "links": [
        {
          "text": "1",
          "href": "http://192.168.2.26:2026/home.aspx?scope=sys&lang=vi&wpid=thuthuatnewdraw&thuthuatid=3e21ea4f-9161-449f-9fce-b432012f81d2&usid=172.31.255.1_rsenway4ypykm2begi123ahbfbbe4130&st=135248",
          "onclick": ""
        },
        {
          "text": "08:00 21/04/2026",
          "href": "http://192.168.2.26:2026/home.aspx?scope=sys&lang=vi&wpid=thuthuatnewdraw&thuthuatid=3e21ea4f-9161-449f-9fce-b432012f81d2&usid=172.31.255.1_rsenway4ypykm2begi123ahbfbbe4130&st=135248",
          "onclick": ""
        },
        {
          "text": "26046050",
          "href": "http://192.168.2.26:2026/home.aspx?scope=sys&lang=vi&wpid=thuthuatnewdraw&thuthuatid=3e21ea4f-9161-449f-9fce-b432012f81d2&usid=172.31.255.1_rsenway4ypykm2begi123ahbfbbe4130&st=135248",
          "onclick": ""
        },
        {
          "text": "TRƯƠNG THỊ HIẾU",
          "href": "http://192.168.2.26:2026/home.aspx?scope=sys&lang=vi&wpid=thuthuatnewdraw&thuthuatid=3e21ea4f-9161-449f-9fce-b432012f81d2&usid=172.31.255.1_rsenway4ypykm2begi123ahbfbbe4130&st=135248",
          "onclick": ""
        },
        {
          "text": "Nữ",
          "href": "http://192.168.2.26:2026/home.aspx?scope=sys&lang=vi&wpid=thuthuatnewdraw&thuthuatid=3e21ea4f-9161-449f-9fce-b432012f81d2&usid=172.31.255.1_rsenway4ypykm2begi123ahbfbbe4130&st=135248",
          "onclick": ""
        },
        {
          "text": "60 tuổi",
          "href": "http://192.168.2.26:2026/home.aspx?scope=sys&lang=vi&wpid=thuthuatnewdraw&thuthuatid=3e21ea4f-9161-449f-9fce-b432012f81d2&usid=172.31.255.1_rsenway4ypykm2begi123ahbfbbe4130&st=135248",
          "onclick": ""
        },
        {
          "text": "Viện phí",
          "href": "http://192.168.2.26:2026/home.aspx?scope=sys&lang=vi&wpid=thuthuatnewdraw&thuthuatid=3e21ea4f-9161-449f-9fce-b432012f81d2&usid=172.31.255.1_rsenway4ypykm2begi123ahbfbbe4130&st=135248",
          "onclick": ""
        },
        {
          "text": "Trung Tâm Tiết Niệu",
          "href": "http://192.168.2.26:2026/home.aspx?scope=sys&lang=vi&wpid=thuthuatnewdraw&thuthuatid=3e21ea4f-9161-449f-9fce-b432012f81d2&usid=172.31.255.1_rsenway4ypykm2begi123ahbfbbe4130&st=135248",
          "onclick": ""
        },
        {
          "text": "Chăm sóc ống thông bàng quang",
          "href": "http://192.168.2.26:2026/home.aspx?scope=sys&lang=vi&wpid=thuthuatnewdraw&thuthuatid=3e21ea4f-9161-449f-9fce-b432012f81d2&usid=172.31.255.1_rsenway4ypykm2begi123ahbfbbe4130&st=135248",
          "onclick": ""
        },
        {
          "text": "0",
          "href": "http://192.168.2.26:2026/home.aspx?scope=sys&lang=vi&wpid=thuthuatnewdraw&thuthuatid=3e21ea4f-9161-449f-9fce-b432012f81d2&usid=172.31.255.1_rsenway4ypykm2begi123ahbfbbe4130&st=135248",
          "onclick": ""
        },
        {
          "text": "0",
          "href": "http://192.168.2.26:2026/home.aspx?scope=sys&lang=vi&wpid=thuthuatnewdraw&thuthuatid=3e21ea4f-9161-449f-9fce-b432012f81d2&usid=172.31.255.1_rsenway4ypykm2begi123ahbfbbe4130&st=135248",
          "onclick": ""
        },
        {
          "text": "Thường",
          "href": "http://192.168.2.26:2026/home.aspx?scope=sys&lang=vi&wpid=thuthuatnewdraw&thuthuatid=3e21ea4f-9161-449f-9fce-b432012f81d2&usid=172.31.255.1_rsenway4ypykm2begi123ahbfbbe4130&st=135248",
          "onclick": ""
        },
        {
          "text": "07:30 21/04/2026",
          "href": "http://192.168.2.26:2026/home.aspx?scope=sys&lang=vi&wpid=thuthuatnewdraw&thuthuatid=3e21ea4f-9161-449f-9fce-b432012f81d2&usid=172.31.255.1_rsenway4ypykm2begi123ahbfbbe4130&st=135248",
          "onclick": ""
        },
        {
          "text": "Hoàn tất",
          "href": "http://192.168.2.26:2026/home.aspx?scope=sys&lang=vi&wpid=thuthuatnewdraw&thuthuatid=3e21ea4f-9161-449f-9fce-b432012f81d2&usid=172.31.255.1_rsenway4ypykm2begi123ahbfbbe4130&st=135248",
          "onclick": ""
        }
      ]
    },
    {
      "access_id": "c4ae567e-24ab-48d1-8d33-b472009d8063",
      "known_fields": {
        "stt": "2",
        "ngay_thu_thuat": "13:42 23/07/2026",
        "ma_bn": "26066989",
        "ho_ten": "TRƯƠNG THỊ HIẾU",
        "gioi_tinh": "Nữ",
        "tuoi": "67 tuổi",
        "doi_tuong": "Viện phí",
        "noi_chi_dinh": "PHÒNG KHÁM CHẤN THƯƠNG CHỈNH HÌNH - 20",
        "chi_dinh_thu_thuat": "Hút ổ viêm/áp xe phần mềm",
        "tam_ung": "0",
        "phai_thanh_toan": "518,000",
        "tinh_trang": "Thường",
        "thoi_gian_chi_dinh": "09:28 23/06/2026",
        "trang_thai": "Chờ thực hiện"
      },
      "raw_text": "2 13:42 23/07/2026 26066989 TRƯƠNG THỊ HIẾU Nữ 67 tuổi Viện phí PHÒNG KHÁM CHẤN THƯƠNG CHỈNH HÌNH - 20 Hút ổ viêm/áp xe phần mềm 0 518,000 Thường 09:28 23/06/2026 Chờ thực hiện",
      "links": [
        {
          "text": "2",
          "href": "http://192.168.2.26:2026/home.aspx?scope=sys&lang=vi&wpid=thuthuatnewdraw&thuthuatid=c4ae567e-24ab-48d1-8d33-b472009d8063&usid=172.31.255.1_rsenway4ypykm2begi123ahbfbbe4130&st=135248",
          "onclick": ""
        },
        {
          "text": "13:42 23/07/2026",
          "href": "http://192.168.2.26:2026/home.aspx?scope=sys&lang=vi&wpid=thuthuatnewdraw&thuthuatid=c4ae567e-24ab-48d1-8d33-b472009d8063&usid=172.31.255.1_rsenway4ypykm2begi123ahbfbbe4130&st=135248",
          "onclick": ""
        },
        {
          "text": "26066989",
          "href": "http://192.168.2.26:2026/home.aspx?scope=sys&lang=vi&wpid=thuthuatnewdraw&thuthuatid=c4ae567e-24ab-48d1-8d33-b472009d8063&usid=172.31.255.1_rsenway4ypykm2begi123ahbfbbe4130&st=135248",
          "onclick": ""
        },
        {
          "text": "TRƯƠNG THỊ HIẾU",
          "href": "http://192.168.2.26:2026/home.aspx?scope=sys&lang=vi&wpid=thuthuatnewdraw&thuthuatid=c4ae567e-24ab-48d1-8d33-b472009d8063&usid=172.31.255.1_rsenway4ypykm2begi123ahbfbbe4130&st=135248",
          "onclick": ""
        },
        {
          "text": "Nữ",
          "href": "http://192.168.2.26:2026/home.aspx?scope=sys&lang=vi&wpid=thuthuatnewdraw&thuthuatid=c4ae567e-24ab-48d1-8d33-b472009d8063&usid=172.31.255.1_rsenway4ypykm2begi123ahbfbbe4130&st=135248",
          "onclick": ""
        },
        {
          "text": "67 tuổi",
          "href": "http://192.168.2.26:2026/home.aspx?scope=sys&lang=vi&wpid=thuthuatnewdraw&thuthuatid=c4ae567e-24ab-48d1-8d33-b472009d8063&usid=172.31.255.1_rsenway4ypykm2begi123ahbfbbe4130&st=135248",
          "onclick": ""
        },
        {
          "text": "Viện phí",
          "href": "http://192.168.2.26:2026/home.aspx?scope=sys&lang=vi&wpid=thuthuatnewdraw&thuthuatid=c4ae567e-24ab-48d1-8d33-b472009d8063&usid=172.31.255.1_rsenway4ypykm2begi123ahbfbbe4130&st=135248",
          "onclick": ""
        },
        {
          "text": "PHÒNG KHÁM CHẤN THƯƠNG CHỈNH HÌNH - 20",
          "href": "http://192.168.2.26:2026/home.aspx?scope=sys&lang=vi&wpid=thuthuatnewdraw&thuthuatid=c4ae567e-24ab-48d1-8d33-b472009d8063&usid=172.31.255.1_rsenway4ypykm2begi123ahbfbbe4130&st=135248",
          "onclick": ""
        },
        {
          "text": "Hút ổ viêm/áp xe phần mềm",
          "href": "http://192.168.2.26:2026/home.aspx?scope=sys&lang=vi&wpid=thuthuatnewdraw&thuthuatid=c4ae567e-24ab-48d1-8d33-b472009d8063&usid=172.31.255.1_rsenway4ypykm2begi123ahbfbbe4130&st=135248",
          "onclick": ""
        },
        {
          "text": "0",
          "href": "http://192.168.2.26:2026/home.aspx?scope=sys&lang=vi&wpid=thuthuatnewdraw&thuthuatid=c4ae567e-24ab-48d1-8d33-b472009d8063&usid=172.31.255.1_rsenway4ypykm2begi123ahbfbbe4130&st=135248",
          "onclick": ""
        },
        {
          "text": "518,000",
          "href": "http://192.168.2.26:2026/home.aspx?scope=sys&lang=vi&wpid=thuthuatnewdraw&thuthuatid=c4ae567e-24ab-48d1-8d33-b472009d8063&usid=172.31.255.1_rsenway4ypykm2begi123ahbfbbe4130&st=135248",
          "onclick": ""
        },
        {
          "text": "Thường",
          "href": "http://192.168.2.26:2026/home.aspx?scope=sys&lang=vi&wpid=thuthuatnewdraw&thuthuatid=c4ae567e-24ab-48d1-8d33-b472009d8063&usid=172.31.255.1_rsenway4ypykm2begi123ahbfbbe4130&st=135248",
          "onclick": ""
        },
        {
          "text": "09:28 23/06/2026",
          "href": "http://192.168.2.26:2026/home.aspx?scope=sys&lang=vi&wpid=thuthuatnewdraw&thuthuatid=c4ae567e-24ab-48d1-8d33-b472009d8063&usid=172.31.255.1_rsenway4ypykm2begi123ahbfbbe4130&st=135248",
          "onclick": ""
        },
        {
          "text": "Chờ thực hiện",
          "href": "http://192.168.2.26:2026/home.aspx?scope=sys&lang=vi&wpid=thuthuatnewdraw&thuthuatid=c4ae567e-24ab-48d1-8d33-b472009d8063&usid=172.31.255.1_rsenway4ypykm2begi123ahbfbbe4130&st=135248",
          "onclick": ""
        }
      ]
    }
  ]
}
[2026-07-23 13:52:51.354] [CANDIDATES] D/s Thủ thuật: có 2 ứng viên cùng người bệnh
{
  "candidates": [
    {
      "list_score": 75.0,
      "list_datetime": "2026-07-23 13:42:00",
      "list_method": "Hút ổ viêm/áp xe phần mềm",
      "detail_marker": "http://192.168.2.26:2026/home.aspx?scope=sys&lang=vi&wpid=thuthuatnewdraw&thuthuatid=c4ae567e-24ab-48d1-8d33-b472009d8063&usid=172.31.255.1_rsenway4ypykm2begi123ahbfbbe4130&st=135248",
      "row": {
        "access_id": "c4ae567e-24ab-48d1-8d33-b472009d8063",
        "known_fields": {
          "stt": "2",
          "ngay_thu_thuat": "13:42 23/07/2026",
          "ma_bn": "26066989",
          "ho_ten": "TRƯƠNG THỊ HIẾU",
          "gioi_tinh": "Nữ",
          "tuoi": "67 tuổi",
          "doi_tuong": "Viện phí",
          "noi_chi_dinh": "PHÒNG KHÁM CHẤN THƯƠNG CHỈNH HÌNH - 20",
          "chi_dinh_thu_thuat": "Hút ổ viêm/áp xe phần mềm",
          "tam_ung": "0",
          "phai_thanh_toan": "518,000",
          "tinh_trang": "Thường",
          "thoi_gian_chi_dinh": "09:28 23/06/2026",
          "trang_thai": "Chờ thực hiện"
        },
        "raw_text": "2 13:42 23/07/2026 26066989 TRƯƠNG THỊ HIẾU Nữ 67 tuổi Viện phí PHÒNG KHÁM CHẤN THƯƠNG CHỈNH HÌNH - 20 Hút ổ viêm/áp xe phần mềm 0 518,000 Thường 09:28 23/06/2026 Chờ thực hiện",
        "links": [
          {
            "text": "2",
            "href": "http://192.168.2.26:2026/home.aspx?scope=sys&lang=vi&wpid=thuthuatnewdraw&thuthuatid=c4ae567e-24ab-48d1-8d33-b472009d8063&usid=172.31.255.1_rsenway4ypykm2begi123ahbfbbe4130&st=135248",
            "onclick": ""
          },
          {
            "text": "13:42 23/07/2026",
            "href": "http://192.168.2.26:2026/home.aspx?scope=sys&lang=vi&wpid=thuthuatnewdraw&thuthuatid=c4ae567e-24ab-48d1-8d33-b472009d8063&usid=172.31.255.1_rsenway4ypykm2begi123ahbfbbe4130&st=135248",
            "onclick": ""
          },
          {
            "text": "26066989",
            "href": "http://192.168.2.26:2026/home.aspx?scope=sys&lang=vi&wpid=thuthuatnewdraw&thuthuatid=c4ae567e-24ab-48d1-8d33-b472009d8063&usid=172.31.255.1_rsenway4ypykm2begi123ahbfbbe4130&st=135248",
            "onclick": ""
          },
          {
            "text": "TRƯƠNG THỊ HIẾU",
            "href": "http://192.168.2.26:2026/home.aspx?scope=sys&lang=vi&wpid=thuthuatnewdraw&thuthuatid=c4ae567e-24ab-48d1-8d33-b472009d8063&usid=172.31.255.1_rsenway4ypykm2begi123ahbfbbe4130&st=135248",
            "onclick": ""
          },
          {
            "text": "Nữ",
            "href": "http://192.168.2.26:2026/home.aspx?scope=sys&lang=vi&wpid=thuthuatnewdraw&thuthuatid=c4ae567e-24ab-48d1-8d33-b472009d8063&usid=172.31.255.1_rsenway4ypykm2begi123ahbfbbe4130&st=135248",
            "onclick": ""
          },
          {
            "text": "67 tuổi",
            "href": "http://192.168.2.26:2026/home.aspx?scope=sys&lang=vi&wpid=thuthuatnewdraw&thuthuatid=c4ae567e-24ab-48d1-8d33-b472009d8063&usid=172.31.255.1_rsenway4ypykm2begi123ahbfbbe4130&st=135248",
            "onclick": ""
          },
          {
            "text": "Viện phí",
            "href": "http://192.168.2.26:2026/home.aspx?scope=sys&lang=vi&wpid=thuthuatnewdraw&thuthuatid=c4ae567e-24ab-48d1-8d33-b472009d8063&usid=172.31.255.1_rsenway4ypykm2begi123ahbfbbe4130&st=135248",
            "onclick": ""
          },
          {
            "text": "PHÒNG KHÁM CHẤN THƯƠNG CHỈNH HÌNH - 20",
            "href": "http://192.168.2.26:2026/home.aspx?scope=sys&lang=vi&wpid=thuthuatnewdraw&thuthuatid=c4ae567e-24ab-48d1-8d33-b472009d8063&usid=172.31.255.1_rsenway4ypykm2begi123ahbfbbe4130&st=135248",
            "onclick": ""
          },
          {
            "text": "Hút ổ viêm/áp xe phần mềm",
            "href": "http://192.168.2.26:2026/home.aspx?scope=sys&lang=vi&wpid=thuthuatnewdraw&thuthuatid=c4ae567e-24ab-48d1-8d33-b472009d8063&usid=172.31.255.1_rsenway4ypykm2begi123ahbfbbe4130&st=135248",
            "onclick": ""
          },
          {
            "text": "0",
            "href": "http://192.168.2.26:2026/home.aspx?scope=sys&lang=vi&wpid=thuthuatnewdraw&thuthuatid=c4ae567e-24ab-48d1-8d33-b472009d8063&usid=172.31.255.1_rsenway4ypykm2begi123ahbfbbe4130&st=135248",
            "onclick": ""
          },
          {
            "text": "518,000",
            "href": "http://192.168.2.26:2026/home.aspx?scope=sys&lang=vi&wpid=thuthuatnewdraw&thuthuatid=c4ae567e-24ab-48d1-8d33-b472009d8063&usid=172.31.255.1_rsenway4ypykm2begi123ahbfbbe4130&st=135248",
            "onclick": ""
          },
          {
            "text": "Thường",
            "href": "http://192.168.2.26:2026/home.aspx?scope=sys&lang=vi&wpid=thuthuatnewdraw&thuthuatid=c4ae567e-24ab-48d1-8d33-b472009d8063&usid=172.31.255.1_rsenway4ypykm2begi123ahbfbbe4130&st=135248",
            "onclick": ""
          },
          {
            "text": "09:28 23/06/2026",
            "href": "http://192.168.2.26:2026/home.aspx?scope=sys&lang=vi&wpid=thuthuatnewdraw&thuthuatid=c4ae567e-24ab-48d1-8d33-b472009d8063&usid=172.31.255.1_rsenway4ypykm2begi123ahbfbbe4130&st=135248",
            "onclick": ""
          },
          {
            "text": "Chờ thực hiện",
            "href": "http://192.168.2.26:2026/home.aspx?scope=sys&lang=vi&wpid=thuthuatnewdraw&thuthuatid=c4ae567e-24ab-48d1-8d33-b472009d8063&usid=172.31.255.1_rsenway4ypykm2begi123ahbfbbe4130&st=135248",
            "onclick": ""
          }
        ]
      }
    },
    {
      "list_score": 41.29629629629629,
      "list_datetime": "2026-04-21 08:00:00",
      "list_method": "Chăm sóc ống thông bàng quang",
      "detail_marker": "http://192.168.2.26:2026/home.aspx?scope=sys&lang=vi&wpid=thuthuatnewdraw&thuthuatid=3e21ea4f-9161-449f-9fce-b432012f81d2&usid=172.31.255.1_rsenway4ypykm2begi123ahbfbbe4130&st=135248",
      "row": {
        "access_id": "3e21ea4f-9161-449f-9fce-b432012f81d2",
        "known_fields": {
          "stt": "1",
          "ngay_thu_thuat": "08:00 21/04/2026",
          "ma_bn": "26046050",
          "ho_ten": "TRƯƠNG THỊ HIẾU",
          "gioi_tinh": "Nữ",
          "tuoi": "60 tuổi",
          "doi_tuong": "Viện phí",
          "noi_chi_dinh": "Trung Tâm Tiết Niệu",
          "chi_dinh_thu_thuat": "Chăm sóc ống thông bàng quang",
          "tam_ung": "0",
          "phai_thanh_toan": "0",
          "tinh_trang": "Thường",
          "thoi_gian_chi_dinh": "07:30 21/04/2026",
          "trang_thai": "Hoàn tất"
        },
        "raw_text": "1 08:00 21/04/2026 26046050 TRƯƠNG THỊ HIẾU Nữ 60 tuổi Viện phí Trung Tâm Tiết Niệu Chăm sóc ống thông bàng quang 0 0 Thường 07:30 21/04/2026 Hoàn tất",
        "links": [
          {
            "text": "1",
            "href": "http://192.168.2.26:2026/home.aspx?scope=sys&lang=vi&wpid=thuthuatnewdraw&thuthuatid=3e21ea4f-9161-449f-9fce-b432012f81d2&usid=172.31.255.1_rsenway4ypykm2begi123ahbfbbe4130&st=135248",
            "onclick": ""
          },
          {
            "text": "08:00 21/04/2026",
            "href": "http://192.168.2.26:2026/home.aspx?scope=sys&lang=vi&wpid=thuthuatnewdraw&thuthuatid=3e21ea4f-9161-449f-9fce-b432012f81d2&usid=172.31.255.1_rsenway4ypykm2begi123ahbfbbe4130&st=135248",
            "onclick": ""
          },
          {
            "text": "26046050",
            "href": "http://192.168.2.26:2026/home.aspx?scope=sys&lang=vi&wpid=thuthuatnewdraw&thuthuatid=3e21ea4f-9161-449f-9fce-b432012f81d2&usid=172.31.255.1_rsenway4ypykm2begi123ahbfbbe4130&st=135248",
            "onclick": ""
          },
          {
            "text": "TRƯƠNG THỊ HIẾU",
            "href": "http://192.168.2.26:2026/home.aspx?scope=sys&lang=vi&wpid=thuthuatnewdraw&thuthuatid=3e21ea4f-9161-449f-9fce-b432012f81d2&usid=172.31.255.1_rsenway4ypykm2begi123ahbfbbe4130&st=135248",
            "onclick": ""
          },
          {
            "text": "Nữ",
            "href": "http://192.168.2.26:2026/home.aspx?scope=sys&lang=vi&wpid=thuthuatnewdraw&thuthuatid=3e21ea4f-9161-449f-9fce-b432012f81d2&usid=172.31.255.1_rsenway4ypykm2begi123ahbfbbe4130&st=135248",
            "onclick": ""
          },
          {
            "text": "60 tuổi",
            "href": "http://192.168.2.26:2026/home.aspx?scope=sys&lang=vi&wpid=thuthuatnewdraw&thuthuatid=3e21ea4f-9161-449f-9fce-b432012f81d2&usid=172.31.255.1_rsenway4ypykm2begi123ahbfbbe4130&st=135248",
            "onclick": ""
          },
          {
            "text": "Viện phí",
            "href": "http://192.168.2.26:2026/home.aspx?scope=sys&lang=vi&wpid=thuthuatnewdraw&thuthuatid=3e21ea4f-9161-449f-9fce-b432012f81d2&usid=172.31.255.1_rsenway4ypykm2begi123ahbfbbe4130&st=135248",
            "onclick": ""
          },
          {
            "text": "Trung Tâm Tiết Niệu",
            "href": "http://192.168.2.26:2026/home.aspx?scope=sys&lang=vi&wpid=thuthuatnewdraw&thuthuatid=3e21ea4f-9161-449f-9fce-b432012f81d2&usid=172.31.255.1_rsenway4ypykm2begi123ahbfbbe4130&st=135248",
            "onclick": ""
          },
          {
            "text": "Chăm sóc ống thông bàng quang",
            "href": "http://192.168.2.26:2026/home.aspx?scope=sys&lang=vi&wpid=thuthuatnewdraw&thuthuatid=3e21ea4f-9161-449f-9fce-b432012f81d2&usid=172.31.255.1_rsenway4ypykm2begi123ahbfbbe4130&st=135248",
            "onclick": ""
          },
          {
            "text": "0",
            "href": "http://192.168.2.26:2026/home.aspx?scope=sys&lang=vi&wpid=thuthuatnewdraw&thuthuatid=3e21ea4f-9161-449f-9fce-b432012f81d2&usid=172.31.255.1_rsenway4ypykm2begi123ahbfbbe4130&st=135248",
            "onclick": ""
          },
          {
            "text": "0",
            "href": "http://192.168.2.26:2026/home.aspx?scope=sys&lang=vi&wpid=thuthuatnewdraw&thuthuatid=3e21ea4f-9161-449f-9fce-b432012f81d2&usid=172.31.255.1_rsenway4ypykm2begi123ahbfbbe4130&st=135248",
            "onclick": ""
          },
          {
            "text": "Thường",
            "href": "http://192.168.2.26:2026/home.aspx?scope=sys&lang=vi&wpid=thuthuatnewdraw&thuthuatid=3e21ea4f-9161-449f-9fce-b432012f81d2&usid=172.31.255.1_rsenway4ypykm2begi123ahbfbbe4130&st=135248",
            "onclick": ""
          },
          {
            "text": "07:30 21/04/2026",
            "href": "http://192.168.2.26:2026/home.aspx?scope=sys&lang=vi&wpid=thuthuatnewdraw&thuthuatid=3e21ea4f-9161-449f-9fce-b432012f81d2&usid=172.31.255.1_rsenway4ypykm2begi123ahbfbbe4130&st=135248",
            "onclick": ""
          },
          {
            "text": "Hoàn tất",
            "href": "http://192.168.2.26:2026/home.aspx?scope=sys&lang=vi&wpid=thuthuatnewdraw&thuthuatid=3e21ea4f-9161-449f-9fce-b432012f81d2&usid=172.31.255.1_rsenway4ypykm2begi123ahbfbbe4130&st=135248",
            "onclick": ""
          }
        ]
      }
    }
  ]
}
[2026-07-23 13:52:51.355] [DETAIL_BEGIN] D/s Thủ thuật: mở ứng viên 1
{
  "detail_marker": "http://192.168.2.26:2026/home.aspx?scope=sys&lang=vi&wpid=thuthuatnewdraw&thuthuatid=c4ae567e-24ab-48d1-8d33-b472009d8063&usid=172.31.255.1_rsenway4ypykm2begi123ahbfbbe4130&st=135248",
  "list_datetime": "2026-07-23 13:42:00",
  "list_method": "Hút ổ viêm/áp xe phần mềm",
  "row": {
    "access_id": "c4ae567e-24ab-48d1-8d33-b472009d8063",
    "known_fields": {
      "stt": "2",
      "ngay_thu_thuat": "13:42 23/07/2026",
      "ma_bn": "26066989",
      "ho_ten": "TRƯƠNG THỊ HIẾU",
      "gioi_tinh": "Nữ",
      "tuoi": "67 tuổi",
      "doi_tuong": "Viện phí",
      "noi_chi_dinh": "PHÒNG KHÁM CHẤN THƯƠNG CHỈNH HÌNH - 20",
      "chi_dinh_thu_thuat": "Hút ổ viêm/áp xe phần mềm",
      "tam_ung": "0",
      "phai_thanh_toan": "518,000",
      "tinh_trang": "Thường",
      "thoi_gian_chi_dinh": "09:28 23/06/2026",
      "trang_thai": "Chờ thực hiện"
    },
    "raw_text": "2 13:42 23/07/2026 26066989 TRƯƠNG THỊ HIẾU Nữ 67 tuổi Viện phí PHÒNG KHÁM CHẤN THƯƠNG CHỈNH HÌNH - 20 Hút ổ viêm/áp xe phần mềm 0 518,000 Thường 09:28 23/06/2026 Chờ thực hiện",
    "links": [
      {
        "text": "2",
        "href": "http://192.168.2.26:2026/home.aspx?scope=sys&lang=vi&wpid=thuthuatnewdraw&thuthuatid=c4ae567e-24ab-48d1-8d33-b472009d8063&usid=172.31.255.1_rsenway4ypykm2begi123ahbfbbe4130&st=135248",
        "onclick": ""
      },
      {
        "text": "13:42 23/07/2026",
        "href": "http://192.168.2.26:2026/home.aspx?scope=sys&lang=vi&wpid=thuthuatnewdraw&thuthuatid=c4ae567e-24ab-48d1-8d33-b472009d8063&usid=172.31.255.1_rsenway4ypykm2begi123ahbfbbe4130&st=135248",
        "onclick": ""
      },
      {
        "text": "26066989",
        "href": "http://192.168.2.26:2026/home.aspx?scope=sys&lang=vi&wpid=thuthuatnewdraw&thuthuatid=c4ae567e-24ab-48d1-8d33-b472009d8063&usid=172.31.255.1_rsenway4ypykm2begi123ahbfbbe4130&st=135248",
        "onclick": ""
      },
      {
        "text": "TRƯƠNG THỊ HIẾU",
        "href": "http://192.168.2.26:2026/home.aspx?scope=sys&lang=vi&wpid=thuthuatnewdraw&thuthuatid=c4ae567e-24ab-48d1-8d33-b472009d8063&usid=172.31.255.1_rsenway4ypykm2begi123ahbfbbe4130&st=135248",
        "onclick": ""
      },
      {
        "text": "Nữ",
        "href": "http://192.168.2.26:2026/home.aspx?scope=sys&lang=vi&wpid=thuthuatnewdraw&thuthuatid=c4ae567e-24ab-48d1-8d33-b472009d8063&usid=172.31.255.1_rsenway4ypykm2begi123ahbfbbe4130&st=135248",
        "onclick": ""
      },
      {
        "text": "67 tuổi",
        "href": "http://192.168.2.26:2026/home.aspx?scope=sys&lang=vi&wpid=thuthuatnewdraw&thuthuatid=c4ae567e-24ab-48d1-8d33-b472009d8063&usid=172.31.255.1_rsenway4ypykm2begi123ahbfbbe4130&st=135248",
        "onclick": ""
      },
      {
        "text": "Viện phí",
        "href": "http://192.168.2.26:2026/home.aspx?scope=sys&lang=vi&wpid=thuthuatnewdraw&thuthuatid=c4ae567e-24ab-48d1-8d33-b472009d8063&usid=172.31.255.1_rsenway4ypykm2begi123ahbfbbe4130&st=135248",
        "onclick": ""
      },
      {
        "text": "PHÒNG KHÁM CHẤN THƯƠNG CHỈNH HÌNH - 20",
        "href": "http://192.168.2.26:2026/home.aspx?scope=sys&lang=vi&wpid=thuthuatnewdraw&thuthuatid=c4ae567e-24ab-48d1-8d33-b472009d8063&usid=172.31.255.1_rsenway4ypykm2begi123ahbfbbe4130&st=135248",
        "onclick": ""
      },
      {
        "text": "Hút ổ viêm/áp xe phần mềm",
        "href": "http://192.168.2.26:2026/home.aspx?scope=sys&lang=vi&wpid=thuthuatnewdraw&thuthuatid=c4ae567e-24ab-48d1-8d33-b472009d8063&usid=172.31.255.1_rsenway4ypykm2begi123ahbfbbe4130&st=135248",
        "onclick": ""
      },
      {
        "text": "0",
        "href": "http://192.168.2.26:2026/home.aspx?scope=sys&lang=vi&wpid=thuthuatnewdraw&thuthuatid=c4ae567e-24ab-48d1-8d33-b472009d8063&usid=172.31.255.1_rsenway4ypykm2begi123ahbfbbe4130&st=135248",
        "onclick": ""
      },
      {
        "text": "518,000",
        "href": "http://192.168.2.26:2026/home.aspx?scope=sys&lang=vi&wpid=thuthuatnewdraw&thuthuatid=c4ae567e-24ab-48d1-8d33-b472009d8063&usid=172.31.255.1_rsenway4ypykm2begi123ahbfbbe4130&st=135248",
        "onclick": ""
      },
      {
        "text": "Thường",
        "href": "http://192.168.2.26:2026/home.aspx?scope=sys&lang=vi&wpid=thuthuatnewdraw&thuthuatid=c4ae567e-24ab-48d1-8d33-b472009d8063&usid=172.31.255.1_rsenway4ypykm2begi123ahbfbbe4130&st=135248",
        "onclick": ""
      },
      {
        "text": "09:28 23/06/2026",
        "href": "http://192.168.2.26:2026/home.aspx?scope=sys&lang=vi&wpid=thuthuatnewdraw&thuthuatid=c4ae567e-24ab-48d1-8d33-b472009d8063&usid=172.31.255.1_rsenway4ypykm2begi123ahbfbbe4130&st=135248",
        "onclick": ""
      },
      {
        "text": "Chờ thực hiện",
        "href": "http://192.168.2.26:2026/home.aspx?scope=sys&lang=vi&wpid=thuthuatnewdraw&thuthuatid=c4ae567e-24ab-48d1-8d33-b472009d8063&usid=172.31.255.1_rsenway4ypykm2begi123ahbfbbe4130&st=135248",
        "onclick": ""
      }
    ]
  }
}
[2026-07-23 13:52:51.360] [BROWSER] [DETAIL] kind=procedure; access_id=c4ae567e-24ab-48d1-8d33-b472009d8063; direct_url=yes; onclick=no
[2026-07-23 13:52:51.361] [BROWSER] [DETAIL] Mở liên kết trực tiếp: http://192.168.2.26:2026/home.aspx?scope=sys&lang=vi&wpid=thuthuatnewdraw&thuthuatid=c4ae567e-24ab-48d1-8d33-b472009d8063&usid=172.31.255.1_rsenway4ypykm2begi123ahbfbbe4130&st=135248
[2026-07-23 13:52:52.343] [BROWSER] [DETAIL] Dữ liệu đọc được: {"complete_info": "", "current_url": "http://192.168.2.26:2026/home.aspx?scope=sys&lang=vi&wpid=thuthuatnewdraw&thuthuatid=c4ae567e-24ab-48d1-8d33-b472009d8063&usid=172.31.255.1_rsenway4ypykm2begi123ahbfbbe4130&st=135248", "doctor": "Phạm Việt Tân", "doctor_field": "txtBacSyChiDinh", "doctor_found": true, "method": "Hút ổ viêm/áp xe phần mềm", "patient_info": "(26066989 | TRƯƠNG THỊ HIẾU, 01/01/1959, Nữ, 67 tuổi | Viện phí)", "root_found": true, "start_time": "13:52 23/07/2026"}
[2026-07-23 13:52:52.344] [BROWSER] [DETAIL] Nguồn bác sĩ: Bác sĩ chỉ định; field=txtBacSyChiDinh; value=Phạm Việt Tân
[2026-07-23 13:52:52.345] [DETAIL_OK] D/s Thủ thuật: đọc được hồ sơ chi tiết
{
  "doctor_from_emr": "Phạm Việt Tân",
  "mapped_alias": "V.TÂN",
  "mapped_name": "Phạm Việt Tân",
  "start_time": "13:52 23/07/2026",
  "method": "Hút ổ viêm/áp xe phần mềm",
  "current_url": "http://192.168.2.26:2026/home.aspx?scope=sys&lang=vi&wpid=thuthuatnewdraw&thuthuatid=c4ae567e-24ab-48d1-8d33-b472009d8063&usid=172.31.255.1_rsenway4ypykm2begi123ahbfbbe4130&st=135248",
  "total_score": 145.0,
  "method_score": 1.0
}
[2026-07-23 13:52:52.346] [DETAIL_BEGIN] D/s Thủ thuật: mở ứng viên 2
{
  "detail_marker": "http://192.168.2.26:2026/home.aspx?scope=sys&lang=vi&wpid=thuthuatnewdraw&thuthuatid=3e21ea4f-9161-449f-9fce-b432012f81d2&usid=172.31.255.1_rsenway4ypykm2begi123ahbfbbe4130&st=135248",
  "list_datetime": "2026-04-21 08:00:00",
  "list_method": "Chăm sóc ống thông bàng quang",
  "row": {
    "access_id": "3e21ea4f-9161-449f-9fce-b432012f81d2",
    "known_fields": {
      "stt": "1",
      "ngay_thu_thuat": "08:00 21/04/2026",
      "ma_bn": "26046050",
      "ho_ten": "TRƯƠNG THỊ HIẾU",
      "gioi_tinh": "Nữ",
      "tuoi": "60 tuổi",
      "doi_tuong": "Viện phí",
      "noi_chi_dinh": "Trung Tâm Tiết Niệu",
      "chi_dinh_thu_thuat": "Chăm sóc ống thông bàng quang",
      "tam_ung": "0",
      "phai_thanh_toan": "0",
      "tinh_trang": "Thường",
      "thoi_gian_chi_dinh": "07:30 21/04/2026",
      "trang_thai": "Hoàn tất"
    },
    "raw_text": "1 08:00 21/04/2026 26046050 TRƯƠNG THỊ HIẾU Nữ 60 tuổi Viện phí Trung Tâm Tiết Niệu Chăm sóc ống thông bàng quang 0 0 Thường 07:30 21/04/2026 Hoàn tất",
    "links": [
      {
        "text": "1",
        "href": "http://192.168.2.26:2026/home.aspx?scope=sys&lang=vi&wpid=thuthuatnewdraw&thuthuatid=3e21ea4f-9161-449f-9fce-b432012f81d2&usid=172.31.255.1_rsenway4ypykm2begi123ahbfbbe4130&st=135248",
        "onclick": ""
      },
      {
        "text": "08:00 21/04/2026",
        "href": "http://192.168.2.26:2026/home.aspx?scope=sys&lang=vi&wpid=thuthuatnewdraw&thuthuatid=3e21ea4f-9161-449f-9fce-b432012f81d2&usid=172.31.255.1_rsenway4ypykm2begi123ahbfbbe4130&st=135248",
        "onclick": ""
      },
      {
        "text": "26046050",
        "href": "http://192.168.2.26:2026/home.aspx?scope=sys&lang=vi&wpid=thuthuatnewdraw&thuthuatid=3e21ea4f-9161-449f-9fce-b432012f81d2&usid=172.31.255.1_rsenway4ypykm2begi123ahbfbbe4130&st=135248",
        "onclick": ""
      },
      {
        "text": "TRƯƠNG THỊ HIẾU",
        "href": "http://192.168.2.26:2026/home.aspx?scope=sys&lang=vi&wpid=thuthuatnewdraw&thuthuatid=3e21ea4f-9161-449f-9fce-b432012f81d2&usid=172.31.255.1_rsenway4ypykm2begi123ahbfbbe4130&st=135248",
        "onclick": ""
      },
      {
        "text": "Nữ",
        "href": "http://192.168.2.26:2026/home.aspx?scope=sys&lang=vi&wpid=thuthuatnewdraw&thuthuatid=3e21ea4f-9161-449f-9fce-b432012f81d2&usid=172.31.255.1_rsenway4ypykm2begi123ahbfbbe4130&st=135248",
        "onclick": ""
      },
      {
        "text": "60 tuổi",
        "href": "http://192.168.2.26:2026/home.aspx?scope=sys&lang=vi&wpid=thuthuatnewdraw&thuthuatid=3e21ea4f-9161-449f-9fce-b432012f81d2&usid=172.31.255.1_rsenway4ypykm2begi123ahbfbbe4130&st=135248",
        "onclick": ""
      },
      {
        "text": "Viện phí",
        "href": "http://192.168.2.26:2026/home.aspx?scope=sys&lang=vi&wpid=thuthuatnewdraw&thuthuatid=3e21ea4f-9161-449f-9fce-b432012f81d2&usid=172.31.255.1_rsenway4ypykm2begi123ahbfbbe4130&st=135248",
        "onclick": ""
      },
      {
        "text": "Trung Tâm Tiết Niệu",
        "href": "http://192.168.2.26:2026/home.aspx?scope=sys&lang=vi&wpid=thuthuatnewdraw&thuthuatid=3e21ea4f-9161-449f-9fce-b432012f81d2&usid=172.31.255.1_rsenway4ypykm2begi123ahbfbbe4130&st=135248",
        "onclick": ""
      },
      {
        "text": "Chăm sóc ống thông bàng quang",
        "href": "http://192.168.2.26:2026/home.aspx?scope=sys&lang=vi&wpid=thuthuatnewdraw&thuthuatid=3e21ea4f-9161-449f-9fce-b432012f81d2&usid=172.31.255.1_rsenway4ypykm2begi123ahbfbbe4130&st=135248",
        "onclick": ""
      },
      {
        "text": "0",
        "href": "http://192.168.2.26:2026/home.aspx?scope=sys&lang=vi&wpid=thuthuatnewdraw&thuthuatid=3e21ea4f-9161-449f-9fce-b432012f81d2&usid=172.31.255.1_rsenway4ypykm2begi123ahbfbbe4130&st=135248",
        "onclick": ""
      },
      {
        "text": "0",
        "href": "http://192.168.2.26:2026/home.aspx?scope=sys&lang=vi&wpid=thuthuatnewdraw&thuthuatid=3e21ea4f-9161-449f-9fce-b432012f81d2&usid=172.31.255.1_rsenway4ypykm2begi123ahbfbbe4130&st=135248",
        "onclick": ""
      },
      {
        "text": "Thường",
        "href": "http://192.168.2.26:2026/home.aspx?scope=sys&lang=vi&wpid=thuthuatnewdraw&thuthuatid=3e21ea4f-9161-449f-9fce-b432012f81d2&usid=172.31.255.1_rsenway4ypykm2begi123ahbfbbe4130&st=135248",
        "onclick": ""
      },
      {
        "text": "07:30 21/04/2026",
        "href": "http://192.168.2.26:2026/home.aspx?scope=sys&lang=vi&wpid=thuthuatnewdraw&thuthuatid=3e21ea4f-9161-449f-9fce-b432012f81d2&usid=172.31.255.1_rsenway4ypykm2begi123ahbfbbe4130&st=135248",
        "onclick": ""
      },
      {
        "text": "Hoàn tất",
        "href": "http://192.168.2.26:2026/home.aspx?scope=sys&lang=vi&wpid=thuthuatnewdraw&thuthuatid=3e21ea4f-9161-449f-9fce-b432012f81d2&usid=172.31.255.1_rsenway4ypykm2begi123ahbfbbe4130&st=135248",
        "onclick": ""
      }
    ]
  }
}
[2026-07-23 13:52:52.361] [BROWSER] [DETAIL] kind=procedure; access_id=3e21ea4f-9161-449f-9fce-b432012f81d2; direct_url=yes; onclick=no
[2026-07-23 13:52:52.361] [BROWSER] [DETAIL] Mở liên kết trực tiếp: http://192.168.2.26:2026/home.aspx?scope=sys&lang=vi&wpid=thuthuatnewdraw&thuthuatid=3e21ea4f-9161-449f-9fce-b432012f81d2&usid=172.31.255.1_rsenway4ypykm2begi123ahbfbbe4130&st=135248
[2026-07-23 13:52:53.393] [BROWSER] [DETAIL] Dữ liệu đọc được: {"complete_info": "Người hoàn tất: Phạm Thị Như Ý (ptny) | TG nhấn hoàn tất: 09:26 21/04/2026", "current_url": "http://192.168.2.26:2026/home.aspx?scope=sys&lang=vi&wpid=thuthuatnewdraw&thuthuatid=3e21ea4f-9161-449f-9fce-b432012f81d2&usid=172.31.255.1_rsenway4ypykm2begi123ahbfbbe4130&st=135248", "doctor": "Lê Quang Trung", "doctor_field": "txtBacSyChiDinh", "doctor_found": true, "method": "Chăm sóc ống thông bàng quang", "patient_info": "(26046050 | TRƯƠNG THỊ HIẾU, 28/02/1966, Nữ, 60 tuổi | Viện phí)", "root_found": true, "start_time": "08:00 21/04/2026"}
[2026-07-23 13:52:53.393] [BROWSER] [DETAIL] Nguồn bác sĩ: Bác sĩ chỉ định; field=txtBacSyChiDinh; value=Lê Quang Trung
[2026-07-23 13:52:53.396] [DETAIL_OK] D/s Thủ thuật: đọc được hồ sơ chi tiết
{
  "doctor_from_emr": "Lê Quang Trung",
  "mapped_alias": null,
  "mapped_name": null,
  "start_time": "08:00 21/04/2026",
  "method": "Chăm sóc ống thông bàng quang",
  "current_url": "http://192.168.2.26:2026/home.aspx?scope=sys&lang=vi&wpid=thuthuatnewdraw&thuthuatid=3e21ea4f-9161-449f-9fce-b432012f81d2&usid=172.31.255.1_rsenway4ypykm2begi123ahbfbbe4130&st=135248",
  "total_score": -186.11111111111111,
  "method_score": 0.2962962962962963
}
[2026-07-23 13:52:53.397] [EVALUATED] D/s Thủ thuật: đánh giá 2 hồ sơ
{
  "items": [
    {
      "doctor": "Phạm Việt Tân",
      "alias": "V.TÂN",
      "detail_datetime": "2026-07-23 13:52:00",
      "method_score": 1.0,
      "total_score": 145.0,
      "confidence_ok": false
    },
    {
      "doctor": "Lê Quang Trung",
      "alias": null,
      "detail_datetime": "2026-04-21 08:00:00",
      "method_score": 0.2962962962962963,
      "total_score": -186.11111111111111,
      "confidence_ok": false
    }
  ]
}
[2026-07-23 13:52:53.399] [SEARCH_BEGIN] dòng 89: tìm TRƯƠNG THỊ HIẾU tại D/s Phẫu thuật
{
  "patient": "TRƯƠNG THỊ HIẾU",
  "target_time": "2026-06-23 09:28:00",
  "target_method": "Hút ổ viêm/áp xe phần mềm",
  "source": "surgery"
}
[2026-07-23 13:52:53.884] [BROWSER] [NAV] D/s Phẫu thuật: http://192.168.2.26:2026/home.aspx?scope=sys&lang=vi&wpid=danhsachphauthuatdraw&role=323&usid=172.31.255.1_rsenway4ypykm2begi123ahbfbbe4130&st=135249
[2026-07-23 13:52:56.028] [BROWSER] [FILTER] 3 tháng
[2026-07-23 13:52:56.557] [BROWSER] [SEARCH] Nhập 'TRƯƠNG THỊ HIẾU' vào #txtTimKiem
[2026-07-23 13:52:56.698] [BROWSER] [SEARCH] Đã bấm Tìm kiếm bằng #btnTimKiem
[2026-07-23 13:52:56.722] [BROWSER] [RESULT] D/s Phẫu thuật: 1 dòng
[2026-07-23 13:52:56.730] [SEARCH_RESULT] D/s Phẫu thuật: nhận 1 dòng
{
  "current_url": "http://192.168.2.26:2026/home.aspx?scope=sys&lang=vi&wpid=danhsachphauthuatdraw&role=323&usid=172.31.255.1_rsenway4ypykm2begi123ahbfbbe4130&st=135249",
  "search_input_id": "txtTimKiem",
  "search_trigger": "#btnTimKiem",
  "headers": [
    "STT",
    "Mã BN",
    "Họ tên",
    "Giới tính",
    "Tuổi",
    "Phòng mổ",
    "Nơi chuyển mổ",
    "Nội dung phẫu thuật",
    "Tình trạng",
    "Thời gian",
    "Trạng thái",
    "Đối tượng",
    "Đã tạm ứng"
  ],
  "rows": [
    {
      "access_id": "716b0257-fa7c-4017-bc85-b43200a25db2",
      "known_fields": {
        "stt": "1",
        "ma_bn": "26046050",
        "ho_ten": "TRƯƠNG THỊ HIẾU",
        "gioi_tinh": "Nữ",
        "tuoi": "60 tuổi",
        "phong_mo": "PHÒNG PHẪU THUẬT",
        "noi_chuyen_mo": "Trung Tâm Tiết Niệu",
        "noi_dung_phau_thuat": "Nội soi niệu quản 2 bên 1 thì tán sỏi niệu quản",
        "tinh_trang": "Thường",
        "thoi_gian": "20/04/2026",
        "trang_thai": "Hoàn tất",
        "doi_tuong": "Bảo hiểm",
        "tam_ung": "12,000,000"
      },
      "raw_text": "1 26046050 TRƯƠNG THỊ HIẾU Nữ 60 tuổi PHÒNG PHẪU THUẬT Trung Tâm Tiết Niệu Nội soi niệu quản 2 bên 1 thì tán sỏi niệu quản Thường 20/04/2026 Hoàn tất Bảo hiểm 12,000,000",
      "links": [
        {
          "text": "1",
          "href": "http://192.168.2.26:2026/home.aspx?scope=sys&lang=vi&wpid=phauthuatdraw&phauthuatid=716b0257-fa7c-4017-bc85-b43200a25db2&keyword=tr%C6%B0%C6%A1ng%20th%E1%BB%8B%20hi%E1%BA%BFu&tg=6&tungay=01/04/2026&denngay=24/07/2026&usid=172.31.255.1_rsenway4ypykm2begi123ahbfbbe4130&st=135254",
          "onclick": ""
        },
        {
          "text": "26046050",
          "href": "http://192.168.2.26:2026/home.aspx?scope=sys&lang=vi&wpid=phauthuatdraw&phauthuatid=716b0257-fa7c-4017-bc85-b43200a25db2&keyword=tr%C6%B0%C6%A1ng%20th%E1%BB%8B%20hi%E1%BA%BFu&tg=6&tungay=01/04/2026&denngay=24/07/2026&usid=172.31.255.1_rsenway4ypykm2begi123ahbfbbe4130&st=135254",
          "onclick": ""
        },
        {
          "text": "TRƯƠNG THỊ HIẾU",
          "href": "http://192.168.2.26:2026/home.aspx?scope=sys&lang=vi&wpid=phauthuatdraw&phauthuatid=716b0257-fa7c-4017-bc85-b43200a25db2&keyword=tr%C6%B0%C6%A1ng%20th%E1%BB%8B%20hi%E1%BA%BFu&tg=6&tungay=01/04/2026&denngay=24/07/2026&usid=172.31.255.1_rsenway4ypykm2begi123ahbfbbe4130&st=135254",
          "onclick": ""
        },
        {
          "text": "Nữ",
          "href": "http://192.168.2.26:2026/home.aspx?scope=sys&lang=vi&wpid=phauthuatdraw&phauthuatid=716b0257-fa7c-4017-bc85-b43200a25db2&keyword=tr%C6%B0%C6%A1ng%20th%E1%BB%8B%20hi%E1%BA%BFu&tg=6&tungay=01/04/2026&denngay=24/07/2026&usid=172.31.255.1_rsenway4ypykm2begi123ahbfbbe4130&st=135254",
          "onclick": ""
        },
        {
          "text": "60 tuổi",
          "href": "http://192.168.2.26:2026/home.aspx?scope=sys&lang=vi&wpid=phauthuatdraw&phauthuatid=716b0257-fa7c-4017-bc85-b43200a25db2&keyword=tr%C6%B0%C6%A1ng%20th%E1%BB%8B%20hi%E1%BA%BFu&tg=6&tungay=01/04/2026&denngay=24/07/2026&usid=172.31.255.1_rsenway4ypykm2begi123ahbfbbe4130&st=135254",
          "onclick": ""
        },
        {
          "text": "PHÒNG PHẪU THUẬT",
          "href": "http://192.168.2.26:2026/home.aspx?scope=sys&lang=vi&wpid=phauthuatdraw&phauthuatid=716b0257-fa7c-4017-bc85-b43200a25db2&keyword=tr%C6%B0%C6%A1ng%20th%E1%BB%8B%20hi%E1%BA%BFu&tg=6&tungay=01/04/2026&denngay=24/07/2026&usid=172.31.255.1_rsenway4ypykm2begi123ahbfbbe4130&st=135254",
          "onclick": ""
        },
        {
          "text": "Trung Tâm Tiết Niệu",
          "href": "http://192.168.2.26:2026/home.aspx?scope=sys&lang=vi&wpid=phauthuatdraw&phauthuatid=716b0257-fa7c-4017-bc85-b43200a25db2&keyword=tr%C6%B0%C6%A1ng%20th%E1%BB%8B%20hi%E1%BA%BFu&tg=6&tungay=01/04/2026&denngay=24/07/2026&usid=172.31.255.1_rsenway4ypykm2begi123ahbfbbe4130&st=135254",
          "onclick": ""
        },
        {
          "text": "Nội soi niệu quản 2 bên 1 thì tán sỏi niệu quản",
          "href": "http://192.168.2.26:2026/home.aspx?scope=sys&lang=vi&wpid=phauthuatdraw&phauthuatid=716b0257-fa7c-4017-bc85-b43200a25db2&keyword=tr%C6%B0%C6%A1ng%20th%E1%BB%8B%20hi%E1%BA%BFu&tg=6&tungay=01/04/2026&denngay=24/07/2026&usid=172.31.255.1_rsenway4ypykm2begi123ahbfbbe4130&st=135254",
          "onclick": ""
        },
        {
          "text": "Thường",
          "href": "http://192.168.2.26:2026/home.aspx?scope=sys&lang=vi&wpid=phauthuatdraw&phauthuatid=716b0257-fa7c-4017-bc85-b43200a25db2&keyword=tr%C6%B0%C6%A1ng%20th%E1%BB%8B%20hi%E1%BA%BFu&tg=6&tungay=01/04/2026&denngay=24/07/2026&usid=172.31.255.1_rsenway4ypykm2begi123ahbfbbe4130&st=135254",
          "onclick": ""
        },
        {
          "text": "20/04/2026",
          "href": "http://192.168.2.26:2026/home.aspx?scope=sys&lang=vi&wpid=phauthuatdraw&phauthuatid=716b0257-fa7c-4017-bc85-b43200a25db2&keyword=tr%C6%B0%C6%A1ng%20th%E1%BB%8B%20hi%E1%BA%BFu&tg=6&tungay=01/04/2026&denngay=24/07/2026&usid=172.31.255.1_rsenway4ypykm2begi123ahbfbbe4130&st=135254",
          "onclick": ""
        }
      ]
    }
  ]
}
[2026-07-23 13:52:56.733] [CANDIDATES] D/s Phẫu thuật: có 1 ứng viên cùng người bệnh
{
  "candidates": [
    {
      "list_score": 40.27777777777778,
      "list_datetime": "2026-04-20 00:00:00",
      "list_method": "Nội soi niệu quản 2 bên 1 thì tán sỏi niệu quản",
      "detail_marker": "http://192.168.2.26:2026/home.aspx?scope=sys&lang=vi&wpid=phauthuatdraw&phauthuatid=716b0257-fa7c-4017-bc85-b43200a25db2&keyword=tr%C6%B0%C6%A1ng%20th%E1%BB%8B%20hi%E1%BA%BFu&tg=6&tungay=01/04/2026&denngay=24/07/2026&usid=172.31.255.1_rsenway4ypykm2begi123ahbfbbe4130&st=135254",
      "row": {
        "access_id": "716b0257-fa7c-4017-bc85-b43200a25db2",
        "known_fields": {
          "stt": "1",
          "ma_bn": "26046050",
          "ho_ten": "TRƯƠNG THỊ HIẾU",
          "gioi_tinh": "Nữ",
          "tuoi": "60 tuổi",
          "phong_mo": "PHÒNG PHẪU THUẬT",
          "noi_chuyen_mo": "Trung Tâm Tiết Niệu",
          "noi_dung_phau_thuat": "Nội soi niệu quản 2 bên 1 thì tán sỏi niệu quản",
          "tinh_trang": "Thường",
          "thoi_gian": "20/04/2026",
          "trang_thai": "Hoàn tất",
          "doi_tuong": "Bảo hiểm",
          "tam_ung": "12,000,000"
        },
        "raw_text": "1 26046050 TRƯƠNG THỊ HIẾU Nữ 60 tuổi PHÒNG PHẪU THUẬT Trung Tâm Tiết Niệu Nội soi niệu quản 2 bên 1 thì tán sỏi niệu quản Thường 20/04/2026 Hoàn tất Bảo hiểm 12,000,000",
        "links": [
          {
            "text": "1",
            "href": "http://192.168.2.26:2026/home.aspx?scope=sys&lang=vi&wpid=phauthuatdraw&phauthuatid=716b0257-fa7c-4017-bc85-b43200a25db2&keyword=tr%C6%B0%C6%A1ng%20th%E1%BB%8B%20hi%E1%BA%BFu&tg=6&tungay=01/04/2026&denngay=24/07/2026&usid=172.31.255.1_rsenway4ypykm2begi123ahbfbbe4130&st=135254",
            "onclick": ""
          },
          {
            "text": "26046050",
            "href": "http://192.168.2.26:2026/home.aspx?scope=sys&lang=vi&wpid=phauthuatdraw&phauthuatid=716b0257-fa7c-4017-bc85-b43200a25db2&keyword=tr%C6%B0%C6%A1ng%20th%E1%BB%8B%20hi%E1%BA%BFu&tg=6&tungay=01/04/2026&denngay=24/07/2026&usid=172.31.255.1_rsenway4ypykm2begi123ahbfbbe4130&st=135254",
            "onclick": ""
          },
          {
            "text": "TRƯƠNG THỊ HIẾU",
            "href": "http://192.168.2.26:2026/home.aspx?scope=sys&lang=vi&wpid=phauthuatdraw&phauthuatid=716b0257-fa7c-4017-bc85-b43200a25db2&keyword=tr%C6%B0%C6%A1ng%20th%E1%BB%8B%20hi%E1%BA%BFu&tg=6&tungay=01/04/2026&denngay=24/07/2026&usid=172.31.255.1_rsenway4ypykm2begi123ahbfbbe4130&st=135254",
            "onclick": ""
          },
          {
            "text": "Nữ",
            "href": "http://192.168.2.26:2026/home.aspx?scope=sys&lang=vi&wpid=phauthuatdraw&phauthuatid=716b0257-fa7c-4017-bc85-b43200a25db2&keyword=tr%C6%B0%C6%A1ng%20th%E1%BB%8B%20hi%E1%BA%BFu&tg=6&tungay=01/04/2026&denngay=24/07/2026&usid=172.31.255.1_rsenway4ypykm2begi123ahbfbbe4130&st=135254",
            "onclick": ""
          },
          {
            "text": "60 tuổi",
            "href": "http://192.168.2.26:2026/home.aspx?scope=sys&lang=vi&wpid=phauthuatdraw&phauthuatid=716b0257-fa7c-4017-bc85-b43200a25db2&keyword=tr%C6%B0%C6%A1ng%20th%E1%BB%8B%20hi%E1%BA%BFu&tg=6&tungay=01/04/2026&denngay=24/07/2026&usid=172.31.255.1_rsenway4ypykm2begi123ahbfbbe4130&st=135254",
            "onclick": ""
          },
          {
            "text": "PHÒNG PHẪU THUẬT",
            "href": "http://192.168.2.26:2026/home.aspx?scope=sys&lang=vi&wpid=phauthuatdraw&phauthuatid=716b0257-fa7c-4017-bc85-b43200a25db2&keyword=tr%C6%B0%C6%A1ng%20th%E1%BB%8B%20hi%E1%BA%BFu&tg=6&tungay=01/04/2026&denngay=24/07/2026&usid=172.31.255.1_rsenway4ypykm2begi123ahbfbbe4130&st=135254",
            "onclick": ""
          },
          {
            "text": "Trung Tâm Tiết Niệu",
            "href": "http://192.168.2.26:2026/home.aspx?scope=sys&lang=vi&wpid=phauthuatdraw&phauthuatid=716b0257-fa7c-4017-bc85-b43200a25db2&keyword=tr%C6%B0%C6%A1ng%20th%E1%BB%8B%20hi%E1%BA%BFu&tg=6&tungay=01/04/2026&denngay=24/07/2026&usid=172.31.255.1_rsenway4ypykm2begi123ahbfbbe4130&st=135254",
            "onclick": ""
          },
          {
            "text": "Nội soi niệu quản 2 bên 1 thì tán sỏi niệu quản",
            "href": "http://192.168.2.26:2026/home.aspx?scope=sys&lang=vi&wpid=phauthuatdraw&phauthuatid=716b0257-fa7c-4017-bc85-b43200a25db2&keyword=tr%C6%B0%C6%A1ng%20th%E1%BB%8B%20hi%E1%BA%BFu&tg=6&tungay=01/04/2026&denngay=24/07/2026&usid=172.31.255.1_rsenway4ypykm2begi123ahbfbbe4130&st=135254",
            "onclick": ""
          },
          {
            "text": "Thường",
            "href": "http://192.168.2.26:2026/home.aspx?scope=sys&lang=vi&wpid=phauthuatdraw&phauthuatid=716b0257-fa7c-4017-bc85-b43200a25db2&keyword=tr%C6%B0%C6%A1ng%20th%E1%BB%8B%20hi%E1%BA%BFu&tg=6&tungay=01/04/2026&denngay=24/07/2026&usid=172.31.255.1_rsenway4ypykm2begi123ahbfbbe4130&st=135254",
            "onclick": ""
          },
          {
            "text": "20/04/2026",
            "href": "http://192.168.2.26:2026/home.aspx?scope=sys&lang=vi&wpid=phauthuatdraw&phauthuatid=716b0257-fa7c-4017-bc85-b43200a25db2&keyword=tr%C6%B0%C6%A1ng%20th%E1%BB%8B%20hi%E1%BA%BFu&tg=6&tungay=01/04/2026&denngay=24/07/2026&usid=172.31.255.1_rsenway4ypykm2begi123ahbfbbe4130&st=135254",
            "onclick": ""
          }
        ]
      }
    }
  ]
}
[2026-07-23 13:52:56.735] [DETAIL_BEGIN] D/s Phẫu thuật: mở ứng viên 1
{
  "detail_marker": "http://192.168.2.26:2026/home.aspx?scope=sys&lang=vi&wpid=phauthuatdraw&phauthuatid=716b0257-fa7c-4017-bc85-b43200a25db2&keyword=tr%C6%B0%C6%A1ng%20th%E1%BB%8B%20hi%E1%BA%BFu&tg=6&tungay=01/04/2026&denngay=24/07/2026&usid=172.31.255.1_rsenway4ypykm2begi123ahbfbbe4130&st=135254",
  "list_datetime": "2026-04-20 00:00:00",
  "list_method": "Nội soi niệu quản 2 bên 1 thì tán sỏi niệu quản",
  "row": {
    "access_id": "716b0257-fa7c-4017-bc85-b43200a25db2",
    "known_fields": {
      "stt": "1",
      "ma_bn": "26046050",
      "ho_ten": "TRƯƠNG THỊ HIẾU",
      "gioi_tinh": "Nữ",
      "tuoi": "60 tuổi",
      "phong_mo": "PHÒNG PHẪU THUẬT",
      "noi_chuyen_mo": "Trung Tâm Tiết Niệu",
      "noi_dung_phau_thuat": "Nội soi niệu quản 2 bên 1 thì tán sỏi niệu quản",
      "tinh_trang": "Thường",
      "thoi_gian": "20/04/2026",
      "trang_thai": "Hoàn tất",
      "doi_tuong": "Bảo hiểm",
      "tam_ung": "12,000,000"
    },
    "raw_text": "1 26046050 TRƯƠNG THỊ HIẾU Nữ 60 tuổi PHÒNG PHẪU THUẬT Trung Tâm Tiết Niệu Nội soi niệu quản 2 bên 1 thì tán sỏi niệu quản Thường 20/04/2026 Hoàn tất Bảo hiểm 12,000,000",
    "links": [
      {
        "text": "1",
        "href": "http://192.168.2.26:2026/home.aspx?scope=sys&lang=vi&wpid=phauthuatdraw&phauthuatid=716b0257-fa7c-4017-bc85-b43200a25db2&keyword=tr%C6%B0%C6%A1ng%20th%E1%BB%8B%20hi%E1%BA%BFu&tg=6&tungay=01/04/2026&denngay=24/07/2026&usid=172.31.255.1_rsenway4ypykm2begi123ahbfbbe4130&st=135254",
        "onclick": ""
      },
      {
        "text": "26046050",
        "href": "http://192.168.2.26:2026/home.aspx?scope=sys&lang=vi&wpid=phauthuatdraw&phauthuatid=716b0257-fa7c-4017-bc85-b43200a25db2&keyword=tr%C6%B0%C6%A1ng%20th%E1%BB%8B%20hi%E1%BA%BFu&tg=6&tungay=01/04/2026&denngay=24/07/2026&usid=172.31.255.1_rsenway4ypykm2begi123ahbfbbe4130&st=135254",
        "onclick": ""
      },
      {
        "text": "TRƯƠNG THỊ HIẾU",
        "href": "http://192.168.2.26:2026/home.aspx?scope=sys&lang=vi&wpid=phauthuatdraw&phauthuatid=716b0257-fa7c-4017-bc85-b43200a25db2&keyword=tr%C6%B0%C6%A1ng%20th%E1%BB%8B%20hi%E1%BA%BFu&tg=6&tungay=01/04/2026&denngay=24/07/2026&usid=172.31.255.1_rsenway4ypykm2begi123ahbfbbe4130&st=135254",
        "onclick": ""
      },
      {
        "text": "Nữ",
        "href": "http://192.168.2.26:2026/home.aspx?scope=sys&lang=vi&wpid=phauthuatdraw&phauthuatid=716b0257-fa7c-4017-bc85-b43200a25db2&keyword=tr%C6%B0%C6%A1ng%20th%E1%BB%8B%20hi%E1%BA%BFu&tg=6&tungay=01/04/2026&denngay=24/07/2026&usid=172.31.255.1_rsenway4ypykm2begi123ahbfbbe4130&st=135254",
        "onclick": ""
      },
      {
        "text": "60 tuổi",
        "href": "http://192.168.2.26:2026/home.aspx?scope=sys&lang=vi&wpid=phauthuatdraw&phauthuatid=716b0257-fa7c-4017-bc85-b43200a25db2&keyword=tr%C6%B0%C6%A1ng%20th%E1%BB%8B%20hi%E1%BA%BFu&tg=6&tungay=01/04/2026&denngay=24/07/2026&usid=172.31.255.1_rsenway4ypykm2begi123ahbfbbe4130&st=135254",
        "onclick": ""
      },
      {
        "text": "PHÒNG PHẪU THUẬT",
        "href": "http://192.168.2.26:2026/home.aspx?scope=sys&lang=vi&wpid=phauthuatdraw&phauthuatid=716b0257-fa7c-4017-bc85-b43200a25db2&keyword=tr%C6%B0%C6%A1ng%20th%E1%BB%8B%20hi%E1%BA%BFu&tg=6&tungay=01/04/2026&denngay=24/07/2026&usid=172.31.255.1_rsenway4ypykm2begi123ahbfbbe4130&st=135254",
        "onclick": ""
      },
      {
        "text": "Trung Tâm Tiết Niệu",
        "href": "http://192.168.2.26:2026/home.aspx?scope=sys&lang=vi&wpid=phauthuatdraw&phauthuatid=716b0257-fa7c-4017-bc85-b43200a25db2&keyword=tr%C6%B0%C6%A1ng%20th%E1%BB%8B%20hi%E1%BA%BFu&tg=6&tungay=01/04/2026&denngay=24/07/2026&usid=172.31.255.1_rsenway4ypykm2begi123ahbfbbe4130&st=135254",
        "onclick": ""
      },
      {
        "text": "Nội soi niệu quản 2 bên 1 thì tán sỏi niệu quản",
        "href": "http://192.168.2.26:2026/home.aspx?scope=sys&lang=vi&wpid=phauthuatdraw&phauthuatid=716b0257-fa7c-4017-bc85-b43200a25db2&keyword=tr%C6%B0%C6%A1ng%20th%E1%BB%8B%20hi%E1%BA%BFu&tg=6&tungay=01/04/2026&denngay=24/07/2026&usid=172.31.255.1_rsenway4ypykm2begi123ahbfbbe4130&st=135254",
        "onclick": ""
      },
      {
        "text": "Thường",
        "href": "http://192.168.2.26:2026/home.aspx?scope=sys&lang=vi&wpid=phauthuatdraw&phauthuatid=716b0257-fa7c-4017-bc85-b43200a25db2&keyword=tr%C6%B0%C6%A1ng%20th%E1%BB%8B%20hi%E1%BA%BFu&tg=6&tungay=01/04/2026&denngay=24/07/2026&usid=172.31.255.1_rsenway4ypykm2begi123ahbfbbe4130&st=135254",
        "onclick": ""
      },
      {
        "text": "20/04/2026",
        "href": "http://192.168.2.26:2026/home.aspx?scope=sys&lang=vi&wpid=phauthuatdraw&phauthuatid=716b0257-fa7c-4017-bc85-b43200a25db2&keyword=tr%C6%B0%C6%A1ng%20th%E1%BB%8B%20hi%E1%BA%BFu&tg=6&tungay=01/04/2026&denngay=24/07/2026&usid=172.31.255.1_rsenway4ypykm2begi123ahbfbbe4130&st=135254",
        "onclick": ""
      }
    ]
  }
}
[2026-07-23 13:52:56.744] [BROWSER] [DETAIL] kind=surgery; access_id=716b0257-fa7c-4017-bc85-b43200a25db2; direct_url=yes; onclick=no
[2026-07-23 13:52:56.745] [BROWSER] [DETAIL] Mở liên kết trực tiếp: http://192.168.2.26:2026/home.aspx?scope=sys&lang=vi&wpid=phauthuatdraw&phauthuatid=716b0257-fa7c-4017-bc85-b43200a25db2&keyword=tr%C6%B0%C6%A1ng%20th%E1%BB%8B%20hi%E1%BA%BFu&tg=6&tungay=01/04/2026&denngay=24/07/2026&usid=172.31.255.1_rsenway4ypykm2begi123ahbfbbe4130&st=135254
[2026-07-23 13:52:58.132] [BROWSER] [DETAIL] Dữ liệu đọc được: {"complete_info": "Người hoàn tất: Lê Quang Trung (lqtrung) | TG nhấn hoàn tất: 10:32 20/04/2026", "current_url": "http://192.168.2.26:2026/home.aspx?scope=sys&lang=vi&wpid=phauthuatdraw&phauthuatid=716b0257-fa7c-4017-bc85-b43200a25db2&keyword=tr%C6%B0%C6%A1ng%20th%E1%BB%8B%20hi%E1%BA%BFu&tg=6&tungay=01/04/2026&denngay=24/07/2026&usid=172.31.255.1_rsenway4ypykm2begi123ahbfbbe4130&st=135254", "doctor": "Lê Quang Trung", "doctor_field": "cbbBacSiPT", "doctor_found": true, "method": "Nội soi niệu quản 2 bên 1 thì tán sỏi niệu quản", "patient_info": "", "root_found": true, "start_time": "10:20 20/04/2026"}
[2026-07-23 13:52:58.133] [BROWSER] [DETAIL] Nguồn bác sĩ: BS mổ chính; field=cbbBacSiPT; value=Lê Quang Trung
[2026-07-23 13:52:58.136] [DETAIL_OK] D/s Phẫu thuật: đọc được hồ sơ chi tiết
{
  "doctor_from_emr": "Lê Quang Trung",
  "mapped_alias": null,
  "mapped_name": null,
  "start_time": "10:20 20/04/2026",
  "method": "Nội soi niệu quản 2 bên 1 thì tán sỏi niệu quản",
  "current_url": "http://192.168.2.26:2026/home.aspx?scope=sys&lang=vi&wpid=phauthuatdraw&phauthuatid=716b0257-fa7c-4017-bc85-b43200a25db2&keyword=tr%C6%B0%C6%A1ng%20th%E1%BB%8B%20hi%E1%BA%BFu&tg=6&tungay=01/04/2026&denngay=24/07/2026&usid=172.31.255.1_rsenway4ypykm2begi123ahbfbbe4130&st=135254",
  "total_score": -189.16666666666669,
  "method_score": 0.2777777777777778
}
[2026-07-23 13:52:58.138] [EVALUATED] D/s Phẫu thuật: đánh giá 1 hồ sơ
{
  "items": [
    {
      "doctor": "Lê Quang Trung",
      "alias": null,
      "detail_datetime": "2026-04-20 10:20:00",
      "method_score": 0.2777777777777778,
      "total_score": -189.16666666666669,
      "confidence_ok": false
    }
  ]
}
[2026-07-23 13:52:58.139] [ROW_UNMATCHED] Dòng 89: procedure: có kết quả nhưng không khớp ngày; surgery: có kết quả nhưng không khớp ngày
{
  "rowNumber": 89,
  "patient": "TRƯƠNG THỊ HIẾU",
  "time": "09:28 23/06/2026",
  "method": "Hút ổ viêm/áp xe phần mềm",
  "oldValue": "",
  "status": "unmatched",
  "reason": "procedure: có kết quả nhưng không khớp ngày; surgery: có kết quả nhưng không khớp ngày"
}
[2026-07-23 13:52:58.140] [ROW_END] Kết thúc dòng 89
{
  "status": "unmatched",
  "new_value": null,
  "reason": "procedure: có kết quả nhưng không khớp ngày; surgery: có kết quả nhưng không khớp ngày"
}
[2026-07-23 13:52:58.140] [ROW_BEGIN] [8/10] Bắt đầu dòng 90: NGUYỄN THỊ BÍCH HIỀN
{
  "raw_time": "2026/06/23 14:38",
  "parsed_time": "14:38 23/06/2026",
  "method": "Mắt cá 1-2 thương tổn",
  "old_value": ""
}
[2026-07-23 13:52:58.141] [SEARCH_BEGIN] dòng 90: tìm NGUYỄN THỊ BÍCH HIỀN tại D/s Thủ thuật
{
  "patient": "NGUYỄN THỊ BÍCH HIỀN",
  "target_time": "2026-06-23 14:38:00",
  "target_method": "Mắt cá 1-2 thương tổn",
  "source": "procedure"
}
[2026-07-23 13:52:58.609] [BROWSER] [NAV] D/s Thủ thuật: http://192.168.2.26:2026/home.aspx?scope=sys&lang=vi&wpid=danhsachthuthuatdraw&role=323&usid=172.31.255.1_rsenway4ypykm2begi123ahbfbbe4130&st=135254
[2026-07-23 13:53:00.587] [BROWSER] [FILTER] 3 tháng
[2026-07-23 13:53:01.139] [BROWSER] [SEARCH] Nhập 'NGUYỄN THỊ BÍCH HIỀN' vào #txtTimKiem
[2026-07-23 13:53:01.384] [BROWSER] [SEARCH] Đã bấm Tìm kiếm bằng #btnTimKiem
[2026-07-23 13:53:01.412] [BROWSER] [RESULT] D/s Thủ thuật: 2 dòng
[2026-07-23 13:53:01.421] [SEARCH_RESULT] D/s Thủ thuật: nhận 2 dòng
{
  "current_url": "http://192.168.2.26:2026/home.aspx?scope=sys&lang=vi&wpid=danhsachthuthuatdraw&role=323&usid=172.31.255.1_rsenway4ypykm2begi123ahbfbbe4130&st=135254",
  "search_input_id": "txtTimKiem",
  "search_trigger": "#btnTimKiem",
  "headers": [
    "STT",
    "Ngày thủ thuật",
    "Mã BN",
    "Họ tên",
    "Giới tính",
    "Tuổi",
    "Đối tượng",
    "Nơi chỉ định",
    "Chỉ định thủ thuật",
    "Tạm ứng",
    "Phải thanh toán",
    "Tình trạng",
    "Thời gian chỉ định",
    "Trạng thái"
  ],
  "rows": [
    {
      "access_id": "c163a446-979d-42f0-93f3-b47200f7e98f",
      "known_fields": {
        "stt": "1",
        "ngay_thu_thuat": "13:42 23/07/2026",
        "ma_bn": "26067260",
        "ho_ten": "NGUYỄN THỊ BÍCH HIỀN",
        "gioi_tinh": "Nữ",
        "tuoi": "29 tuổi",
        "doi_tuong": "Viện phí",
        "noi_chi_dinh": "Khoa Khám Bệnh",
        "chi_dinh_thu_thuat": "Mắt cá 1-2 thương tổn",
        "tam_ung": "0",
        "phai_thanh_toan": "1,220,000",
        "tinh_trang": "Thường",
        "thoi_gian_chi_dinh": "14:38 23/06/2026",
        "trang_thai": "Chờ thực hiện"
      },
      "raw_text": "1 13:42 23/07/2026 26067260 NGUYỄN THỊ BÍCH HIỀN Nữ 29 tuổi Viện phí Khoa Khám Bệnh Mắt cá 1-2 thương tổn 0 1,220,000 Thường 14:38 23/06/2026 Chờ thực hiện",
      "links": [
        {
          "text": "1",
          "href": "http://192.168.2.26:2026/home.aspx?scope=sys&lang=vi&wpid=thuthuatnewdraw&thuthuatid=c163a446-979d-42f0-93f3-b47200f7e98f&usid=172.31.255.1_rsenway4ypykm2begi123ahbfbbe4130&st=135258",
          "onclick": ""
        },
        {
          "text": "13:42 23/07/2026",
          "href": "http://192.168.2.26:2026/home.aspx?scope=sys&lang=vi&wpid=thuthuatnewdraw&thuthuatid=c163a446-979d-42f0-93f3-b47200f7e98f&usid=172.31.255.1_rsenway4ypykm2begi123ahbfbbe4130&st=135258",
          "onclick": ""
        },
        {
          "text": "26067260",
          "href": "http://192.168.2.26:2026/home.aspx?scope=sys&lang=vi&wpid=thuthuatnewdraw&thuthuatid=c163a446-979d-42f0-93f3-b47200f7e98f&usid=172.31.255.1_rsenway4ypykm2begi123ahbfbbe4130&st=135258",
          "onclick": ""
        },
        {
          "text": "NGUYỄN THỊ BÍCH HIỀN",
          "href": "http://192.168.2.26:2026/home.aspx?scope=sys&lang=vi&wpid=thuthuatnewdraw&thuthuatid=c163a446-979d-42f0-93f3-b47200f7e98f&usid=172.31.255.1_rsenway4ypykm2begi123ahbfbbe4130&st=135258",
          "onclick": ""
        },
        {
          "text": "Nữ",
          "href": "http://192.168.2.26:2026/home.aspx?scope=sys&lang=vi&wpid=thuthuatnewdraw&thuthuatid=c163a446-979d-42f0-93f3-b47200f7e98f&usid=172.31.255.1_rsenway4ypykm2begi123ahbfbbe4130&st=135258",
          "onclick": ""
        },
        {
          "text": "29 tuổi",
          "href": "http://192.168.2.26:2026/home.aspx?scope=sys&lang=vi&wpid=thuthuatnewdraw&thuthuatid=c163a446-979d-42f0-93f3-b47200f7e98f&usid=172.31.255.1_rsenway4ypykm2begi123ahbfbbe4130&st=135258",
          "onclick": ""
        },
        {
          "text": "Viện phí",
          "href": "http://192.168.2.26:2026/home.aspx?scope=sys&lang=vi&wpid=thuthuatnewdraw&thuthuatid=c163a446-979d-42f0-93f3-b47200f7e98f&usid=172.31.255.1_rsenway4ypykm2begi123ahbfbbe4130&st=135258",
          "onclick": ""
        },
        {
          "text": "Khoa Khám Bệnh",
          "href": "http://192.168.2.26:2026/home.aspx?scope=sys&lang=vi&wpid=thuthuatnewdraw&thuthuatid=c163a446-979d-42f0-93f3-b47200f7e98f&usid=172.31.255.1_rsenway4ypykm2begi123ahbfbbe4130&st=135258",
          "onclick": ""
        },
        {
          "text": "Mắt cá 1-2 thương tổn",
          "href": "http://192.168.2.26:2026/home.aspx?scope=sys&lang=vi&wpid=thuthuatnewdraw&thuthuatid=c163a446-979d-42f0-93f3-b47200f7e98f&usid=172.31.255.1_rsenway4ypykm2begi123ahbfbbe4130&st=135258",
          "onclick": ""
        },
        {
          "text": "0",
          "href": "http://192.168.2.26:2026/home.aspx?scope=sys&lang=vi&wpid=thuthuatnewdraw&thuthuatid=c163a446-979d-42f0-93f3-b47200f7e98f&usid=172.31.255.1_rsenway4ypykm2begi123ahbfbbe4130&st=135258",
          "onclick": ""
        },
        {
          "text": "1,220,000",
          "href": "http://192.168.2.26:2026/home.aspx?scope=sys&lang=vi&wpid=thuthuatnewdraw&thuthuatid=c163a446-979d-42f0-93f3-b47200f7e98f&usid=172.31.255.1_rsenway4ypykm2begi123ahbfbbe4130&st=135258",
          "onclick": ""
        },
        {
          "text": "Thường",
          "href": "http://192.168.2.26:2026/home.aspx?scope=sys&lang=vi&wpid=thuthuatnewdraw&thuthuatid=c163a446-979d-42f0-93f3-b47200f7e98f&usid=172.31.255.1_rsenway4ypykm2begi123ahbfbbe4130&st=135258",
          "onclick": ""
        },
        {
          "text": "14:38 23/06/2026",
          "href": "http://192.168.2.26:2026/home.aspx?scope=sys&lang=vi&wpid=thuthuatnewdraw&thuthuatid=c163a446-979d-42f0-93f3-b47200f7e98f&usid=172.31.255.1_rsenway4ypykm2begi123ahbfbbe4130&st=135258",
          "onclick": ""
        },
        {
          "text": "Chờ thực hiện",
          "href": "http://192.168.2.26:2026/home.aspx?scope=sys&lang=vi&wpid=thuthuatnewdraw&thuthuatid=c163a446-979d-42f0-93f3-b47200f7e98f&usid=172.31.255.1_rsenway4ypykm2begi123ahbfbbe4130&st=135258",
          "onclick": ""
        }
      ]
    },
    {
      "access_id": "af605801-a7d9-4d15-9b15-b47a00970171",
      "known_fields": {
        "stt": "2",
        "ngay_thu_thuat": "13:42 23/07/2026",
        "ma_bn": "26067260",
        "ho_ten": "NGUYỄN THỊ BÍCH HIỀN",
        "gioi_tinh": "Nữ",
        "tuoi": "29 tuổi",
        "doi_tuong": "Viện phí",
        "noi_chi_dinh": "Khoa Khám Bệnh",
        "chi_dinh_thu_thuat": "Thay băng, cắt chỉ vết mổ",
        "tam_ung": "0",
        "phai_thanh_toan": "100,000",
        "tinh_trang": "Thường",
        "thoi_gian_chi_dinh": "09:07 01/07/2026",
        "trang_thai": "Chờ thực hiện"
      },
      "raw_text": "2 13:42 23/07/2026 26067260 NGUYỄN THỊ BÍCH HIỀN Nữ 29 tuổi Viện phí Khoa Khám Bệnh Thay băng, cắt chỉ vết mổ 0 100,000 Thường 09:07 01/07/2026 Chờ thực hiện",
      "links": [
        {
          "text": "2",
          "href": "http://192.168.2.26:2026/home.aspx?scope=sys&lang=vi&wpid=thuthuatnewdraw&thuthuatid=af605801-a7d9-4d15-9b15-b47a00970171&usid=172.31.255.1_rsenway4ypykm2begi123ahbfbbe4130&st=135258",
          "onclick": ""
        },
        {
          "text": "13:42 23/07/2026",
          "href": "http://192.168.2.26:2026/home.aspx?scope=sys&lang=vi&wpid=thuthuatnewdraw&thuthuatid=af605801-a7d9-4d15-9b15-b47a00970171&usid=172.31.255.1_rsenway4ypykm2begi123ahbfbbe4130&st=135258",
          "onclick": ""
        },
        {
          "text": "26067260",
          "href": "http://192.168.2.26:2026/home.aspx?scope=sys&lang=vi&wpid=thuthuatnewdraw&thuthuatid=af605801-a7d9-4d15-9b15-b47a00970171&usid=172.31.255.1_rsenway4ypykm2begi123ahbfbbe4130&st=135258",
          "onclick": ""
        },
        {
          "text": "NGUYỄN THỊ BÍCH HIỀN",
          "href": "http://192.168.2.26:2026/home.aspx?scope=sys&lang=vi&wpid=thuthuatnewdraw&thuthuatid=af605801-a7d9-4d15-9b15-b47a00970171&usid=172.31.255.1_rsenway4ypykm2begi123ahbfbbe4130&st=135258",
          "onclick": ""
        },
        {
          "text": "Nữ",
          "href": "http://192.168.2.26:2026/home.aspx?scope=sys&lang=vi&wpid=thuthuatnewdraw&thuthuatid=af605801-a7d9-4d15-9b15-b47a00970171&usid=172.31.255.1_rsenway4ypykm2begi123ahbfbbe4130&st=135258",
          "onclick": ""
        },
        {
          "text": "29 tuổi",
          "href": "http://192.168.2.26:2026/home.aspx?scope=sys&lang=vi&wpid=thuthuatnewdraw&thuthuatid=af605801-a7d9-4d15-9b15-b47a00970171&usid=172.31.255.1_rsenway4ypykm2begi123ahbfbbe4130&st=135258",
          "onclick": ""
        },
        {
          "text": "Viện phí",
          "href": "http://192.168.2.26:2026/home.aspx?scope=sys&lang=vi&wpid=thuthuatnewdraw&thuthuatid=af605801-a7d9-4d15-9b15-b47a00970171&usid=172.31.255.1_rsenway4ypykm2begi123ahbfbbe4130&st=135258",
          "onclick": ""
        },
        {
          "text": "Khoa Khám Bệnh",
          "href": "http://192.168.2.26:2026/home.aspx?scope=sys&lang=vi&wpid=thuthuatnewdraw&thuthuatid=af605801-a7d9-4d15-9b15-b47a00970171&usid=172.31.255.1_rsenway4ypykm2begi123ahbfbbe4130&st=135258",
          "onclick": ""
        },
        {
          "text": "Thay băng, cắt chỉ vết mổ",
          "href": "http://192.168.2.26:2026/home.aspx?scope=sys&lang=vi&wpid=thuthuatnewdraw&thuthuatid=af605801-a7d9-4d15-9b15-b47a00970171&usid=172.31.255.1_rsenway4ypykm2begi123ahbfbbe4130&st=135258",
          "onclick": ""
        },
        {
          "text": "0",
          "href": "http://192.168.2.26:2026/home.aspx?scope=sys&lang=vi&wpid=thuthuatnewdraw&thuthuatid=af605801-a7d9-4d15-9b15-b47a00970171&usid=172.31.255.1_rsenway4ypykm2begi123ahbfbbe4130&st=135258",
          "onclick": ""
        },
        {
          "text": "100,000",
          "href": "http://192.168.2.26:2026/home.aspx?scope=sys&lang=vi&wpid=thuthuatnewdraw&thuthuatid=af605801-a7d9-4d15-9b15-b47a00970171&usid=172.31.255.1_rsenway4ypykm2begi123ahbfbbe4130&st=135258",
          "onclick": ""
        },
        {
          "text": "Thường",
          "href": "http://192.168.2.26:2026/home.aspx?scope=sys&lang=vi&wpid=thuthuatnewdraw&thuthuatid=af605801-a7d9-4d15-9b15-b47a00970171&usid=172.31.255.1_rsenway4ypykm2begi123ahbfbbe4130&st=135258",
          "onclick": ""
        },
        {
          "text": "09:07 01/07/2026",
          "href": "http://192.168.2.26:2026/home.aspx?scope=sys&lang=vi&wpid=thuthuatnewdraw&thuthuatid=af605801-a7d9-4d15-9b15-b47a00970171&usid=172.31.255.1_rsenway4ypykm2begi123ahbfbbe4130&st=135258",
          "onclick": ""
        },
        {
          "text": "Chờ thực hiện",
          "href": "http://192.168.2.26:2026/home.aspx?scope=sys&lang=vi&wpid=thuthuatnewdraw&thuthuatid=af605801-a7d9-4d15-9b15-b47a00970171&usid=172.31.255.1_rsenway4ypykm2begi123ahbfbbe4130&st=135258",
          "onclick": ""
        }
      ]
    }
  ]
}
[2026-07-23 13:53:01.423] [CANDIDATES] D/s Thủ thuật: có 2 ứng viên cùng người bệnh
{
  "candidates": [
    {
      "list_score": 75.0,
      "list_datetime": "2026-07-23 13:42:00",
      "list_method": "Mắt cá 1-2 thương tổn",
      "detail_marker": "http://192.168.2.26:2026/home.aspx?scope=sys&lang=vi&wpid=thuthuatnewdraw&thuthuatid=c163a446-979d-42f0-93f3-b47200f7e98f&usid=172.31.255.1_rsenway4ypykm2begi123ahbfbbe4130&st=135258",
      "row": {
        "access_id": "c163a446-979d-42f0-93f3-b47200f7e98f",
        "known_fields": {
          "stt": "1",
          "ngay_thu_thuat": "13:42 23/07/2026",
          "ma_bn": "26067260",
          "ho_ten": "NGUYỄN THỊ BÍCH HIỀN",
          "gioi_tinh": "Nữ",
          "tuoi": "29 tuổi",
          "doi_tuong": "Viện phí",
          "noi_chi_dinh": "Khoa Khám Bệnh",
          "chi_dinh_thu_thuat": "Mắt cá 1-2 thương tổn",
          "tam_ung": "0",
          "phai_thanh_toan": "1,220,000",
          "tinh_trang": "Thường",
          "thoi_gian_chi_dinh": "14:38 23/06/2026",
          "trang_thai": "Chờ thực hiện"
        },
        "raw_text": "1 13:42 23/07/2026 26067260 NGUYỄN THỊ BÍCH HIỀN Nữ 29 tuổi Viện phí Khoa Khám Bệnh Mắt cá 1-2 thương tổn 0 1,220,000 Thường 14:38 23/06/2026 Chờ thực hiện",
        "links": [
          {
            "text": "1",
            "href": "http://192.168.2.26:2026/home.aspx?scope=sys&lang=vi&wpid=thuthuatnewdraw&thuthuatid=c163a446-979d-42f0-93f3-b47200f7e98f&usid=172.31.255.1_rsenway4ypykm2begi123ahbfbbe4130&st=135258",
            "onclick": ""
          },
          {
            "text": "13:42 23/07/2026",
            "href": "http://192.168.2.26:2026/home.aspx?scope=sys&lang=vi&wpid=thuthuatnewdraw&thuthuatid=c163a446-979d-42f0-93f3-b47200f7e98f&usid=172.31.255.1_rsenway4ypykm2begi123ahbfbbe4130&st=135258",
            "onclick": ""
          },
          {
            "text": "26067260",
            "href": "http://192.168.2.26:2026/home.aspx?scope=sys&lang=vi&wpid=thuthuatnewdraw&thuthuatid=c163a446-979d-42f0-93f3-b47200f7e98f&usid=172.31.255.1_rsenway4ypykm2begi123ahbfbbe4130&st=135258",
            "onclick": ""
          },
          {
            "text": "NGUYỄN THỊ BÍCH HIỀN",
            "href": "http://192.168.2.26:2026/home.aspx?scope=sys&lang=vi&wpid=thuthuatnewdraw&thuthuatid=c163a446-979d-42f0-93f3-b47200f7e98f&usid=172.31.255.1_rsenway4ypykm2begi123ahbfbbe4130&st=135258",
            "onclick": ""
          },
          {
            "text": "Nữ",
            "href": "http://192.168.2.26:2026/home.aspx?scope=sys&lang=vi&wpid=thuthuatnewdraw&thuthuatid=c163a446-979d-42f0-93f3-b47200f7e98f&usid=172.31.255.1_rsenway4ypykm2begi123ahbfbbe4130&st=135258",
            "onclick": ""
          },
          {
            "text": "29 tuổi",
            "href": "http://192.168.2.26:2026/home.aspx?scope=sys&lang=vi&wpid=thuthuatnewdraw&thuthuatid=c163a446-979d-42f0-93f3-b47200f7e98f&usid=172.31.255.1_rsenway4ypykm2begi123ahbfbbe4130&st=135258",
            "onclick": ""
          },
          {
            "text": "Viện phí",
            "href": "http://192.168.2.26:2026/home.aspx?scope=sys&lang=vi&wpid=thuthuatnewdraw&thuthuatid=c163a446-979d-42f0-93f3-b47200f7e98f&usid=172.31.255.1_rsenway4ypykm2begi123ahbfbbe4130&st=135258",
            "onclick": ""
          },
          {
            "text": "Khoa Khám Bệnh",
            "href": "http://192.168.2.26:2026/home.aspx?scope=sys&lang=vi&wpid=thuthuatnewdraw&thuthuatid=c163a446-979d-42f0-93f3-b47200f7e98f&usid=172.31.255.1_rsenway4ypykm2begi123ahbfbbe4130&st=135258",
            "onclick": ""
          },
          {
            "text": "Mắt cá 1-2 thương tổn",
            "href": "http://192.168.2.26:2026/home.aspx?scope=sys&lang=vi&wpid=thuthuatnewdraw&thuthuatid=c163a446-979d-42f0-93f3-b47200f7e98f&usid=172.31.255.1_rsenway4ypykm2begi123ahbfbbe4130&st=135258",
            "onclick": ""
          },
          {
            "text": "0",
            "href": "http://192.168.2.26:2026/home.aspx?scope=sys&lang=vi&wpid=thuthuatnewdraw&thuthuatid=c163a446-979d-42f0-93f3-b47200f7e98f&usid=172.31.255.1_rsenway4ypykm2begi123ahbfbbe4130&st=135258",
            "onclick": ""
          },
          {
            "text": "1,220,000",
            "href": "http://192.168.2.26:2026/home.aspx?scope=sys&lang=vi&wpid=thuthuatnewdraw&thuthuatid=c163a446-979d-42f0-93f3-b47200f7e98f&usid=172.31.255.1_rsenway4ypykm2begi123ahbfbbe4130&st=135258",
            "onclick": ""
          },
          {
            "text": "Thường",
            "href": "http://192.168.2.26:2026/home.aspx?scope=sys&lang=vi&wpid=thuthuatnewdraw&thuthuatid=c163a446-979d-42f0-93f3-b47200f7e98f&usid=172.31.255.1_rsenway4ypykm2begi123ahbfbbe4130&st=135258",
            "onclick": ""
          },
          {
            "text": "14:38 23/06/2026",
            "href": "http://192.168.2.26:2026/home.aspx?scope=sys&lang=vi&wpid=thuthuatnewdraw&thuthuatid=c163a446-979d-42f0-93f3-b47200f7e98f&usid=172.31.255.1_rsenway4ypykm2begi123ahbfbbe4130&st=135258",
            "onclick": ""
          },
          {
            "text": "Chờ thực hiện",
            "href": "http://192.168.2.26:2026/home.aspx?scope=sys&lang=vi&wpid=thuthuatnewdraw&thuthuatid=c163a446-979d-42f0-93f3-b47200f7e98f&usid=172.31.255.1_rsenway4ypykm2begi123ahbfbbe4130&st=135258",
            "onclick": ""
          }
        ]
      }
    },
    {
      "list_score": 37.111111111111114,
      "list_datetime": "2026-07-23 13:42:00",
      "list_method": "Thay băng, cắt chỉ vết mổ",
      "detail_marker": "http://192.168.2.26:2026/home.aspx?scope=sys&lang=vi&wpid=thuthuatnewdraw&thuthuatid=af605801-a7d9-4d15-9b15-b47a00970171&usid=172.31.255.1_rsenway4ypykm2begi123ahbfbbe4130&st=135258",
      "row": {
        "access_id": "af605801-a7d9-4d15-9b15-b47a00970171",
        "known_fields": {
          "stt": "2",
          "ngay_thu_thuat": "13:42 23/07/2026",
          "ma_bn": "26067260",
          "ho_ten": "NGUYỄN THỊ BÍCH HIỀN",
          "gioi_tinh": "Nữ",
          "tuoi": "29 tuổi",
          "doi_tuong": "Viện phí",
          "noi_chi_dinh": "Khoa Khám Bệnh",
          "chi_dinh_thu_thuat": "Thay băng, cắt chỉ vết mổ",
          "tam_ung": "0",
          "phai_thanh_toan": "100,000",
          "tinh_trang": "Thường",
          "thoi_gian_chi_dinh": "09:07 01/07/2026",
          "trang_thai": "Chờ thực hiện"
        },
        "raw_text": "2 13:42 23/07/2026 26067260 NGUYỄN THỊ BÍCH HIỀN Nữ 29 tuổi Viện phí Khoa Khám Bệnh Thay băng, cắt chỉ vết mổ 0 100,000 Thường 09:07 01/07/2026 Chờ thực hiện",
        "links": [
          {
            "text": "2",
            "href": "http://192.168.2.26:2026/home.aspx?scope=sys&lang=vi&wpid=thuthuatnewdraw&thuthuatid=af605801-a7d9-4d15-9b15-b47a00970171&usid=172.31.255.1_rsenway4ypykm2begi123ahbfbbe4130&st=135258",
            "onclick": ""
          },
          {
            "text": "13:42 23/07/2026",
            "href": "http://192.168.2.26:2026/home.aspx?scope=sys&lang=vi&wpid=thuthuatnewdraw&thuthuatid=af605801-a7d9-4d15-9b15-b47a00970171&usid=172.31.255.1_rsenway4ypykm2begi123ahbfbbe4130&st=135258",
            "onclick": ""
          },
          {
            "text": "26067260",
            "href": "http://192.168.2.26:2026/home.aspx?scope=sys&lang=vi&wpid=thuthuatnewdraw&thuthuatid=af605801-a7d9-4d15-9b15-b47a00970171&usid=172.31.255.1_rsenway4ypykm2begi123ahbfbbe4130&st=135258",
            "onclick": ""
          },
          {
            "text": "NGUYỄN THỊ BÍCH HIỀN",
            "href": "http://192.168.2.26:2026/home.aspx?scope=sys&lang=vi&wpid=thuthuatnewdraw&thuthuatid=af605801-a7d9-4d15-9b15-b47a00970171&usid=172.31.255.1_rsenway4ypykm2begi123ahbfbbe4130&st=135258",
            "onclick": ""
          },
          {
            "text": "Nữ",
            "href": "http://192.168.2.26:2026/home.aspx?scope=sys&lang=vi&wpid=thuthuatnewdraw&thuthuatid=af605801-a7d9-4d15-9b15-b47a00970171&usid=172.31.255.1_rsenway4ypykm2begi123ahbfbbe4130&st=135258",
            "onclick": ""
          },
          {
            "text": "29 tuổi",
            "href": "http://192.168.2.26:2026/home.aspx?scope=sys&lang=vi&wpid=thuthuatnewdraw&thuthuatid=af605801-a7d9-4d15-9b15-b47a00970171&usid=172.31.255.1_rsenway4ypykm2begi123ahbfbbe4130&st=135258",
            "onclick": ""
          },
          {
            "text": "Viện phí",
            "href": "http://192.168.2.26:2026/home.aspx?scope=sys&lang=vi&wpid=thuthuatnewdraw&thuthuatid=af605801-a7d9-4d15-9b15-b47a00970171&usid=172.31.255.1_rsenway4ypykm2begi123ahbfbbe4130&st=135258",
            "onclick": ""
          },
          {
            "text": "Khoa Khám Bệnh",
            "href": "http://192.168.2.26:2026/home.aspx?scope=sys&lang=vi&wpid=thuthuatnewdraw&thuthuatid=af605801-a7d9-4d15-9b15-b47a00970171&usid=172.31.255.1_rsenway4ypykm2begi123ahbfbbe4130&st=135258",
            "onclick": ""
          },
          {
            "text": "Thay băng, cắt chỉ vết mổ",
            "href": "http://192.168.2.26:2026/home.aspx?scope=sys&lang=vi&wpid=thuthuatnewdraw&thuthuatid=af605801-a7d9-4d15-9b15-b47a00970171&usid=172.31.255.1_rsenway4ypykm2begi123ahbfbbe4130&st=135258",
            "onclick": ""
          },
          {
            "text": "0",
            "href": "http://192.168.2.26:2026/home.aspx?scope=sys&lang=vi&wpid=thuthuatnewdraw&thuthuatid=af605801-a7d9-4d15-9b15-b47a00970171&usid=172.31.255.1_rsenway4ypykm2begi123ahbfbbe4130&st=135258",
            "onclick": ""
          },
          {
            "text": "100,000",
            "href": "http://192.168.2.26:2026/home.aspx?scope=sys&lang=vi&wpid=thuthuatnewdraw&thuthuatid=af605801-a7d9-4d15-9b15-b47a00970171&usid=172.31.255.1_rsenway4ypykm2begi123ahbfbbe4130&st=135258",
            "onclick": ""
          },
          {
            "text": "Thường",
            "href": "http://192.168.2.26:2026/home.aspx?scope=sys&lang=vi&wpid=thuthuatnewdraw&thuthuatid=af605801-a7d9-4d15-9b15-b47a00970171&usid=172.31.255.1_rsenway4ypykm2begi123ahbfbbe4130&st=135258",
            "onclick": ""
          },
          {
            "text": "09:07 01/07/2026",
            "href": "http://192.168.2.26:2026/home.aspx?scope=sys&lang=vi&wpid=thuthuatnewdraw&thuthuatid=af605801-a7d9-4d15-9b15-b47a00970171&usid=172.31.255.1_rsenway4ypykm2begi123ahbfbbe4130&st=135258",
            "onclick": ""
          },
          {
            "text": "Chờ thực hiện",
            "href": "http://192.168.2.26:2026/home.aspx?scope=sys&lang=vi&wpid=thuthuatnewdraw&thuthuatid=af605801-a7d9-4d15-9b15-b47a00970171&usid=172.31.255.1_rsenway4ypykm2begi123ahbfbbe4130&st=135258",
            "onclick": ""
          }
        ]
      }
    }
  ]
}
[2026-07-23 13:53:01.423] [DETAIL_BEGIN] D/s Thủ thuật: mở ứng viên 1
{
  "detail_marker": "http://192.168.2.26:2026/home.aspx?scope=sys&lang=vi&wpid=thuthuatnewdraw&thuthuatid=c163a446-979d-42f0-93f3-b47200f7e98f&usid=172.31.255.1_rsenway4ypykm2begi123ahbfbbe4130&st=135258",
  "list_datetime": "2026-07-23 13:42:00",
  "list_method": "Mắt cá 1-2 thương tổn",
  "row": {
    "access_id": "c163a446-979d-42f0-93f3-b47200f7e98f",
    "known_fields": {
      "stt": "1",
      "ngay_thu_thuat": "13:42 23/07/2026",
      "ma_bn": "26067260",
      "ho_ten": "NGUYỄN THỊ BÍCH HIỀN",
      "gioi_tinh": "Nữ",
      "tuoi": "29 tuổi",
      "doi_tuong": "Viện phí",
      "noi_chi_dinh": "Khoa Khám Bệnh",
      "chi_dinh_thu_thuat": "Mắt cá 1-2 thương tổn",
      "tam_ung": "0",
      "phai_thanh_toan": "1,220,000",
      "tinh_trang": "Thường",
      "thoi_gian_chi_dinh": "14:38 23/06/2026",
      "trang_thai": "Chờ thực hiện"
    },
    "raw_text": "1 13:42 23/07/2026 26067260 NGUYỄN THỊ BÍCH HIỀN Nữ 29 tuổi Viện phí Khoa Khám Bệnh Mắt cá 1-2 thương tổn 0 1,220,000 Thường 14:38 23/06/2026 Chờ thực hiện",
    "links": [
      {
        "text": "1",
        "href": "http://192.168.2.26:2026/home.aspx?scope=sys&lang=vi&wpid=thuthuatnewdraw&thuthuatid=c163a446-979d-42f0-93f3-b47200f7e98f&usid=172.31.255.1_rsenway4ypykm2begi123ahbfbbe4130&st=135258",
        "onclick": ""
      },
      {
        "text": "13:42 23/07/2026",
        "href": "http://192.168.2.26:2026/home.aspx?scope=sys&lang=vi&wpid=thuthuatnewdraw&thuthuatid=c163a446-979d-42f0-93f3-b47200f7e98f&usid=172.31.255.1_rsenway4ypykm2begi123ahbfbbe4130&st=135258",
        "onclick": ""
      },
      {
        "text": "26067260",
        "href": "http://192.168.2.26:2026/home.aspx?scope=sys&lang=vi&wpid=thuthuatnewdraw&thuthuatid=c163a446-979d-42f0-93f3-b47200f7e98f&usid=172.31.255.1_rsenway4ypykm2begi123ahbfbbe4130&st=135258",
        "onclick": ""
      },
      {
        "text": "NGUYỄN THỊ BÍCH HIỀN",
        "href": "http://192.168.2.26:2026/home.aspx?scope=sys&lang=vi&wpid=thuthuatnewdraw&thuthuatid=c163a446-979d-42f0-93f3-b47200f7e98f&usid=172.31.255.1_rsenway4ypykm2begi123ahbfbbe4130&st=135258",
        "onclick": ""
      },
      {
        "text": "Nữ",
        "href": "http://192.168.2.26:2026/home.aspx?scope=sys&lang=vi&wpid=thuthuatnewdraw&thuthuatid=c163a446-979d-42f0-93f3-b47200f7e98f&usid=172.31.255.1_rsenway4ypykm2begi123ahbfbbe4130&st=135258",
        "onclick": ""
      },
      {
        "text": "29 tuổi",
        "href": "http://192.168.2.26:2026/home.aspx?scope=sys&lang=vi&wpid=thuthuatnewdraw&thuthuatid=c163a446-979d-42f0-93f3-b47200f7e98f&usid=172.31.255.1_rsenway4ypykm2begi123ahbfbbe4130&st=135258",
        "onclick": ""
      },
      {
        "text": "Viện phí",
        "href": "http://192.168.2.26:2026/home.aspx?scope=sys&lang=vi&wpid=thuthuatnewdraw&thuthuatid=c163a446-979d-42f0-93f3-b47200f7e98f&usid=172.31.255.1_rsenway4ypykm2begi123ahbfbbe4130&st=135258",
        "onclick": ""
      },
      {
        "text": "Khoa Khám Bệnh",
        "href": "http://192.168.2.26:2026/home.aspx?scope=sys&lang=vi&wpid=thuthuatnewdraw&thuthuatid=c163a446-979d-42f0-93f3-b47200f7e98f&usid=172.31.255.1_rsenway4ypykm2begi123ahbfbbe4130&st=135258",
        "onclick": ""
      },
      {
        "text": "Mắt cá 1-2 thương tổn",
        "href": "http://192.168.2.26:2026/home.aspx?scope=sys&lang=vi&wpid=thuthuatnewdraw&thuthuatid=c163a446-979d-42f0-93f3-b47200f7e98f&usid=172.31.255.1_rsenway4ypykm2begi123ahbfbbe4130&st=135258",
        "onclick": ""
      },
      {
        "text": "0",
        "href": "http://192.168.2.26:2026/home.aspx?scope=sys&lang=vi&wpid=thuthuatnewdraw&thuthuatid=c163a446-979d-42f0-93f3-b47200f7e98f&usid=172.31.255.1_rsenway4ypykm2begi123ahbfbbe4130&st=135258",
        "onclick": ""
      },
      {
        "text": "1,220,000",
        "href": "http://192.168.2.26:2026/home.aspx?scope=sys&lang=vi&wpid=thuthuatnewdraw&thuthuatid=c163a446-979d-42f0-93f3-b47200f7e98f&usid=172.31.255.1_rsenway4ypykm2begi123ahbfbbe4130&st=135258",
        "onclick": ""
      },
      {
        "text": "Thường",
        "href": "http://192.168.2.26:2026/home.aspx?scope=sys&lang=vi&wpid=thuthuatnewdraw&thuthuatid=c163a446-979d-42f0-93f3-b47200f7e98f&usid=172.31.255.1_rsenway4ypykm2begi123ahbfbbe4130&st=135258",
        "onclick": ""
      },
      {
        "text": "14:38 23/06/2026",
        "href": "http://192.168.2.26:2026/home.aspx?scope=sys&lang=vi&wpid=thuthuatnewdraw&thuthuatid=c163a446-979d-42f0-93f3-b47200f7e98f&usid=172.31.255.1_rsenway4ypykm2begi123ahbfbbe4130&st=135258",
        "onclick": ""
      },
      {
        "text": "Chờ thực hiện",
        "href": "http://192.168.2.26:2026/home.aspx?scope=sys&lang=vi&wpid=thuthuatnewdraw&thuthuatid=c163a446-979d-42f0-93f3-b47200f7e98f&usid=172.31.255.1_rsenway4ypykm2begi123ahbfbbe4130&st=135258",
        "onclick": ""
      }
    ]
  }
}
[2026-07-23 13:53:01.433] [BROWSER] [DETAIL] kind=procedure; access_id=c163a446-979d-42f0-93f3-b47200f7e98f; direct_url=yes; onclick=no
[2026-07-23 13:53:01.434] [BROWSER] [DETAIL] Mở liên kết trực tiếp: http://192.168.2.26:2026/home.aspx?scope=sys&lang=vi&wpid=thuthuatnewdraw&thuthuatid=c163a446-979d-42f0-93f3-b47200f7e98f&usid=172.31.255.1_rsenway4ypykm2begi123ahbfbbe4130&st=135258
[2026-07-23 13:53:02.406] [BROWSER] [DETAIL] Dữ liệu đọc được: {"complete_info": "", "current_url": "http://192.168.2.26:2026/home.aspx?scope=sys&lang=vi&wpid=thuthuatnewdraw&thuthuatid=c163a446-979d-42f0-93f3-b47200f7e98f&usid=172.31.255.1_rsenway4ypykm2begi123ahbfbbe4130&st=135258", "doctor": "Trần Quốc Toản", "doctor_field": "txtBacSyChiDinh", "doctor_found": true, "method": "Mắt cá 1-2 thương tổn", "patient_info": "(26067260 | NGUYỄN THỊ BÍCH HIỀN, 19/10/1997, Nữ, 29 tuổi | Viện phí)", "root_found": true, "start_time": "13:52 23/07/2026"}
[2026-07-23 13:53:02.406] [BROWSER] [DETAIL] Nguồn bác sĩ: Bác sĩ chỉ định; field=txtBacSyChiDinh; value=Trần Quốc Toản
[2026-07-23 13:53:02.407] [DETAIL_OK] D/s Thủ thuật: đọc được hồ sơ chi tiết
{
  "doctor_from_emr": "Trần Quốc Toản",
  "mapped_alias": "TOẢN",
  "mapped_name": "Trần Quốc Toản",
  "start_time": "13:52 23/07/2026",
  "method": "Mắt cá 1-2 thương tổn",
  "current_url": "http://192.168.2.26:2026/home.aspx?scope=sys&lang=vi&wpid=thuthuatnewdraw&thuthuatid=c163a446-979d-42f0-93f3-b47200f7e98f&usid=172.31.255.1_rsenway4ypykm2begi123ahbfbbe4130&st=135258",
  "total_score": 145.0,
  "method_score": 1.0
}
[2026-07-23 13:53:02.407] [DETAIL_BEGIN] D/s Thủ thuật: mở ứng viên 2
{
  "detail_marker": "http://192.168.2.26:2026/home.aspx?scope=sys&lang=vi&wpid=thuthuatnewdraw&thuthuatid=af605801-a7d9-4d15-9b15-b47a00970171&usid=172.31.255.1_rsenway4ypykm2begi123ahbfbbe4130&st=135258",
  "list_datetime": "2026-07-23 13:42:00",
  "list_method": "Thay băng, cắt chỉ vết mổ",
  "row": {
    "access_id": "af605801-a7d9-4d15-9b15-b47a00970171",
    "known_fields": {
      "stt": "2",
      "ngay_thu_thuat": "13:42 23/07/2026",
      "ma_bn": "26067260",
      "ho_ten": "NGUYỄN THỊ BÍCH HIỀN",
      "gioi_tinh": "Nữ",
      "tuoi": "29 tuổi",
      "doi_tuong": "Viện phí",
      "noi_chi_dinh": "Khoa Khám Bệnh",
      "chi_dinh_thu_thuat": "Thay băng, cắt chỉ vết mổ",
      "tam_ung": "0",
      "phai_thanh_toan": "100,000",
      "tinh_trang": "Thường",
      "thoi_gian_chi_dinh": "09:07 01/07/2026",
      "trang_thai": "Chờ thực hiện"
    },
    "raw_text": "2 13:42 23/07/2026 26067260 NGUYỄN THỊ BÍCH HIỀN Nữ 29 tuổi Viện phí Khoa Khám Bệnh Thay băng, cắt chỉ vết mổ 0 100,000 Thường 09:07 01/07/2026 Chờ thực hiện",
    "links": [
      {
        "text": "2",
        "href": "http://192.168.2.26:2026/home.aspx?scope=sys&lang=vi&wpid=thuthuatnewdraw&thuthuatid=af605801-a7d9-4d15-9b15-b47a00970171&usid=172.31.255.1_rsenway4ypykm2begi123ahbfbbe4130&st=135258",
        "onclick": ""
      },
      {
        "text": "13:42 23/07/2026",
        "href": "http://192.168.2.26:2026/home.aspx?scope=sys&lang=vi&wpid=thuthuatnewdraw&thuthuatid=af605801-a7d9-4d15-9b15-b47a00970171&usid=172.31.255.1_rsenway4ypykm2begi123ahbfbbe4130&st=135258",
        "onclick": ""
      },
      {
        "text": "26067260",
        "href": "http://192.168.2.26:2026/home.aspx?scope=sys&lang=vi&wpid=thuthuatnewdraw&thuthuatid=af605801-a7d9-4d15-9b15-b47a00970171&usid=172.31.255.1_rsenway4ypykm2begi123ahbfbbe4130&st=135258",
        "onclick": ""
      },
      {
        "text": "NGUYỄN THỊ BÍCH HIỀN",
        "href": "http://192.168.2.26:2026/home.aspx?scope=sys&lang=vi&wpid=thuthuatnewdraw&thuthuatid=af605801-a7d9-4d15-9b15-b47a00970171&usid=172.31.255.1_rsenway4ypykm2begi123ahbfbbe4130&st=135258",
        "onclick": ""
      },
      {
        "text": "Nữ",
        "href": "http://192.168.2.26:2026/home.aspx?scope=sys&lang=vi&wpid=thuthuatnewdraw&thuthuatid=af605801-a7d9-4d15-9b15-b47a00970171&usid=172.31.255.1_rsenway4ypykm2begi123ahbfbbe4130&st=135258",
        "onclick": ""
      },
      {
        "text": "29 tuổi",
        "href": "http://192.168.2.26:2026/home.aspx?scope=sys&lang=vi&wpid=thuthuatnewdraw&thuthuatid=af605801-a7d9-4d15-9b15-b47a00970171&usid=172.31.255.1_rsenway4ypykm2begi123ahbfbbe4130&st=135258",
        "onclick": ""
      },
      {
        "text": "Viện phí",
        "href": "http://192.168.2.26:2026/home.aspx?scope=sys&lang=vi&wpid=thuthuatnewdraw&thuthuatid=af605801-a7d9-4d15-9b15-b47a00970171&usid=172.31.255.1_rsenway4ypykm2begi123ahbfbbe4130&st=135258",
        "onclick": ""
      },
      {
        "text": "Khoa Khám Bệnh",
        "href": "http://192.168.2.26:2026/home.aspx?scope=sys&lang=vi&wpid=thuthuatnewdraw&thuthuatid=af605801-a7d9-4d15-9b15-b47a00970171&usid=172.31.255.1_rsenway4ypykm2begi123ahbfbbe4130&st=135258",
        "onclick": ""
      },
      {
        "text": "Thay băng, cắt chỉ vết mổ",
        "href": "http://192.168.2.26:2026/home.aspx?scope=sys&lang=vi&wpid=thuthuatnewdraw&thuthuatid=af605801-a7d9-4d15-9b15-b47a00970171&usid=172.31.255.1_rsenway4ypykm2begi123ahbfbbe4130&st=135258",
        "onclick": ""
      },
      {
        "text": "0",
        "href": "http://192.168.2.26:2026/home.aspx?scope=sys&lang=vi&wpid=thuthuatnewdraw&thuthuatid=af605801-a7d9-4d15-9b15-b47a00970171&usid=172.31.255.1_rsenway4ypykm2begi123ahbfbbe4130&st=135258",
        "onclick": ""
      },
      {
        "text": "100,000",
        "href": "http://192.168.2.26:2026/home.aspx?scope=sys&lang=vi&wpid=thuthuatnewdraw&thuthuatid=af605801-a7d9-4d15-9b15-b47a00970171&usid=172.31.255.1_rsenway4ypykm2begi123ahbfbbe4130&st=135258",
        "onclick": ""
      },
      {
        "text": "Thường",
        "href": "http://192.168.2.26:2026/home.aspx?scope=sys&lang=vi&wpid=thuthuatnewdraw&thuthuatid=af605801-a7d9-4d15-9b15-b47a00970171&usid=172.31.255.1_rsenway4ypykm2begi123ahbfbbe4130&st=135258",
        "onclick": ""
      },
      {
        "text": "09:07 01/07/2026",
        "href": "http://192.168.2.26:2026/home.aspx?scope=sys&lang=vi&wpid=thuthuatnewdraw&thuthuatid=af605801-a7d9-4d15-9b15-b47a00970171&usid=172.31.255.1_rsenway4ypykm2begi123ahbfbbe4130&st=135258",
        "onclick": ""
      },
      {
        "text": "Chờ thực hiện",
        "href": "http://192.168.2.26:2026/home.aspx?scope=sys&lang=vi&wpid=thuthuatnewdraw&thuthuatid=af605801-a7d9-4d15-9b15-b47a00970171&usid=172.31.255.1_rsenway4ypykm2begi123ahbfbbe4130&st=135258",
        "onclick": ""
      }
    ]
  }
}
[2026-07-23 13:53:02.423] [BROWSER] [DETAIL] kind=procedure; access_id=af605801-a7d9-4d15-9b15-b47a00970171; direct_url=yes; onclick=no
[2026-07-23 13:53:02.424] [BROWSER] [DETAIL] Mở liên kết trực tiếp: http://192.168.2.26:2026/home.aspx?scope=sys&lang=vi&wpid=thuthuatnewdraw&thuthuatid=af605801-a7d9-4d15-9b15-b47a00970171&usid=172.31.255.1_rsenway4ypykm2begi123ahbfbbe4130&st=135258
[2026-07-23 13:53:03.224] [BROWSER] [DETAIL] Dữ liệu đọc được: {"complete_info": "", "current_url": "http://192.168.2.26:2026/home.aspx?scope=sys&lang=vi&wpid=thuthuatnewdraw&thuthuatid=af605801-a7d9-4d15-9b15-b47a00970171&usid=172.31.255.1_rsenway4ypykm2begi123ahbfbbe4130&st=135258", "doctor": "Bùi Thị Hồng Sương", "doctor_field": "txtBacSyChiDinh", "doctor_found": true, "method": "Thay băng, cắt chỉ vết mổ", "patient_info": "(26067260 | NGUYỄN THỊ BÍCH HIỀN, 19/10/1997, Nữ, 29 tuổi | Viện phí)", "root_found": true, "start_time": "13:52 23/07/2026"}
[2026-07-23 13:53:03.226] [BROWSER] [DETAIL] Nguồn bác sĩ: Bác sĩ chỉ định; field=txtBacSyChiDinh; value=Bùi Thị Hồng Sương
[2026-07-23 13:53:03.228] [DETAIL_OK] D/s Thủ thuật: đọc được hồ sơ chi tiết
{
  "doctor_from_emr": "Bùi Thị Hồng Sương",
  "mapped_alias": null,
  "mapped_name": null,
  "start_time": "13:52 23/07/2026",
  "method": "Thay băng, cắt chỉ vết mổ",
  "current_url": "http://192.168.2.26:2026/home.aspx?scope=sys&lang=vi&wpid=thuthuatnewdraw&thuthuatid=af605801-a7d9-4d15-9b15-b47a00970171&usid=172.31.255.1_rsenway4ypykm2begi123ahbfbbe4130&st=135258",
  "total_score": -188.66666666666666,
  "method_score": 0.3111111111111111
}
[2026-07-23 13:53:03.229] [EVALUATED] D/s Thủ thuật: đánh giá 2 hồ sơ
{
  "items": [
    {
      "doctor": "Trần Quốc Toản",
      "alias": "TOẢN",
      "detail_datetime": "2026-07-23 13:52:00",
      "method_score": 1.0,
      "total_score": 145.0,
      "confidence_ok": false
    },
    {
      "doctor": "Bùi Thị Hồng Sương",
      "alias": null,
      "detail_datetime": "2026-07-23 13:52:00",
      "method_score": 0.3111111111111111,
      "total_score": -188.66666666666666,
      "confidence_ok": false
    }
  ]
}
[2026-07-23 13:53:03.230] [SEARCH_BEGIN] dòng 90: tìm NGUYỄN THỊ BÍCH HIỀN tại D/s Phẫu thuật
{
  "patient": "NGUYỄN THỊ BÍCH HIỀN",
  "target_time": "2026-06-23 14:38:00",
  "target_method": "Mắt cá 1-2 thương tổn",
  "source": "surgery"
}
[2026-07-23 13:53:03.625] [BROWSER] [NAV] D/s Phẫu thuật: http://192.168.2.26:2026/home.aspx?scope=sys&lang=vi&wpid=danhsachphauthuatdraw&role=323&usid=172.31.255.1_rsenway4ypykm2begi123ahbfbbe4130&st=135259
[2026-07-23 13:53:05.717] [BROWSER] [FILTER] 3 tháng
[2026-07-23 13:53:06.269] [BROWSER] [SEARCH] Nhập 'NGUYỄN THỊ BÍCH HIỀN' vào #txtTimKiem
[2026-07-23 13:53:06.374] [BROWSER] [SEARCH] Đã bấm Tìm kiếm bằng #btnTimKiem
[2026-07-23 13:53:25.658] [BROWSER] [RESULT] D/s Phẫu thuật: 0 dòng
[2026-07-23 13:53:25.666] [SEARCH_RESULT] D/s Phẫu thuật: nhận 0 dòng
{
  "current_url": "http://192.168.2.26:2026/home.aspx?scope=sys&lang=vi&wpid=danhsachphauthuatdraw&role=323&usid=172.31.255.1_rsenway4ypykm2begi123ahbfbbe4130&st=135259",
  "search_input_id": "txtTimKiem",
  "search_trigger": "#btnTimKiem",
  "headers": [],
  "rows": []
}
[2026-07-23 13:53:25.667] [CANDIDATES] D/s Phẫu thuật: có 0 ứng viên cùng người bệnh
{
  "candidates": []
}
[2026-07-23 13:53:25.667] [ROW_UNMATCHED] Dòng 90: procedure: có kết quả nhưng không khớp ngày; surgery: không có dòng cùng người bệnh
{
  "rowNumber": 90,
  "patient": "NGUYỄN THỊ BÍCH HIỀN",
  "time": "14:38 23/06/2026",
  "method": "Mắt cá 1-2 thương tổn",
  "oldValue": "",
  "status": "unmatched",
  "reason": "procedure: có kết quả nhưng không khớp ngày; surgery: không có dòng cùng người bệnh"
}
[2026-07-23 13:53:25.668] [ROW_END] Kết thúc dòng 90
{
  "status": "unmatched",
  "new_value": null,
  "reason": "procedure: có kết quả nhưng không khớp ngày; surgery: không có dòng cùng người bệnh"
}
[2026-07-23 13:53:25.669] [ROW_BEGIN] [9/10] Bắt đầu dòng 91: PHẠM ĐĂNG KHOA
{
  "raw_time": "2026/06/23 15:02",
  "parsed_time": "15:02 23/06/2026",
  "method": "Mắt cá 1-2 thương tổn",
  "old_value": ""
}
[2026-07-23 13:53:25.670] [SEARCH_BEGIN] dòng 91: tìm PHẠM ĐĂNG KHOA tại D/s Thủ thuật
{
  "patient": "PHẠM ĐĂNG KHOA",
  "target_time": "2026-06-23 15:02:00",
  "target_method": "Mắt cá 1-2 thương tổn",
  "source": "procedure"
}
[2026-07-23 13:53:25.880] [BROWSER] [NAV] D/s Thủ thuật: http://192.168.2.26:2026/home.aspx?scope=sys&lang=vi&wpid=danhsachthuthuatdraw&role=323&usid=172.31.255.1_rsenway4ypykm2begi123ahbfbbe4130&st=135301
[2026-07-23 13:53:27.772] [BROWSER] [FILTER] 3 tháng
[2026-07-23 13:53:28.278] [BROWSER] [SEARCH] Nhập 'PHẠM ĐĂNG KHOA' vào #txtTimKiem
[2026-07-23 13:53:28.507] [BROWSER] [SEARCH] Đã bấm Tìm kiếm bằng #btnTimKiem
[2026-07-23 13:53:28.535] [BROWSER] [RESULT] D/s Thủ thuật: 1 dòng
[2026-07-23 13:53:28.544] [SEARCH_RESULT] D/s Thủ thuật: nhận 1 dòng
{
  "current_url": "http://192.168.2.26:2026/home.aspx?scope=sys&lang=vi&wpid=danhsachthuthuatdraw&role=323&usid=172.31.255.1_rsenway4ypykm2begi123ahbfbbe4130&st=135301",
  "search_input_id": "txtTimKiem",
  "search_trigger": "#btnTimKiem",
  "headers": [
    "STT",
    "Ngày thủ thuật",
    "Mã BN",
    "Họ tên",
    "Giới tính",
    "Tuổi",
    "Đối tượng",
    "Nơi chỉ định",
    "Chỉ định thủ thuật",
    "Tạm ứng",
    "Phải thanh toán",
    "Tình trạng",
    "Thời gian chỉ định",
    "Trạng thái"
  ],
  "rows": [
    {
      "access_id": "6e187e8c-a265-4cfd-a07f-b47200fb070b",
      "known_fields": {
        "stt": "1",
        "ngay_thu_thuat": "13:43 23/07/2026",
        "ma_bn": "26067192",
        "ho_ten": "PHẠM ĐĂNG KHOA",
        "gioi_tinh": "Nam",
        "tuoi": "16 tuổi",
        "doi_tuong": "Viện phí",
        "noi_chi_dinh": "Khoa Khám Bệnh",
        "chi_dinh_thu_thuat": "Mắt cá 1-2 thương tổn",
        "tam_ung": "0",
        "phai_thanh_toan": "1,220,000",
        "tinh_trang": "Thường",
        "thoi_gian_chi_dinh": "15:02 23/06/2026",
        "trang_thai": "Chờ thực hiện"
      },
      "raw_text": "1 13:43 23/07/2026 26067192 PHẠM ĐĂNG KHOA Nam 16 tuổi Viện phí Khoa Khám Bệnh Mắt cá 1-2 thương tổn 0 1,220,000 Thường 15:02 23/06/2026 Chờ thực hiện",
      "links": [
        {
          "text": "1",
          "href": "http://192.168.2.26:2026/home.aspx?scope=sys&lang=vi&wpid=thuthuatnewdraw&thuthuatid=6e187e8c-a265-4cfd-a07f-b47200fb070b&usid=172.31.255.1_rsenway4ypykm2begi123ahbfbbe4130&st=135325",
          "onclick": ""
        },
        {
          "text": "13:43 23/07/2026",
          "href": "http://192.168.2.26:2026/home.aspx?scope=sys&lang=vi&wpid=thuthuatnewdraw&thuthuatid=6e187e8c-a265-4cfd-a07f-b47200fb070b&usid=172.31.255.1_rsenway4ypykm2begi123ahbfbbe4130&st=135325",
          "onclick": ""
        },
        {
          "text": "26067192",
          "href": "http://192.168.2.26:2026/home.aspx?scope=sys&lang=vi&wpid=thuthuatnewdraw&thuthuatid=6e187e8c-a265-4cfd-a07f-b47200fb070b&usid=172.31.255.1_rsenway4ypykm2begi123ahbfbbe4130&st=135325",
          "onclick": ""
        },
        {
          "text": "PHẠM ĐĂNG KHOA",
          "href": "http://192.168.2.26:2026/home.aspx?scope=sys&lang=vi&wpid=thuthuatnewdraw&thuthuatid=6e187e8c-a265-4cfd-a07f-b47200fb070b&usid=172.31.255.1_rsenway4ypykm2begi123ahbfbbe4130&st=135325",
          "onclick": ""
        },
        {
          "text": "Nam",
          "href": "http://192.168.2.26:2026/home.aspx?scope=sys&lang=vi&wpid=thuthuatnewdraw&thuthuatid=6e187e8c-a265-4cfd-a07f-b47200fb070b&usid=172.31.255.1_rsenway4ypykm2begi123ahbfbbe4130&st=135325",
          "onclick": ""
        },
        {
          "text": "16 tuổi",
          "href": "http://192.168.2.26:2026/home.aspx?scope=sys&lang=vi&wpid=thuthuatnewdraw&thuthuatid=6e187e8c-a265-4cfd-a07f-b47200fb070b&usid=172.31.255.1_rsenway4ypykm2begi123ahbfbbe4130&st=135325",
          "onclick": ""
        },
        {
          "text": "Viện phí",
          "href": "http://192.168.2.26:2026/home.aspx?scope=sys&lang=vi&wpid=thuthuatnewdraw&thuthuatid=6e187e8c-a265-4cfd-a07f-b47200fb070b&usid=172.31.255.1_rsenway4ypykm2begi123ahbfbbe4130&st=135325",
          "onclick": ""
        },
        {
          "text": "Khoa Khám Bệnh",
          "href": "http://192.168.2.26:2026/home.aspx?scope=sys&lang=vi&wpid=thuthuatnewdraw&thuthuatid=6e187e8c-a265-4cfd-a07f-b47200fb070b&usid=172.31.255.1_rsenway4ypykm2begi123ahbfbbe4130&st=135325",
          "onclick": ""
        },
        {
          "text": "Mắt cá 1-2 thương tổn",
          "href": "http://192.168.2.26:2026/home.aspx?scope=sys&lang=vi&wpid=thuthuatnewdraw&thuthuatid=6e187e8c-a265-4cfd-a07f-b47200fb070b&usid=172.31.255.1_rsenway4ypykm2begi123ahbfbbe4130&st=135325",
          "onclick": ""
        },
        {
          "text": "0",
          "href": "http://192.168.2.26:2026/home.aspx?scope=sys&lang=vi&wpid=thuthuatnewdraw&thuthuatid=6e187e8c-a265-4cfd-a07f-b47200fb070b&usid=172.31.255.1_rsenway4ypykm2begi123ahbfbbe4130&st=135325",
          "onclick": ""
        },
        {
          "text": "1,220,000",
          "href": "http://192.168.2.26:2026/home.aspx?scope=sys&lang=vi&wpid=thuthuatnewdraw&thuthuatid=6e187e8c-a265-4cfd-a07f-b47200fb070b&usid=172.31.255.1_rsenway4ypykm2begi123ahbfbbe4130&st=135325",
          "onclick": ""
        },
        {
          "text": "Thường",
          "href": "http://192.168.2.26:2026/home.aspx?scope=sys&lang=vi&wpid=thuthuatnewdraw&thuthuatid=6e187e8c-a265-4cfd-a07f-b47200fb070b&usid=172.31.255.1_rsenway4ypykm2begi123ahbfbbe4130&st=135325",
          "onclick": ""
        },
        {
          "text": "15:02 23/06/2026",
          "href": "http://192.168.2.26:2026/home.aspx?scope=sys&lang=vi&wpid=thuthuatnewdraw&thuthuatid=6e187e8c-a265-4cfd-a07f-b47200fb070b&usid=172.31.255.1_rsenway4ypykm2begi123ahbfbbe4130&st=135325",
          "onclick": ""
        },
        {
          "text": "Chờ thực hiện",
          "href": "http://192.168.2.26:2026/home.aspx?scope=sys&lang=vi&wpid=thuthuatnewdraw&thuthuatid=6e187e8c-a265-4cfd-a07f-b47200fb070b&usid=172.31.255.1_rsenway4ypykm2begi123ahbfbbe4130&st=135325",
          "onclick": ""
        }
      ]
    }
  ]
}
[2026-07-23 13:53:28.546] [CANDIDATES] D/s Thủ thuật: có 1 ứng viên cùng người bệnh
{
  "candidates": [
    {
      "list_score": 75.0,
      "list_datetime": "2026-07-23 13:43:00",
      "list_method": "Mắt cá 1-2 thương tổn",
      "detail_marker": "http://192.168.2.26:2026/home.aspx?scope=sys&lang=vi&wpid=thuthuatnewdraw&thuthuatid=6e187e8c-a265-4cfd-a07f-b47200fb070b&usid=172.31.255.1_rsenway4ypykm2begi123ahbfbbe4130&st=135325",
      "row": {
        "access_id": "6e187e8c-a265-4cfd-a07f-b47200fb070b",
        "known_fields": {
          "stt": "1",
          "ngay_thu_thuat": "13:43 23/07/2026",
          "ma_bn": "26067192",
          "ho_ten": "PHẠM ĐĂNG KHOA",
          "gioi_tinh": "Nam",
          "tuoi": "16 tuổi",
          "doi_tuong": "Viện phí",
          "noi_chi_dinh": "Khoa Khám Bệnh",
          "chi_dinh_thu_thuat": "Mắt cá 1-2 thương tổn",
          "tam_ung": "0",
          "phai_thanh_toan": "1,220,000",
          "tinh_trang": "Thường",
          "thoi_gian_chi_dinh": "15:02 23/06/2026",
          "trang_thai": "Chờ thực hiện"
        },
        "raw_text": "1 13:43 23/07/2026 26067192 PHẠM ĐĂNG KHOA Nam 16 tuổi Viện phí Khoa Khám Bệnh Mắt cá 1-2 thương tổn 0 1,220,000 Thường 15:02 23/06/2026 Chờ thực hiện",
        "links": [
          {
            "text": "1",
            "href": "http://192.168.2.26:2026/home.aspx?scope=sys&lang=vi&wpid=thuthuatnewdraw&thuthuatid=6e187e8c-a265-4cfd-a07f-b47200fb070b&usid=172.31.255.1_rsenway4ypykm2begi123ahbfbbe4130&st=135325",
            "onclick": ""
          },
          {
            "text": "13:43 23/07/2026",
            "href": "http://192.168.2.26:2026/home.aspx?scope=sys&lang=vi&wpid=thuthuatnewdraw&thuthuatid=6e187e8c-a265-4cfd-a07f-b47200fb070b&usid=172.31.255.1_rsenway4ypykm2begi123ahbfbbe4130&st=135325",
            "onclick": ""
          },
          {
            "text": "26067192",
            "href": "http://192.168.2.26:2026/home.aspx?scope=sys&lang=vi&wpid=thuthuatnewdraw&thuthuatid=6e187e8c-a265-4cfd-a07f-b47200fb070b&usid=172.31.255.1_rsenway4ypykm2begi123ahbfbbe4130&st=135325",
            "onclick": ""
          },
          {
            "text": "PHẠM ĐĂNG KHOA",
            "href": "http://192.168.2.26:2026/home.aspx?scope=sys&lang=vi&wpid=thuthuatnewdraw&thuthuatid=6e187e8c-a265-4cfd-a07f-b47200fb070b&usid=172.31.255.1_rsenway4ypykm2begi123ahbfbbe4130&st=135325",
            "onclick": ""
          },
          {
            "text": "Nam",
            "href": "http://192.168.2.26:2026/home.aspx?scope=sys&lang=vi&wpid=thuthuatnewdraw&thuthuatid=6e187e8c-a265-4cfd-a07f-b47200fb070b&usid=172.31.255.1_rsenway4ypykm2begi123ahbfbbe4130&st=135325",
            "onclick": ""
          },
          {
            "text": "16 tuổi",
            "href": "http://192.168.2.26:2026/home.aspx?scope=sys&lang=vi&wpid=thuthuatnewdraw&thuthuatid=6e187e8c-a265-4cfd-a07f-b47200fb070b&usid=172.31.255.1_rsenway4ypykm2begi123ahbfbbe4130&st=135325",
            "onclick": ""
          },
          {
            "text": "Viện phí",
            "href": "http://192.168.2.26:2026/home.aspx?scope=sys&lang=vi&wpid=thuthuatnewdraw&thuthuatid=6e187e8c-a265-4cfd-a07f-b47200fb070b&usid=172.31.255.1_rsenway4ypykm2begi123ahbfbbe4130&st=135325",
            "onclick": ""
          },
          {
            "text": "Khoa Khám Bệnh",
            "href": "http://192.168.2.26:2026/home.aspx?scope=sys&lang=vi&wpid=thuthuatnewdraw&thuthuatid=6e187e8c-a265-4cfd-a07f-b47200fb070b&usid=172.31.255.1_rsenway4ypykm2begi123ahbfbbe4130&st=135325",
            "onclick": ""
          },
          {
            "text": "Mắt cá 1-2 thương tổn",
            "href": "http://192.168.2.26:2026/home.aspx?scope=sys&lang=vi&wpid=thuthuatnewdraw&thuthuatid=6e187e8c-a265-4cfd-a07f-b47200fb070b&usid=172.31.255.1_rsenway4ypykm2begi123ahbfbbe4130&st=135325",
            "onclick": ""
          },
          {
            "text": "0",
            "href": "http://192.168.2.26:2026/home.aspx?scope=sys&lang=vi&wpid=thuthuatnewdraw&thuthuatid=6e187e8c-a265-4cfd-a07f-b47200fb070b&usid=172.31.255.1_rsenway4ypykm2begi123ahbfbbe4130&st=135325",
            "onclick": ""
          },
          {
            "text": "1,220,000",
            "href": "http://192.168.2.26:2026/home.aspx?scope=sys&lang=vi&wpid=thuthuatnewdraw&thuthuatid=6e187e8c-a265-4cfd-a07f-b47200fb070b&usid=172.31.255.1_rsenway4ypykm2begi123ahbfbbe4130&st=135325",
            "onclick": ""
          },
          {
            "text": "Thường",
            "href": "http://192.168.2.26:2026/home.aspx?scope=sys&lang=vi&wpid=thuthuatnewdraw&thuthuatid=6e187e8c-a265-4cfd-a07f-b47200fb070b&usid=172.31.255.1_rsenway4ypykm2begi123ahbfbbe4130&st=135325",
            "onclick": ""
          },
          {
            "text": "15:02 23/06/2026",
            "href": "http://192.168.2.26:2026/home.aspx?scope=sys&lang=vi&wpid=thuthuatnewdraw&thuthuatid=6e187e8c-a265-4cfd-a07f-b47200fb070b&usid=172.31.255.1_rsenway4ypykm2begi123ahbfbbe4130&st=135325",
            "onclick": ""
          },
          {
            "text": "Chờ thực hiện",
            "href": "http://192.168.2.26:2026/home.aspx?scope=sys&lang=vi&wpid=thuthuatnewdraw&thuthuatid=6e187e8c-a265-4cfd-a07f-b47200fb070b&usid=172.31.255.1_rsenway4ypykm2begi123ahbfbbe4130&st=135325",
            "onclick": ""
          }
        ]
      }
    }
  ]
}
[2026-07-23 13:53:28.547] [DETAIL_BEGIN] D/s Thủ thuật: mở ứng viên 1
{
  "detail_marker": "http://192.168.2.26:2026/home.aspx?scope=sys&lang=vi&wpid=thuthuatnewdraw&thuthuatid=6e187e8c-a265-4cfd-a07f-b47200fb070b&usid=172.31.255.1_rsenway4ypykm2begi123ahbfbbe4130&st=135325",
  "list_datetime": "2026-07-23 13:43:00",
  "list_method": "Mắt cá 1-2 thương tổn",
  "row": {
    "access_id": "6e187e8c-a265-4cfd-a07f-b47200fb070b",
    "known_fields": {
      "stt": "1",
      "ngay_thu_thuat": "13:43 23/07/2026",
      "ma_bn": "26067192",
      "ho_ten": "PHẠM ĐĂNG KHOA",
      "gioi_tinh": "Nam",
      "tuoi": "16 tuổi",
      "doi_tuong": "Viện phí",
      "noi_chi_dinh": "Khoa Khám Bệnh",
      "chi_dinh_thu_thuat": "Mắt cá 1-2 thương tổn",
      "tam_ung": "0",
      "phai_thanh_toan": "1,220,000",
      "tinh_trang": "Thường",
      "thoi_gian_chi_dinh": "15:02 23/06/2026",
      "trang_thai": "Chờ thực hiện"
    },
    "raw_text": "1 13:43 23/07/2026 26067192 PHẠM ĐĂNG KHOA Nam 16 tuổi Viện phí Khoa Khám Bệnh Mắt cá 1-2 thương tổn 0 1,220,000 Thường 15:02 23/06/2026 Chờ thực hiện",
    "links": [
      {
        "text": "1",
        "href": "http://192.168.2.26:2026/home.aspx?scope=sys&lang=vi&wpid=thuthuatnewdraw&thuthuatid=6e187e8c-a265-4cfd-a07f-b47200fb070b&usid=172.31.255.1_rsenway4ypykm2begi123ahbfbbe4130&st=135325",
        "onclick": ""
      },
      {
        "text": "13:43 23/07/2026",
        "href": "http://192.168.2.26:2026/home.aspx?scope=sys&lang=vi&wpid=thuthuatnewdraw&thuthuatid=6e187e8c-a265-4cfd-a07f-b47200fb070b&usid=172.31.255.1_rsenway4ypykm2begi123ahbfbbe4130&st=135325",
        "onclick": ""
      },
      {
        "text": "26067192",
        "href": "http://192.168.2.26:2026/home.aspx?scope=sys&lang=vi&wpid=thuthuatnewdraw&thuthuatid=6e187e8c-a265-4cfd-a07f-b47200fb070b&usid=172.31.255.1_rsenway4ypykm2begi123ahbfbbe4130&st=135325",
        "onclick": ""
      },
      {
        "text": "PHẠM ĐĂNG KHOA",
        "href": "http://192.168.2.26:2026/home.aspx?scope=sys&lang=vi&wpid=thuthuatnewdraw&thuthuatid=6e187e8c-a265-4cfd-a07f-b47200fb070b&usid=172.31.255.1_rsenway4ypykm2begi123ahbfbbe4130&st=135325",
        "onclick": ""
      },
      {
        "text": "Nam",
        "href": "http://192.168.2.26:2026/home.aspx?scope=sys&lang=vi&wpid=thuthuatnewdraw&thuthuatid=6e187e8c-a265-4cfd-a07f-b47200fb070b&usid=172.31.255.1_rsenway4ypykm2begi123ahbfbbe4130&st=135325",
        "onclick": ""
      },
      {
        "text": "16 tuổi",
        "href": "http://192.168.2.26:2026/home.aspx?scope=sys&lang=vi&wpid=thuthuatnewdraw&thuthuatid=6e187e8c-a265-4cfd-a07f-b47200fb070b&usid=172.31.255.1_rsenway4ypykm2begi123ahbfbbe4130&st=135325",
        "onclick": ""
      },
      {
        "text": "Viện phí",
        "href": "http://192.168.2.26:2026/home.aspx?scope=sys&lang=vi&wpid=thuthuatnewdraw&thuthuatid=6e187e8c-a265-4cfd-a07f-b47200fb070b&usid=172.31.255.1_rsenway4ypykm2begi123ahbfbbe4130&st=135325",
        "onclick": ""
      },
      {
        "text": "Khoa Khám Bệnh",
        "href": "http://192.168.2.26:2026/home.aspx?scope=sys&lang=vi&wpid=thuthuatnewdraw&thuthuatid=6e187e8c-a265-4cfd-a07f-b47200fb070b&usid=172.31.255.1_rsenway4ypykm2begi123ahbfbbe4130&st=135325",
        "onclick": ""
      },
      {
        "text": "Mắt cá 1-2 thương tổn",
        "href": "http://192.168.2.26:2026/home.aspx?scope=sys&lang=vi&wpid=thuthuatnewdraw&thuthuatid=6e187e8c-a265-4cfd-a07f-b47200fb070b&usid=172.31.255.1_rsenway4ypykm2begi123ahbfbbe4130&st=135325",
        "onclick": ""
      },
      {
        "text": "0",
        "href": "http://192.168.2.26:2026/home.aspx?scope=sys&lang=vi&wpid=thuthuatnewdraw&thuthuatid=6e187e8c-a265-4cfd-a07f-b47200fb070b&usid=172.31.255.1_rsenway4ypykm2begi123ahbfbbe4130&st=135325",
        "onclick": ""
      },
      {
        "text": "1,220,000",
        "href": "http://192.168.2.26:2026/home.aspx?scope=sys&lang=vi&wpid=thuthuatnewdraw&thuthuatid=6e187e8c-a265-4cfd-a07f-b47200fb070b&usid=172.31.255.1_rsenway4ypykm2begi123ahbfbbe4130&st=135325",
        "onclick": ""
      },
      {
        "text": "Thường",
        "href": "http://192.168.2.26:2026/home.aspx?scope=sys&lang=vi&wpid=thuthuatnewdraw&thuthuatid=6e187e8c-a265-4cfd-a07f-b47200fb070b&usid=172.31.255.1_rsenway4ypykm2begi123ahbfbbe4130&st=135325",
        "onclick": ""
      },
      {
        "text": "15:02 23/06/2026",
        "href": "http://192.168.2.26:2026/home.aspx?scope=sys&lang=vi&wpid=thuthuatnewdraw&thuthuatid=6e187e8c-a265-4cfd-a07f-b47200fb070b&usid=172.31.255.1_rsenway4ypykm2begi123ahbfbbe4130&st=135325",
        "onclick": ""
      },
      {
        "text": "Chờ thực hiện",
        "href": "http://192.168.2.26:2026/home.aspx?scope=sys&lang=vi&wpid=thuthuatnewdraw&thuthuatid=6e187e8c-a265-4cfd-a07f-b47200fb070b&usid=172.31.255.1_rsenway4ypykm2begi123ahbfbbe4130&st=135325",
        "onclick": ""
      }
    ]
  }
}
[2026-07-23 13:53:28.554] [BROWSER] [DETAIL] kind=procedure; access_id=6e187e8c-a265-4cfd-a07f-b47200fb070b; direct_url=yes; onclick=no
[2026-07-23 13:53:28.555] [BROWSER] [DETAIL] Mở liên kết trực tiếp: http://192.168.2.26:2026/home.aspx?scope=sys&lang=vi&wpid=thuthuatnewdraw&thuthuatid=6e187e8c-a265-4cfd-a07f-b47200fb070b&usid=172.31.255.1_rsenway4ypykm2begi123ahbfbbe4130&st=135325
[2026-07-23 13:53:29.474] [BROWSER] [DETAIL] Dữ liệu đọc được: {"complete_info": "", "current_url": "http://192.168.2.26:2026/home.aspx?scope=sys&lang=vi&wpid=thuthuatnewdraw&thuthuatid=6e187e8c-a265-4cfd-a07f-b47200fb070b&usid=172.31.255.1_rsenway4ypykm2begi123ahbfbbe4130&st=135325", "doctor": "Trần Quốc Toản", "doctor_field": "txtBacSyChiDinh", "doctor_found": true, "method": "Mắt cá 1-2 thương tổn", "patient_info": "(26067192 | PHẠM ĐĂNG KHOA, 01/01/2010, Nam, 16 tuổi | Viện phí)", "root_found": true, "start_time": "13:53 23/07/2026"}
[2026-07-23 13:53:29.475] [BROWSER] [DETAIL] Nguồn bác sĩ: Bác sĩ chỉ định; field=txtBacSyChiDinh; value=Trần Quốc Toản
[2026-07-23 13:53:29.477] [DETAIL_OK] D/s Thủ thuật: đọc được hồ sơ chi tiết
{
  "doctor_from_emr": "Trần Quốc Toản",
  "mapped_alias": "TOẢN",
  "mapped_name": "Trần Quốc Toản",
  "start_time": "13:53 23/07/2026",
  "method": "Mắt cá 1-2 thương tổn",
  "current_url": "http://192.168.2.26:2026/home.aspx?scope=sys&lang=vi&wpid=thuthuatnewdraw&thuthuatid=6e187e8c-a265-4cfd-a07f-b47200fb070b&usid=172.31.255.1_rsenway4ypykm2begi123ahbfbbe4130&st=135325",
  "total_score": 145.0,
  "method_score": 1.0
}
[2026-07-23 13:53:29.479] [EVALUATED] D/s Thủ thuật: đánh giá 1 hồ sơ
{
  "items": [
    {
      "doctor": "Trần Quốc Toản",
      "alias": "TOẢN",
      "detail_datetime": "2026-07-23 13:53:00",
      "method_score": 1.0,
      "total_score": 145.0,
      "confidence_ok": false
    }
  ]
}
[2026-07-23 13:53:29.481] [SEARCH_BEGIN] dòng 91: tìm PHẠM ĐĂNG KHOA tại D/s Phẫu thuật
{
  "patient": "PHẠM ĐĂNG KHOA",
  "target_time": "2026-06-23 15:02:00",
  "target_method": "Mắt cá 1-2 thương tổn",
  "source": "surgery"
}
[2026-07-23 13:53:29.982] [BROWSER] [NAV] D/s Phẫu thuật: http://192.168.2.26:2026/home.aspx?scope=sys&lang=vi&wpid=danhsachphauthuatdraw&role=323&usid=172.31.255.1_rsenway4ypykm2begi123ahbfbbe4130&st=135326
[2026-07-23 13:53:32.035] [BROWSER] [FILTER] 3 tháng
[2026-07-23 13:53:32.525] [BROWSER] [SEARCH] Nhập 'PHẠM ĐĂNG KHOA' vào #txtTimKiem
[2026-07-23 13:53:32.627] [BROWSER] [SEARCH] Đã bấm Tìm kiếm bằng #btnTimKiem
[2026-07-23 13:53:51.696] [BROWSER] [RESULT] D/s Phẫu thuật: 0 dòng
[2026-07-23 13:53:51.705] [SEARCH_RESULT] D/s Phẫu thuật: nhận 0 dòng
{
  "current_url": "http://192.168.2.26:2026/home.aspx?scope=sys&lang=vi&wpid=danhsachphauthuatdraw&role=323&usid=172.31.255.1_rsenway4ypykm2begi123ahbfbbe4130&st=135326",
  "search_input_id": "txtTimKiem",
  "search_trigger": "#btnTimKiem",
  "headers": [],
  "rows": []
}
[2026-07-23 13:53:51.706] [CANDIDATES] D/s Phẫu thuật: có 0 ứng viên cùng người bệnh
{
  "candidates": []
}
[2026-07-23 13:53:51.706] [ROW_UNMATCHED] Dòng 91: procedure: có kết quả nhưng không khớp ngày; surgery: không có dòng cùng người bệnh
{
  "rowNumber": 91,
  "patient": "PHẠM ĐĂNG KHOA",
  "time": "15:02 23/06/2026",
  "method": "Mắt cá 1-2 thương tổn",
  "oldValue": "",
  "status": "unmatched",
  "reason": "procedure: có kết quả nhưng không khớp ngày; surgery: không có dòng cùng người bệnh"
}
[2026-07-23 13:53:51.707] [ROW_END] Kết thúc dòng 91
{
  "status": "unmatched",
  "new_value": null,
  "reason": "procedure: có kết quả nhưng không khớp ngày; surgery: không có dòng cùng người bệnh"
}
[2026-07-23 13:53:51.707] [ROW_BEGIN] [10/10] Bắt đầu dòng 93: NGUYỄN PHI ĐỨC
{
  "raw_time": "2026/06/23 15:37",
  "parsed_time": "15:37 23/06/2026",
  "method": "Hút ổ viêm/áp xe phần mềm",
  "old_value": ""
}
[2026-07-23 13:53:51.708] [SEARCH_BEGIN] dòng 93: tìm NGUYỄN PHI ĐỨC tại D/s Thủ thuật
{
  "patient": "NGUYỄN PHI ĐỨC",
  "target_time": "2026-06-23 15:37:00",
  "target_method": "Hút ổ viêm/áp xe phần mềm",
  "source": "procedure"
}
[2026-07-23 13:53:51.926] [BROWSER] [NAV] D/s Thủ thuật: http://192.168.2.26:2026/home.aspx?scope=sys&lang=vi&wpid=danhsachthuthuatdraw&role=323&usid=172.31.255.1_rsenway4ypykm2begi123ahbfbbe4130&st=135327
[2026-07-23 13:53:53.873] [BROWSER] [FILTER] 3 tháng
[2026-07-23 13:53:54.473] [BROWSER] [SEARCH] Nhập 'NGUYỄN PHI ĐỨC' vào #txtTimKiem
[2026-07-23 13:53:54.680] [BROWSER] [SEARCH] Đã bấm Tìm kiếm bằng #btnTimKiem
[2026-07-23 13:53:54.705] [BROWSER] [RESULT] D/s Thủ thuật: 1 dòng
[2026-07-23 13:53:54.715] [SEARCH_RESULT] D/s Thủ thuật: nhận 1 dòng
{
  "current_url": "http://192.168.2.26:2026/home.aspx?scope=sys&lang=vi&wpid=danhsachthuthuatdraw&role=323&usid=172.31.255.1_rsenway4ypykm2begi123ahbfbbe4130&st=135327",
  "search_input_id": "txtTimKiem",
  "search_trigger": "#btnTimKiem",
  "headers": [
    "STT",
    "Ngày thủ thuật",
    "Mã BN",
    "Họ tên",
    "Giới tính",
    "Tuổi",
    "Đối tượng",
    "Nơi chỉ định",
    "Chỉ định thủ thuật",
    "Tạm ứng",
    "Phải thanh toán",
    "Tình trạng",
    "Thời gian chỉ định",
    "Trạng thái"
  ],
  "rows": [
    {
      "access_id": "dfb2f4c8-3081-4f6d-b6f8-b47201027c37",
      "known_fields": {
        "stt": "1",
        "ngay_thu_thuat": "13:43 23/07/2026",
        "ma_bn": "26067481",
        "ho_ten": "NGUYỄN PHI ĐỨC",
        "gioi_tinh": "Nam",
        "tuoi": "28 tuổi",
        "doi_tuong": "Viện phí",
        "noi_chi_dinh": "PHÒNG KHÁM CHẤN THƯƠNG CHỈNH HÌNH - 20B",
        "chi_dinh_thu_thuat": "Hút ổ viêm/áp xe phần mềm",
        "tam_ung": "0",
        "phai_thanh_toan": "518,000",
        "tinh_trang": "Thường",
        "thoi_gian_chi_dinh": "15:37 23/06/2026",
        "trang_thai": "Chờ thực hiện"
      },
      "raw_text": "1 13:43 23/07/2026 26067481 NGUYỄN PHI ĐỨC Nam 28 tuổi Viện phí PHÒNG KHÁM CHẤN THƯƠNG CHỈNH HÌNH - 20B Hút ổ viêm/áp xe phần mềm 0 518,000 Thường 15:37 23/06/2026 Chờ thực hiện",
      "links": [
        {
          "text": "1",
          "href": "http://192.168.2.26:2026/home.aspx?scope=sys&lang=vi&wpid=thuthuatnewdraw&thuthuatid=dfb2f4c8-3081-4f6d-b6f8-b47201027c37&usid=172.31.255.1_rsenway4ypykm2begi123ahbfbbe4130&st=135352",
          "onclick": ""
        },
        {
          "text": "13:43 23/07/2026",
          "href": "http://192.168.2.26:2026/home.aspx?scope=sys&lang=vi&wpid=thuthuatnewdraw&thuthuatid=dfb2f4c8-3081-4f6d-b6f8-b47201027c37&usid=172.31.255.1_rsenway4ypykm2begi123ahbfbbe4130&st=135352",
          "onclick": ""
        },
        {
          "text": "26067481",
          "href": "http://192.168.2.26:2026/home.aspx?scope=sys&lang=vi&wpid=thuthuatnewdraw&thuthuatid=dfb2f4c8-3081-4f6d-b6f8-b47201027c37&usid=172.31.255.1_rsenway4ypykm2begi123ahbfbbe4130&st=135352",
          "onclick": ""
        },
        {
          "text": "NGUYỄN PHI ĐỨC",
          "href": "http://192.168.2.26:2026/home.aspx?scope=sys&lang=vi&wpid=thuthuatnewdraw&thuthuatid=dfb2f4c8-3081-4f6d-b6f8-b47201027c37&usid=172.31.255.1_rsenway4ypykm2begi123ahbfbbe4130&st=135352",
          "onclick": ""
        },
        {
          "text": "Nam",
          "href": "http://192.168.2.26:2026/home.aspx?scope=sys&lang=vi&wpid=thuthuatnewdraw&thuthuatid=dfb2f4c8-3081-4f6d-b6f8-b47201027c37&usid=172.31.255.1_rsenway4ypykm2begi123ahbfbbe4130&st=135352",
          "onclick": ""
        },
        {
          "text": "28 tuổi",
          "href": "http://192.168.2.26:2026/home.aspx?scope=sys&lang=vi&wpid=thuthuatnewdraw&thuthuatid=dfb2f4c8-3081-4f6d-b6f8-b47201027c37&usid=172.31.255.1_rsenway4ypykm2begi123ahbfbbe4130&st=135352",
          "onclick": ""
        },
        {
          "text": "Viện phí",
          "href": "http://192.168.2.26:2026/home.aspx?scope=sys&lang=vi&wpid=thuthuatnewdraw&thuthuatid=dfb2f4c8-3081-4f6d-b6f8-b47201027c37&usid=172.31.255.1_rsenway4ypykm2begi123ahbfbbe4130&st=135352",
          "onclick": ""
        },
        {
          "text": "PHÒNG KHÁM CHẤN THƯƠNG CHỈNH HÌNH - 20B",
          "href": "http://192.168.2.26:2026/home.aspx?scope=sys&lang=vi&wpid=thuthuatnewdraw&thuthuatid=dfb2f4c8-3081-4f6d-b6f8-b47201027c37&usid=172.31.255.1_rsenway4ypykm2begi123ahbfbbe4130&st=135352",
          "onclick": ""
        },
        {
          "text": "Hút ổ viêm/áp xe phần mềm",
          "href": "http://192.168.2.26:2026/home.aspx?scope=sys&lang=vi&wpid=thuthuatnewdraw&thuthuatid=dfb2f4c8-3081-4f6d-b6f8-b47201027c37&usid=172.31.255.1_rsenway4ypykm2begi123ahbfbbe4130&st=135352",
          "onclick": ""
        },
        {
          "text": "0",
          "href": "http://192.168.2.26:2026/home.aspx?scope=sys&lang=vi&wpid=thuthuatnewdraw&thuthuatid=dfb2f4c8-3081-4f6d-b6f8-b47201027c37&usid=172.31.255.1_rsenway4ypykm2begi123ahbfbbe4130&st=135352",
          "onclick": ""
        },
        {
          "text": "518,000",
          "href": "http://192.168.2.26:2026/home.aspx?scope=sys&lang=vi&wpid=thuthuatnewdraw&thuthuatid=dfb2f4c8-3081-4f6d-b6f8-b47201027c37&usid=172.31.255.1_rsenway4ypykm2begi123ahbfbbe4130&st=135352",
          "onclick": ""
        },
        {
          "text": "Thường",
          "href": "http://192.168.2.26:2026/home.aspx?scope=sys&lang=vi&wpid=thuthuatnewdraw&thuthuatid=dfb2f4c8-3081-4f6d-b6f8-b47201027c37&usid=172.31.255.1_rsenway4ypykm2begi123ahbfbbe4130&st=135352",
          "onclick": ""
        },
        {
          "text": "15:37 23/06/2026",
          "href": "http://192.168.2.26:2026/home.aspx?scope=sys&lang=vi&wpid=thuthuatnewdraw&thuthuatid=dfb2f4c8-3081-4f6d-b6f8-b47201027c37&usid=172.31.255.1_rsenway4ypykm2begi123ahbfbbe4130&st=135352",
          "onclick": ""
        },
        {
          "text": "Chờ thực hiện",
          "href": "http://192.168.2.26:2026/home.aspx?scope=sys&lang=vi&wpid=thuthuatnewdraw&thuthuatid=dfb2f4c8-3081-4f6d-b6f8-b47201027c37&usid=172.31.255.1_rsenway4ypykm2begi123ahbfbbe4130&st=135352",
          "onclick": ""
        }
      ]
    }
  ]
}
[2026-07-23 13:53:54.717] [CANDIDATES] D/s Thủ thuật: có 1 ứng viên cùng người bệnh
{
  "candidates": [
    {
      "list_score": 75.0,
      "list_datetime": "2026-07-23 13:43:00",
      "list_method": "Hút ổ viêm/áp xe phần mềm",
      "detail_marker": "http://192.168.2.26:2026/home.aspx?scope=sys&lang=vi&wpid=thuthuatnewdraw&thuthuatid=dfb2f4c8-3081-4f6d-b6f8-b47201027c37&usid=172.31.255.1_rsenway4ypykm2begi123ahbfbbe4130&st=135352",
      "row": {
        "access_id": "dfb2f4c8-3081-4f6d-b6f8-b47201027c37",
        "known_fields": {
          "stt": "1",
          "ngay_thu_thuat": "13:43 23/07/2026",
          "ma_bn": "26067481",
          "ho_ten": "NGUYỄN PHI ĐỨC",
          "gioi_tinh": "Nam",
          "tuoi": "28 tuổi",
          "doi_tuong": "Viện phí",
          "noi_chi_dinh": "PHÒNG KHÁM CHẤN THƯƠNG CHỈNH HÌNH - 20B",
          "chi_dinh_thu_thuat": "Hút ổ viêm/áp xe phần mềm",
          "tam_ung": "0",
          "phai_thanh_toan": "518,000",
          "tinh_trang": "Thường",
          "thoi_gian_chi_dinh": "15:37 23/06/2026",
          "trang_thai": "Chờ thực hiện"
        },
        "raw_text": "1 13:43 23/07/2026 26067481 NGUYỄN PHI ĐỨC Nam 28 tuổi Viện phí PHÒNG KHÁM CHẤN THƯƠNG CHỈNH HÌNH - 20B Hút ổ viêm/áp xe phần mềm 0 518,000 Thường 15:37 23/06/2026 Chờ thực hiện",
        "links": [
          {
            "text": "1",
            "href": "http://192.168.2.26:2026/home.aspx?scope=sys&lang=vi&wpid=thuthuatnewdraw&thuthuatid=dfb2f4c8-3081-4f6d-b6f8-b47201027c37&usid=172.31.255.1_rsenway4ypykm2begi123ahbfbbe4130&st=135352",
            "onclick": ""
          },
          {
            "text": "13:43 23/07/2026",
            "href": "http://192.168.2.26:2026/home.aspx?scope=sys&lang=vi&wpid=thuthuatnewdraw&thuthuatid=dfb2f4c8-3081-4f6d-b6f8-b47201027c37&usid=172.31.255.1_rsenway4ypykm2begi123ahbfbbe4130&st=135352",
            "onclick": ""
          },
          {
            "text": "26067481",
            "href": "http://192.168.2.26:2026/home.aspx?scope=sys&lang=vi&wpid=thuthuatnewdraw&thuthuatid=dfb2f4c8-3081-4f6d-b6f8-b47201027c37&usid=172.31.255.1_rsenway4ypykm2begi123ahbfbbe4130&st=135352",
            "onclick": ""
          },
          {
            "text": "NGUYỄN PHI ĐỨC",
            "href": "http://192.168.2.26:2026/home.aspx?scope=sys&lang=vi&wpid=thuthuatnewdraw&thuthuatid=dfb2f4c8-3081-4f6d-b6f8-b47201027c37&usid=172.31.255.1_rsenway4ypykm2begi123ahbfbbe4130&st=135352",
            "onclick": ""
          },
          {
            "text": "Nam",
            "href": "http://192.168.2.26:2026/home.aspx?scope=sys&lang=vi&wpid=thuthuatnewdraw&thuthuatid=dfb2f4c8-3081-4f6d-b6f8-b47201027c37&usid=172.31.255.1_rsenway4ypykm2begi123ahbfbbe4130&st=135352",
            "onclick": ""
          },
          {
            "text": "28 tuổi",
            "href": "http://192.168.2.26:2026/home.aspx?scope=sys&lang=vi&wpid=thuthuatnewdraw&thuthuatid=dfb2f4c8-3081-4f6d-b6f8-b47201027c37&usid=172.31.255.1_rsenway4ypykm2begi123ahbfbbe4130&st=135352",
            "onclick": ""
          },
          {
            "text": "Viện phí",
            "href": "http://192.168.2.26:2026/home.aspx?scope=sys&lang=vi&wpid=thuthuatnewdraw&thuthuatid=dfb2f4c8-3081-4f6d-b6f8-b47201027c37&usid=172.31.255.1_rsenway4ypykm2begi123ahbfbbe4130&st=135352",
            "onclick": ""
          },
          {
            "text": "PHÒNG KHÁM CHẤN THƯƠNG CHỈNH HÌNH - 20B",
            "href": "http://192.168.2.26:2026/home.aspx?scope=sys&lang=vi&wpid=thuthuatnewdraw&thuthuatid=dfb2f4c8-3081-4f6d-b6f8-b47201027c37&usid=172.31.255.1_rsenway4ypykm2begi123ahbfbbe4130&st=135352",
            "onclick": ""
          },
          {
            "text": "Hút ổ viêm/áp xe phần mềm",
            "href": "http://192.168.2.26:2026/home.aspx?scope=sys&lang=vi&wpid=thuthuatnewdraw&thuthuatid=dfb2f4c8-3081-4f6d-b6f8-b47201027c37&usid=172.31.255.1_rsenway4ypykm2begi123ahbfbbe4130&st=135352",
            "onclick": ""
          },
          {
            "text": "0",
            "href": "http://192.168.2.26:2026/home.aspx?scope=sys&lang=vi&wpid=thuthuatnewdraw&thuthuatid=dfb2f4c8-3081-4f6d-b6f8-b47201027c37&usid=172.31.255.1_rsenway4ypykm2begi123ahbfbbe4130&st=135352",
            "onclick": ""
          },
          {
            "text": "518,000",
            "href": "http://192.168.2.26:2026/home.aspx?scope=sys&lang=vi&wpid=thuthuatnewdraw&thuthuatid=dfb2f4c8-3081-4f6d-b6f8-b47201027c37&usid=172.31.255.1_rsenway4ypykm2begi123ahbfbbe4130&st=135352",
            "onclick": ""
          },
          {
            "text": "Thường",
            "href": "http://192.168.2.26:2026/home.aspx?scope=sys&lang=vi&wpid=thuthuatnewdraw&thuthuatid=dfb2f4c8-3081-4f6d-b6f8-b47201027c37&usid=172.31.255.1_rsenway4ypykm2begi123ahbfbbe4130&st=135352",
            "onclick": ""
          },
          {
            "text": "15:37 23/06/2026",
            "href": "http://192.168.2.26:2026/home.aspx?scope=sys&lang=vi&wpid=thuthuatnewdraw&thuthuatid=dfb2f4c8-3081-4f6d-b6f8-b47201027c37&usid=172.31.255.1_rsenway4ypykm2begi123ahbfbbe4130&st=135352",
            "onclick": ""
          },
          {
            "text": "Chờ thực hiện",
            "href": "http://192.168.2.26:2026/home.aspx?scope=sys&lang=vi&wpid=thuthuatnewdraw&thuthuatid=dfb2f4c8-3081-4f6d-b6f8-b47201027c37&usid=172.31.255.1_rsenway4ypykm2begi123ahbfbbe4130&st=135352",
            "onclick": ""
          }
        ]
      }
    }
  ]
}
[2026-07-23 13:53:54.719] [DETAIL_BEGIN] D/s Thủ thuật: mở ứng viên 1
{
  "detail_marker": "http://192.168.2.26:2026/home.aspx?scope=sys&lang=vi&wpid=thuthuatnewdraw&thuthuatid=dfb2f4c8-3081-4f6d-b6f8-b47201027c37&usid=172.31.255.1_rsenway4ypykm2begi123ahbfbbe4130&st=135352",
  "list_datetime": "2026-07-23 13:43:00",
  "list_method": "Hút ổ viêm/áp xe phần mềm",
  "row": {
    "access_id": "dfb2f4c8-3081-4f6d-b6f8-b47201027c37",
    "known_fields": {
      "stt": "1",
      "ngay_thu_thuat": "13:43 23/07/2026",
      "ma_bn": "26067481",
      "ho_ten": "NGUYỄN PHI ĐỨC",
      "gioi_tinh": "Nam",
      "tuoi": "28 tuổi",
      "doi_tuong": "Viện phí",
      "noi_chi_dinh": "PHÒNG KHÁM CHẤN THƯƠNG CHỈNH HÌNH - 20B",
      "chi_dinh_thu_thuat": "Hút ổ viêm/áp xe phần mềm",
      "tam_ung": "0",
      "phai_thanh_toan": "518,000",
      "tinh_trang": "Thường",
      "thoi_gian_chi_dinh": "15:37 23/06/2026",
      "trang_thai": "Chờ thực hiện"
    },
    "raw_text": "1 13:43 23/07/2026 26067481 NGUYỄN PHI ĐỨC Nam 28 tuổi Viện phí PHÒNG KHÁM CHẤN THƯƠNG CHỈNH HÌNH - 20B Hút ổ viêm/áp xe phần mềm 0 518,000 Thường 15:37 23/06/2026 Chờ thực hiện",
    "links": [
      {
        "text": "1",
        "href": "http://192.168.2.26:2026/home.aspx?scope=sys&lang=vi&wpid=thuthuatnewdraw&thuthuatid=dfb2f4c8-3081-4f6d-b6f8-b47201027c37&usid=172.31.255.1_rsenway4ypykm2begi123ahbfbbe4130&st=135352",
        "onclick": ""
      },
      {
        "text": "13:43 23/07/2026",
        "href": "http://192.168.2.26:2026/home.aspx?scope=sys&lang=vi&wpid=thuthuatnewdraw&thuthuatid=dfb2f4c8-3081-4f6d-b6f8-b47201027c37&usid=172.31.255.1_rsenway4ypykm2begi123ahbfbbe4130&st=135352",
        "onclick": ""
      },
      {
        "text": "26067481",
        "href": "http://192.168.2.26:2026/home.aspx?scope=sys&lang=vi&wpid=thuthuatnewdraw&thuthuatid=dfb2f4c8-3081-4f6d-b6f8-b47201027c37&usid=172.31.255.1_rsenway4ypykm2begi123ahbfbbe4130&st=135352",
        "onclick": ""
      },
      {
        "text": "NGUYỄN PHI ĐỨC",
        "href": "http://192.168.2.26:2026/home.aspx?scope=sys&lang=vi&wpid=thuthuatnewdraw&thuthuatid=dfb2f4c8-3081-4f6d-b6f8-b47201027c37&usid=172.31.255.1_rsenway4ypykm2begi123ahbfbbe4130&st=135352",
        "onclick": ""
      },
      {
        "text": "Nam",
        "href": "http://192.168.2.26:2026/home.aspx?scope=sys&lang=vi&wpid=thuthuatnewdraw&thuthuatid=dfb2f4c8-3081-4f6d-b6f8-b47201027c37&usid=172.31.255.1_rsenway4ypykm2begi123ahbfbbe4130&st=135352",
        "onclick": ""
      },
      {
        "text": "28 tuổi",
        "href": "http://192.168.2.26:2026/home.aspx?scope=sys&lang=vi&wpid=thuthuatnewdraw&thuthuatid=dfb2f4c8-3081-4f6d-b6f8-b47201027c37&usid=172.31.255.1_rsenway4ypykm2begi123ahbfbbe4130&st=135352",
        "onclick": ""
      },
      {
        "text": "Viện phí",
        "href": "http://192.168.2.26:2026/home.aspx?scope=sys&lang=vi&wpid=thuthuatnewdraw&thuthuatid=dfb2f4c8-3081-4f6d-b6f8-b47201027c37&usid=172.31.255.1_rsenway4ypykm2begi123ahbfbbe4130&st=135352",
        "onclick": ""
      },
      {
        "text": "PHÒNG KHÁM CHẤN THƯƠNG CHỈNH HÌNH - 20B",
        "href": "http://192.168.2.26:2026/home.aspx?scope=sys&lang=vi&wpid=thuthuatnewdraw&thuthuatid=dfb2f4c8-3081-4f6d-b6f8-b47201027c37&usid=172.31.255.1_rsenway4ypykm2begi123ahbfbbe4130&st=135352",
        "onclick": ""
      },
      {
        "text": "Hút ổ viêm/áp xe phần mềm",
        "href": "http://192.168.2.26:2026/home.aspx?scope=sys&lang=vi&wpid=thuthuatnewdraw&thuthuatid=dfb2f4c8-3081-4f6d-b6f8-b47201027c37&usid=172.31.255.1_rsenway4ypykm2begi123ahbfbbe4130&st=135352",
        "onclick": ""
      },
      {
        "text": "0",
        "href": "http://192.168.2.26:2026/home.aspx?scope=sys&lang=vi&wpid=thuthuatnewdraw&thuthuatid=dfb2f4c8-3081-4f6d-b6f8-b47201027c37&usid=172.31.255.1_rsenway4ypykm2begi123ahbfbbe4130&st=135352",
        "onclick": ""
      },
      {
        "text": "518,000",
        "href": "http://192.168.2.26:2026/home.aspx?scope=sys&lang=vi&wpid=thuthuatnewdraw&thuthuatid=dfb2f4c8-3081-4f6d-b6f8-b47201027c37&usid=172.31.255.1_rsenway4ypykm2begi123ahbfbbe4130&st=135352",
        "onclick": ""
      },
      {
        "text": "Thường",
        "href": "http://192.168.2.26:2026/home.aspx?scope=sys&lang=vi&wpid=thuthuatnewdraw&thuthuatid=dfb2f4c8-3081-4f6d-b6f8-b47201027c37&usid=172.31.255.1_rsenway4ypykm2begi123ahbfbbe4130&st=135352",
        "onclick": ""
      },
      {
        "text": "15:37 23/06/2026",
        "href": "http://192.168.2.26:2026/home.aspx?scope=sys&lang=vi&wpid=thuthuatnewdraw&thuthuatid=dfb2f4c8-3081-4f6d-b6f8-b47201027c37&usid=172.31.255.1_rsenway4ypykm2begi123ahbfbbe4130&st=135352",
        "onclick": ""
      },
      {
        "text": "Chờ thực hiện",
        "href": "http://192.168.2.26:2026/home.aspx?scope=sys&lang=vi&wpid=thuthuatnewdraw&thuthuatid=dfb2f4c8-3081-4f6d-b6f8-b47201027c37&usid=172.31.255.1_rsenway4ypykm2begi123ahbfbbe4130&st=135352",
        "onclick": ""
      }
    ]
  }
}
[2026-07-23 13:53:54.726] [BROWSER] [DETAIL] kind=procedure; access_id=dfb2f4c8-3081-4f6d-b6f8-b47201027c37; direct_url=yes; onclick=no
[2026-07-23 13:53:54.727] [BROWSER] [DETAIL] Mở liên kết trực tiếp: http://192.168.2.26:2026/home.aspx?scope=sys&lang=vi&wpid=thuthuatnewdraw&thuthuatid=dfb2f4c8-3081-4f6d-b6f8-b47201027c37&usid=172.31.255.1_rsenway4ypykm2begi123ahbfbbe4130&st=135352
[2026-07-23 13:53:55.587] [BROWSER] [DETAIL] Dữ liệu đọc được: {"complete_info": "", "current_url": "http://192.168.2.26:2026/home.aspx?scope=sys&lang=vi&wpid=thuthuatnewdraw&thuthuatid=dfb2f4c8-3081-4f6d-b6f8-b47201027c37&usid=172.31.255.1_rsenway4ypykm2begi123ahbfbbe4130&st=135352", "doctor": "Trần Quốc Toản", "doctor_field": "txtBacSyChiDinh", "doctor_found": true, "method": "Hút ổ viêm/áp xe phần mềm", "patient_info": "(26067481 | NGUYỄN PHI ĐỨC, 08/11/1998, Nam, 28 tuổi | Viện phí)", "root_found": true, "start_time": "13:53 23/07/2026"}
[2026-07-23 13:53:55.588] [BROWSER] [DETAIL] Nguồn bác sĩ: Bác sĩ chỉ định; field=txtBacSyChiDinh; value=Trần Quốc Toản
[2026-07-23 13:53:55.589] [DETAIL_OK] D/s Thủ thuật: đọc được hồ sơ chi tiết
{
  "doctor_from_emr": "Trần Quốc Toản",
  "mapped_alias": "TOẢN",
  "mapped_name": "Trần Quốc Toản",
  "start_time": "13:53 23/07/2026",
  "method": "Hút ổ viêm/áp xe phần mềm",
  "current_url": "http://192.168.2.26:2026/home.aspx?scope=sys&lang=vi&wpid=thuthuatnewdraw&thuthuatid=dfb2f4c8-3081-4f6d-b6f8-b47201027c37&usid=172.31.255.1_rsenway4ypykm2begi123ahbfbbe4130&st=135352",
  "total_score": 145.0,
  "method_score": 1.0
}
[2026-07-23 13:53:55.589] [EVALUATED] D/s Thủ thuật: đánh giá 1 hồ sơ
{
  "items": [
    {
      "doctor": "Trần Quốc Toản",
      "alias": "TOẢN",
      "detail_datetime": "2026-07-23 13:53:00",
      "method_score": 1.0,
      "total_score": 145.0,
      "confidence_ok": false
    }
  ]
}
[2026-07-23 13:53:55.589] [SEARCH_BEGIN] dòng 93: tìm NGUYỄN PHI ĐỨC tại D/s Phẫu thuật
{
  "patient": "NGUYỄN PHI ĐỨC",
  "target_time": "2026-06-23 15:37:00",
  "target_method": "Hút ổ viêm/áp xe phần mềm",
  "source": "surgery"
}
[2026-07-23 13:53:55.998] [BROWSER] [NAV] D/s Phẫu thuật: http://192.168.2.26:2026/home.aspx?scope=sys&lang=vi&wpid=danhsachphauthuatdraw&role=323&usid=172.31.255.1_rsenway4ypykm2begi123ahbfbbe4130&st=135352
[2026-07-23 13:53:57.987] [BROWSER] [FILTER] 3 tháng
[2026-07-23 13:53:58.527] [BROWSER] [SEARCH] Nhập 'NGUYỄN PHI ĐỨC' vào #txtTimKiem
[2026-07-23 13:53:58.625] [BROWSER] [SEARCH] Đã bấm Tìm kiếm bằng #btnTimKiem
[2026-07-23 13:54:17.715] [BROWSER] [RESULT] D/s Phẫu thuật: 0 dòng
[2026-07-23 13:54:17.722] [SEARCH_RESULT] D/s Phẫu thuật: nhận 0 dòng
{
  "current_url": "http://192.168.2.26:2026/home.aspx?scope=sys&lang=vi&wpid=danhsachphauthuatdraw&role=323&usid=172.31.255.1_rsenway4ypykm2begi123ahbfbbe4130&st=135352",
  "search_input_id": "txtTimKiem",
  "search_trigger": "#btnTimKiem",
  "headers": [],
  "rows": []
}
[2026-07-23 13:54:17.723] [CANDIDATES] D/s Phẫu thuật: có 0 ứng viên cùng người bệnh
{
  "candidates": []
}
[2026-07-23 13:54:17.724] [ROW_UNMATCHED] Dòng 93: procedure: có kết quả nhưng không khớp ngày; surgery: không có dòng cùng người bệnh
{
  "rowNumber": 93,
  "patient": "NGUYỄN PHI ĐỨC",
  "time": "15:37 23/06/2026",
  "method": "Hút ổ viêm/áp xe phần mềm",
  "oldValue": "",
  "status": "unmatched",
  "reason": "procedure: có kết quả nhưng không khớp ngày; surgery: không có dòng cùng người bệnh"
}
[2026-07-23 13:54:17.724] [ROW_END] Kết thúc dòng 93
{
  "status": "unmatched",
  "new_value": null,
  "reason": "procedure: có kết quả nhưng không khớp ngày; surgery: không có dòng cùng người bệnh"
}
[2026-07-23 13:54:20.016] [BROWSER_CLOSE] Đã đóng trình duyệt EMR
[2026-07-23 13:54:20.582] [FINISH] Kết thúc phiên đối chiếu EMR
{
  "updatedRows": 0,
  "unmatchedRows": 10
}
